emergency_id,baseline_ambulance_id,baseline_eta,baseline_distance,uk_ambulance_id,uk_eta,uk_distance,uk_score,traffic
REQ00001,AMB0067,3,0.73,AMB0068,2,0.7,0.201,HEAVY
REQ00002,AMB0006,5,2.27,AMB0007,5,2.1,0.346,NORMAL
REQ00003,AMB0112,3,1.01,AMB0112,3,1,0.166,MODERATE
REQ00004,AMB0063,24,8.56,AMB0031,15,5.2,0.612,NORMAL
REQ00005,AMB0074,12,6.16,AMB0089,7,3.2,0.396,MODERATE
REQ00006,AMB0066,4,1.46,AMB0065,4,1.4,0.331,NORMAL
REQ00007,AMB0103,3,0.7,AMB0102,2,0.6,0.204,NORMAL
REQ00008,AMB0118,8,2.75,AMB0118,8,2.8,0.465,MODERATE
REQ00009,AMB0012,2,0.85,AMB0012,2,0.9,0.177,MODERATE
REQ00010,AMB0107,2,0.81,AMB0107,2,0.8,0.186,NORMAL
REQ00011,AMB0006,4,1.81,AMB0006,4,1.8,0.281,NORMAL
REQ00012,AMB0046,6,2.95,AMB0046,6,3,0.287,NORMAL
REQ00013,AMB0074,13,5.91,AMB0088,7,3.1,0.297,NORMAL
REQ00014,AMB0076,5,1.31,AMB0076,5,1.3,0.296,NORMAL
REQ00015,AMB0116,22,7.21,AMB0118,4,1.3,0.193,MODERATE
REQ00016,AMB0007,5,1.98,AMB0007,5,2,0.298,NORMAL
REQ00017,AMB0033,7,1.95,AMB0033,7,2,0.268,MODERATE
REQ00018,AMB0113,5,2.23,AMB0113,5,2.2,0.398,NORMAL
REQ00019,AMB0113,2,1.05,AMB0113,2,1.1,0.206,NORMAL
REQ00020,AMB0093,6,1.54,AMB0093,6,1.5,0.21,NORMAL
REQ00021,AMB0123,9,3.82,AMB0123,9,3.8,0.555,MODERATE
REQ00022,AMB0048,3,0.84,AMB0049,1,0.5,0.199,HEAVY
REQ00023,AMB0041,2,0.43,AMB0041,1,0.4,0.156,MODERATE
REQ00024,AMB0057,6,1.68,AMB0057,6,1.7,0.374,NORMAL
REQ00025,AMB0079,21,12.4,AMB0083,9,5.6,0.335,NORMAL
REQ00026,AMB0080,23,13.99,AMB0079,23,13.7,0.571,MODERATE
REQ00027,AMB0110,6,2.42,AMB0112,5,2.1,0.42,NORMAL
REQ00028,AMB0002,10,2.7,AMB0001,9,2.5,0.409,NORMAL
REQ00029,AMB0055,2,0.7,AMB0055,2,0.7,0.191,MODERATE
REQ00030,AMB0014,6,2.43,AMB0014,6,2.4,0.427,NORMAL
REQ00031,AMB0126,2,0.16,AMB0126,1,0.2,0.089,NORMAL
REQ00032,AMB0074,3,1.43,AMB0074,3,1.4,0.293,NORMAL
REQ00033,AMB0029,3,1.45,AMB0026,3,1.2,0.273,NORMAL
REQ00034,AMB0101,24,8.84,AMB0103,15,4.8,0.648,NORMAL
REQ00035,AMB0051,2,0.9,AMB0049,2,0.9,0.235,NORMAL
REQ00036,AMB0110,7,2.88,AMB0110,7,2.9,0.495,MODERATE
REQ00037,AMB0075,21,8.51,AMB0074,18,7.6,0.424,HEAVY
REQ00038,AMB0103,4,1.37,AMB0103,4,1.4,0.268,MODERATE
REQ00039,AMB0055,5,1.57,AMB0055,5,1.6,0.239,NORMAL
REQ00040,AMB0093,2,0.34,AMB0093,1,0.3,0.12,NORMAL
REQ00041,AMB0016,3,1.64,AMB0014,2,1.2,0.216,MODERATE
REQ00042,AMB0047,11,2.96,AMB0046,10,2.7,0.322,MODERATE
REQ00043,AMB0071,4,0.96,AMB0071,4,1,0.267,HEAVY
REQ00044,AMB0039,5,1.32,AMB0037,4,1.1,0.302,MODERATE
REQ00045,AMB0043,5,1.73,AMB0043,5,1.7,0.233,MODERATE
REQ00046,AMB0067,6,1.7,AMB0068,6,1.7,0.306,NORMAL
REQ00047,AMB0055,4,1.45,AMB0055,4,1.5,0.305,MODERATE
REQ00048,AMB0131,3,1.63,AMB0131,3,1.6,0.222,NORMAL
REQ00049,AMB0009,6,2.2,AMB0006,5,2.3,0.443,HEAVY
REQ00050,AMB0089,21,8.46,AMB0088,7,1.9,0.163,NORMAL
REQ00051,AMB0014,9,2.7,AMB0023,6,2.5,0.639,MODERATE
REQ00052,AMB0065,3,1.1,AMB0065,3,1.1,0.291,HEAVY
REQ00053,AMB0104,4,1.62,AMB0104,4,1.6,0.301,NORMAL
REQ00054,AMB0037,3,0.85,AMB0037,3,0.9,0.207,NORMAL
REQ00055,AMB0093,6,1.95,AMB0093,6,2,0.248,NORMAL
REQ00056,AMB0127,9,2.45,AMB0128,8,2.4,0.359,MODERATE
REQ00057,AMB0033,4,1.13,AMB0036,4,1.1,0.305,MODERATE
REQ00058,AMB0066,4,1.15,AMB0065,3,1.1,0.272,HEAVY
REQ00059,AMB0097,4,1.57,AMB0097,4,1.6,0.224,NORMAL
REQ00060,AMB0045,12,3.67,AMB0044,11,3.4,0.476,NORMAL
REQ00061,AMB0072,5,1.42,AMB0072,5,1.4,0.285,NORMAL
REQ00062,AMB0118,3,1.3,AMB0118,3,1.3,0.197,MODERATE
REQ00063,AMB0046,8,3.09,AMB0046,8,3.1,0.294,MODERATE
REQ00064,AMB0009,4,1.97,AMB0006,4,1.9,0.295,NORMAL
REQ00065,AMB0113,2,0.64,AMB0113,2,0.6,0.171,NORMAL
REQ00066,AMB0102,5,1.93,AMB0102,5,1.9,0.331,NORMAL
REQ00067,AMB0118,10,3.26,AMB0118,10,3.3,0.496,NORMAL
REQ00068,AMB0127,3,0.82,AMB0128,2,0.7,0.168,NORMAL
REQ00069,AMB0063,6,1.9,AMB0065,6,1.8,0.344,MODERATE
REQ00070,AMB0059,2,0.72,AMB0059,2,0.7,0.286,HEAVY
REQ00071,AMB0034,8,2.49,AMB0033,7,2.3,0.443,NORMAL
REQ00072,AMB0102,4,1.36,AMB0102,4,1.4,0.321,NORMAL
REQ00073,AMB0010,2,1.03,AMB0010,2,1,0.202,HEAVY
REQ00074,AMB0039,6,1.76,AMB0037,6,1.6,0.359,MODERATE
REQ00075,AMB0130,10,2.68,AMB0131,9,2.4,0.367,NORMAL
REQ00076,AMB0006,8,2.71,AMB0007,7,2.5,0.471,HEAVY
REQ00077,AMB0003,11,3.54,AMB0003,11,3.5,0.567,MODERATE
REQ00078,AMB0129,6,1.53,AMB0131,5,1.3,0.222,NORMAL
REQ00079,AMB0017,6,1.57,AMB0018,5,1.4,0.343,HEAVY
REQ00080,AMB0075,15,4.75,AMB0070,9,3.1,0.628,NORMAL
REQ00081,AMB0066,8,2.57,AMB0064,8,2.6,0.532,MODERATE
REQ00082,AMB0113,6,1.59,AMB0113,6,1.6,0.182,HEAVY
REQ00083,AMB0020,5,1.48,AMB0020,5,1.5,0.165,MODERATE
REQ00084,AMB0074,3,1.35,AMB0074,3,1.4,0.284,NORMAL
REQ00085,AMB0024,5,1.28,AMB0024,5,1.3,0.313,NORMAL
REQ00086,AMB0029,4,1.23,AMB0027,4,1.2,0.231,MODERATE
REQ00087,AMB0054,3,1.07,AMB0053,3,1,0.308,MODERATE
REQ00088,AMB0042,5,1.93,AMB0042,5,1.9,0.508,NORMAL
REQ00089,AMB0128,7,1.95,AMB0128,7,2,0.21,MODERATE
REQ00090,AMB0093,2,0.14,AMB0093,1,0.1,0.1,MODERATE
REQ00091,AMB0029,4,1.34,AMB0027,4,1.3,0.25,NORMAL
REQ00092,AMB0103,5,2.05,AMB0099,4,2,0.327,MODERATE
REQ00093,AMB0056,3,0.96,AMB0056,3,1,0.251,NORMAL
REQ00094,AMB0094,7,2.51,AMB0091,5,2,0.515,NORMAL
REQ00095,AMB0044,19,9.12,AMB0042,9,5.1,0.4,NORMAL
REQ00096,AMB0073,8,2.84,AMB0070,7,2.7,0.565,MODERATE
REQ00097,AMB0130,10,2.55,AMB0131,9,2.2,0.36,NORMAL
REQ00098,AMB0031,4,1.15,AMB0031,4,1.2,0.273,NORMAL
REQ00099,AMB0076,5,1.32,AMB0074,4,1.2,0.248,NORMAL
REQ00100,AMB0098,17,6.48,AMB0103,9,3,0.535,NORMAL
REQ00101,AMB0093,9,2.64,AMB0091,9,2.5,0.398,MODERATE
REQ00102,AMB0072,8,2.42,AMB0070,7,2.6,0.565,NORMAL
REQ00103,AMB0067,2,0.53,AMB0068,2,0.5,0.207,HEAVY
REQ00104,AMB0098,4,1.49,AMB0098,4,1.5,0.258,NORMAL
REQ00105,AMB0046,4,1.63,AMB0046,4,1.6,0.168,MODERATE
REQ00106,AMB0074,6,2.23,AMB0074,6,2.2,0.41,NORMAL
REQ00107,AMB0098,15,5.78,AMB0103,7,2.3,0.479,NORMAL
REQ00108,AMB0106,4,1.09,AMB0106,4,1.1,0.254,NORMAL
REQ00109,AMB0093,7,1.91,AMB0091,6,1.7,0.211,NORMAL
REQ00110,AMB0104,7,2.59,AMB0098,7,2.5,0.498,NORMAL
REQ00111,AMB0028,2,0.38,AMB0028,1,0.4,0.154,NORMAL
REQ00112,AMB0083,23,10.6,AMB0046,15,6.9,0.426,NORMAL
REQ00113,AMB0068,17,6.48,AMB0064,12,4.2,0.64,MODERATE
REQ00114,AMB0066,4,1.31,AMB0065,4,1.2,0.294,NORMAL
REQ00115,AMB0037,8,2.9,AMB0036,8,3.1,0.612,NORMAL
REQ00116,AMB0012,7,3.36,AMB0012,7,3.4,0.417,MODERATE
REQ00117,AMB0104,6,2.28,AMB0104,6,2.3,0.487,NORMAL
REQ00118,AMB0130,7,1.87,AMB0131,6,1.6,0.234,NORMAL
REQ00119,AMB0079,12,3.72,AMB0088,9,3.4,0.384,NORMAL
REQ00120,AMB0047,4,1.01,AMB0046,3,0.8,0.145,NORMAL
REQ00121,AMB0079,25,12.92,AMB0083,13,6.1,0.396,NORMAL
REQ00122,AMB0012,6,3.01,AMB0012,6,3,0.393,NORMAL
REQ00123,AMB0037,10,3.63,AMB0021,8,3.2,0.673,NORMAL
REQ00124,AMB0124,10,3.49,AMB0120,5,2,0.174,HEAVY
REQ00125,AMB0103,6,1.75,AMB0103,6,1.8,0.315,NORMAL
REQ00126,AMB0065,4,1.53,AMB0065,4,1.5,0.348,NORMAL
REQ00127,AMB0035,5,1.65,AMB0033,4,1.5,0.321,HEAVY
REQ00128,AMB0003,15,7.62,AMB0014,7,3.7,0.41,MODERATE
REQ00129,AMB0031,2,0.25,AMB0031,1,0.3,0.122,MODERATE
REQ00130,AMB0109,9,3.68,AMB0110,6,2.7,0.418,NORMAL
REQ00131,AMB0067,8,2.1,AMB0068,8,2.1,0.548,MODERATE
REQ00132,AMB0042,8,2.56,AMB0042,8,2.6,0.545,NORMAL
REQ00133,AMB0037,9,3.07,AMB0037,9,3.1,0.531,NORMAL
REQ00134,AMB0090,3,0.76,AMB0088,3,0.7,0.185,NORMAL
REQ00135,AMB0050,3,0.9,AMB0050,3,0.9,0.239,MODERATE
REQ00136,AMB0085,5,1.42,AMB0084,5,1.2,0.151,HEAVY
REQ00137,AMB0125,14,5.63,AMB0120,8,3.6,0.406,NORMAL
REQ00138,AMB0057,18,6.37,AMB0055,9,3.1,0.542,NORMAL
REQ00139,AMB0067,11,3.62,AMB0091,8,3,0.641,HEAVY
REQ00140,AMB0010,4,1.52,AMB0009,4,1.3,0.277,MODERATE
REQ00141,AMB0052,2,0.74,AMB0053,2,0.7,0.255,MODERATE
REQ00142,AMB0055,3,0.91,AMB0055,3,0.9,0.225,HEAVY
REQ00143,AMB0076,3,0.77,AMB0074,2,0.7,0.162,NORMAL
REQ00144,AMB0129,4,0.92,AMB0131,3,0.7,0.185,NORMAL
REQ00145,AMB0118,9,2.72,AMB0118,9,2.7,0.445,HEAVY
REQ00146,AMB0110,6,2.42,AMB0110,6,2.4,0.435,MODERATE
REQ00147,AMB0092,5,2.3,AMB0091,5,2.2,0.329,NORMAL
REQ00148,AMB0045,10,3.45,AMB0044,9,3.2,0.454,NORMAL
REQ00149,AMB0080,26,14.37,AMB0083,13,7.3,0.278,NORMAL
REQ00150,AMB0022,3,1.28,AMB0022,3,1.3,0.202,NORMAL
REQ00151,AMB0016,5,2.2,AMB0016,5,2.2,0.419,NORMAL
REQ00152,AMB0103,5,1.35,AMB0102,4,1.2,0.293,NORMAL
REQ00153,AMB0015,14,5.42,AMB0003,9,3.3,0.571,MODERATE
REQ00154,AMB0091,5,1.59,AMB0091,5,1.6,0.197,HEAVY
REQ00155,AMB0017,6,1.51,AMB0019,5,1.3,0.34,NORMAL
REQ00156,AMB0097,6,1.73,AMB0097,6,1.7,0.255,NORMAL
REQ00157,AMB0029,6,1.65,AMB0027,6,1.6,0.269,NORMAL
REQ00158,AMB0066,6,1.96,AMB0065,6,1.9,0.424,NORMAL
REQ00159,AMB0092,3,1.2,AMB0091,2,1.1,0.161,NORMAL
REQ00160,AMB0125,3,1.43,AMB0125,3,1.4,0.21,NORMAL
REQ00161,AMB0131,6,2.7,AMB0131,6,2.7,0.321,MODERATE
REQ00162,AMB0086,4,1.38,AMB0086,4,1.4,0.259,NORMAL
REQ00163,AMB0079,23,13.25,AMB0083,10,6.5,0.356,HEAVY
REQ00164,AMB0030,4,1.19,AMB0030,4,1.2,0.385,NORMAL
REQ00165,AMB0002,8,2.78,AMB0001,5,2.1,0.351,MODERATE
REQ00166,AMB0111,7,1.98,AMB0112,7,1.8,0.202,HEAVY
REQ00167,AMB0090,46,21.39,AMB0079,35,18.6,0.441,NORMAL
REQ00168,AMB0040,8,2.72,AMB0042,7,2.6,0.669,MODERATE
REQ00169,AMB0035,2,0.88,AMB0035,2,0.9,0.25,HEAVY
REQ00170,AMB0081,8,2.32,AMB0083,8,2.8,0.231,MODERATE
REQ00171,AMB0017,13,3.48,AMB0018,12,3.3,0.538,NORMAL
REQ00172,AMB0012,10,2.8,AMB0011,10,3,0.461,HEAVY
REQ00173,AMB0079,8,2.28,AMB0080,8,2.3,0.387,MODERATE
REQ00174,AMB0076,4,0.95,AMB0076,4,1,0.249,NORMAL
REQ00175,AMB0026,9,2.46,AMB0026,9,2.5,0.591,NORMAL
REQ00176,AMB0076,11,3.55,AMB0070,8,2.8,0.604,NORMAL
REQ00177,AMB0014,3,0.81,AMB0014,3,0.8,0.225,MODERATE
REQ00178,AMB0003,2,0.6,AMB0003,2,0.6,0.178,NORMAL
REQ00179,AMB0061,9,3.04,AMB0064,6,2.1,0.582,MODERATE
REQ00180,AMB0121,5,1.36,AMB0120,4,1.1,0.101,NORMAL
REQ00181,AMB0055,6,2.12,AMB0053,5,2,0.48,NORMAL
REQ00182,AMB0110,5,1.93,AMB0110,5,1.9,0.273,NORMAL
REQ00183,AMB0017,10,2.73,AMB0018,9,2.6,0.503,NORMAL
REQ00184,AMB0039,7,2.03,AMB0055,5,2,0.373,NORMAL
REQ00185,AMB0057,16,4.85,AMB0035,9,2.7,0.466,MODERATE
REQ00186,AMB0065,6,1.91,AMB0065,6,1.9,0.349,NORMAL
REQ00187,AMB0097,3,1.04,AMB0097,3,1,0.19,NORMAL
REQ00188,AMB0089,20,8.17,AMB0088,6,1.6,0.152,NORMAL
REQ00189,AMB0125,7,3.16,AMB0123,6,2.9,0.485,MODERATE
REQ00190,AMB0014,5,1.91,AMB0014,5,1.9,0.291,HEAVY
REQ00191,AMB0131,4,1.63,AMB0131,4,1.6,0.219,NORMAL
REQ00192,AMB0102,2,0.25,AMB0102,1,0.3,0.146,NORMAL
REQ00193,AMB0017,9,2.22,AMB0018,8,2.1,0.548,HEAVY
REQ00194,AMB0011,3,1.22,AMB0011,3,1.2,0.196,NORMAL
REQ00195,AMB0075,20,8.14,AMB0089,12,4.3,0.35,MODERATE
REQ00196,AMB0015,14,5.58,AMB0003,6,2.3,0.462,HEAVY
REQ00197,AMB0123,11,4.33,AMB0120,6,2.5,0.358,NORMAL
REQ00198,AMB0104,4,1.81,AMB0104,4,1.8,0.3,NORMAL
REQ00199,AMB0076,6,1.59,AMB0054,3,1,0.272,NORMAL
REQ00200,AMB0046,4,1.76,AMB0046,4,1.8,0.17,NORMAL
REQ00201,AMB0030,5,1.61,AMB0030,5,1.6,0.548,NORMAL
REQ00202,AMB0049,2,0.17,AMB0049,1,0.2,0.131,NORMAL
REQ00203,AMB0038,4,1.79,AMB0037,3,1.3,0.295,NORMAL
REQ00204,AMB0055,3,1.06,AMB0055,3,1.1,0.196,NORMAL
REQ00205,AMB0086,8,2.75,AMB0100,8,2.7,0.412,HEAVY
REQ00206,AMB0118,6,2.41,AMB0118,6,2.4,0.357,MODERATE
REQ00207,AMB0081,45,21.41,AMB0083,10,2.6,0.27,NORMAL
REQ00208,AMB0035,9,2.76,AMB0033,8,2.6,0.463,HEAVY
REQ00209,AMB0115,8,2.78,AMB0113,8,3.2,0.367,MODERATE
REQ00210,AMB0008,4,1.55,AMB0008,4,1.6,0.287,MODERATE
REQ00211,AMB0094,7,2.79,AMB0092,5,2,0.535,NORMAL
REQ00212,AMB0125,2,0.51,AMB0125,1,0.5,0.116,NORMAL
REQ00213,AMB0038,5,1.92,AMB0037,4,1.5,0.26,MODERATE
REQ00214,AMB0084,52,20.4,AMB0088,11,3.5,0.32,NORMAL
REQ00215,AMB0103,8,2.36,AMB0103,8,2.4,0.503,NORMAL
REQ00216,AMB0018,4,1.09,AMB0018,4,1.1,0.299,NORMAL
REQ00217,AMB0055,7,2.2,AMB0055,7,2.2,0.487,HEAVY
REQ00218,AMB0103,5,1.68,AMB0103,5,1.7,0.304,MODERATE
REQ00219,AMB0001,6,2.8,AMB0001,6,2.8,0.352,MODERATE
REQ00220,AMB0050,2,0.37,AMB0050,1,0.4,0.159,NORMAL
REQ00221,AMB0018,8,2.81,AMB0018,8,2.8,0.567,NORMAL
REQ00222,AMB0090,4,0.97,AMB0088,4,0.9,0.206,NORMAL
REQ00223,AMB0016,19,5.55,AMB0015,7,2.6,0.453,NORMAL
REQ00224,AMB0064,5,1.82,AMB0065,5,1.7,0.405,NORMAL
REQ00225,AMB0038,5,1.89,AMB0050,3,1.1,0.255,MODERATE
REQ00226,AMB0059,3,1.02,AMB0060,2,0.5,0.23,NORMAL
REQ00227,AMB0029,5,1.57,AMB0027,5,1.6,0.269,NORMAL
REQ00228,AMB0121,8,1.99,AMB0120,7,1.8,0.115,NORMAL
REQ00229,AMB0024,2,0.58,AMB0024,2,0.6,0.204,HEAVY
REQ00230,AMB0027,4,1.6,AMB0026,4,1.4,0.303,NORMAL
REQ00231,AMB0066,11,3.56,AMB0066,10,3.6,0.76,NORMAL
REQ00232,AMB0041,5,1.67,AMB0041,5,1.7,0.32,HEAVY
REQ00233,AMB0039,7,1.94,AMB0039,7,1.9,0.372,NORMAL
REQ00234,AMB0050,3,1.31,AMB0049,2,1.1,0.272,NORMAL
REQ00235,AMB0098,6,2.21,AMB0098,6,2.2,0.457,HEAVY
REQ00236,AMB0024,8,1.98,AMB0024,8,2,0.382,NORMAL
REQ00237,AMB0033,5,1.57,AMB0033,5,1.6,0.247,MODERATE
REQ00238,AMB0038,3,0.98,AMB0037,2,0.5,0.158,NORMAL
REQ00239,AMB0078,10,3,AMB0079,9,2.8,0.361,MODERATE
REQ00240,AMB0025,4,1.09,AMB0023,3,1.1,0.258,NORMAL
REQ00241,AMB0118,10,2.86,AMB0118,10,2.9,0.455,MODERATE
REQ00242,AMB0040,13,4.73,AMB0043,9,3.3,0.575,NORMAL
REQ00243,AMB0061,8,2.8,AMB0065,4,1.7,0.429,NORMAL
REQ00244,AMB0127,4,1.02,AMB0127,4,1,0.2,NORMAL
REQ00245,AMB0108,2,0.59,AMB0108,2,0.6,0.186,NORMAL
REQ00246,AMB0011,4,1.24,AMB0011,4,1.2,0.208,NORMAL
REQ00247,AMB0013,10,3.66,AMB0018,6,2,0.365,HEAVY
REQ00248,AMB0102,10,3.54,AMB0102,10,3.5,0.412,NORMAL
REQ00249,AMB0055,5,1.92,AMB0055,5,1.9,0.351,MODERATE
REQ00250,AMB0042,6,2.29,AMB0049,5,2.1,0.53,NORMAL
REQ00251,AMB0038,4,1.44,AMB0037,3,1,0.224,NORMAL
REQ00252,AMB0011,8,2.29,AMB0011,7,2.3,0.42,NORMAL
REQ00253,AMB0118,13,4.5,AMB0125,13,5.1,0.45,HEAVY
REQ00254,AMB0110,2,0.73,AMB0112,2,0.6,0.17,NORMAL
REQ00255,AMB0069,5,1.98,AMB0069,5,2,0.524,NORMAL
REQ00256,AMB0043,2,0.76,AMB0043,2,0.8,0.146,HEAVY
REQ00257,AMB0114,7,2.83,AMB0113,7,2.7,0.493,MODERATE
REQ00258,AMB0061,4,1.22,AMB0059,3,0.9,0.341,MODERATE
REQ00259,AMB0057,3,0.83,AMB0057,3,0.8,0.262,HEAVY
REQ00260,AMB0118,4,1.29,AMB0118,4,1.3,0.18,MODERATE
REQ00261,AMB0101,13,5.9,AMB0084,8,2.8,0.577,NORMAL
REQ00262,AMB0022,4,1.29,AMB0020,3,0.9,0.128,NORMAL
REQ00263,AMB0006,6,2.34,AMB0007,6,2.1,0.376,NORMAL
REQ00264,AMB0107,16,6.45,AMB0095,8,2.6,0.418,NORMAL
REQ00265,AMB0098,5,1.67,AMB0098,5,1.7,0.275,NORMAL
REQ00266,AMB0034,2,0.39,AMB0036,1,0.4,0.148,NORMAL
REQ00267,AMB0130,5,1.24,AMB0131,3,0.9,0.197,MODERATE
REQ00268,AMB0069,8,2.86,AMB0091,6,2.4,0.581,NORMAL
REQ00269,AMB0114,4,1.24,AMB0113,3,1.1,0.253,MODERATE
REQ00270,AMB0127,9,2.33,AMB0128,8,2.2,0.453,NORMAL
REQ00271,AMB0125,9,3.9,AMB0123,9,3.6,0.553,NORMAL
REQ00272,AMB0055,3,0.9,AMB0055,3,0.9,0.242,NORMAL
REQ00273,AMB0014,6,2.12,AMB0014,6,2.1,0.443,MODERATE
REQ00274,AMB0007,8,2.66,AMB0007,7,2.7,0.451,NORMAL
REQ00275,AMB0018,8,2.65,AMB0018,8,2.7,0.553,NORMAL
REQ00276,AMB0031,2,0.6,AMB0031,2,0.6,0.197,NORMAL
REQ00277,AMB0086,4,1.26,AMB0086,3,1.3,0.256,MODERATE
REQ00278,AMB0034,2,0.82,AMB0036,2,0.8,0.237,NORMAL
REQ00279,AMB0050,6,2.18,AMB0038,4,1.2,0.266,NORMAL
REQ00280,AMB0002,9,2.42,AMB0001,8,2.2,0.388,NORMAL
REQ00281,AMB0131,10,3.42,AMB0131,10,3.4,0.406,MODERATE
REQ00282,AMB0032,3,0.75,AMB0032,3,0.8,0.264,MODERATE
REQ00283,AMB0078,14,4.19,AMB0080,14,4.1,0.454,HEAVY
REQ00284,AMB0049,2,0.15,AMB0049,1,0.2,0.123,MODERATE
REQ00285,AMB0060,10,2.88,AMB0069,6,2.1,0.508,MODERATE
REQ00286,AMB0079,21,12.37,AMB0083,8,5.6,0.317,NORMAL
REQ00287,AMB0065,2,0.54,AMB0065,2,0.5,0.182,NORMAL
REQ00288,AMB0048,2,0.37,AMB0048,1,0.4,0.194,NORMAL
REQ00289,AMB0026,9,2.36,AMB0026,8,2.4,0.669,NORMAL
REQ00290,AMB0006,4,1.95,AMB0006,4,2,0.296,NORMAL
REQ00291,AMB0022,6,2.16,AMB0020,5,1.8,0.292,NORMAL
REQ00292,AMB0018,9,2.7,AMB0018,9,2.7,0.566,NORMAL
REQ00293,AMB0039,3,0.83,AMB0037,2,0.6,0.177,NORMAL
REQ00294,AMB0053,3,1.02,AMB0053,3,1,0.296,NORMAL
REQ00295,AMB0037,9,2.7,AMB0037,9,2.7,0.577,HEAVY
REQ00296,AMB0114,6,1.78,AMB0114,6,1.8,0.276,NORMAL
REQ00297,AMB0130,7,1.73,AMB0131,5,1.4,0.226,MODERATE
REQ00298,AMB0119,9,2.47,AMB0118,9,2.4,0.391,NORMAL
REQ00299,AMB0131,7,2.47,AMB0131,7,2.5,0.352,NORMAL
REQ00300,AMB0107,12,4.88,AMB0128,5,2.3,0.471,NORMAL
REQ00301,AMB0066,3,0.87,AMB0065,3,0.8,0.205,NORMAL
REQ00302,AMB0074,12,5.73,AMB0088,6,2.9,0.424,MODERATE
REQ00303,AMB0067,7,1.98,AMB0068,7,2,0.319,NORMAL
REQ00304,AMB0116,7,1.79,AMB0117,7,1.8,0.239,NORMAL
REQ00305,AMB0053,2,0.59,AMB0053,2,0.6,0.212,MODERATE
REQ00306,AMB0118,10,2.95,AMB0118,10,3,0.467,NORMAL
REQ00307,AMB0033,9,2.5,AMB0033,8,2.5,0.45,NORMAL
REQ00308,AMB0059,2,0.44,AMB0059,2,0.4,0.204,MODERATE
REQ00309,AMB0090,6,1.43,AMB0088,5,1.4,0.147,NORMAL
REQ00310,AMB0072,4,1.36,AMB0072,4,1.4,0.294,NORMAL
REQ00311,AMB0131,9,3.4,AMB0131,9,3.4,0.373,NORMAL
REQ00312,AMB0103,6,1.72,AMB0103,6,1.7,0.312,NORMAL
REQ00313,AMB0123,16,5.43,AMB0123,16,5.4,0.661,HEAVY
REQ00314,AMB0107,2,0.33,AMB0107,1,0.3,0.12,NORMAL
REQ00315,AMB0010,12,5.6,AMB0011,6,2.7,0.38,MODERATE
REQ00316,AMB0075,17,7.69,AMB0089,9,3.8,0.328,HEAVY
REQ00317,AMB0107,16,6.52,AMB0095,8,2.7,0.421,NORMAL
REQ00318,AMB0067,2,0.43,AMB0067,2,0.4,0.161,NORMAL
REQ00319,AMB0074,4,1.8,AMB0074,4,1.8,0.332,NORMAL
REQ00320,AMB0076,5,1.38,AMB0074,4,1.3,0.263,NORMAL
REQ00321,AMB0125,4,1.9,AMB0123,4,1.6,0.247,NORMAL
REQ00322,AMB0061,6,1.79,AMB0059,5,1.5,0.425,NORMAL
REQ00323,AMB0043,6,2.25,AMB0043,6,2.3,0.423,MODERATE
REQ00324,AMB0055,2,0.53,AMB0055,2,0.5,0.197,NORMAL
REQ00325,AMB0085,10,2.69,AMB0086,10,2.9,0.33,HEAVY
REQ00326,AMB0020,6,1.97,AMB0020,6,2,0.204,NORMAL
REQ00327,AMB0008,17,6.32,AMB0020,9,3.4,0.495,NORMAL
REQ00328,AMB0022,8,3.14,AMB0021,6,2.4,0.525,NORMAL
REQ00329,AMB0005,21,10.69,AMB0014,12,6.4,0.522,NORMAL
REQ00330,AMB0131,9,3.71,AMB0131,9,3.7,0.373,MODERATE
REQ00331,AMB0021,9,2.96,AMB0021,9,3,0.389,NORMAL
REQ00332,AMB0129,10,2.59,AMB0131,9,2.4,0.368,NORMAL
REQ00333,AMB0057,5,1.4,AMB0057,5,1.4,0.346,NORMAL
REQ00334,AMB0110,2,0.96,AMB0110,2,1,0.19,HEAVY
REQ00335,AMB0123,12,4.04,AMB0120,6,2.2,0.444,MODERATE
REQ00336,AMB0029,7,2.21,AMB0027,7,2.2,0.482,MODERATE
REQ00337,AMB0060,4,1.18,AMB0062,3,1,0.334,HEAVY
REQ00338,AMB0006,2,0.79,AMB0006,2,0.8,0.181,NORMAL
REQ00339,AMB0017,6,1.52,AMB0018,5,1.4,0.333,NORMAL
REQ00340,AMB0125,8,2.98,AMB0123,8,3.1,0.353,HEAVY
REQ00341,AMB0031,6,2,AMB0031,6,2,0.351,MODERATE
REQ00342,AMB0121,10,2.58,AMB0120,9,2.4,0.277,NORMAL
REQ00343,AMB0053,2,0.9,AMB0053,2,0.9,0.263,NORMAL
REQ00344,AMB0011,5,2.08,AMB0010,4,1.6,0.256,MODERATE
REQ00345,AMB0118,15,4.99,AMB0125,15,5.5,0.471,MODERATE
REQ00346,AMB0130,8,2.03,AMB0131,7,1.7,0.182,NORMAL
REQ00347,AMB0038,2,0.28,AMB0038,1,0.3,0.126,NORMAL
REQ00348,AMB0100,3,0.7,AMB0100,2,0.7,0.155,NORMAL
REQ00349,AMB0072,4,1.29,AMB0072,4,1.3,0.337,MODERATE
REQ00350,AMB0042,2,0.6,AMB0042,1,0.6,0.184,MODERATE
REQ00351,AMB0131,4,1.07,AMB0131,4,1.1,0.201,MODERATE
REQ00352,AMB0055,8,2.56,AMB0055,8,2.6,0.487,NORMAL
REQ00353,AMB0042,10,4.72,AMB0049,4,2,0.428,MODERATE
REQ00354,AMB0092,4,1.61,AMB0092,4,1.6,0.226,NORMAL
REQ00355,AMB0003,24,10.32,AMB0015,14,5.8,0.568,NORMAL
REQ00356,AMB0100,8,2.65,AMB0099,7,2.4,0.489,NORMAL
REQ00357,AMB0029,6,1.72,AMB0027,6,1.7,0.284,NORMAL
REQ00358,AMB0057,12,3.9,AMB0033,6,1.6,0.255,HEAVY
REQ00359,AMB0118,10,2.73,AMB0125,10,4.1,0.573,MODERATE
REQ00360,AMB0127,4,1.08,AMB0128,3,1,0.193,NORMAL
REQ00361,AMB0031,2,0.7,AMB0031,2,0.7,0.193,HEAVY
REQ00362,AMB0015,4,2.27,AMB0014,3,2,0.275,NORMAL
REQ00363,AMB0029,3,1.28,AMB0027,3,1.3,0.247,NORMAL
REQ00364,AMB0106,2,0.69,AMB0108,2,0.6,0.183,HEAVY
REQ00365,AMB0089,53,20.13,AMB0086,12,3.7,0.347,NORMAL
REQ00366,AMB0106,4,0.95,AMB0106,4,1,0.237,NORMAL
REQ00367,AMB0096,2,0.65,AMB0096,2,0.7,0.147,HEAVY
REQ00368,AMB0094,10,3.3,AMB0092,7,2.5,0.478,NORMAL
REQ00369,AMB0118,11,3.97,AMB0123,11,4.3,0.595,NORMAL
REQ00370,AMB0055,3,0.94,AMB0055,3,0.9,0.235,NORMAL
REQ00371,AMB0040,13,6.27,AMB0049,6,3.4,0.507,NORMAL
REQ00372,AMB0073,5,1.62,AMB0070,5,1.4,0.307,MODERATE
REQ00373,AMB0038,8,2.71,AMB0037,6,2.3,0.695,NORMAL
REQ00374,AMB0029,6,1.81,AMB0026,6,1.6,0.256,MODERATE
REQ00375,AMB0104,6,2.58,AMB0098,5,1.9,0.31,NORMAL
REQ00376,AMB0069,4,1.36,AMB0069,4,1.4,0.449,NORMAL
REQ00377,AMB0053,3,1.19,AMB0053,3,1.2,0.316,MODERATE
REQ00378,AMB0048,9,2.74,AMB0049,7,1.9,0.342,NORMAL
REQ00379,AMB0028,4,0.99,AMB0028,4,1,0.274,NORMAL
REQ00380,AMB0089,15,6.51,AMB0074,8,3.5,0.568,NORMAL
REQ00381,AMB0070,5,1.46,AMB0059,4,1.2,0.336,MODERATE
REQ00382,AMB0057,5,1.2,AMB0056,4,1.1,0.206,NORMAL
REQ00383,AMB0055,5,1.78,AMB0053,3,1.1,0.284,NORMAL
REQ00384,AMB0085,4,1.02,AMB0084,3,0.8,0.131,NORMAL
REQ00385,AMB0004,20,11.31,AMB0001,11,5.4,0.479,NORMAL
REQ00386,AMB0128,6,1.75,AMB0128,6,1.8,0.188,MODERATE
REQ00387,AMB0125,5,2.21,AMB0125,5,2.2,0.379,NORMAL
REQ00388,AMB0061,2,0.54,AMB0061,2,0.5,0.188,NORMAL
REQ00389,AMB0051,13,4.96,AMB0055,7,2.2,0.505,MODERATE
REQ00390,AMB0030,10,3.49,AMB0066,4,1.3,0.253,NORMAL
REQ00391,AMB0002,14,3.59,AMB0001,12,3.4,0.462,NORMAL
REQ00392,AMB0014,7,1.9,AMB0018,6,1.8,0.569,NORMAL
REQ00393,AMB0125,6,2.64,AMB0123,5,2.4,0.444,MODERATE
REQ00394,AMB0131,7,2.37,AMB0131,7,2.4,0.347,HEAVY
REQ00395,AMB0104,3,1.2,AMB0104,3,1.2,0.271,MODERATE
REQ00396,AMB0104,5,1.85,AMB0104,5,1.9,0.321,NORMAL
REQ00397,AMB0101,17,6.71,AMB0086,11,3.9,0.338,NORMAL
REQ00398,AMB0125,10,3.94,AMB0123,9,3.7,0.566,NORMAL
REQ00399,AMB0107,4,1.43,AMB0107,4,1.4,0.244,NORMAL
REQ00400,AMB0014,7,2.94,AMB0014,7,2.9,0.468,HEAVY
REQ00401,AMB0028,3,1.07,AMB0026,2,0.8,0.21,MODERATE
REQ00402,AMB0030,5,1.65,AMB0030,5,1.7,0.612,NORMAL
REQ00403,AMB0060,8,2.22,AMB0062,7,2,0.584,HEAVY
REQ00404,AMB0104,3,1.2,AMB0104,3,1.2,0.264,NORMAL
REQ00405,AMB0064,3,0.99,AMB0065,3,0.9,0.265,MODERATE
REQ00406,AMB0116,24,7.59,AMB0118,6,1.7,0.221,NORMAL
REQ00407,AMB0116,7,1.95,AMB0117,7,1.9,0.229,NORMAL
REQ00408,AMB0116,24,8.56,AMB0118,9,2.7,0.438,NORMAL
REQ00409,AMB0114,20,7.56,AMB0110,10,4,0.562,NORMAL
REQ00410,AMB0001,6,2.35,AMB0001,6,2.4,0.36,NORMAL
REQ00411,AMB0053,2,0.46,AMB0053,1,0.5,0.187,NORMAL
REQ00412,AMB0051,5,1.62,AMB0049,5,1.6,0.333,NORMAL
REQ00413,AMB0055,2,0.3,AMB0055,1,0.3,0.157,NORMAL
REQ00414,AMB0078,13,4.04,AMB0079,12,3.9,0.443,NORMAL
REQ00415,AMB0038,5,1.91,AMB0050,4,1.2,0.267,NORMAL
REQ00416,AMB0030,9,3.18,AMB0066,4,1.3,0.245,NORMAL
REQ00417,AMB0124,2,0.59,AMB0123,1,0.4,0.089,NORMAL
REQ00418,AMB0074,3,1.3,AMB0074,3,1.3,0.275,HEAVY
REQ00419,AMB0025,4,0.97,AMB0023,3,0.9,0.223,NORMAL
REQ00420,AMB0075,9,2.45,AMB0074,9,2.5,0.317,NORMAL
REQ00421,AMB0106,11,3.57,AMB0127,6,2,0.272,NORMAL
REQ00422,AMB0057,14,4.39,AMB0033,7,2.1,0.432,NORMAL
REQ00423,AMB0118,11,3.26,AMB0118,10,3.6,0.562,NORMAL
REQ00424,AMB0060,11,3.54,AMB0069,8,2.7,0.594,NORMAL
REQ00425,AMB0016,2,1.02,AMB0014,1,0.6,0.148,MODERATE
REQ00426,AMB0025,7,2.21,AMB0023,7,2.2,0.478,NORMAL
REQ00427,AMB0072,6,1.46,AMB0070,5,1.5,0.176,NORMAL
REQ00428,AMB0034,3,1.05,AMB0036,3,1.1,0.278,MODERATE
REQ00429,AMB0012,6,2.66,AMB0011,6,2.9,0.411,MODERATE
REQ00430,AMB0014,9,2.6,AMB0023,6,2.5,0.649,HEAVY
REQ00431,AMB0072,7,1.91,AMB0070,7,1.8,0.197,NORMAL
REQ00432,AMB0046,32,18.12,AMB0041,13,8.1,0.357,NORMAL
REQ00433,AMB0106,4,1.64,AMB0108,4,1.6,0.303,MODERATE
REQ00434,AMB0034,9,3.44,AMB0021,9,3.7,0.757,NORMAL
REQ00435,AMB0013,9,3.46,AMB0018,5,1.8,0.345,NORMAL
REQ00436,AMB0025,3,0.66,AMB0023,2,0.6,0.192,NORMAL
REQ00437,AMB0082,38,20.54,AMB0046,12,5.9,0.346,MODERATE
REQ00438,AMB0128,4,1.34,AMB0128,4,1.3,0.213,MODERATE
REQ00439,AMB0056,3,0.85,AMB0056,3,0.9,0.244,NORMAL
REQ00440,AMB0103,3,0.81,AMB0103,3,0.8,0.227,NORMAL
REQ00441,AMB0014,9,3.92,AMB0013,3,1.3,0.281,NORMAL
REQ00442,AMB0093,2,0.6,AMB0093,2,0.6,0.142,NORMAL
REQ00443,AMB0001,3,0.95,AMB0001,3,1,0.206,NORMAL
REQ00444,AMB0015,12,4.68,AMB0018,8,2.9,0.592,NORMAL
REQ00445,AMB0031,5,1.42,AMB0031,5,1.4,0.297,NORMAL
REQ00446,AMB0078,3,0.98,AMB0079,3,0.8,0.145,MODERATE
REQ00447,AMB0110,5,2.15,AMB0110,5,2.2,0.417,MODERATE
REQ00448,AMB0075,5,1.44,AMB0076,3,0.9,0.206,NORMAL
REQ00449,AMB0124,8,2.21,AMB0123,9,2.5,0.341,NORMAL
REQ00450,AMB0029,7,2.02,AMB0027,7,2,0.286,NORMAL
REQ00451,AMB0022,8,2.68,AMB0022,8,2.7,0.469,NORMAL
REQ00452,AMB0056,6,1.8,AMB0070,4,1.3,0.301,MODERATE
REQ00453,AMB0014,8,2.17,AMB0014,8,2.2,0.703,MODERATE
REQ00454,AMB0010,10,4.84,AMB0011,4,1.9,0.243,NORMAL
REQ00455,AMB0086,7,2.34,AMB0100,7,2.4,0.389,NORMAL
REQ00456,AMB0044,17,8.34,AMB0042,8,4.3,0.362,NORMAL
REQ00457,AMB0127,7,1.97,AMB0128,7,1.9,0.286,MODERATE
REQ00458,AMB0031,3,0.83,AMB0031,3,0.8,0.208,NORMAL
REQ00459,AMB0012,4,1.79,AMB0012,4,1.8,0.245,MODERATE
REQ00460,AMB0013,9,3.63,AMB0018,5,2,0.363,HEAVY
REQ00461,AMB0053,2,0.83,AMB0053,2,0.8,0.251,MODERATE
REQ00462,AMB0065,2,0.73,AMB0065,2,0.7,0.207,NORMAL
REQ00463,AMB0036,11,4.25,AMB0021,7,2.7,0.576,HEAVY
REQ00464,AMB0078,6,1.94,AMB0079,5,1.8,0.222,MODERATE
REQ00465,AMB0093,7,2.3,AMB0097,7,2.2,0.407,MODERATE
REQ00466,AMB0072,7,2.15,AMB0070,7,2.3,0.526,HEAVY
REQ00467,AMB0006,10,3.79,AMB0007,10,3.6,0.454,NORMAL
REQ00468,AMB0037,7,2.54,AMB0037,7,2.5,0.486,NORMAL
REQ00469,AMB0077,26,15.58,AMB0079,25,15,0.614,NORMAL
REQ00470,AMB0039,7,2.06,AMB0037,6,1.8,0.365,NORMAL
REQ00471,AMB0059,6,1.69,AMB0056,5,1.4,0.37,NORMAL
REQ00472,AMB0129,10,2.62,AMB0131,9,2.4,0.37,NORMAL
REQ00473,AMB0078,3,0.88,AMB0079,2,0.8,0.156,NORMAL
REQ00474,AMB0122,5,1.25,AMB0120,4,1,0.134,NORMAL
REQ00475,AMB0032,4,1.13,AMB0031,3,1,0.308,NORMAL
REQ00476,AMB0052,8,2.45,AMB0053,6,2,0.391,NORMAL
REQ00477,AMB0017,4,1.09,AMB0018,4,0.9,0.273,MODERATE
REQ00478,AMB0031,4,1.37,AMB0031,4,1.4,0.274,HEAVY
REQ00479,AMB0066,5,1.84,AMB0065,5,1.8,0.399,NORMAL
REQ00480,AMB0017,7,1.91,AMB0018,7,1.8,0.376,NORMAL
REQ00481,AMB0074,7,2.87,AMB0074,7,2.9,0.517,NORMAL
REQ00482,AMB0032,5,1.21,AMB0032,4,1.2,0.289,NORMAL
REQ00483,AMB0055,6,2.3,AMB0053,5,1.6,0.322,NORMAL
REQ00484,AMB0048,6,1.92,AMB0049,4,1.1,0.276,HEAVY
REQ00485,AMB0089,3,0.89,AMB0089,2,0.9,0.207,NORMAL
REQ00486,AMB0034,11,3.71,AMB0055,8,2.7,0.48,NORMAL
REQ00487,AMB0128,7,2.31,AMB0128,7,2.3,0.518,HEAVY
REQ00488,AMB0012,5,2.61,AMB0011,6,2.8,0.379,NORMAL
REQ00489,AMB0094,8,3.04,AMB0092,5,2.3,0.6,MODERATE
REQ00490,AMB0068,11,4.93,AMB0064,6,2.7,0.526,NORMAL
REQ00491,AMB0086,10,3.39,AMB0092,9,3.1,0.617,NORMAL
REQ00492,AMB0052,6,1.54,AMB0054,5,1.2,0.29,NORMAL
REQ00493,AMB0055,4,1.5,AMB0055,4,1.5,0.299,NORMAL
REQ00494,AMB0131,7,3.06,AMB0131,6,3.1,0.361,MODERATE
REQ00495,AMB0038,4,1.56,AMB0037,3,1.1,0.279,NORMAL
REQ00496,AMB0040,11,3.4,AMB0037,9,3.1,0.764,NORMAL
REQ00497,AMB0089,4,1.55,AMB0089,4,1.6,0.261,MODERATE
REQ00498,AMB0034,4,1.41,AMB0036,4,1.4,0.324,MODERATE
REQ00499,AMB0090,12,5.86,AMB0088,1,0.3,0.135,NORMAL
REQ00500,AMB0089,10,2.64,AMB0088,10,2.8,0.312,NORMAL
REQ00501,AMB0055,3,0.99,AMB0055,3,1,0.237,MODERATE
REQ00502,AMB0043,5,1.79,AMB0043,5,1.8,0.249,HEAVY
REQ00503,AMB0038,2,0.44,AMB0038,1,0.4,0.147,NORMAL
REQ00504,AMB0110,7,2.69,AMB0110,7,2.7,0.471,NORMAL
REQ00505,AMB0069,7,2.45,AMB0091,7,2.7,0.653,NORMAL
REQ00506,AMB0103,8,2.42,AMB0103,8,2.4,0.498,MODERATE
REQ00507,AMB0033,7,1.76,AMB0033,7,1.8,0.255,MODERATE
REQ00508,AMB0098,7,2.29,AMB0099,6,2.1,0.472,NORMAL
REQ00509,AMB0008,7,2.89,AMB0009,6,2.7,0.389,NORMAL
REQ00510,AMB0103,11,3.09,AMB0103,11,3.1,0.406,NORMAL
REQ00511,AMB0094,6,2.38,AMB0091,5,2,0.284,NORMAL
REQ00512,AMB0037,10,3.17,AMB0037,10,3.2,0.539,MODERATE
REQ00513,AMB0080,23,14.21,AMB0079,23,13.9,0.597,MODERATE
REQ00514,AMB0085,6,1.55,AMB0084,5,1.4,0.158,HEAVY
REQ00515,AMB0050,2,0.58,AMB0050,2,0.6,0.195,MODERATE
REQ00516,AMB0011,3,1.1,AMB0012,3,0.9,0.204,NORMAL
REQ00517,AMB0025,8,2.18,AMB0023,7,2.2,0.325,NORMAL
REQ00518,AMB0098,6,1.9,AMB0098,6,1.9,0.297,NORMAL
REQ00519,AMB0114,9,3.12,AMB0113,8,3,0.523,MODERATE
REQ00520,AMB0126,5,1.37,AMB0106,4,1.1,0.263,HEAVY
REQ00521,AMB0118,10,2.69,AMB0118,9,2.7,0.439,NORMAL
REQ00522,AMB0037,9,3.14,AMB0021,7,3.1,0.701,MODERATE
REQ00523,AMB0053,6,1.94,AMB0053,6,1.9,0.408,NORMAL
REQ00524,AMB0119,9,2.36,AMB0118,8,2.3,0.384,NORMAL
REQ00525,AMB0073,5,1.89,AMB0072,5,1.6,0.368,NORMAL
REQ00526,AMB0121,7,1.84,AMB0120,6,1.6,0.114,NORMAL
REQ00527,AMB0030,4,1.18,AMB0031,4,1.1,0.242,NORMAL
REQ00528,AMB0057,2,0.41,AMB0057,1,0.4,0.174,MODERATE
REQ00529,AMB0057,19,6.67,AMB0055,8,2.6,0.481,HEAVY
REQ00530,AMB0016,20,6.12,AMB0015,9,3.1,0.5,NORMAL
REQ00531,AMB0019,4,1.11,AMB0019,4,1.1,0.311,NORMAL
REQ00532,AMB0115,6,1.96,AMB0115,6,2,0.201,NORMAL
REQ00533,AMB0060,6,1.76,AMB0069,5,1.6,0.435,NORMAL
REQ00534,AMB0063,3,0.91,AMB0065,3,0.8,0.216,MODERATE
REQ00535,AMB0060,7,1.98,AMB0062,6,1.8,0.419,NORMAL
REQ00536,AMB0107,4,1.6,AMB0108,4,1.5,0.306,NORMAL
REQ00537,AMB0125,18,6.15,AMB0125,18,6.2,0.499,NORMAL
REQ00538,AMB0015,13,5.14,AMB0003,6,2.5,0.48,HEAVY
REQ00539,AMB0066,4,1.35,AMB0065,4,1.3,0.301,NORMAL
REQ00540,AMB0055,6,1.99,AMB0055,6,2,0.282,NORMAL
REQ00541,AMB0055,3,1.06,AMB0055,3,1.1,0.244,MODERATE
REQ00542,AMB0040,9,3.54,AMB0043,8,3.6,0.682,NORMAL
REQ00543,AMB0095,22,8.49,AMB0097,8,2.6,0.428,NORMAL
REQ00544,AMB0106,5,1.68,AMB0108,4,1.6,0.316,NORMAL
REQ00545,AMB0057,5,1.45,AMB0057,5,1.5,0.349,MODERATE
REQ00546,AMB0030,7,2.45,AMB0066,3,1.4,0.346,NORMAL
REQ00547,AMB0002,5,1.33,AMB0001,3,1.1,0.223,HEAVY
REQ00548,AMB0077,6,2.5,AMB0079,5,2.2,0.426,NORMAL
REQ00549,AMB0049,2,0.48,AMB0049,2,0.5,0.199,MODERATE
REQ00550,AMB0081,6,1.91,AMB0081,6,1.9,0.229,HEAVY
REQ00551,AMB0037,4,1.38,AMB0037,4,1.4,0.263,MODERATE
REQ00552,AMB0079,11,3.62,AMB0079,11,3.6,0.434,NORMAL
REQ00553,AMB0037,10,3.67,AMB0021,6,2.6,0.574,NORMAL
REQ00554,AMB0127,10,2.97,AMB0127,10,3,0.491,MODERATE
REQ00555,AMB0025,8,2.3,AMB0023,7,2.3,0.53,MODERATE
REQ00556,AMB0001,5,1.98,AMB0001,5,2,0.222,NORMAL
REQ00557,AMB0066,2,0.31,AMB0066,1,0.3,0.118,MODERATE
REQ00558,AMB0098,5,1.74,AMB0099,4,1.5,0.29,MODERATE
REQ00559,AMB0039,8,2.27,AMB0036,6,2.2,0.477,NORMAL
REQ00560,AMB0124,9,2.44,AMB0123,8,2.3,0.337,MODERATE
REQ00561,AMB0002,11,2.85,AMB0001,9,2.6,0.419,NORMAL
REQ00562,AMB0049,3,1.13,AMB0049,3,1.1,0.292,NORMAL
REQ00563,AMB0100,6,2.08,AMB0100,6,2.1,0.378,MODERATE
REQ00564,AMB0001,3,1.63,AMB0001,3,1.6,0.24,NORMAL
REQ00565,AMB0026,6,1.66,AMB0026,6,1.7,0.458,NORMAL
REQ00566,AMB0087,6,2.35,AMB0084,6,2.5,0.381,NORMAL
REQ00567,AMB0037,10,3.65,AMB0021,7,2.9,0.622,NORMAL
REQ00568,AMB0039,8,2.35,AMB0036,6,2.3,0.51,HEAVY
REQ00569,AMB0031,2,0.45,AMB0031,1,0.5,0.171,NORMAL
REQ00570,AMB0073,8,2.62,AMB0070,7,2.5,0.553,NORMAL
REQ00571,AMB0042,2,0.65,AMB0042,2,0.7,0.198,HEAVY
REQ00572,AMB0037,12,3.55,AMB0037,12,3.6,0.577,NORMAL
REQ00573,AMB0128,6,2.06,AMB0128,6,2.1,0.486,NORMAL
REQ00574,AMB0012,6,1.75,AMB0012,6,1.8,0.292,NORMAL
REQ00575,AMB0075,9,2.3,AMB0074,8,2.3,0.309,MODERATE
REQ00576,AMB0097,3,1.04,AMB0097,3,1,0.186,NORMAL
REQ00577,AMB0081,12,5.34,AMB0083,12,5.8,0.285,NORMAL
REQ00578,AMB0065,2,0.68,AMB0065,2,0.7,0.197,MODERATE
REQ00579,AMB0008,4,1.26,AMB0008,4,1.3,0.258,NORMAL
REQ00580,AMB0025,8,2.33,AMB0023,7,2.3,0.457,NORMAL
REQ00581,AMB0010,2,0.21,AMB0010,1,0.2,0.108,MODERATE
REQ00582,AMB0101,16,6.74,AMB0084,10,3.7,0.629,NORMAL
REQ00583,AMB0109,8,3.83,AMB0110,6,2.8,0.41,NORMAL
REQ00584,AMB0037,2,0.39,AMB0037,1,0.4,0.141,NORMAL
REQ00585,AMB0029,2,0.62,AMB0026,2,0.5,0.189,NORMAL
REQ00586,AMB0106,4,1.23,AMB0108,3,1,0.244,HEAVY
REQ00587,AMB0012,10,3.45,AMB0011,11,3.7,0.488,MODERATE
REQ00588,AMB0110,20,9.03,AMB0113,10,4.7,0.529,MODERATE
REQ00589,AMB0005,19,7.53,AMB0007,9,3.3,0.491,NORMAL
REQ00590,AMB0098,5,1.85,AMB0098,5,1.9,0.297,NORMAL
REQ00591,AMB0053,2,0.53,AMB0053,2,0.5,0.196,NORMAL
REQ00592,AMB0039,8,2.39,AMB0036,7,2.5,0.509,NORMAL
REQ00593,AMB0124,2,0.56,AMB0124,2,0.6,0.119,MODERATE
REQ00594,AMB0024,8,2.61,AMB0023,7,2.3,0.558,MODERATE
REQ00595,AMB0055,5,1.83,AMB0053,5,1.7,0.416,HEAVY
REQ00596,AMB0055,4,1.51,AMB0053,4,1.4,0.38,NORMAL
REQ00597,AMB0088,4,1.36,AMB0088,4,1.4,0.233,NORMAL
REQ00598,AMB0128,9,2.25,AMB0128,9,2.3,0.368,NORMAL
REQ00599,AMB0126,3,0.92,AMB0128,3,0.9,0.192,NORMAL
REQ00600,AMB0025,6,1.69,AMB0023,5,1.7,0.332,NORMAL
REQ00601,AMB0128,7,1.89,AMB0128,7,1.9,0.212,NORMAL
REQ00602,AMB0127,3,1.13,AMB0127,3,1.1,0.201,NORMAL
REQ00603,AMB0083,23,11.21,AMB0046,13,6,0.394,MODERATE
REQ00604,AMB0104,6,2.35,AMB0104,6,2.4,0.451,NORMAL
REQ00605,AMB0073,6,1.72,AMB0070,5,1.5,0.319,MODERATE
REQ00606,AMB0125,6,2.33,AMB0123,5,2.1,0.337,MODERATE
REQ00607,AMB0066,2,0.73,AMB0066,2,0.7,0.183,NORMAL
REQ00608,AMB0115,5,2.06,AMB0115,5,2.1,0.405,NORMAL
REQ00609,AMB0057,12,4.03,AMB0033,6,1.8,0.26,MODERATE
REQ00610,AMB0042,3,1.05,AMB0042,3,1.1,0.245,HEAVY
REQ00611,AMB0011,10,3.18,AMB0011,9,3.2,0.461,MODERATE
REQ00612,AMB0039,7,1.96,AMB0039,7,2,0.375,MODERATE
REQ00613,AMB0118,9,3.31,AMB0120,9,5.1,0.597,MODERATE
REQ00614,AMB0024,5,2.02,AMB0023,4,1.7,0.437,NORMAL
REQ00615,AMB0075,5,1.35,AMB0074,4,1.3,0.132,NORMAL
REQ00616,AMB0069,5,2.04,AMB0091,5,2.2,0.592,NORMAL
REQ00617,AMB0050,4,1.62,AMB0049,3,1.4,0.329,MODERATE
REQ00618,AMB0067,5,1.37,AMB0068,5,1.4,0.274,MODERATE
REQ00619,AMB0033,6,1.55,AMB0036,5,1.4,0.224,NORMAL
REQ00620,AMB0087,8,2.68,AMB0084,8,2.8,0.405,NORMAL
REQ00621,AMB0112,2,0.69,AMB0112,2,0.7,0.141,NORMAL
REQ00622,AMB0131,6,1.86,AMB0131,6,1.9,0.192,NORMAL
REQ00623,AMB0046,4,2.24,AMB0046,4,2.2,0.251,NORMAL
REQ00624,AMB0106,3,0.98,AMB0108,2,0.9,0.231,MODERATE
REQ00625,AMB0003,5,1.84,AMB0003,5,1.8,0.31,HEAVY
REQ00626,AMB0078,8,2.28,AMB0080,8,2.4,0.335,NORMAL
REQ00627,AMB0009,2,1.03,AMB0009,2,1,0.222,NORMAL
REQ00628,AMB0098,6,2.22,AMB0099,6,2,0.454,NORMAL
REQ00629,AMB0049,2,0.35,AMB0049,1,0.4,0.168,NORMAL
REQ00630,AMB0054,6,1.63,AMB0076,3,0.9,0.277,NORMAL
REQ00631,AMB0037,10,3.5,AMB0021,8,3.2,0.693,HEAVY
REQ00632,AMB0040,14,7.01,AMB0043,6,3.5,0.49,NORMAL
REQ00633,AMB0057,15,4.77,AMB0035,9,2.7,0.46,MODERATE
REQ00634,AMB0015,14,5.18,AMB0003,9,3.5,0.604,HEAVY
REQ00635,AMB0048,3,1.14,AMB0049,2,1,0.238,NORMAL
REQ00636,AMB0128,10,3.17,AMB0128,10,3.2,0.585,NORMAL
REQ00637,AMB0039,8,2.29,AMB0036,7,2.7,0.523,HEAVY
REQ00638,AMB0039,6,1.79,AMB0039,6,1.8,0.348,NORMAL
REQ00639,AMB0094,6,2,AMB0092,3,1.2,0.259,NORMAL
REQ00640,AMB0032,4,1.36,AMB0031,4,1.2,0.339,NORMAL
REQ00641,AMB0076,4,1.2,AMB0054,3,0.9,0.26,MODERATE
REQ00642,AMB0076,4,1.03,AMB0076,4,1,0.265,MODERATE
REQ00643,AMB0104,8,3.06,AMB0104,8,3.1,0.527,HEAVY
REQ00644,AMB0022,8,2.65,AMB0020,7,2.3,0.463,NORMAL
REQ00645,AMB0061,7,2.09,AMB0069,4,1.4,0.357,NORMAL
REQ00646,AMB0131,12,4.54,AMB0131,12,4.5,0.413,NORMAL
REQ00647,AMB0006,6,2.72,AMB0007,6,2.5,0.373,NORMAL
REQ00648,AMB0131,11,4.07,AMB0131,11,4.1,0.418,NORMAL
REQ00649,AMB0066,7,2.23,AMB0064,7,2.3,0.552,HEAVY
REQ00650,AMB0034,4,1.13,AMB0036,4,1.1,0.278,NORMAL
REQ00651,AMB0033,6,1.87,AMB0033,6,1.9,0.27,NORMAL
REQ00652,AMB0114,8,2.88,AMB0113,7,2.8,0.506,NORMAL
REQ00653,AMB0015,2,0.86,AMB0014,1,0.6,0.141,NORMAL
REQ00654,AMB0110,8,3.16,AMB0112,7,2.9,0.504,NORMAL
REQ00655,AMB0127,5,1.36,AMB0127,5,1.4,0.237,NORMAL
REQ00656,AMB0071,6,1.61,AMB0071,6,1.6,0.346,NORMAL
REQ00657,AMB0074,3,1.37,AMB0074,3,1.4,0.287,NORMAL
REQ00658,AMB0048,26,9.76,AMB0079,12,4.1,0.456,NORMAL
REQ00659,AMB0066,4,1.25,AMB0065,3,1.2,0.288,MODERATE
REQ00660,AMB0120,10,2.58,AMB0120,10,2.6,0.288,MODERATE
REQ00661,AMB0026,11,3.18,AMB0066,11,3.7,0.76,NORMAL
REQ00662,AMB0055,2,0.45,AMB0055,1,0.5,0.16,NORMAL
REQ00663,AMB0024,5,1.32,AMB0024,5,1.3,0.377,MODERATE
REQ00664,AMB0038,7,2.62,AMB0037,6,2.2,0.642,HEAVY
REQ00665,AMB0119,7,1.7,AMB0117,6,1.5,0.22,NORMAL
REQ00666,AMB0046,31,17.75,AMB0041,12,7.8,0.349,NORMAL
REQ00667,AMB0102,7,2.74,AMB0102,7,2.7,0.513,NORMAL
REQ00668,AMB0042,7,2.31,AMB0042,7,2.3,0.349,MODERATE
REQ00669,AMB0050,5,1.49,AMB0050,5,1.5,0.306,MODERATE
REQ00670,AMB0001,5,1.49,AMB0001,5,1.5,0.254,NORMAL
REQ00671,AMB0047,12,4.16,AMB0046,11,3.9,0.328,NORMAL
REQ00672,AMB0024,3,0.94,AMB0023,1,0.7,0.207,NORMAL
REQ00673,AMB0011,5,1.52,AMB0011,5,1.5,0.225,MODERATE
REQ00674,AMB0055,3,1.31,AMB0055,3,1.3,0.273,MODERATE
REQ00675,AMB0019,6,1.65,AMB0018,5,1.6,0.546,MODERATE
REQ00676,AMB0016,18,5.49,AMB0015,6,2.5,0.444,HEAVY
REQ00677,AMB0104,6,2.54,AMB0104,6,2.5,0.476,NORMAL
REQ00678,AMB0053,2,0.37,AMB0053,1,0.4,0.16,NORMAL
REQ00679,AMB0068,16,6.18,AMB0064,11,3.9,0.63,NORMAL
REQ00680,AMB0063,5,1.57,AMB0066,5,1.3,0.263,MODERATE
REQ00681,AMB0030,4,1.38,AMB0031,3,0.9,0.284,MODERATE
REQ00682,AMB0074,4,1.64,AMB0074,4,1.6,0.317,HEAVY
REQ00683,AMB0016,6,2.43,AMB0016,6,2.4,0.43,MODERATE
REQ00684,AMB0018,2,0.58,AMB0018,2,0.6,0.201,NORMAL
REQ00685,AMB0066,11,3.17,AMB0064,10,3.2,0.626,MODERATE
REQ00686,AMB0039,7,1.9,AMB0039,6,1.9,0.469,NORMAL
REQ00687,AMB0075,17,7.17,AMB0088,9,3.5,0.313,NORMAL
REQ00688,AMB0046,3,1.23,AMB0046,3,1.2,0.154,NORMAL
REQ00689,AMB0092,7,2.35,AMB0092,7,2.4,0.379,MODERATE
REQ00690,AMB0069,4,1.52,AMB0069,4,1.5,0.474,NORMAL
REQ00691,AMB0085,8,2.1,AMB0084,7,1.9,0.15,NORMAL
REQ00692,AMB0125,8,3.7,AMB0123,7,3.4,0.517,NORMAL
REQ00693,AMB0127,6,1.66,AMB0128,5,1.6,0.257,NORMAL
REQ00694,AMB0029,2,0.25,AMB0027,1,0.2,0.112,HEAVY
REQ00695,AMB0004,22,10.21,AMB0015,13,5.8,0.556,NORMAL
REQ00696,AMB0043,2,1.01,AMB0043,2,1,0.153,NORMAL
REQ00697,AMB0081,29,17.57,AMB0083,5,2.2,0.283,NORMAL
REQ00698,AMB0015,5,2.52,AMB0014,4,2.2,0.373,NORMAL
REQ00699,AMB0100,5,1.58,AMB0099,4,1.4,0.232,NORMAL
REQ00700,AMB0127,7,2.48,AMB0096,7,2.4,0.417,NORMAL
REQ00701,AMB0130,7,2.06,AMB0131,6,1.7,0.178,MODERATE
REQ00702,AMB0016,5,1.92,AMB0016,5,1.9,0.289,MODERATE
REQ00703,AMB0024,7,2.35,AMB0023,6,2.1,0.524,NORMAL
REQ00704,AMB0120,5,1.39,AMB0120,5,1.4,0.11,NORMAL
REQ00705,AMB0016,2,1.28,AMB0014,2,0.9,0.172,NORMAL
REQ00706,AMB0089,9,2.59,AMB0088,9,2.8,0.308,NORMAL
REQ00707,AMB0015,15,5.39,AMB0003,10,3.8,0.63,NORMAL
REQ00708,AMB0056,4,1.07,AMB0056,4,1.1,0.286,NORMAL
REQ00709,AMB0071,4,1.14,AMB0071,4,1.1,0.292,NORMAL
REQ00710,AMB0025,25,8.52,AMB0033,10,2.7,0.454,MODERATE
REQ00711,AMB0089,17,7.56,AMB0088,4,1,0.21,NORMAL
REQ00712,AMB0125,10,3.69,AMB0125,10,3.7,0.528,HEAVY
REQ00713,AMB0110,8,2.73,AMB0110,8,2.7,0.457,MODERATE
REQ00714,AMB0050,2,0.65,AMB0050,2,0.7,0.206,NORMAL
REQ00715,AMB0050,6,2.07,AMB0038,4,1.3,0.282,NORMAL
REQ00716,AMB0057,14,4.35,AMB0033,7,2.1,0.428,NORMAL
REQ00717,AMB0076,9,2.82,AMB0053,6,2.2,0.583,NORMAL
REQ00718,AMB0080,26,14.62,AMB0081,12,7.1,0.278,HEAVY
REQ00719,AMB0048,7,2.15,AMB0048,7,2.2,0.554,NORMAL
REQ00720,AMB0036,5,1.42,AMB0036,5,1.4,0.233,MODERATE
REQ00721,AMB0093,3,1.06,AMB0093,3,1.1,0.184,NORMAL
REQ00722,AMB0115,5,1.4,AMB0115,5,1.4,0.181,NORMAL
REQ00723,AMB0063,6,1.92,AMB0065,6,1.8,0.405,NORMAL
REQ00724,AMB0044,2,0.38,AMB0044,1,0.4,0.125,NORMAL
REQ00725,AMB0050,2,0.54,AMB0050,2,0.5,0.181,MODERATE
REQ00726,AMB0118,14,4.59,AMB0118,14,4.6,0.458,NORMAL
REQ00727,AMB0118,8,2.92,AMB0118,8,2.9,0.523,NORMAL
REQ00728,AMB0055,7,2.25,AMB0055,7,2.3,0.493,NORMAL
REQ00729,AMB0118,7,2.53,AMB0118,7,2.5,0.445,NORMAL
REQ00730,AMB0037,2,0.28,AMB0037,1,0.3,0.116,NORMAL
REQ00731,AMB0018,7,2.06,AMB0018,7,2.1,0.523,NORMAL
REQ00732,AMB0073,4,1.62,AMB0072,3,1.4,0.323,MODERATE
REQ00733,AMB0029,6,1.55,AMB0027,6,1.5,0.259,NORMAL
REQ00734,AMB0012,9,2.54,AMB0011,9,2.3,0.444,MODERATE
REQ00735,AMB0048,4,1.54,AMB0049,3,1.3,0.286,MODERATE
REQ00736,AMB0129,9,2.27,AMB0131,8,2.1,0.351,HEAVY
REQ00737,AMB0100,2,0.49,AMB0100,2,0.5,0.136,MODERATE
REQ00738,AMB0034,10,3.53,AMB0036,10,3.5,0.587,NORMAL
REQ00739,AMB0086,7,2.41,AMB0084,6,2.1,0.534,NORMAL
REQ00740,AMB0113,5,2.33,AMB0113,5,2.3,0.388,MODERATE
REQ00741,AMB0055,2,0.71,AMB0055,2,0.7,0.242,NORMAL
REQ00742,AMB0068,16,5.98,AMB0064,10,3.7,0.622,HEAVY
REQ00743,AMB0131,7,3.66,AMB0131,7,3.7,0.357,NORMAL
REQ00744,AMB0088,3,1.22,AMB0088,3,1.2,0.212,MODERATE
REQ00745,AMB0074,5,1.82,AMB0074,5,1.8,0.272,NORMAL
REQ00746,AMB0025,7,2.24,AMB0023,7,2.2,0.489,MODERATE
REQ00747,AMB0039,2,0.33,AMB0039,1,0.3,0.134,NORMAL
REQ00748,AMB0066,9,2.79,AMB0064,8,2.8,0.674,NORMAL
REQ00749,AMB0032,5,1.39,AMB0031,4,1.2,0.347,MODERATE
REQ00750,AMB0061,3,1.07,AMB0062,3,1,0.316,NORMAL
REQ00751,AMB0055,2,0.62,AMB0055,2,0.6,0.222,NORMAL
REQ00752,AMB0086,6,1.98,AMB0084,5,1.7,0.367,NORMAL
REQ00753,AMB0061,4,1.38,AMB0068,3,1.4,0.385,NORMAL
REQ00754,AMB0102,7,2.76,AMB0102,7,2.8,0.378,NORMAL
REQ00755,AMB0104,8,3.04,AMB0104,8,3,0.526,NORMAL
REQ00756,AMB0038,7,2.55,AMB0037,6,2.1,0.648,NORMAL
REQ00757,AMB0031,2,0.39,AMB0031,1,0.4,0.149,MODERATE
REQ00758,AMB0107,16,5.98,AMB0104,8,3.2,0.544,NORMAL
REQ00759,AMB0035,2,0.75,AMB0033,2,0.6,0.218,MODERATE
REQ00760,AMB0034,4,1.43,AMB0036,4,1.4,0.327,HEAVY
REQ00761,AMB0127,8,2.27,AMB0127,8,2.3,0.45,NORMAL
REQ00762,AMB0077,3,1.26,AMB0079,2,0.9,0.174,MODERATE
REQ00763,AMB0107,2,0.35,AMB0107,1,0.4,0.121,NORMAL
REQ00764,AMB0020,3,1.04,AMB0020,3,1,0.14,NORMAL
REQ00765,AMB0034,4,1.52,AMB0036,4,1.5,0.325,NORMAL
REQ00766,AMB0060,3,0.88,AMB0060,3,0.9,0.301,NORMAL
REQ00767,AMB0007,6,2.72,AMB0007,6,2.7,0.396,MODERATE
REQ00768,AMB0055,3,0.72,AMB0055,3,0.7,0.218,MODERATE
REQ00769,AMB0015,8,2.89,AMB0015,8,2.9,0.486,NORMAL
REQ00770,AMB0010,12,4.96,AMB0011,7,2.8,0.456,NORMAL
REQ00771,AMB0128,2,0.46,AMB0128,2,0.5,0.127,MODERATE
REQ00772,AMB0011,5,1.86,AMB0011,4,1.9,0.242,HEAVY
REQ00773,AMB0060,7,2.16,AMB0069,4,1.4,0.35,NORMAL
REQ00774,AMB0063,6,1.8,AMB0065,6,1.7,0.336,NORMAL
REQ00775,AMB0047,7,1.93,AMB0046,6,1.6,0.172,NORMAL
REQ00776,AMB0032,8,2.4,AMB0026,4,1.1,0.25,MODERATE
REQ00777,AMB0018,2,0.66,AMB0018,2,0.7,0.216,MODERATE
REQ00778,AMB0126,5,1.76,AMB0127,4,1.4,0.229,NORMAL
REQ00779,AMB0123,13,4.9,AMB0120,11,3.6,0.574,NORMAL
REQ00780,AMB0131,10,3.45,AMB0131,10,3.5,0.384,NORMAL
REQ00781,AMB0131,9,3.32,AMB0131,9,3.3,0.366,HEAVY
REQ00782,AMB0017,10,2.79,AMB0019,9,2.6,0.516,NORMAL
REQ00783,AMB0092,4,1.36,AMB0092,4,1.4,0.199,MODERATE
REQ00784,AMB0038,4,1.55,AMB0037,3,1.1,0.277,NORMAL
REQ00785,AMB0076,2,0.52,AMB0076,2,0.5,0.2,MODERATE
REQ00786,AMB0047,11,2.83,AMB0046,10,2.6,0.317,NORMAL
REQ00787,AMB0125,16,6.82,AMB0120,10,4.7,0.45,NORMAL
REQ00788,AMB0067,8,2.09,AMB0068,8,2.1,0.548,NORMAL
REQ00789,AMB0001,10,3.74,AMB0001,10,3.7,0.445,MODERATE
REQ00790,AMB0004,19,9.47,AMB0015,10,5.1,0.435,NORMAL
REQ00791,AMB0077,26,16.04,AMB0079,25,15.5,0.612,NORMAL
REQ00792,AMB0098,16,6.27,AMB0103,9,2.7,0.52,MODERATE
REQ00793,AMB0058,6,1.69,AMB0057,5,1.6,0.31,NORMAL
REQ00794,AMB0010,2,0.89,AMB0010,2,0.9,0.19,NORMAL
REQ00795,AMB0060,11,3.65,AMB0069,8,2.8,0.602,NORMAL
REQ00796,AMB0018,3,0.8,AMB0018,3,0.8,0.241,HEAVY
REQ00797,AMB0002,8,2.3,AMB0001,5,1.6,0.211,NORMAL
REQ00798,AMB0019,5,1.53,AMB0018,5,1.5,0.503,NORMAL
REQ00799,AMB0103,5,1.55,AMB0103,5,1.6,0.293,NORMAL
REQ00800,AMB0051,4,1.11,AMB0049,3,1.1,0.281,NORMAL
REQ00801,AMB0016,4,2.32,AMB0014,4,1.9,0.27,MODERATE
REQ00802,AMB0127,13,3.75,AMB0127,13,3.8,0.532,NORMAL
REQ00803,AMB0055,7,2.23,AMB0055,7,2.2,0.429,NORMAL
REQ00804,AMB0008,17,6.19,AMB0020,9,3.3,0.481,MODERATE
REQ00805,AMB0016,20,5.93,AMB0015,8,2.9,0.479,HEAVY
REQ00806,AMB0073,4,1.26,AMB0072,3,1,0.282,MODERATE
REQ00807,AMB0014,9,2.6,AMB0014,9,2.6,0.702,NORMAL
REQ00808,AMB0055,4,1.19,AMB0055,4,1.2,0.205,HEAVY
REQ00809,AMB0062,2,0.76,AMB0062,2,0.8,0.301,MODERATE
REQ00810,AMB0075,18,7.51,AMB0088,10,3.8,0.326,MODERATE
REQ00811,AMB0025,5,1.46,AMB0023,4,1.4,0.31,NORMAL
REQ00812,AMB0024,5,2.02,AMB0023,4,1.7,0.424,NORMAL
REQ00813,AMB0038,5,1.88,AMB0050,3,0.9,0.229,NORMAL
REQ00814,AMB0048,4,1.29,AMB0048,4,1.3,0.328,NORMAL
REQ00815,AMB0012,9,2.74,AMB0011,9,3,0.453,NORMAL
REQ00816,AMB0095,20,7.87,AMB0097,6,1.9,0.25,MODERATE
REQ00817,AMB0073,5,1.58,AMB0070,5,1.4,0.302,NORMAL
REQ00818,AMB0040,13,4.3,AMB0042,13,4.2,0.743,NORMAL
REQ00819,AMB0025,5,1.28,AMB0023,5,1.3,0.155,MODERATE
REQ00820,AMB0078,8,2.36,AMB0080,8,2.5,0.334,HEAVY
REQ00821,AMB0090,7,1.88,AMB0088,7,1.9,0.164,NORMAL
REQ00822,AMB0088,11,5.13,AMB0079,6,2.5,0.466,MODERATE
REQ00823,AMB0110,2,0.48,AMB0110,1,0.5,0.147,NORMAL
REQ00824,AMB0094,9,3.18,AMB0091,7,2.8,0.427,NORMAL
REQ00825,AMB0043,7,2.46,AMB0043,6,2.5,0.446,MODERATE
REQ00826,AMB0038,3,1.2,AMB0037,2,0.8,0.184,NORMAL
REQ00827,AMB0064,5,1.61,AMB0065,4,1.4,0.366,NORMAL
REQ00828,AMB0077,28,15.76,AMB0079,27,15.2,0.395,NORMAL
REQ00829,AMB0101,17,7.25,AMB0103,10,3.5,0.609,HEAVY
REQ00830,AMB0118,15,4.86,AMB0125,15,5.5,0.472,MODERATE
REQ00831,AMB0119,6,1.66,AMB0117,6,1.5,0.217,NORMAL
REQ00832,AMB0078,13,4.24,AMB0079,12,4.1,0.448,HEAVY
REQ00833,AMB0024,9,2.98,AMB0023,8,2.7,0.607,MODERATE
REQ00834,AMB0068,2,0.85,AMB0068,2,0.9,0.245,NORMAL
REQ00835,AMB0028,4,1.4,AMB0026,3,1.1,0.254,NORMAL
REQ00836,AMB0064,5,1.58,AMB0065,4,1.4,0.341,NORMAL
REQ00837,AMB0055,6,2.23,AMB0053,6,2.1,0.491,MODERATE
REQ00838,AMB0096,6,2.1,AMB0096,6,2.1,0.389,NORMAL
REQ00839,AMB0121,10,2.72,AMB0120,9,2.5,0.281,MODERATE
REQ00840,AMB0027,4,1.68,AMB0026,4,1.5,0.313,NORMAL
REQ00841,AMB0049,2,0.5,AMB0049,1,0.5,0.192,HEAVY
REQ00842,AMB0022,6,2.34,AMB0020,5,2,0.275,MODERATE
REQ00843,AMB0007,5,1.78,AMB0007,5,1.8,0.27,NORMAL
REQ00844,AMB0112,2,0.29,AMB0112,1,0.3,0.14,HEAVY
REQ00845,AMB0032,2,0.53,AMB0032,2,0.5,0.169,NORMAL
REQ00846,AMB0064,2,0.54,AMB0064,2,0.5,0.185,NORMAL
REQ00847,AMB0042,7,1.99,AMB0042,6,2,0.193,NORMAL
REQ00848,AMB0098,3,1.38,AMB0098,3,1.4,0.247,NORMAL
REQ00849,AMB0061,3,1.06,AMB0062,3,1,0.313,MODERATE
REQ00850,AMB0006,8,2.95,AMB0007,7,2.8,0.405,HEAVY
REQ00851,AMB0008,18,6.5,AMB0020,10,3.6,0.501,MODERATE
REQ00852,AMB0118,11,3.62,AMB0118,11,3.6,0.558,NORMAL
REQ00853,AMB0104,9,3.29,AMB0104,9,3.3,0.547,NORMAL
REQ00854,AMB0060,7,2,AMB0071,7,1.8,0.388,NORMAL
REQ00855,AMB0013,2,0.72,AMB0013,2,0.7,0.175,MODERATE
REQ00856,AMB0024,4,1.01,AMB0024,4,1,0.277,HEAVY
REQ00857,AMB0060,4,1.15,AMB0060,4,1.2,0.339,MODERATE
REQ00858,AMB0118,5,1.56,AMB0117,5,1.4,0.215,MODERATE
REQ00859,AMB0074,5,1.98,AMB0074,4,2,0.351,NORMAL
REQ00860,AMB0026,6,1.65,AMB0026,6,1.7,0.368,NORMAL
REQ00861,AMB0043,5,2.74,AMB0043,5,2.7,0.393,MODERATE
REQ00862,AMB0017,7,1.9,AMB0019,6,1.7,0.386,NORMAL
REQ00863,AMB0055,5,1.77,AMB0055,5,1.8,0.336,MODERATE
REQ00864,AMB0016,2,0.45,AMB0016,1,0.5,0.13,MODERATE
REQ00865,AMB0031,2,0.61,AMB0031,2,0.6,0.175,NORMAL
REQ00866,AMB0011,4,1.64,AMB0011,4,1.6,0.227,NORMAL
REQ00867,AMB0131,10,3.82,AMB0131,10,3.8,0.403,NORMAL
REQ00868,AMB0002,8,2.23,AMB0001,5,1.5,0.207,HEAVY
REQ00869,AMB0068,2,0.17,AMB0068,1,0.2,0.119,MODERATE
REQ00870,AMB0024,3,0.9,AMB0024,3,0.9,0.261,NORMAL
REQ00871,AMB0060,10,3.15,AMB0069,6,2.4,0.651,NORMAL
REQ00872,AMB0034,4,1.39,AMB0033,3,1.2,0.313,MODERATE
REQ00873,AMB0129,10,2.61,AMB0131,9,2.4,0.369,NORMAL
REQ00874,AMB0048,24,8.82,AMB0074,12,4.4,0.541,NORMAL
REQ00875,AMB0039,3,0.7,AMB0039,3,0.7,0.198,NORMAL
REQ00876,AMB0075,9,2.48,AMB0074,9,2.5,0.318,NORMAL
REQ00877,AMB0105,2,0.62,AMB0107,1,0.2,0.116,NORMAL
REQ00878,AMB0046,3,1.15,AMB0046,3,1.2,0.15,NORMAL
REQ00879,AMB0125,7,3.1,AMB0123,6,2.8,0.489,MODERATE
REQ00880,AMB0103,9,2.5,AMB0103,9,2.5,0.381,NORMAL
REQ00881,AMB0089,17,7.45,AMB0088,3,0.9,0.197,NORMAL
REQ00882,AMB0079,4,1.82,AMB0079,4,1.8,0.182,MODERATE
REQ00883,AMB0014,5,2.12,AMB0014,5,2.1,0.418,HEAVY
REQ00884,AMB0025,3,1.03,AMB0023,3,1,0.211,NORMAL
REQ00885,AMB0051,5,1.76,AMB0049,5,1.7,0.343,MODERATE
REQ00886,AMB0061,4,1.37,AMB0068,4,1.4,0.353,NORMAL
REQ00887,AMB0068,13,5.23,AMB0064,8,3,0.579,NORMAL
REQ00888,AMB0055,5,1.59,AMB0055,5,1.6,0.317,NORMAL
REQ00889,AMB0079,22,13.42,AMB0081,10,6.2,0.351,HEAVY
REQ00890,AMB0104,6,2.35,AMB0107,6,2.3,0.468,MODERATE
REQ00891,AMB0018,5,1.51,AMB0018,4,1.5,0.323,NORMAL
REQ00892,AMB0038,4,1.39,AMB0037,2,0.9,0.222,NORMAL
REQ00893,AMB0042,7,2.3,AMB0042,7,2.3,0.523,MODERATE
REQ00894,AMB0113,9,3.18,AMB0113,9,3.2,0.359,NORMAL
REQ00895,AMB0080,26,14.85,AMB0079,25,14.6,0.385,HEAVY
REQ00896,AMB0086,11,3.81,AMB0092,10,3.2,0.426,NORMAL
REQ00897,AMB0066,2,0.5,AMB0065,1,0.4,0.163,MODERATE
REQ00898,AMB0022,5,1.93,AMB0022,5,1.9,0.271,NORMAL
REQ00899,AMB0074,4,1.79,AMB0074,4,1.8,0.293,MODERATE
REQ00900,AMB0060,8,2.58,AMB0069,5,1.8,0.393,NORMAL
REQ00901,AMB0030,7,2.24,AMB0066,7,2.8,0.716,NORMAL
REQ00902,AMB0039,6,1.8,AMB0039,6,1.8,0.412,NORMAL
REQ00903,AMB0017,7,1.78,AMB0018,6,1.6,0.362,NORMAL
REQ00904,AMB0008,5,1.77,AMB0008,5,1.8,0.306,NORMAL
REQ00905,AMB0045,11,3.11,AMB0044,10,2.8,0.459,MODERATE
REQ00906,AMB0104,5,2.38,AMB0104,5,2.4,0.46,NORMAL
REQ00907,AMB0081,3,1.34,AMB0081,3,1.3,0.19,NORMAL
REQ00908,AMB0074,4,1.74,AMB0074,4,1.7,0.328,MODERATE
REQ00909,AMB0025,19,6.77,AMB0014,8,2.9,0.488,NORMAL
REQ00910,AMB0040,14,5.09,AMB0043,8,3.2,0.544,NORMAL
REQ00911,AMB0118,4,1.23,AMB0118,4,1.2,0.188,NORMAL
REQ00912,AMB0026,4,1,AMB0026,4,1,0.278,NORMAL
REQ00913,AMB0086,5,1.65,AMB0086,5,1.7,0.291,NORMAL
REQ00914,AMB0046,3,1.6,AMB0046,3,1.6,0.161,NORMAL
REQ00915,AMB0082,41,21.5,AMB0046,14,6.8,0.372,NORMAL
REQ00916,AMB0038,5,1.7,AMB0050,2,0.8,0.231,HEAVY
REQ00917,AMB0032,5,1.53,AMB0031,4,1.4,0.391,MODERATE
REQ00918,AMB0031,2,0.43,AMB0031,1,0.4,0.168,MODERATE
REQ00919,AMB0021,10,3.25,AMB0021,10,3.3,0.396,NORMAL
REQ00920,AMB0051,2,0.56,AMB0049,2,0.5,0.199,MODERATE
REQ00921,AMB0106,5,1.85,AMB0108,4,1.8,0.326,NORMAL
REQ00922,AMB0098,15,6.08,AMB0103,7,2.6,0.495,NORMAL
REQ00923,AMB0123,10,4.41,AMB0120,5,2.6,0.42,NORMAL
REQ00924,AMB0036,13,4.76,AMB0021,10,3.6,0.541,MODERATE
REQ00925,AMB0031,6,1.65,AMB0031,6,1.7,0.309,NORMAL
REQ00926,AMB0038,9,2.8,AMB0039,7,2,0.514,NORMAL
REQ00927,AMB0019,3,0.76,AMB0018,3,0.7,0.233,MODERATE
REQ00928,AMB0047,10,2.62,AMB0046,8,2.3,0.306,HEAVY
REQ00929,AMB0125,8,3.32,AMB0123,7,3.1,0.506,MODERATE
REQ00930,AMB0020,23,9.16,AMB0014,13,5.2,0.575,NORMAL
REQ00931,AMB0125,5,1.43,AMB0125,5,1.4,0.157,HEAVY
REQ00932,AMB0118,9,3.15,AMB0118,9,3.2,0.493,NORMAL
REQ00933,AMB0001,10,3.58,AMB0001,10,3.6,0.444,MODERATE
REQ00934,AMB0085,7,1.98,AMB0087,6,1.8,0.167,NORMAL
REQ00935,AMB0024,6,1.67,AMB0024,6,1.7,0.352,NORMAL
REQ00936,AMB0066,4,1.55,AMB0065,4,1.5,0.356,NORMAL
REQ00937,AMB0079,22,13.26,AMB0083,9,6.5,0.344,MODERATE
REQ00938,AMB0131,6,2.73,AMB0131,6,2.7,0.351,NORMAL
REQ00939,AMB0059,6,1.65,AMB0056,5,1.4,0.363,MODERATE
REQ00940,AMB0017,11,3.16,AMB0019,10,3,0.544,HEAVY
REQ00941,AMB0086,9,3.18,AMB0092,8,2.7,0.394,NORMAL
REQ00942,AMB0037,7,2.57,AMB0037,7,2.6,0.468,NORMAL
REQ00943,AMB0063,6,1.66,AMB0066,5,1.4,0.275,HEAVY
REQ00944,AMB0063,3,0.75,AMB0066,3,0.8,0.196,MODERATE
REQ00945,AMB0097,4,0.98,AMB0097,4,1,0.196,MODERATE
REQ00946,AMB0064,4,1.27,AMB0065,3,1,0.291,NORMAL
REQ00947,AMB0054,2,0.69,AMB0054,2,0.7,0.228,NORMAL
REQ00948,AMB0127,9,2.48,AMB0127,9,2.5,0.477,NORMAL
REQ00949,AMB0030,4,1.15,AMB0030,4,1.2,0.332,HEAVY
REQ00950,AMB0130,8,2.12,AMB0131,7,1.8,0.188,NORMAL
REQ00951,AMB0005,2,0.79,AMB0005,2,0.8,0.184,NORMAL
REQ00952,AMB0042,6,1.87,AMB0042,6,1.9,0.187,NORMAL
REQ00953,AMB0029,4,1.23,AMB0027,4,1.2,0.231,NORMAL
REQ00954,AMB0051,2,0.71,AMB0049,2,0.7,0.226,NORMAL
REQ00955,AMB0081,32,18.83,AMB0083,3,1.2,0.159,HEAVY
REQ00956,AMB0010,14,6.5,AMB0007,6,3,0.377,MODERATE
REQ00957,AMB0094,5,2.19,AMB0091,4,1.7,0.363,MODERATE
REQ00958,AMB0063,3,0.87,AMB0066,2,0.6,0.175,NORMAL
REQ00959,AMB0129,5,1.36,AMB0131,4,1.2,0.213,MODERATE
REQ00960,AMB0029,7,2.14,AMB0027,7,2.1,0.464,MODERATE
REQ00961,AMB0046,4,1.83,AMB0046,4,1.8,0.145,MODERATE
REQ00962,AMB0088,36,18.98,AMB0079,27,16.3,0.627,MODERATE
REQ00963,AMB0060,6,1.81,AMB0069,4,1.2,0.347,NORMAL
REQ00964,AMB0011,6,1.84,AMB0011,6,1.8,0.25,HEAVY
REQ00965,AMB0119,11,2.84,AMB0118,10,2.7,0.415,MODERATE
REQ00966,AMB0065,7,2.36,AMB0064,7,2.5,0.511,NORMAL
REQ00967,AMB0072,5,1.37,AMB0072,5,1.4,0.278,NORMAL
REQ00968,AMB0045,10,3.43,AMB0043,8,2.4,0.451,NORMAL
REQ00969,AMB0093,7,2.1,AMB0091,7,1.9,0.221,NORMAL
REQ00970,AMB0100,10,4.94,AMB0084,5,2.4,0.344,HEAVY
REQ00971,AMB0048,8,2.29,AMB0049,6,1.5,0.283,NORMAL
REQ00972,AMB0113,6,2.55,AMB0113,6,2.6,0.439,MODERATE
REQ00973,AMB0127,10,2.65,AMB0128,9,2.6,0.478,NORMAL
REQ00974,AMB0074,4,2.02,AMB0074,4,2,0.427,MODERATE
REQ00975,AMB0075,18,7.73,AMB0089,10,3.9,0.334,NORMAL
REQ00976,AMB0077,26,15.19,AMB0079,25,14.7,0.611,NORMAL
REQ00977,AMB0040,12,5.88,AMB0049,5,3,0.489,NORMAL
REQ00978,AMB0081,40,20.22,AMB0083,4,1.4,0.17,NORMAL
REQ00979,AMB0028,4,1.25,AMB0026,3,1.1,0.268,NORMAL
REQ00980,AMB0118,9,3.43,AMB0120,8,4.9,0.58,NORMAL
REQ00981,AMB0029,2,0.34,AMB0027,1,0.3,0.137,NORMAL
REQ00982,AMB0076,6,2.04,AMB0074,5,1.9,0.284,HEAVY
REQ00983,AMB0055,5,1.7,AMB0055,4,1.7,0.326,NORMAL
REQ00984,AMB0131,6,1.91,AMB0131,6,1.9,0.194,NORMAL
REQ00985,AMB0110,4,1.98,AMB0110,4,2,0.279,NORMAL
REQ00986,AMB0131,9,4.41,AMB0131,9,4.4,0.402,MODERATE
REQ00987,AMB0039,4,1.12,AMB0039,4,1.1,0.28,NORMAL
REQ00988,AMB0122,8,2.04,AMB0122,8,2,0.332,HEAVY
REQ00989,AMB0025,2,0.53,AMB0023,1,0.5,0.18,NORMAL
REQ00990,AMB0094,8,3.17,AMB0091,7,2.8,0.424,MODERATE
REQ00991,AMB0002,4,1.18,AMB0001,3,0.9,0.21,HEAVY
REQ00992,AMB0047,5,1.33,AMB0046,4,1.1,0.157,NORMAL
REQ00993,AMB0077,27,15.82,AMB0079,26,15.3,0.39,NORMAL
REQ00994,AMB0106,5,1.58,AMB0108,4,1.5,0.312,HEAVY
REQ00995,AMB0034,7,2.14,AMB0033,6,1.9,0.426,NORMAL
REQ00996,AMB0031,5,1.4,AMB0031,5,1.4,0.3,NORMAL
REQ00997,AMB0110,6,2.52,AMB0113,5,2.4,0.445,MODERATE
REQ00998,AMB0059,2,0.6,AMB0059,2,0.6,0.244,NORMAL
REQ00999,AMB0076,6,1.75,AMB0054,5,1.5,0.315,NORMAL
REQ01000,AMB0105,16,5.63,AMB0128,8,3,0.559,NORMAL
REQ01001,AMB0034,11,3.79,AMB0055,8,2.7,0.474,NORMAL
REQ01002,AMB0131,7,2.36,AMB0131,7,2.4,0.353,NORMAL
REQ01003,AMB0034,4,1.35,AMB0033,3,1.1,0.305,HEAVY
REQ01004,AMB0013,13,4.65,AMB0018,9,3,0.598,NORMAL
REQ01005,AMB0131,2,1.2,AMB0131,2,1.2,0.197,NORMAL
REQ01006,AMB0039,9,2.73,AMB0055,7,2.4,0.514,NORMAL
REQ01007,AMB0068,10,4.56,AMB0064,5,2.3,0.489,NORMAL
REQ01008,AMB0066,8,2.7,AMB0064,8,2.7,0.719,NORMAL
REQ01009,AMB0001,6,1.89,AMB0001,5,1.9,0.227,HEAVY
REQ01010,AMB0073,5,1.9,AMB0072,4,1.6,0.379,NORMAL
REQ01011,AMB0111,8,2.97,AMB0109,8,2.9,0.359,NORMAL
REQ01012,AMB0020,20,7.67,AMB0009,11,4.5,0.524,NORMAL
REQ01013,AMB0036,3,0.84,AMB0036,3,0.8,0.224,MODERATE
REQ01014,AMB0130,6,1.59,AMB0131,5,1.3,0.218,NORMAL
REQ01015,AMB0024,8,2.53,AMB0023,7,2.3,0.549,HEAVY
REQ01016,AMB0086,7,2.44,AMB0084,6,2.1,0.54,MODERATE
REQ01017,AMB0066,5,1.77,AMB0065,5,1.7,0.335,NORMAL
REQ01018,AMB0112,7,2.4,AMB0112,7,2.4,0.389,HEAVY
REQ01019,AMB0103,12,3.47,AMB0103,12,3.5,0.574,NORMAL
REQ01020,AMB0063,4,1.18,AMB0066,3,0.9,0.213,NORMAL
REQ01021,AMB0002,4,1.22,AMB0001,2,0.6,0.187,NORMAL
REQ01022,AMB0066,7,2.1,AMB0064,7,2.1,0.487,NORMAL
REQ01023,AMB0107,2,0.8,AMB0108,2,0.7,0.196,NORMAL
REQ01024,AMB0068,12,5.06,AMB0064,7,2.8,0.544,NORMAL
REQ01025,AMB0024,5,1.85,AMB0023,4,1.6,0.354,MODERATE
REQ01026,AMB0104,8,2.99,AMB0104,8,3,0.52,MODERATE
REQ01027,AMB0092,2,0.2,AMB0092,1,0.2,0.103,NORMAL
REQ01028,AMB0111,9,3.06,AMB0109,9,3,0.367,NORMAL
REQ01029,AMB0015,11,4.53,AMB0003,7,2.9,0.554,NORMAL
REQ01030,AMB0038,13,3.94,AMB0055,7,2.4,0.503,NORMAL
REQ01031,AMB0012,8,3.03,AMB0011,9,3.3,0.457,MODERATE
REQ01032,AMB0026,5,1.32,AMB0026,5,1.3,0.375,MODERATE
REQ01033,AMB0048,3,0.92,AMB0049,2,0.7,0.214,HEAVY
REQ01034,AMB0037,9,2.71,AMB0037,8,2.7,0.515,NORMAL
REQ01035,AMB0034,11,3.61,AMB0055,9,3,0.507,MODERATE
REQ01036,AMB0022,4,1.59,AMB0021,2,0.9,0.187,NORMAL
REQ01037,AMB0118,16,5.3,AMB0125,17,5.9,0.485,NORMAL
REQ01038,AMB0017,9,2.26,AMB0018,8,2.1,0.481,MODERATE
REQ01039,AMB0096,9,2.6,AMB0096,9,2.6,0.442,NORMAL
REQ01040,AMB0063,5,1.48,AMB0066,4,1.2,0.256,NORMAL
REQ01041,AMB0046,3,1.16,AMB0046,3,1.2,0.149,NORMAL
REQ01042,AMB0086,9,3.19,AMB0086,9,3.2,0.313,HEAVY
REQ01043,AMB0113,5,2.17,AMB0113,5,2.2,0.408,MODERATE
REQ01044,AMB0124,11,2.88,AMB0123,10,2.7,0.36,NORMAL
REQ01045,AMB0103,5,1.55,AMB0103,5,1.6,0.292,MODERATE
REQ01046,AMB0002,8,2.17,AMB0001,7,1.9,0.238,NORMAL
REQ01047,AMB0101,14,6.42,AMB0084,8,3.4,0.597,NORMAL
REQ01048,AMB0111,9,2.35,AMB0112,9,2.6,0.356,HEAVY
REQ01049,AMB0079,22,13.21,AMB0083,9,6.4,0.343,NORMAL
REQ01050,AMB0029,5,1.31,AMB0027,5,1.3,0.228,MODERATE
REQ01051,AMB0059,3,0.95,AMB0059,3,1,0.334,HEAVY
REQ01052,AMB0118,5,1.76,AMB0118,5,1.8,0.244,NORMAL
REQ01053,AMB0023,4,1.34,AMB0023,4,1.3,0.268,MODERATE
REQ01054,AMB0071,4,1.05,AMB0071,4,1.1,0.277,HEAVY
REQ01055,AMB0107,16,6.53,AMB0095,8,2.7,0.477,NORMAL
REQ01056,AMB0008,7,2.99,AMB0009,7,2.8,0.398,NORMAL
REQ01057,AMB0076,4,1.04,AMB0074,3,0.9,0.235,NORMAL
REQ01058,AMB0032,5,1.64,AMB0031,5,1.5,0.419,MODERATE
REQ01059,AMB0110,5,1.72,AMB0110,5,1.7,0.259,NORMAL
REQ01060,AMB0095,19,7.66,AMB0097,5,1.7,0.242,NORMAL
REQ01061,AMB0050,5,1.94,AMB0049,4,1.7,0.356,MODERATE
REQ01062,AMB0040,12,3.98,AMB0042,11,3.8,0.726,NORMAL
REQ01063,AMB0060,3,0.68,AMB0060,3,0.7,0.266,HEAVY
REQ01064,AMB0037,3,0.85,AMB0037,3,0.9,0.251,NORMAL
REQ01065,AMB0056,4,0.95,AMB0056,3,1,0.238,NORMAL
REQ01066,AMB0037,2,0.41,AMB0037,1,0.4,0.144,NORMAL
REQ01067,AMB0111,6,2.36,AMB0109,6,2.3,0.327,MODERATE
REQ01068,AMB0041,4,1.71,AMB0041,4,1.7,0.288,MODERATE
REQ01069,AMB0125,17,7.09,AMB0120,11,5,0.46,NORMAL
REQ01070,AMB0111,9,2.45,AMB0109,9,2.4,0.364,NORMAL
REQ01071,AMB0069,3,1.2,AMB0068,1,0.5,0.185,NORMAL
REQ01072,AMB0031,2,0.55,AMB0031,2,0.6,0.186,NORMAL
REQ01073,AMB0089,13,5.92,AMB0074,6,2.9,0.524,MODERATE
REQ01074,AMB0075,4,1.12,AMB0074,3,1.1,0.223,NORMAL
REQ01075,AMB0034,6,1.78,AMB0036,6,1.8,0.351,HEAVY
REQ01076,AMB0064,5,1.89,AMB0068,4,1.7,0.338,NORMAL
REQ01077,AMB0055,7,2.27,AMB0055,7,2.3,0.449,NORMAL
REQ01078,AMB0053,3,0.99,AMB0053,3,1,0.281,HEAVY
REQ01079,AMB0088,44,20.76,AMB0079,35,18.1,0.443,NORMAL
REQ01080,AMB0127,10,2.61,AMB0128,9,2.5,0.373,NORMAL
REQ01081,AMB0030,4,1.21,AMB0030,4,1.2,0.38,HEAVY
REQ01082,AMB0055,6,2.08,AMB0053,4,1.4,0.353,NORMAL
REQ01083,AMB0079,5,1.34,AMB0079,5,1.3,0.191,MODERATE
REQ01084,AMB0015,11,4.48,AMB0018,7,2.7,0.567,NORMAL
REQ01085,AMB0118,3,1.17,AMB0118,3,1.2,0.17,NORMAL
REQ01086,AMB0071,6,1.5,AMB0071,6,1.5,0.316,MODERATE
REQ01087,AMB0122,3,0.8,AMB0122,3,0.8,0.117,HEAVY
REQ01088,AMB0106,11,3.57,AMB0096,5,1.9,0.256,NORMAL
REQ01089,AMB0055,3,0.98,AMB0055,3,1,0.237,MODERATE
REQ01090,AMB0120,4,0.99,AMB0120,4,1,0.097,NORMAL
REQ01091,AMB0127,5,1.79,AMB0127,5,1.8,0.26,NORMAL
REQ01092,AMB0003,6,1.96,AMB0003,6,2,0.327,NORMAL
REQ01093,AMB0080,3,1.06,AMB0079,3,1,0.168,NORMAL
REQ01094,AMB0060,6,1.95,AMB0069,4,1.5,0.393,NORMAL
REQ01095,AMB0104,4,1.74,AMB0104,4,1.7,0.291,NORMAL
REQ01096,AMB0060,12,3.76,AMB0069,9,3,0.565,HEAVY
REQ01097,AMB0023,3,1.34,AMB0023,3,1.3,0.272,MODERATE
REQ01098,AMB0039,4,1.42,AMB0037,3,1.2,0.293,NORMAL
REQ01099,AMB0086,6,2.03,AMB0084,5,1.7,0.364,NORMAL
REQ01100,AMB0124,5,1.23,AMB0123,4,1.1,0.134,MODERATE
REQ01101,AMB0116,21,6.96,AMB0118,3,1.1,0.169,MODERATE
REQ01102,AMB0086,7,2.55,AMB0084,7,2.3,0.552,NORMAL
REQ01103,AMB0057,12,4.01,AMB0033,6,1.7,0.258,NORMAL
REQ01104,AMB0017,8,2.3,AMB0018,7,2.2,0.499,MODERATE
REQ01105,AMB0060,6,1.89,AMB0059,4,1.4,0.385,NORMAL
REQ01106,AMB0032,8,2.4,AMB0033,7,2.4,0.568,NORMAL
REQ01107,AMB0127,9,2.47,AMB0128,8,2.4,0.464,NORMAL
REQ01108,AMB0086,4,1.47,AMB0086,4,1.5,0.199,NORMAL
REQ01109,AMB0122,3,0.8,AMB0122,3,0.8,0.118,NORMAL
REQ01110,AMB0077,4,1.76,AMB0079,3,1.5,0.221,NORMAL
REQ01111,AMB0057,14,4.53,AMB0033,8,2.3,0.441,NORMAL
REQ01112,AMB0075,5,1.25,AMB0074,4,1.2,0.126,NORMAL
REQ01113,AMB0089,15,6.59,AMB0088,5,1.7,0.298,NORMAL
REQ01114,AMB0015,12,5.04,AMB0003,6,2.6,0.484,HEAVY
REQ01115,AMB0039,5,1.39,AMB0037,4,1.2,0.303,NORMAL
REQ01116,AMB0071,19,5.99,AMB0092,11,3.6,0.56,NORMAL
REQ01117,AMB0014,13,3.68,AMB0013,1,0.7,0.157,NORMAL
REQ01118,AMB0066,10,3.1,AMB0064,10,3.1,0.63,NORMAL
REQ01119,AMB0055,5,1.82,AMB0053,3,1.1,0.295,NORMAL
REQ01120,AMB0095,29,11.58,AMB0092,10,3.4,0.438,NORMAL
REQ01121,AMB0024,4,1.03,AMB0024,4,1,0.281,NORMAL
REQ01122,AMB0095,13,5.22,AMB0097,2,1.2,0.214,NORMAL
REQ01123,AMB0007,6,2.42,AMB0007,6,2.4,0.442,NORMAL
REQ01124,AMB0023,2,0.84,AMB0023,2,0.8,0.205,NORMAL
REQ01125,AMB0015,15,5.65,AMB0003,8,3.2,0.553,NORMAL
REQ01126,AMB0101,18,7.15,AMB0086,13,4.4,0.356,NORMAL
REQ01127,AMB0121,11,2.8,AMB0120,10,2.6,0.283,MODERATE
REQ01128,AMB0051,3,0.97,AMB0049,3,0.9,0.268,NORMAL
REQ01129,AMB0087,10,2.94,AMB0086,10,3.3,0.355,NORMAL
REQ01130,AMB0090,7,1.85,AMB0088,7,1.8,0.163,MODERATE
REQ01131,AMB0007,6,2.37,AMB0007,6,2.4,0.462,MODERATE
REQ01132,AMB0110,8,2.67,AMB0110,8,2.7,0.462,NORMAL
REQ01133,AMB0003,15,7.32,AMB0014,7,3.4,0.415,MODERATE
REQ01134,AMB0110,3,1.03,AMB0110,3,1,0.199,MODERATE
REQ01135,AMB0016,6,3.08,AMB0014,5,2.7,0.362,NORMAL
REQ01136,AMB0069,4,1.29,AMB0069,4,1.3,0.339,MODERATE
REQ01137,AMB0034,6,2.01,AMB0033,6,1.8,0.404,MODERATE
REQ01138,AMB0048,10,2.99,AMB0042,9,3.1,0.394,NORMAL
REQ01139,AMB0110,7,2.57,AMB0110,6,2.6,0.456,MODERATE
REQ01140,AMB0118,8,2.63,AMB0118,8,2.6,0.443,NORMAL
REQ01141,AMB0124,6,1.57,AMB0124,6,1.6,0.164,HEAVY
REQ01142,AMB0125,8,2.93,AMB0125,8,2.9,0.466,NORMAL
REQ01143,AMB0067,8,2.22,AMB0068,8,2.2,0.48,NORMAL
REQ01144,AMB0026,8,2.34,AMB0026,8,2.3,0.671,NORMAL
REQ01145,AMB0005,6,1.83,AMB0005,6,1.8,0.272,MODERATE
REQ01146,AMB0131,9,4.29,AMB0131,9,4.3,0.401,NORMAL
REQ01147,AMB0106,2,0.55,AMB0108,1,0.5,0.161,NORMAL
REQ01148,AMB0107,3,1.15,AMB0108,3,1,0.254,MODERATE
REQ01149,AMB0125,14,5.85,AMB0120,8,3.8,0.412,MODERATE
REQ01150,AMB0055,5,1.7,AMB0053,3,1,0.27,NORMAL
REQ01151,AMB0015,5,2.34,AMB0004,5,2.1,0.409,NORMAL
REQ01152,AMB0105,10,3.85,AMB0128,3,1.2,0.191,NORMAL
REQ01153,AMB0031,5,1.53,AMB0031,5,1.5,0.313,NORMAL
REQ01154,AMB0100,8,2.55,AMB0099,7,2.3,0.472,NORMAL
REQ01155,AMB0085,8,2.23,AMB0087,7,2,0.172,NORMAL
REQ01156,AMB0071,3,0.87,AMB0071,3,0.9,0.252,NORMAL
REQ01157,AMB0047,8,1.99,AMB0046,7,1.8,0.18,MODERATE
REQ01158,AMB0118,11,3.69,AMB0118,11,3.7,0.553,MODERATE
REQ01159,AMB0039,3,0.77,AMB0039,3,0.8,0.225,HEAVY
REQ01160,AMB0112,5,1.52,AMB0112,5,1.5,0.193,MODERATE
REQ01161,AMB0116,22,7.81,AMB0118,11,3.4,0.519,NORMAL
REQ01162,AMB0127,8,2.07,AMB0128,7,2,0.203,NORMAL
REQ01163,AMB0103,3,0.85,AMB0103,3,0.9,0.225,NORMAL
REQ01164,AMB0020,22,8.51,AMB0014,12,5.3,0.57,NORMAL
REQ01165,AMB0111,6,2.28,AMB0109,6,2.2,0.324,NORMAL
REQ01166,AMB0033,16,5.59,AMB0021,11,3.8,0.444,NORMAL
REQ01167,AMB0068,18,6.74,AMB0064,13,4.5,0.656,NORMAL
REQ01168,AMB0037,2,0.44,AMB0037,1,0.4,0.15,HEAVY
REQ01169,AMB0004,15,9.35,AMB0001,8,5.5,0.45,MODERATE
REQ01170,AMB0043,3,1.1,AMB0043,2,1.1,0.167,NORMAL
REQ01171,AMB0081,9,3.7,AMB0083,9,4.2,0.255,HEAVY
REQ01172,AMB0077,10,4.47,AMB0088,6,2.2,0.395,MODERATE
REQ01173,AMB0131,8,4.15,AMB0131,8,4.2,0.38,MODERATE
REQ01174,AMB0072,8,2.18,AMB0071,7,1.9,0.206,HEAVY
REQ01175,AMB0079,10,2.96,AMB0080,10,3,0.416,NORMAL
REQ01176,AMB0066,3,0.78,AMB0066,3,0.8,0.192,MODERATE
REQ01177,AMB0072,4,0.96,AMB0070,3,0.9,0.277,NORMAL
REQ01178,AMB0051,13,5.02,AMB0055,7,2.3,0.499,MODERATE
REQ01179,AMB0071,18,5.79,AMB0094,14,4.9,0.675,NORMAL
REQ01180,AMB0030,8,2.76,AMB0066,5,1.7,0.384,NORMAL
REQ01181,AMB0034,11,3.74,AMB0055,8,2.8,0.481,MODERATE
REQ01182,AMB0100,9,4.49,AMB0084,5,1.9,0.198,MODERATE
REQ01183,AMB0043,2,0.87,AMB0043,2,0.9,0.161,NORMAL
REQ01184,AMB0066,3,1.11,AMB0065,3,1,0.248,NORMAL
REQ01185,AMB0094,7,2.36,AMB0092,4,1.6,0.28,NORMAL
REQ01186,AMB0033,7,1.93,AMB0033,7,1.9,0.254,NORMAL
REQ01187,AMB0019,6,1.63,AMB0019,5,1.6,0.438,NORMAL
REQ01188,AMB0067,12,5.11,AMB0064,6,2.9,0.531,NORMAL
REQ01189,AMB0129,8,2.07,AMB0131,7,1.9,0.192,HEAVY
REQ01190,AMB0082,38,20.46,AMB0046,11,5.8,0.339,NORMAL
REQ01191,AMB0087,7,2.42,AMB0084,7,2.5,0.384,NORMAL
REQ01192,AMB0048,2,0.46,AMB0048,2,0.5,0.211,NORMAL
REQ01193,AMB0051,6,1.8,AMB0049,5,1.8,0.356,NORMAL
REQ01194,AMB0026,10,2.83,AMB0026,10,2.8,0.673,NORMAL
REQ01195,AMB0104,5,2.13,AMB0104,5,2.1,0.443,NORMAL
REQ01196,AMB0072,6,1.81,AMB0072,5,1.8,0.366,NORMAL
REQ01197,AMB0061,4,1.22,AMB0064,2,0.9,0.268,MODERATE
REQ01198,AMB0109,3,1.57,AMB0109,3,1.6,0.239,NORMAL
REQ01199,AMB0090,5,1.38,AMB0088,5,1.4,0.144,NORMAL
REQ01200,AMB0015,12,4.9,AMB0003,5,2.3,0.45,MODERATE
REQ01201,AMB0016,6,3.04,AMB0014,5,2.6,0.411,NORMAL
REQ01202,AMB0101,11,5.47,AMB0084,6,2.4,0.528,MODERATE
REQ01203,AMB0090,2,0.55,AMB0088,2,0.5,0.161,NORMAL
REQ01204,AMB0072,5,1.67,AMB0072,5,1.7,0.354,HEAVY
REQ01205,AMB0086,3,0.96,AMB0086,3,1,0.227,NORMAL
REQ01206,AMB0043,7,2.75,AMB0043,7,2.8,0.444,NORMAL
REQ01207,AMB0066,3,0.92,AMB0066,3,0.9,0.246,NORMAL
REQ01208,AMB0131,11,3.92,AMB0131,11,3.9,0.396,MODERATE
REQ01209,AMB0085,9,2.43,AMB0086,9,2.5,0.321,MODERATE
REQ01210,AMB0003,4,1.55,AMB0003,4,1.6,0.278,NORMAL
REQ01211,AMB0104,2,0.72,AMB0104,2,0.7,0.216,MODERATE
REQ01212,AMB0041,4,2.16,AMB0042,4,2.1,0.365,NORMAL
REQ01213,AMB0075,7,1.94,AMB0074,7,1.9,0.162,NORMAL
REQ01214,AMB0005,19,8.59,AMB0007,9,4.3,0.487,MODERATE
REQ01215,AMB0049,2,0.62,AMB0049,2,0.6,0.22,NORMAL
REQ01216,AMB0071,18,5.66,AMB0094,14,4.8,0.674,HEAVY
REQ01217,AMB0116,27,8.75,AMB0118,9,2.9,0.448,NORMAL
REQ01218,AMB0015,15,5.53,AMB0003,9,3.4,0.581,NORMAL
REQ01219,AMB0057,5,1.38,AMB0056,5,1.2,0.237,NORMAL
REQ01220,AMB0095,6,1.7,AMB0095,6,1.7,0.23,NORMAL
REQ01221,AMB0107,4,1.39,AMB0108,4,1.3,0.288,MODERATE
REQ01222,AMB0111,11,4.06,AMB0109,11,4,0.399,NORMAL
REQ01223,AMB0066,9,2.81,AMB0064,9,2.8,0.602,MODERATE
REQ01224,AMB0094,6,2.16,AMB0092,4,1.4,0.285,NORMAL
REQ01225,AMB0101,23,8.38,AMB0103,14,4.3,0.604,NORMAL
REQ01226,AMB0042,9,2.55,AMB0042,9,2.6,0.362,MODERATE
REQ01227,AMB0029,2,0.62,AMB0027,1,0.6,0.173,NORMAL
REQ01228,AMB0002,10,2.56,AMB0001,8,2.3,0.398,NORMAL
REQ01229,AMB0094,6,2.01,AMB0092,3,1.3,0.263,MODERATE
REQ01230,AMB0038,10,3.27,AMB0037,9,2.8,0.709,NORMAL
REQ01231,AMB0086,5,1.77,AMB0086,5,1.8,0.221,HEAVY
REQ01232,AMB0101,18,6.89,AMB0086,12,4.1,0.349,NORMAL
REQ01233,AMB0080,24,14.58,AMB0079,24,14.3,0.603,NORMAL
REQ01234,AMB0067,2,0.61,AMB0068,2,0.6,0.183,NORMAL
REQ01235,AMB0095,19,7.67,AMB0097,5,1.7,0.24,MODERATE
REQ01236,AMB0039,7,1.98,AMB0037,6,1.8,0.378,NORMAL
REQ01237,AMB0089,7,2.04,AMB0088,7,2.2,0.282,MODERATE
REQ01238,AMB0118,13,4.26,AMB0118,13,4.3,0.441,NORMAL
REQ01239,AMB0095,7,1.92,AMB0095,7,1.9,0.249,NORMAL
REQ01240,AMB0067,3,0.76,AMB0067,3,0.8,0.216,NORMAL
REQ01241,AMB0024,7,2.39,AMB0027,5,1.9,0.325,MODERATE
REQ01242,AMB0118,5,1.98,AMB0118,5,2,0.282,NORMAL
REQ01243,AMB0110,4,1.82,AMB0112,3,1.5,0.267,HEAVY
REQ01244,AMB0110,4,1.57,AMB0112,3,1.3,0.238,NORMAL
REQ01245,AMB0072,10,2.78,AMB0070,10,2.9,0.378,MODERATE
REQ01246,AMB0037,9,3.47,AMB0021,7,2.8,0.623,HEAVY
REQ01247,AMB0127,5,1.67,AMB0127,5,1.7,0.25,NORMAL
REQ01248,AMB0097,7,1.83,AMB0097,7,1.8,0.26,NORMAL
REQ01249,AMB0092,3,1.08,AMB0092,3,1.1,0.17,HEAVY
REQ01250,AMB0095,5,1.41,AMB0095,5,1.4,0.302,NORMAL
REQ01251,AMB0094,9,3.07,AMB0092,7,2.3,0.45,MODERATE
REQ01252,AMB0053,3,1.24,AMB0053,3,1.2,0.317,NORMAL
REQ01253,AMB0118,10,3.43,AMB0123,9,4.2,0.547,MODERATE
REQ01254,AMB0022,7,3.02,AMB0021,5,2.3,0.517,MODERATE
REQ01255,AMB0082,40,21.31,AMB0046,13,6.6,0.364,HEAVY
REQ01256,AMB0118,10,2.75,AMB0118,10,2.8,0.446,NORMAL
REQ01257,AMB0001,4,2.25,AMB0001,4,2.3,0.289,MODERATE
REQ01258,AMB0076,5,1.58,AMB0074,4,1.5,0.244,HEAVY
REQ01259,AMB0008,18,6.52,AMB0011,10,3.6,0.508,NORMAL
REQ01260,AMB0122,4,1.33,AMB0120,3,1.1,0.131,NORMAL
REQ01261,AMB0020,3,0.87,AMB0020,3,0.9,0.129,HEAVY
REQ01262,AMB0043,3,0.99,AMB0043,3,1,0.172,NORMAL
REQ01263,AMB0019,6,1.85,AMB0019,6,1.9,0.38,NORMAL
REQ01264,AMB0061,3,1.16,AMB0062,3,1.1,0.371,NORMAL
REQ01265,AMB0065,3,0.79,AMB0065,3,0.8,0.224,NORMAL
REQ01266,AMB0025,9,2.37,AMB0023,8,2.3,0.428,MODERATE
REQ01267,AMB0037,4,1.34,AMB0037,4,1.3,0.261,NORMAL
REQ01268,AMB0013,11,3.87,AMB0018,6,2.2,0.5,NORMAL
REQ01269,AMB0016,20,5.97,AMB0015,8,3,0.486,NORMAL
REQ01270,AMB0075,4,1.01,AMB0074,3,1,0.209,HEAVY
REQ01271,AMB0073,9,3.05,AMB0070,8,2.9,0.585,NORMAL
REQ01272,AMB0011,6,2.07,AMB0012,5,1.9,0.29,NORMAL
REQ01273,AMB0109,4,1.71,AMB0110,2,0.7,0.169,NORMAL
REQ01274,AMB0014,5,1.55,AMB0014,5,1.6,0.379,NORMAL
REQ01275,AMB0029,3,1.33,AMB0026,3,1.1,0.262,MODERATE
REQ01276,AMB0037,2,0.76,AMB0037,2,0.8,0.194,HEAVY
REQ01277,AMB0043,2,0.91,AMB0043,2,0.9,0.154,MODERATE
REQ01278,AMB0130,10,2.58,AMB0131,9,2.3,0.361,MODERATE
REQ01279,AMB0131,8,3.18,AMB0131,8,3.2,0.374,HEAVY
REQ01280,AMB0118,9,3.09,AMB0118,8,3.1,0.534,NORMAL
REQ01281,AMB0125,10,4.01,AMB0123,9,3.7,0.556,NORMAL
REQ01282,AMB0053,2,0.45,AMB0053,1,0.5,0.183,NORMAL
REQ01283,AMB0097,4,1.29,AMB0097,4,1.3,0.209,NORMAL
REQ01284,AMB0079,11,3.66,AMB0079,11,3.7,0.431,MODERATE
REQ01285,AMB0062,4,1.08,AMB0059,2,0.8,0.318,NORMAL
REQ01286,AMB0025,5,1.45,AMB0023,4,1.4,0.264,NORMAL
REQ01287,AMB0030,3,0.94,AMB0030,3,0.9,0.316,NORMAL
REQ01288,AMB0043,6,2.57,AMB0043,6,2.6,0.374,NORMAL
REQ01289,AMB0004,19,9.69,AMB0015,10,5.3,0.459,MODERATE
REQ01290,AMB0090,6,1.5,AMB0088,6,1.5,0.149,NORMAL
REQ01291,AMB0113,7,2.29,AMB0113,6,2.3,0.439,NORMAL
REQ01292,AMB0120,8,2,AMB0120,8,2,0.188,NORMAL
REQ01293,AMB0079,23,13.2,AMB0083,11,6.4,0.373,MODERATE
REQ01294,AMB0034,6,1.88,AMB0057,5,1.5,0.382,NORMAL
REQ01295,AMB0130,10,2.73,AMB0131,9,2.4,0.369,MODERATE
REQ01296,AMB0049,5,1.54,AMB0049,5,1.5,0.325,NORMAL
REQ01297,AMB0046,2,0.33,AMB0046,1,0.3,0.123,NORMAL
REQ01298,AMB0129,6,1.58,AMB0131,5,1.4,0.225,NORMAL
REQ01299,AMB0131,4,2.5,AMB0131,4,2.5,0.301,NORMAL
REQ01300,AMB0025,24,8.86,AMB0014,13,5,0.554,NORMAL
REQ01301,AMB0061,4,1.25,AMB0064,3,1.2,0.332,NORMAL
REQ01302,AMB0079,6,3.18,AMB0079,6,3.2,0.357,MODERATE
REQ01303,AMB0037,9,3.13,AMB0021,8,3.4,0.6,NORMAL
REQ01304,AMB0116,22,7.77,AMB0118,9,3,0.484,NORMAL
REQ01305,AMB0089,3,1.13,AMB0089,3,1.1,0.231,MODERATE
REQ01306,AMB0042,5,1.66,AMB0042,5,1.7,0.322,HEAVY
REQ01307,AMB0131,8,3,AMB0131,8,3,0.383,MODERATE
REQ01308,AMB0014,7,1.85,AMB0014,6,1.9,0.56,NORMAL
REQ01309,AMB0071,5,1.23,AMB0071,5,1.2,0.305,HEAVY
REQ01310,AMB0050,6,1.95,AMB0038,4,1.5,0.319,NORMAL
REQ01311,AMB0034,5,1.92,AMB0036,5,1.9,0.372,NORMAL
REQ01312,AMB0092,5,1.97,AMB0091,4,1.8,0.206,NORMAL
REQ01313,AMB0016,3,1.46,AMB0016,3,1.5,0.245,MODERATE
REQ01314,AMB0031,7,1.89,AMB0031,6,1.9,0.331,MODERATE
REQ01315,AMB0072,8,2.19,AMB0070,8,2.1,0.353,HEAVY
REQ01316,AMB0028,9,2.77,AMB0023,8,2.6,0.534,NORMAL
REQ01317,AMB0012,9,2.44,AMB0011,9,2.6,0.453,NORMAL
REQ01318,AMB0060,8,2.37,AMB0069,4,1.6,0.369,NORMAL
REQ01319,AMB0005,8,2.5,AMB0005,8,2.5,0.472,MODERATE
REQ01320,AMB0026,6,1.64,AMB0026,6,1.6,0.26,NORMAL
REQ01321,AMB0063,3,0.87,AMB0065,3,0.8,0.212,HEAVY
REQ01322,AMB0042,5,1.51,AMB0042,4,1.5,0.311,NORMAL
REQ01323,AMB0070,2,0.64,AMB0070,2,0.6,0.209,MODERATE
REQ01324,AMB0086,3,1.04,AMB0086,3,1,0.241,NORMAL
REQ01325,AMB0049,2,0.47,AMB0049,2,0.5,0.196,MODERATE
REQ01326,AMB0115,5,2.21,AMB0115,5,2.2,0.418,MODERATE
REQ01327,AMB0073,6,1.87,AMB0070,5,1.7,0.328,NORMAL
REQ01328,AMB0107,6,2.44,AMB0099,6,2.1,0.47,NORMAL
REQ01329,AMB0064,4,1.4,AMB0065,3,1.3,0.318,MODERATE
REQ01330,AMB0025,8,2.59,AMB0023,8,2.6,0.57,HEAVY
REQ01331,AMB0085,9,2.4,AMB0086,9,2.6,0.319,NORMAL
REQ01332,AMB0092,5,1.67,AMB0092,5,1.7,0.206,NORMAL
REQ01333,AMB0095,7,2.1,AMB0095,7,2.1,0.389,NORMAL
REQ01334,AMB0026,5,1.34,AMB0026,5,1.3,0.404,NORMAL
REQ01335,AMB0122,4,1.03,AMB0122,4,1,0.133,MODERATE
REQ01336,AMB0056,4,1.23,AMB0057,3,1.1,0.267,NORMAL
REQ01337,AMB0014,6,2.13,AMB0014,6,2.1,0.423,MODERATE
REQ01338,AMB0003,10,3.06,AMB0003,10,3.1,0.546,MODERATE
REQ01339,AMB0049,5,1.69,AMB0049,5,1.7,0.337,HEAVY
REQ01340,AMB0081,45,21.18,AMB0083,9,2.4,0.264,MODERATE
REQ01341,AMB0014,9,4.01,AMB0013,3,1.2,0.262,NORMAL
REQ01342,AMB0122,3,1.17,AMB0120,2,0.9,0.122,HEAVY
REQ01343,AMB0096,4,1.81,AMB0097,4,1.5,0.264,NORMAL
REQ01344,AMB0086,5,2.04,AMB0084,5,1.7,0.156,NORMAL
REQ01345,AMB0071,5,1.39,AMB0071,5,1.4,0.321,HEAVY
REQ01346,AMB0098,2,0.78,AMB0099,2,0.6,0.175,NORMAL
REQ01347,AMB0092,4,1.45,AMB0092,4,1.5,0.193,NORMAL
REQ01348,AMB0084,8,2.37,AMB0086,8,2.7,0.297,HEAVY
REQ01349,AMB0120,7,1.82,AMB0120,7,1.8,0.118,NORMAL
REQ01350,AMB0067,15,4.95,AMB0091,9,3,0.588,NORMAL
REQ01351,AMB0093,10,2.79,AMB0091,10,2.9,0.442,NORMAL
REQ01352,AMB0125,6,2.61,AMB0125,5,2.6,0.415,MODERATE
REQ01353,AMB0064,2,0.58,AMB0064,2,0.6,0.19,NORMAL
REQ01354,AMB0082,40,20.93,AMB0046,14,6.3,0.365,HEAVY
REQ01355,AMB0029,6,1.85,AMB0027,6,1.8,0.314,NORMAL
REQ01356,AMB0039,4,1.08,AMB0039,4,1.1,0.257,NORMAL
REQ01357,AMB0040,15,4.88,AMB0042,15,4.7,0.759,NORMAL
REQ01358,AMB0125,8,2.43,AMB0123,8,2.6,0.342,NORMAL
REQ01359,AMB0112,4,1.21,AMB0112,4,1.2,0.174,NORMAL
REQ01360,AMB0118,5,1.33,AMB0118,5,1.3,0.197,NORMAL
REQ01361,AMB0001,4,1.22,AMB0001,4,1.2,0.233,NORMAL
REQ01362,AMB0079,22,12.3,AMB0083,9,5.5,0.349,MODERATE
REQ01363,AMB0025,22,8.31,AMB0014,11,4.4,0.518,HEAVY
REQ01364,AMB0007,5,1.86,AMB0007,5,1.9,0.264,NORMAL
REQ01365,AMB0077,8,3.16,AMB0079,7,2.8,0.501,NORMAL
REQ01366,AMB0034,9,3.12,AMB0055,7,2.6,0.478,NORMAL
REQ01367,AMB0019,2,0.57,AMB0018,2,0.5,0.195,MODERATE
REQ01368,AMB0037,10,3.51,AMB0021,7,3.1,0.669,MODERATE
REQ01369,AMB0083,39,20.66,AMB0046,14,6.5,0.369,MODERATE
REQ01370,AMB0055,5,1.68,AMB0055,5,1.7,0.326,NORMAL
REQ01371,AMB0033,6,1.71,AMB0033,5,1.7,0.261,MODERATE
REQ01372,AMB0064,4,1.73,AMB0065,4,1.5,0.333,NORMAL
REQ01373,AMB0013,13,4.8,AMB0018,9,3.1,0.612,NORMAL
REQ01374,AMB0062,2,0.14,AMB0061,1,0.1,0.098,NORMAL
REQ01375,AMB0039,6,1.73,AMB0039,6,1.7,0.345,NORMAL
REQ01376,AMB0008,15,5.42,AMB0020,7,2.5,0.404,NORMAL
REQ01377,AMB0017,6,1.7,AMB0019,5,1.5,0.36,MODERATE
REQ01378,AMB0001,9,3.5,AMB0001,9,3.5,0.429,NORMAL
REQ01379,AMB0097,2,0.32,AMB0097,1,0.3,0.121,NORMAL
REQ01380,AMB0007,5,2.51,AMB0007,5,2.5,0.362,NORMAL
REQ01381,AMB0041,4,1.32,AMB0041,3,1.3,0.256,NORMAL
REQ01382,AMB0104,7,2.46,AMB0098,6,2.4,0.489,NORMAL
REQ01383,AMB0060,6,1.49,AMB0060,5,1.5,0.379,NORMAL
REQ01384,AMB0042,6,2.4,AMB0049,4,1.8,0.395,NORMAL
REQ01385,AMB0131,3,1.44,AMB0131,3,1.4,0.203,NORMAL
REQ01386,AMB0003,7,1.92,AMB0003,7,1.9,0.308,NORMAL
REQ01387,AMB0006,2,0.81,AMB0006,2,0.8,0.17,HEAVY
REQ01388,AMB0025,9,2.3,AMB0023,8,2.3,0.337,MODERATE
REQ01389,AMB0074,6,2.3,AMB0074,6,2.3,0.425,MODERATE
REQ01390,AMB0069,4,1.3,AMB0068,2,0.6,0.205,HEAVY
REQ01391,AMB0129,5,1.33,AMB0131,4,1.1,0.211,NORMAL
REQ01392,AMB0050,3,1.43,AMB0049,3,1.2,0.294,NORMAL
REQ01393,AMB0129,10,2.7,AMB0131,10,2.5,0.374,NORMAL
REQ01394,AMB0035,3,1.39,AMB0033,3,1.2,0.293,NORMAL
REQ01395,AMB0121,8,2.18,AMB0120,7,2,0.119,NORMAL
REQ01396,AMB0125,6,2.38,AMB0123,5,2.1,0.34,NORMAL
REQ01397,AMB0075,19,8.05,AMB0074,16,7.2,0.409,NORMAL
REQ01398,AMB0100,8,2.61,AMB0099,7,2.4,0.478,NORMAL
REQ01399,AMB0003,12,6.52,AMB0014,5,2.6,0.388,NORMAL
REQ01400,AMB0104,5,1.89,AMB0104,5,1.9,0.324,MODERATE
REQ01401,AMB0102,5,1.9,AMB0104,5,1.9,0.289,MODERATE
REQ01402,AMB0094,4,1.8,AMB0091,3,1.3,0.29,NORMAL
REQ01403,AMB0086,5,2.07,AMB0084,4,1.8,0.195,NORMAL
REQ01404,AMB0103,10,3.01,AMB0103,10,3,0.548,NORMAL
REQ01405,AMB0116,8,2.05,AMB0118,8,2.1,0.374,NORMAL
REQ01406,AMB0025,9,2.76,AMB0023,9,2.7,0.493,NORMAL
REQ01407,AMB0120,2,0.52,AMB0120,2,0.5,0.081,NORMAL
REQ01408,AMB0032,3,0.74,AMB0032,3,0.7,0.217,NORMAL
REQ01409,AMB0046,4,2.03,AMB0046,4,2,0.241,NORMAL
REQ01410,AMB0111,10,3.32,AMB0109,10,3.2,0.386,NORMAL
REQ01411,AMB0096,9,2.26,AMB0096,9,2.3,0.431,NORMAL
REQ01412,AMB0074,5,2.15,AMB0074,5,2.2,0.455,NORMAL
REQ01413,AMB0002,9,2.98,AMB0001,7,2.3,0.383,MODERATE
REQ01414,AMB0130,9,2.39,AMB0131,8,2.1,0.351,NORMAL
REQ01415,AMB0123,15,5.2,AMB0123,15,5.2,0.64,NORMAL
REQ01416,AMB0039,7,1.86,AMB0039,7,1.9,0.354,NORMAL
REQ01417,AMB0055,2,0.79,AMB0055,2,0.8,0.206,NORMAL
REQ01418,AMB0038,7,2.2,AMB0039,5,1.4,0.3,NORMAL
REQ01419,AMB0118,9,3.36,AMB0118,9,3.4,0.55,NORMAL
REQ01420,AMB0118,11,3.83,AMB0118,11,3.8,0.584,NORMAL
REQ01421,AMB0084,10,2.74,AMB0086,11,3,0.324,NORMAL
REQ01422,AMB0018,3,1.14,AMB0018,3,1.1,0.274,NORMAL
REQ01423,AMB0049,2,0.46,AMB0049,1,0.5,0.182,NORMAL
REQ01424,AMB0129,8,2,AMB0131,7,1.8,0.188,NORMAL
REQ01425,AMB0126,4,1.4,AMB0128,2,0.6,0.137,NORMAL
REQ01426,AMB0058,6,1.77,AMB0057,6,1.7,0.319,NORMAL
REQ01427,AMB0035,2,1.14,AMB0033,2,1,0.254,NORMAL
REQ01428,AMB0060,4,1.26,AMB0062,4,1,0.334,NORMAL
REQ01429,AMB0107,2,0.58,AMB0107,2,0.6,0.172,NORMAL
REQ01430,AMB0114,5,1.45,AMB0114,5,1.5,0.247,NORMAL
REQ01431,AMB0106,11,3.31,AMB0127,5,1.7,0.257,NORMAL
REQ01432,AMB0031,2,0.51,AMB0031,2,0.5,0.187,HEAVY
REQ01433,AMB0039,2,0.63,AMB0039,2,0.6,0.177,NORMAL
REQ01434,AMB0121,15,4.49,AMB0120,14,4.3,0.606,MODERATE
REQ01435,AMB0033,2,0.15,AMB0033,1,0.2,0.111,NORMAL
REQ01436,AMB0035,8,2.6,AMB0033,8,2.4,0.459,NORMAL
REQ01437,AMB0006,10,3.48,AMB0007,10,3.3,0.517,MODERATE
REQ01438,AMB0100,8,2.54,AMB0099,7,2.3,0.457,NORMAL
REQ01439,AMB0101,17,6.96,AMB0084,11,3.9,0.637,MODERATE
REQ01440,AMB0032,2,0.37,AMB0032,1,0.4,0.137,NORMAL
REQ01441,AMB0072,5,1.7,AMB0072,5,1.7,0.374,MODERATE
REQ01442,AMB0047,10,2.48,AMB0046,8,2.2,0.303,NORMAL
REQ01443,AMB0035,3,1.12,AMB0033,3,1,0.276,NORMAL
REQ01444,AMB0124,8,2.09,AMB0123,8,2.4,0.334,NORMAL
REQ01445,AMB0018,9,2.73,AMB0018,9,2.7,0.567,MODERATE
REQ01446,AMB0060,11,3.57,AMB0069,8,2.8,0.551,NORMAL
REQ01447,AMB0107,3,1.09,AMB0107,3,1.1,0.206,NORMAL
REQ01448,AMB0106,3,1.07,AMB0108,3,1,0.253,NORMAL
REQ01449,AMB0022,8,3.32,AMB0021,7,2.6,0.548,NORMAL
REQ01450,AMB0022,7,3.05,AMB0021,6,2.3,0.514,NORMAL
REQ01451,AMB0033,3,0.93,AMB0036,3,0.8,0.269,MODERATE
REQ01452,AMB0024,7,2.19,AMB0023,5,1.7,0.311,MODERATE
REQ01453,AMB0055,3,0.93,AMB0055,3,0.9,0.186,MODERATE
REQ01454,AMB0078,8,2.43,AMB0080,8,2.5,0.339,MODERATE
REQ01455,AMB0066,6,2.03,AMB0065,6,1.9,0.419,NORMAL
REQ01456,AMB0079,22,12.38,AMB0083,10,5.6,0.365,NORMAL
REQ01457,AMB0110,3,1.23,AMB0112,2,0.9,0.205,MODERATE
REQ01458,AMB0083,37,19.8,AMB0046,13,5.7,0.352,NORMAL
REQ01459,AMB0016,7,2.72,AMB0016,7,2.7,0.479,HEAVY
REQ01460,AMB0101,18,7.24,AMB0084,12,4.2,0.652,NORMAL
REQ01461,AMB0116,3,0.75,AMB0117,3,0.7,0.155,MODERATE
REQ01462,AMB0036,12,4.38,AMB0021,9,3.5,0.673,NORMAL
REQ01463,AMB0077,6,2.53,AMB0079,6,2.2,0.424,NORMAL
REQ01464,AMB0094,9,3.34,AMB0092,6,2.6,0.648,NORMAL
REQ01465,AMB0113,2,1.02,AMB0113,2,1,0.199,HEAVY
REQ01466,AMB0118,9,3.39,AMB0118,9,3.4,0.552,MODERATE
REQ01467,AMB0020,7,2.27,AMB0020,7,2.3,0.357,NORMAL
REQ01468,AMB0021,8,2.57,AMB0021,8,2.6,0.358,NORMAL
REQ01469,AMB0115,5,2.02,AMB0115,5,2,0.412,NORMAL
REQ01470,AMB0103,5,1.51,AMB0103,5,1.5,0.289,MODERATE
REQ01471,AMB0107,2,0.17,AMB0107,1,0.2,0.096,HEAVY
REQ01472,AMB0121,6,1.48,AMB0120,5,1.3,0.105,MODERATE
REQ01473,AMB0025,8,2.35,AMB0023,7,2.3,0.465,MODERATE
REQ01474,AMB0081,40,20.13,AMB0083,4,1.3,0.162,NORMAL
REQ01475,AMB0057,4,1.28,AMB0057,4,1.3,0.331,NORMAL
REQ01476,AMB0104,6,2.19,AMB0104,6,2.2,0.474,MODERATE
REQ01477,AMB0129,8,2.01,AMB0131,7,1.8,0.189,MODERATE
REQ01478,AMB0097,2,0.53,AMB0097,1,0.5,0.143,NORMAL
REQ01479,AMB0070,2,0.43,AMB0070,1,0.4,0.172,MODERATE
REQ01480,AMB0125,8,2.57,AMB0123,8,2.7,0.349,HEAVY
REQ01481,AMB0053,3,0.82,AMB0053,3,0.8,0.255,MODERATE
REQ01482,AMB0012,11,3.44,AMB0011,11,3.6,0.488,MODERATE
REQ01483,AMB0064,4,1.73,AMB0068,4,1.5,0.325,HEAVY
REQ01484,AMB0086,8,2.98,AMB0084,8,2.7,0.578,MODERATE
REQ01485,AMB0123,12,4.09,AMB0120,7,2.3,0.438,NORMAL
REQ01486,AMB0125,16,5.56,AMB0125,15,5.6,0.472,NORMAL
REQ01487,AMB0118,5,1.83,AMB0118,5,1.8,0.215,NORMAL
REQ01488,AMB0063,3,0.8,AMB0066,3,0.7,0.19,MODERATE
REQ01489,AMB0031,2,0.7,AMB0031,2,0.7,0.197,HEAVY
REQ01490,AMB0054,4,1.02,AMB0054,4,1,0.262,NORMAL
REQ01491,AMB0098,4,1.65,AMB0098,4,1.7,0.272,NORMAL
REQ01492,AMB0095,5,1.66,AMB0095,5,1.7,0.274,NORMAL
REQ01493,AMB0040,14,6.72,AMB0043,6,3.6,0.504,MODERATE
REQ01494,AMB0051,2,0.51,AMB0049,1,0.5,0.182,NORMAL
REQ01495,AMB0131,3,1.33,AMB0131,3,1.3,0.206,NORMAL
REQ01496,AMB0121,9,2.46,AMB0120,8,2.3,0.272,MODERATE
REQ01497,AMB0094,6,2.45,AMB0091,5,2,0.41,NORMAL
REQ01498,AMB0074,5,2.4,AMB0074,5,2.4,0.458,HEAVY
REQ01499,AMB0131,3,0.94,AMB0131,3,0.9,0.191,MODERATE
REQ01500,AMB0129,5,1.37,AMB0131,4,1.2,0.213,NORMAL
REQ01501,AMB0125,9,3.67,AMB0123,8,3.4,0.531,NORMAL
REQ01502,AMB0040,10,3.75,AMB0042,10,3.6,0.712,MODERATE
REQ01503,AMB0028,4,1.19,AMB0026,3,0.9,0.223,NORMAL
REQ01504,AMB0058,21,7.31,AMB0055,8,2.5,0.461,NORMAL
REQ01505,AMB0110,2,0.91,AMB0112,2,0.6,0.17,NORMAL
REQ01506,AMB0111,3,0.9,AMB0109,3,0.8,0.152,NORMAL
REQ01507,AMB0036,5,1.54,AMB0036,5,1.5,0.274,NORMAL
REQ01508,AMB0060,7,2,AMB0069,4,1.5,0.385,MODERATE
REQ01509,AMB0041,4,1.57,AMB0041,4,1.6,0.274,MODERATE
REQ01510,AMB0022,4,1.52,AMB0022,4,1.5,0.228,NORMAL
REQ01511,AMB0013,13,4.8,AMB0018,9,3.1,0.613,NORMAL
REQ01512,AMB0127,7,2.2,AMB0127,7,2.2,0.438,NORMAL
REQ01513,AMB0094,13,4.07,AMB0092,10,3.3,0.54,HEAVY
REQ01514,AMB0059,5,1.37,AMB0056,4,1.2,0.343,NORMAL
REQ01515,AMB0107,6,2.3,AMB0107,6,2.3,0.496,NORMAL
REQ01516,AMB0081,32,16.92,AMB0079,14,5.1,0.472,HEAVY
REQ01517,AMB0012,11,3.01,AMB0011,11,3.2,0.505,NORMAL
REQ01518,AMB0017,10,2.93,AMB0019,10,2.7,0.531,MODERATE
REQ01519,AMB0002,7,1.91,AMB0001,6,1.7,0.267,NORMAL
REQ01520,AMB0072,5,1.81,AMB0072,5,1.8,0.386,NORMAL
REQ01521,AMB0125,9,3.84,AMB0123,9,3.6,0.547,MODERATE
REQ01522,AMB0043,8,2.72,AMB0043,7,2.7,0.47,HEAVY
REQ01523,AMB0114,4,1.54,AMB0113,3,1.4,0.272,NORMAL
REQ01524,AMB0016,2,1.02,AMB0014,1,0.6,0.147,NORMAL
REQ01525,AMB0110,7,2.71,AMB0110,7,2.7,0.47,NORMAL
REQ01526,AMB0066,6,1.8,AMB0065,6,1.7,0.356,MODERATE
REQ01527,AMB0055,8,2.57,AMB0055,8,2.6,0.483,NORMAL
REQ01528,AMB0037,3,0.92,AMB0037,3,0.9,0.265,NORMAL
REQ01529,AMB0112,8,2.93,AMB0112,8,2.9,0.41,MODERATE
REQ01530,AMB0101,16,6.73,AMB0086,11,4,0.337,NORMAL
REQ01531,AMB0059,2,0.67,AMB0059,2,0.7,0.252,NORMAL
REQ01532,AMB0029,3,0.84,AMB0027,3,0.8,0.229,NORMAL
REQ01533,AMB0039,6,1.54,AMB0037,5,1.3,0.335,MODERATE
REQ01534,AMB0037,11,3.96,AMB0021,8,3,0.626,HEAVY
REQ01535,AMB0066,9,3.03,AMB0066,8,3.2,0.744,NORMAL
REQ01536,AMB0070,2,0.41,AMB0070,1,0.4,0.164,NORMAL
REQ01537,AMB0065,2,0.82,AMB0065,2,0.8,0.264,NORMAL
REQ01538,AMB0056,5,1.3,AMB0056,5,1.3,0.294,MODERATE
REQ01539,AMB0002,9,2.48,AMB0001,8,2.2,0.393,NORMAL
REQ01540,AMB0031,2,0.33,AMB0031,1,0.3,0.14,NORMAL
REQ01541,AMB0034,4,1.23,AMB0036,4,1.2,0.302,MODERATE
REQ01542,AMB0100,2,0.91,AMB0100,2,0.9,0.162,NORMAL
REQ01543,AMB0110,5,2.2,AMB0112,4,1.9,0.284,NORMAL
REQ01544,AMB0075,2,0.63,AMB0074,2,0.6,0.16,MODERATE
REQ01545,AMB0097,2,0.15,AMB0097,1,0.2,0.101,MODERATE
REQ01546,AMB0119,7,1.87,AMB0117,6,1.7,0.232,NORMAL
REQ01547,AMB0057,4,1.14,AMB0058,4,1.1,0.21,NORMAL
REQ01548,AMB0052,3,0.67,AMB0054,2,0.6,0.202,NORMAL
REQ01549,AMB0125,4,1.88,AMB0125,4,1.9,0.263,NORMAL
REQ01550,AMB0118,6,1.68,AMB0118,6,1.7,0.224,NORMAL
REQ01551,AMB0074,3,1.5,AMB0074,3,1.5,0.295,NORMAL
REQ01552,AMB0093,5,1.48,AMB0093,5,1.5,0.208,NORMAL
REQ01553,AMB0074,2,1.04,AMB0074,2,1,0.241,MODERATE
REQ01554,AMB0075,20,8.23,AMB0089,12,4.4,0.353,NORMAL
REQ01555,AMB0072,8,2.62,AMB0070,8,2.8,0.596,NORMAL
REQ01556,AMB0057,4,0.94,AMB0056,3,0.8,0.2,NORMAL
REQ01557,AMB0033,6,1.67,AMB0033,6,1.7,0.249,MODERATE
REQ01558,AMB0061,8,2.65,AMB0065,5,1.8,0.456,NORMAL
REQ01559,AMB0095,21,8.14,AMB0097,6,2.2,0.401,MODERATE
REQ01560,AMB0059,2,0.28,AMB0059,1,0.3,0.161,NORMAL
REQ01561,AMB0125,10,4.09,AMB0123,9,3.8,0.568,HEAVY
REQ01562,AMB0034,6,1.94,AMB0036,6,1.9,0.373,NORMAL
REQ01563,AMB0026,8,2.28,AMB0026,8,2.3,0.663,NORMAL
REQ01564,AMB0112,5,1.44,AMB0112,5,1.4,0.191,HEAVY
REQ01565,AMB0044,2,0.69,AMB0044,2,0.7,0.174,NORMAL
REQ01566,AMB0030,7,2.2,AMB0066,7,2.7,0.706,NORMAL
REQ01567,AMB0118,12,3.43,AMB0118,9,3.5,0.554,NORMAL
REQ01568,AMB0048,7,2.23,AMB0048,7,2.2,0.555,NORMAL
REQ01569,AMB0088,43,20.37,AMB0079,33,17.7,0.434,MODERATE
REQ01570,AMB0126,3,0.91,AMB0128,3,0.9,0.2,NORMAL
REQ01571,AMB0124,8,2.95,AMB0120,3,1.4,0.192,MODERATE
REQ01572,AMB0024,9,2.92,AMB0023,8,2.6,0.595,MODERATE
REQ01573,AMB0089,6,1.93,AMB0089,6,1.9,0.154,NORMAL
REQ01574,AMB0042,8,2.64,AMB0042,8,2.6,0.763,NORMAL
REQ01575,AMB0036,10,3.89,AMB0021,9,3.7,0.736,MODERATE
REQ01576,AMB0012,5,1.55,AMB0012,5,1.6,0.252,HEAVY
REQ01577,AMB0024,4,1.43,AMB0023,3,1.2,0.281,MODERATE
REQ01578,AMB0097,4,0.99,AMB0097,4,1,0.195,NORMAL
REQ01579,AMB0098,14,5.71,AMB0103,6,2.2,0.469,NORMAL
REQ01580,AMB0034,9,2.72,AMB0057,7,2.2,0.448,NORMAL
REQ01581,AMB0017,14,3.98,AMB0019,13,3.8,0.597,NORMAL
REQ01582,AMB0064,4,1.66,AMB0065,4,1.6,0.374,NORMAL
REQ01583,AMB0020,17,6.91,AMB0009,8,3.7,0.467,NORMAL
REQ01584,AMB0074,3,1.49,AMB0074,3,1.5,0.296,NORMAL
REQ01585,AMB0118,11,3.3,AMB0118,11,3.3,0.49,HEAVY
REQ01586,AMB0074,3,1.54,AMB0074,3,1.5,0.301,NORMAL
REQ01587,AMB0025,4,1.18,AMB0023,4,1.1,0.265,MODERATE
REQ01588,AMB0037,4,1.53,AMB0037,4,1.5,0.269,HEAVY
REQ01589,AMB0112,3,1.02,AMB0112,3,1,0.166,MODERATE
REQ01590,AMB0103,10,2.84,AMB0102,9,2.7,0.563,MODERATE
REQ01591,AMB0077,27,15.73,AMB0079,26,15.2,0.391,HEAVY
REQ01592,AMB0092,5,1.7,AMB0092,5,1.7,0.21,NORMAL
REQ01593,AMB0029,2,0.87,AMB0027,2,0.9,0.213,MODERATE
REQ01594,AMB0012,4,1.54,AMB0012,4,1.5,0.237,NORMAL
REQ01595,AMB0047,6,1.59,AMB0046,5,1.4,0.166,MODERATE
REQ01596,AMB0092,6,2.03,AMB0092,6,2,0.387,NORMAL
REQ01597,AMB0123,2,0.65,AMB0123,2,0.7,0.105,NORMAL
REQ01598,AMB0003,5,1.45,AMB0003,5,1.5,0.26,MODERATE
REQ01599,AMB0060,8,2.35,AMB0069,5,1.5,0.374,MODERATE
REQ01600,AMB0037,4,1.63,AMB0037,4,1.6,0.271,HEAVY
REQ01601,AMB0079,22,12.93,AMB0083,10,6.2,0.357,NORMAL
REQ01602,AMB0098,8,2.66,AMB0099,7,2.5,0.501,NORMAL
REQ01603,AMB0130,9,2.59,AMB0131,8,2.3,0.351,NORMAL
REQ01604,AMB0121,11,2.79,AMB0120,10,2.6,0.283,MODERATE
REQ01605,AMB0127,9,2.37,AMB0127,9,2.4,0.466,MODERATE
REQ01606,AMB0039,3,0.82,AMB0039,3,0.8,0.228,NORMAL
REQ01607,AMB0103,11,3.26,AMB0103,11,3.3,0.562,NORMAL
REQ01608,AMB0123,11,4.47,AMB0120,10,3.3,0.563,NORMAL
REQ01609,AMB0116,5,1.21,AMB0117,4,1.2,0.196,NORMAL
REQ01610,AMB0130,11,2.97,AMB0131,9,2.7,0.371,NORMAL
REQ01611,AMB0083,3,0.81,AMB0083,3,0.8,0.143,NORMAL
REQ01612,AMB0048,2,0.56,AMB0049,2,0.7,0.233,NORMAL
REQ01613,AMB0115,10,2.82,AMB0113,10,2.9,0.358,NORMAL
REQ01614,AMB0037,3,1.19,AMB0037,3,1.2,0.234,NORMAL
REQ01615,AMB0018,2,0.56,AMB0018,2,0.6,0.198,NORMAL
REQ01616,AMB0103,3,0.92,AMB0103,3,0.9,0.239,NORMAL
REQ01617,AMB0072,5,1.52,AMB0072,5,1.5,0.304,MODERATE
REQ01618,AMB0128,9,2.52,AMB0128,9,2.5,0.374,NORMAL
REQ01619,AMB0046,31,18.14,AMB0041,12,8.2,0.349,MODERATE
REQ01620,AMB0088,36,18.92,AMB0079,27,16.3,0.627,NORMAL
REQ01621,AMB0081,3,0.98,AMB0081,3,1,0.194,HEAVY
REQ01622,AMB0011,6,2.26,AMB0011,6,2.3,0.397,NORMAL
REQ01623,AMB0010,14,5.47,AMB0011,9,3.3,0.494,MODERATE
REQ01624,AMB0016,7,3.08,AMB0014,6,2.7,0.429,NORMAL
REQ01625,AMB0106,3,1.35,AMB0108,3,1.3,0.27,MODERATE
REQ01626,AMB0118,2,0.86,AMB0118,2,0.9,0.15,MODERATE
REQ01627,AMB0130,11,3,AMB0131,10,2.7,0.383,NORMAL
REQ01628,AMB0125,7,3.18,AMB0123,6,2.9,0.511,MODERATE
REQ01629,AMB0055,5,1.96,AMB0053,5,1.9,0.43,MODERATE
REQ01630,AMB0074,11,5.09,AMB0088,5,2.3,0.267,HEAVY
REQ01631,AMB0089,3,0.72,AMB0089,3,0.7,0.2,NORMAL
REQ01632,AMB0057,12,3.94,AMB0033,6,1.7,0.26,MODERATE
REQ01633,AMB0078,10,2.62,AMB0080,9,2.7,0.355,NORMAL
REQ01634,AMB0104,8,3.27,AMB0104,8,3.3,0.535,MODERATE
REQ01635,AMB0034,11,3.59,AMB0055,9,3,0.506,NORMAL
REQ01636,AMB0074,3,1.37,AMB0074,3,1.4,0.286,NORMAL
REQ01637,AMB0076,2,0.36,AMB0076,1,0.4,0.137,NORMAL
REQ01638,AMB0023,3,1.06,AMB0023,3,1.1,0.226,NORMAL
REQ01639,AMB0066,4,1.18,AMB0065,4,1.1,0.257,NORMAL
REQ01640,AMB0076,8,2.43,AMB0074,7,2.3,0.431,NORMAL
REQ01641,AMB0038,7,2.43,AMB0037,6,2,0.44,MODERATE
REQ01642,AMB0026,8,2.18,AMB0027,9,2.4,0.448,NORMAL
REQ01643,AMB0059,5,1.38,AMB0056,4,1.3,0.381,MODERATE
REQ01644,AMB0026,6,1.63,AMB0026,6,1.6,0.476,NORMAL
REQ01645,AMB0037,4,1.41,AMB0037,4,1.4,0.254,HEAVY
REQ01646,AMB0012,6,1.71,AMB0011,6,1.8,0.273,MODERATE
REQ01647,AMB0022,4,1.28,AMB0020,3,0.9,0.127,MODERATE
REQ01648,AMB0129,3,0.79,AMB0131,2,0.6,0.176,NORMAL
REQ01649,AMB0052,2,0.61,AMB0054,2,0.5,0.18,NORMAL
REQ01650,AMB0001,11,3.63,AMB0001,11,3.6,0.452,NORMAL
REQ01651,AMB0039,5,1.42,AMB0039,5,1.4,0.316,HEAVY
REQ01652,AMB0078,11,3.89,AMB0079,11,3.8,0.428,MODERATE
REQ01653,AMB0128,3,1.02,AMB0128,3,1,0.179,NORMAL
REQ01654,AMB0065,3,1,AMB0065,3,1,0.25,NORMAL
REQ01655,AMB0010,13,5.71,AMB0011,7,2.8,0.416,NORMAL
REQ01656,AMB0031,2,0.5,AMB0031,2,0.5,0.169,MODERATE
REQ01657,AMB0037,11,3.98,AMB0021,7,2.8,0.586,NORMAL
REQ01658,AMB0059,3,0.77,AMB0059,2,0.8,0.299,NORMAL
REQ01659,AMB0024,4,1.31,AMB0023,3,1,0.257,MODERATE
REQ01660,AMB0050,5,1.29,AMB0050,4,1.3,0.287,HEAVY
REQ01661,AMB0043,6,2.52,AMB0043,6,2.5,0.376,NORMAL
REQ01662,AMB0039,8,2.33,AMB0055,6,2.1,0.48,NORMAL
REQ01663,AMB0100,3,1.13,AMB0100,3,1.1,0.176,NORMAL
REQ01664,AMB0104,5,2.1,AMB0104,5,2.1,0.443,NORMAL
REQ01665,AMB0103,4,1.33,AMB0103,4,1.3,0.279,MODERATE
REQ01666,AMB0003,4,1.57,AMB0003,4,1.6,0.283,NORMAL
REQ01667,AMB0025,8,2.22,AMB0023,7,2.2,0.443,NORMAL
REQ01668,AMB0087,7,2.28,AMB0084,7,2.4,0.374,NORMAL
REQ01669,AMB0001,8,2.37,AMB0001,8,2.4,0.398,MODERATE
REQ01670,AMB0090,6,1.56,AMB0088,6,1.5,0.152,MODERATE
REQ01671,AMB0125,5,1.74,AMB0125,5,1.7,0.172,NORMAL
REQ01672,AMB0016,16,4.63,AMB0013,4,1.5,0.26,HEAVY
REQ01673,AMB0019,6,1.96,AMB0019,6,2,0.534,MODERATE
REQ01674,AMB0049,2,0.22,AMB0049,1,0.2,0.141,NORMAL
REQ01675,AMB0102,4,1.74,AMB0102,4,1.7,0.339,NORMAL
REQ01676,AMB0051,4,1.27,AMB0049,4,1.2,0.3,NORMAL
REQ01677,AMB0087,10,3.14,AMB0084,10,3.2,0.427,MODERATE
REQ01678,AMB0072,8,2.01,AMB0070,7,1.9,0.2,NORMAL
REQ01679,AMB0009,5,2.31,AMB0009,5,2.3,0.417,NORMAL
REQ01680,AMB0015,5,2.55,AMB0014,5,2.3,0.407,NORMAL
REQ01681,AMB0123,2,0.83,AMB0123,2,0.8,0.149,NORMAL
REQ01682,AMB0017,12,3.26,AMB0018,11,3.1,0.529,NORMAL
REQ01683,AMB0017,11,3.19,AMB0018,11,3.1,0.553,NORMAL
REQ01684,AMB0045,7,2.3,AMB0044,6,2,0.391,NORMAL
REQ01685,AMB0106,3,0.88,AMB0108,2,0.8,0.216,MODERATE
REQ01686,AMB0059,5,1.36,AMB0056,4,1.3,0.376,NORMAL
REQ01687,AMB0061,8,2.49,AMB0069,5,1.8,0.509,HEAVY
REQ01688,AMB0106,10,3.07,AMB0127,5,1.5,0.239,MODERATE
REQ01689,AMB0056,4,1.14,AMB0056,4,1.1,0.306,MODERATE
REQ01690,AMB0039,9,2.88,AMB0036,7,2.8,0.596,NORMAL
REQ01691,AMB0026,5,1.49,AMB0026,5,1.5,0.411,NORMAL
REQ01692,AMB0072,5,1.65,AMB0072,5,1.7,0.36,NORMAL
REQ01693,AMB0016,2,0.06,AMB0016,1,0.1,0.075,HEAVY
REQ01694,AMB0057,19,6.82,AMB0055,8,2.5,0.47,NORMAL
REQ01695,AMB0055,5,1.77,AMB0053,4,1.7,0.407,NORMAL
REQ01696,AMB0057,15,4.75,AMB0033,9,2.5,0.446,NORMAL
REQ01697,AMB0057,7,2.04,AMB0057,7,2,0.437,NORMAL
REQ01698,AMB0122,3,1.07,AMB0120,2,0.8,0.116,NORMAL
REQ01699,AMB0081,42,20.5,AMB0083,6,1.7,0.104,HEAVY
REQ01700,AMB0098,7,2.19,AMB0099,6,2,0.335,MODERATE
REQ01701,AMB0104,5,1.83,AMB0104,4,1.8,0.32,NORMAL
REQ01702,AMB0098,5,1.87,AMB0098,5,1.9,0.292,HEAVY
REQ01703,AMB0115,7,2.51,AMB0113,8,3,0.357,NORMAL
REQ01704,AMB0103,7,1.96,AMB0103,7,2,0.329,NORMAL
REQ01705,AMB0072,4,1.2,AMB0070,4,1.1,0.235,HEAVY
REQ01706,AMB0029,18,5.61,AMB0019,11,3.2,0.563,MODERATE
REQ01707,AMB0111,9,2.59,AMB0112,9,2.8,0.362,NORMAL
REQ01708,AMB0089,13,5.96,AMB0088,5,2,0.457,NORMAL
REQ01709,AMB0123,14,5.17,AMB0120,12,3.9,0.587,MODERATE
REQ01710,AMB0032,5,1.22,AMB0032,5,1.2,0.266,NORMAL
REQ01711,AMB0033,5,1.45,AMB0033,5,1.5,0.236,NORMAL
REQ01712,AMB0019,6,1.83,AMB0018,6,1.8,0.581,NORMAL
REQ01713,AMB0113,6,2.51,AMB0113,6,2.5,0.43,MODERATE
REQ01714,AMB0123,2,0.35,AMB0123,1,0.4,0.082,HEAVY
REQ01715,AMB0009,5,2.12,AMB0009,5,2.1,0.442,NORMAL
REQ01716,AMB0041,6,2.21,AMB0041,6,2.2,0.488,NORMAL
REQ01717,AMB0127,5,1.43,AMB0128,4,1.3,0.233,NORMAL
REQ01718,AMB0034,11,3.61,AMB0055,9,3,0.506,NORMAL
REQ01719,AMB0057,20,6.94,AMB0055,8,2.6,0.471,MODERATE
REQ01720,AMB0073,6,2.06,AMB0072,6,1.8,0.385,NORMAL
REQ01721,AMB0036,10,4.08,AMB0021,7,2.7,0.576,MODERATE
REQ01722,AMB0001,8,3.26,AMB0001,8,3.3,0.411,NORMAL
REQ01723,AMB0093,5,2.19,AMB0097,3,1.5,0.214,NORMAL
REQ01724,AMB0011,7,2.61,AMB0011,7,2.6,0.415,NORMAL
REQ01725,AMB0063,6,1.89,AMB0065,6,1.8,0.342,MODERATE
REQ01726,AMB0019,4,1.13,AMB0019,4,1.1,0.314,HEAVY
REQ01727,AMB0042,7,2.27,AMB0042,7,2.3,0.345,MODERATE
REQ01728,AMB0001,11,4.07,AMB0001,11,4.1,0.46,NORMAL
REQ01729,AMB0100,8,2.82,AMB0099,8,2.6,0.509,HEAVY
REQ01730,AMB0076,5,1.39,AMB0054,3,0.9,0.254,NORMAL
REQ01731,AMB0097,4,1.22,AMB0097,4,1.2,0.211,NORMAL
REQ01732,AMB0118,9,2.82,AMB0118,9,2.8,0.458,NORMAL
REQ01733,AMB0038,5,1.83,AMB0037,3,1.4,0.303,MODERATE
REQ01734,AMB0109,4,2.21,AMB0109,4,2.2,0.354,MODERATE
REQ01735,AMB0102,6,1.95,AMB0104,6,2,0.307,NORMAL
REQ01736,AMB0074,5,2,AMB0074,5,2,0.284,MODERATE
REQ01737,AMB0054,5,1.55,AMB0076,4,1.1,0.315,NORMAL
REQ01738,AMB0030,5,1.56,AMB0030,5,1.6,0.545,NORMAL
REQ01739,AMB0061,9,3.03,AMB0065,5,1.9,0.44,NORMAL
REQ01740,AMB0101,14,6.4,AMB0084,8,3.3,0.588,MODERATE
REQ01741,AMB0112,10,2.86,AMB0109,10,3.2,0.396,NORMAL
REQ01742,AMB0086,4,1.47,AMB0086,4,1.5,0.266,MODERATE
REQ01743,AMB0094,10,3.58,AMB0091,9,3.2,0.453,NORMAL
REQ01744,AMB0059,3,0.8,AMB0059,3,0.8,0.307,NORMAL
REQ01745,AMB0025,4,1.22,AMB0023,4,1.2,0.274,NORMAL
REQ01746,AMB0094,8,3.1,AMB0092,6,2.3,0.606,MODERATE
REQ01747,AMB0083,38,20.08,AMB0046,13,5.9,0.359,HEAVY
REQ01748,AMB0036,6,1.6,AMB0036,6,1.6,0.247,NORMAL
REQ01749,AMB0007,10,3.17,AMB0007,10,3.2,0.484,NORMAL
REQ01750,AMB0047,4,1.38,AMB0046,3,1.1,0.154,NORMAL
REQ01751,AMB0103,9,2.56,AMB0103,9,2.6,0.516,MODERATE
REQ01752,AMB0028,3,0.85,AMB0028,3,0.9,0.253,MODERATE
REQ01753,AMB0087,9,3.14,AMB0091,9,3.4,0.435,MODERATE
REQ01754,AMB0048,5,1.28,AMB0048,5,1.3,0.349,NORMAL
REQ01755,AMB0090,14,6.36,AMB0088,3,0.8,0.186,NORMAL
REQ01756,AMB0037,3,0.97,AMB0037,3,1,0.24,HEAVY
REQ01757,AMB0025,8,2.42,AMB0023,8,2.4,0.457,MODERATE
REQ01758,AMB0048,2,0.33,AMB0048,1,0.3,0.186,MODERATE
REQ01759,AMB0093,2,0.6,AMB0093,2,0.6,0.142,NORMAL
REQ01760,AMB0057,19,6.68,AMB0055,9,3,0.518,NORMAL
REQ01761,AMB0075,8,2.22,AMB0076,7,1.8,0.3,MODERATE
REQ01762,AMB0037,4,1.19,AMB0037,4,1.2,0.27,NORMAL
REQ01763,AMB0107,15,5.7,AMB0128,8,3.1,0.545,NORMAL
REQ01764,AMB0018,3,0.79,AMB0018,3,0.8,0.25,NORMAL
REQ01765,AMB0026,6,1.59,AMB0026,6,1.6,0.406,MODERATE
REQ01766,AMB0038,5,2.17,AMB0037,4,1.7,0.336,NORMAL
REQ01767,AMB0032,6,1.65,AMB0031,5,1.5,0.384,MODERATE
REQ01768,AMB0100,8,2.6,AMB0100,8,2.6,0.414,HEAVY
REQ01769,AMB0055,4,1.2,AMB0055,4,1.2,0.21,MODERATE
REQ01770,AMB0035,9,2.9,AMB0033,9,2.8,0.471,MODERATE
REQ01771,AMB0061,5,1.54,AMB0059,4,1.2,0.411,NORMAL
REQ01772,AMB0092,7,2.34,AMB0092,7,2.3,0.38,MODERATE
REQ01773,AMB0004,23,11.25,AMB0001,12,6.1,0.515,MODERATE
REQ01774,AMB0035,3,1.28,AMB0033,3,1.1,0.29,NORMAL
REQ01775,AMB0103,7,1.89,AMB0103,7,1.9,0.333,NORMAL
REQ01776,AMB0074,4,1.79,AMB0074,4,1.8,0.291,MODERATE
REQ01777,AMB0104,8,2.89,AMB0104,8,2.9,0.516,HEAVY
REQ01778,AMB0114,19,7.81,AMB0110,7,3,0.474,NORMAL
REQ01779,AMB0103,7,1.88,AMB0103,7,1.9,0.332,NORMAL
REQ01780,AMB0095,2,0.66,AMB0095,2,0.7,0.174,NORMAL
REQ01781,AMB0086,3,1.3,AMB0084,3,1,0.237,NORMAL
REQ01782,AMB0029,3,1.08,AMB0027,3,1.1,0.248,NORMAL
REQ01783,AMB0055,7,2.42,AMB0053,5,1.7,0.342,NORMAL
REQ01784,AMB0022,5,2.01,AMB0021,3,1.3,0.239,NORMAL
REQ01785,AMB0030,8,2.87,AMB0066,4,1.5,0.355,NORMAL
REQ01786,AMB0103,5,1.57,AMB0102,5,1.4,0.33,NORMAL
REQ01787,AMB0024,7,1.9,AMB0024,7,1.9,0.375,MODERATE
REQ01788,AMB0042,12,5.73,AMB0049,6,3,0.5,MODERATE
REQ01789,AMB0119,7,1.94,AMB0117,7,1.7,0.237,HEAVY
REQ01790,AMB0072,4,1.36,AMB0072,4,1.4,0.294,NORMAL
REQ01791,AMB0078,7,2.12,AMB0079,6,2,0.182,NORMAL
REQ01792,AMB0030,7,2.29,AMB0065,5,1.7,0.436,HEAVY
REQ01793,AMB0011,4,1.58,AMB0011,4,1.6,0.22,NORMAL
REQ01794,AMB0097,7,1.91,AMB0097,7,1.9,0.266,NORMAL
REQ01795,AMB0111,8,2.25,AMB0112,8,2.5,0.347,NORMAL
REQ01796,AMB0097,9,2.72,AMB0097,9,2.7,0.453,MODERATE
REQ01797,AMB0037,6,1.91,AMB0037,6,1.9,0.322,MODERATE
REQ01798,AMB0104,7,2.73,AMB0104,7,2.7,0.504,NORMAL
REQ01799,AMB0060,4,1.27,AMB0062,4,1.1,0.37,NORMAL
REQ01800,AMB0081,32,16.81,AMB0079,14,5,0.477,NORMAL
REQ01801,AMB0052,3,0.91,AMB0053,2,0.9,0.291,NORMAL
REQ01802,AMB0104,6,2.41,AMB0104,6,2.4,0.47,MODERATE
REQ01803,AMB0076,4,1.11,AMB0076,4,1.1,0.278,NORMAL
REQ01804,AMB0003,2,1.07,AMB0003,2,1.1,0.231,NORMAL
REQ01805,AMB0034,5,1.68,AMB0036,5,1.7,0.3,NORMAL
REQ01806,AMB0022,3,1.46,AMB0021,2,0.7,0.166,MODERATE
REQ01807,AMB0011,6,2.22,AMB0010,4,1.8,0.276,HEAVY
REQ01808,AMB0066,2,0.72,AMB0066,2,0.7,0.209,MODERATE
REQ01809,AMB0031,5,1.82,AMB0035,5,1.7,0.341,MODERATE
REQ01810,AMB0075,17,7.01,AMB0088,9,3.3,0.314,NORMAL
REQ01811,AMB0118,7,1.92,AMB0118,7,1.9,0.242,MODERATE
REQ01812,AMB0030,8,2.58,AMB0066,4,1.5,0.367,NORMAL
REQ01813,AMB0052,3,0.87,AMB0053,2,0.8,0.284,NORMAL
REQ01814,AMB0041,10,3.24,AMB0042,10,3.2,0.374,NORMAL
REQ01815,AMB0087,8,2.75,AMB0084,8,2.9,0.412,NORMAL
REQ01816,AMB0020,7,1.91,AMB0020,7,1.9,0.178,NORMAL
REQ01817,AMB0060,11,3.38,AMB0069,7,2.6,0.582,NORMAL
REQ01818,AMB0131,7,3.49,AMB0131,7,3.5,0.354,NORMAL
REQ01819,AMB0102,4,1.85,AMB0102,4,1.9,0.289,NORMAL
REQ01820,AMB0106,12,3.72,AMB0127,6,2.1,0.416,MODERATE
REQ01821,AMB0089,6,1.92,AMB0089,6,1.9,0.152,NORMAL
REQ01822,AMB0076,3,0.9,AMB0076,3,0.9,0.278,HEAVY
REQ01823,AMB0086,6,2.33,AMB0084,5,2,0.323,MODERATE
REQ01824,AMB0049,3,0.88,AMB0049,3,0.9,0.245,NORMAL
REQ01825,AMB0032,4,1.11,AMB0031,3,0.9,0.238,HEAVY
REQ01826,AMB0057,13,4.18,AMB0033,7,1.9,0.273,NORMAL
REQ01827,AMB0053,2,0.41,AMB0053,1,0.4,0.181,MODERATE
REQ01828,AMB0083,23,11.09,AMB0046,13,6.2,0.403,HEAVY
REQ01829,AMB0055,5,1.47,AMB0055,4,1.5,0.232,MODERATE
REQ01830,AMB0067,11,3.8,AMB0091,8,2.9,0.627,NORMAL
REQ01831,AMB0115,8,2.06,AMB0113,8,2.5,0.323,NORMAL
REQ01832,AMB0045,9,3.19,AMB0043,7,2.2,0.427,NORMAL
REQ01833,AMB0031,2,0.68,AMB0031,2,0.7,0.189,MODERATE
REQ01834,AMB0125,18,6.12,AMB0125,18,6.1,0.497,NORMAL
REQ01835,AMB0097,8,2.1,AMB0097,8,2.1,0.422,NORMAL
REQ01836,AMB0127,3,0.89,AMB0127,3,0.9,0.182,MODERATE
REQ01837,AMB0101,12,5.73,AMB0084,7,2.7,0.555,HEAVY
REQ01838,AMB0034,3,0.98,AMB0036,3,1,0.264,MODERATE
REQ01839,AMB0082,47,23.13,AMB0046,20,8.5,0.417,NORMAL
REQ01840,AMB0098,5,1.66,AMB0098,5,1.7,0.275,HEAVY
REQ01841,AMB0029,2,0.66,AMB0027,2,0.6,0.201,NORMAL
REQ01842,AMB0067,9,2.46,AMB0068,9,2.5,0.498,MODERATE
REQ01843,AMB0093,3,0.98,AMB0091,3,0.8,0.156,NORMAL
REQ01844,AMB0128,9,2.66,AMB0128,9,2.7,0.395,MODERATE
REQ01845,AMB0125,16,5.71,AMB0125,16,5.7,0.479,NORMAL
REQ01846,AMB0097,2,0.5,AMB0097,1,0.5,0.135,HEAVY
REQ01847,AMB0131,7,2.05,AMB0131,6,2.1,0.336,MODERATE
REQ01848,AMB0098,5,1.91,AMB0099,4,1.7,0.292,MODERATE
REQ01849,AMB0048,2,0.59,AMB0049,1,0.5,0.194,NORMAL
REQ01850,AMB0047,10,2.61,AMB0046,9,2.4,0.308,NORMAL
REQ01851,AMB0130,10,3.05,AMB0131,8,2.7,0.359,NORMAL
REQ01852,AMB0107,4,1.51,AMB0107,4,1.5,0.265,NORMAL
REQ01853,AMB0118,9,3.24,AMB0123,8,3.8,0.499,NORMAL
REQ01854,AMB0077,6,2.57,AMB0079,5,2.3,0.436,NORMAL
REQ01855,AMB0045,4,1.02,AMB0044,2,0.7,0.173,NORMAL
REQ01856,AMB0024,4,1.05,AMB0023,2,0.5,0.184,NORMAL
REQ01857,AMB0014,4,1.03,AMB0014,3,1,0.313,NORMAL
REQ01858,AMB0092,4,1.54,AMB0092,4,1.5,0.216,NORMAL
REQ01859,AMB0095,21,8.06,AMB0097,7,2.1,0.396,NORMAL
REQ01860,AMB0103,2,0.63,AMB0103,2,0.6,0.203,NORMAL
REQ01861,AMB0036,5,1.56,AMB0036,5,1.6,0.255,NORMAL
REQ01862,AMB0056,2,0.31,AMB0056,1,0.3,0.123,MODERATE
REQ01863,AMB0121,12,3.71,AMB0120,11,3.5,0.523,MODERATE
REQ01864,AMB0060,13,4.13,AMB0069,10,3.3,0.591,NORMAL
REQ01865,AMB0107,3,1.07,AMB0107,3,1.1,0.239,MODERATE
REQ01866,AMB0107,6,2.26,AMB0107,6,2.3,0.458,NORMAL
REQ01867,AMB0121,13,3.27,AMB0120,12,3.1,0.302,NORMAL
REQ01868,AMB0047,7,1.82,AMB0046,6,1.5,0.17,NORMAL
REQ01869,AMB0057,6,1.77,AMB0057,6,1.8,0.283,MODERATE
REQ01870,AMB0119,27,8.41,AMB0118,9,2.4,0.402,HEAVY
REQ01871,AMB0102,3,1.12,AMB0102,3,1.1,0.282,MODERATE
REQ01872,AMB0068,10,4.41,AMB0064,5,2.2,0.476,NORMAL
REQ01873,AMB0057,15,4.71,AMB0033,8,2.4,0.444,HEAVY
REQ01874,AMB0048,6,1.79,AMB0048,6,1.8,0.387,MODERATE
REQ01875,AMB0015,3,1.75,AMB0014,3,1.5,0.243,MODERATE
REQ01876,AMB0054,3,1.03,AMB0053,2,0.9,0.299,NORMAL
REQ01877,AMB0049,2,0.39,AMB0049,1,0.4,0.18,NORMAL
REQ01878,AMB0078,11,4.03,AMB0079,11,3.9,0.43,NORMAL
REQ01879,AMB0037,5,1.64,AMB0037,5,1.6,0.342,HEAVY
REQ01880,AMB0118,5,1.52,AMB0117,5,1.4,0.212,NORMAL
REQ01881,AMB0082,43,21.71,AMB0046,17,7,0.39,MODERATE
REQ01882,AMB0042,6,2.23,AMB0042,6,2.2,0.731,NORMAL
REQ01883,AMB0125,14,6.68,AMB0120,8,4.6,0.554,NORMAL
REQ01884,AMB0094,10,3.34,AMB0092,7,2.6,0.481,NORMAL
REQ01885,AMB0066,2,0.75,AMB0066,2,0.8,0.216,NORMAL
REQ01886,AMB0128,8,2.15,AMB0128,8,2.2,0.346,MODERATE
REQ01887,AMB0094,7,2.39,AMB0092,4,1.6,0.316,NORMAL
REQ01888,AMB0027,5,1.98,AMB0026,5,1.8,0.344,NORMAL
REQ01889,AMB0067,11,3.9,AMB0091,8,2.7,0.594,NORMAL
REQ01890,AMB0094,6,2.06,AMB0091,4,1.6,0.316,MODERATE
REQ01891,AMB0077,10,4.4,AMB0088,6,2.1,0.392,NORMAL
REQ01892,AMB0074,13,6.29,AMB0089,7,3.3,0.405,NORMAL
REQ01893,AMB0034,2,0.52,AMB0036,2,0.5,0.194,MODERATE
REQ01894,AMB0074,2,0.94,AMB0074,2,0.9,0.228,HEAVY
REQ01895,AMB0092,2,0.82,AMB0092,2,0.8,0.158,MODERATE
REQ01896,AMB0048,2,0.78,AMB0049,1,0.6,0.188,MODERATE
REQ01897,AMB0034,5,1.73,AMB0033,5,1.5,0.337,NORMAL
REQ01898,AMB0125,3,1.38,AMB0123,2,1.1,0.183,MODERATE
REQ01899,AMB0032,5,1.24,AMB0032,5,1.2,0.287,MODERATE
REQ01900,AMB0051,3,0.87,AMB0049,2,0.8,0.246,HEAVY
REQ01901,AMB0017,12,3.35,AMB0018,12,3.2,0.527,MODERATE
REQ01902,AMB0026,14,3.75,AMB0066,13,4.3,0.771,NORMAL
REQ01903,AMB0047,11,2.8,AMB0046,10,2.6,0.316,NORMAL
REQ01904,AMB0019,2,0.71,AMB0019,2,0.7,0.238,MODERATE
REQ01905,AMB0110,3,1.04,AMB0110,3,1,0.198,NORMAL
REQ01906,AMB0038,8,2.66,AMB0037,7,2.2,0.616,NORMAL
REQ01907,AMB0112,7,1.91,AMB0112,7,1.9,0.201,NORMAL
REQ01908,AMB0080,27,14.97,AMB0079,26,14.7,0.389,NORMAL
REQ01909,AMB0098,13,5.46,AMB0103,6,1.9,0.317,HEAVY
REQ01910,AMB0115,8,2.74,AMB0113,8,3.2,0.365,NORMAL
REQ01911,AMB0055,7,2.23,AMB0055,7,2.2,0.438,NORMAL
REQ01912,AMB0060,14,4.5,AMB0092,10,3.5,0.567,NORMAL
REQ01913,AMB0129,5,1.38,AMB0131,5,1.2,0.213,MODERATE
REQ01914,AMB0052,8,2.67,AMB0053,7,2.2,0.541,NORMAL
REQ01915,AMB0032,2,0.52,AMB0032,2,0.5,0.189,NORMAL
REQ01916,AMB0078,11,3.29,AMB0079,10,3.2,0.421,NORMAL
REQ01917,AMB0064,6,1.94,AMB0065,5,1.7,0.427,MODERATE
REQ01918,AMB0006,3,1.03,AMB0006,3,1,0.2,NORMAL
REQ01919,AMB0114,7,2.48,AMB0114,7,2.5,0.444,MODERATE
REQ01920,AMB0034,3,1.11,AMB0036,3,1.1,0.284,NORMAL
REQ01921,AMB0047,8,2.45,AMB0046,7,2.2,0.28,MODERATE
REQ01922,AMB0131,3,1.01,AMB0131,3,1,0.2,MODERATE
REQ01923,AMB0073,4,1.29,AMB0072,3,1,0.286,NORMAL
REQ01924,AMB0106,3,1.19,AMB0108,3,1.1,0.256,NORMAL
REQ01925,AMB0032,5,1.65,AMB0031,5,1.5,0.38,MODERATE
REQ01926,AMB0037,13,3.93,AMB0037,13,3.9,0.749,NORMAL
REQ01927,AMB0068,15,6.05,AMB0064,10,3.8,0.615,NORMAL
REQ01928,AMB0118,10,3.31,AMB0123,8,4,0.515,MODERATE
REQ01929,AMB0057,14,4.51,AMB0033,8,2.2,0.44,NORMAL
REQ01930,AMB0024,3,0.84,AMB0024,3,0.8,0.251,NORMAL
REQ01931,AMB0067,3,0.72,AMB0068,2,0.7,0.245,NORMAL
REQ01932,AMB0104,4,1.82,AMB0104,4,1.8,0.308,NORMAL
REQ01933,AMB0109,6,2.71,AMB0110,3,1.7,0.241,NORMAL
REQ01934,AMB0019,4,1.02,AMB0019,4,1,0.299,MODERATE
REQ01935,AMB0010,11,4.81,AMB0011,7,2.6,0.447,MODERATE
REQ01936,AMB0095,13,5.02,AMB0097,3,1.4,0.25,NORMAL
REQ01937,AMB0053,3,1.16,AMB0053,3,1.2,0.316,MODERATE
REQ01938,AMB0029,3,1.35,AMB0026,3,1.1,0.262,MODERATE
REQ01939,AMB0007,7,2.68,AMB0007,7,2.7,0.467,NORMAL
REQ01940,AMB0033,7,2.17,AMB0033,7,2.2,0.435,NORMAL
REQ01941,AMB0016,3,1.53,AMB0014,2,1.1,0.201,NORMAL
REQ01942,AMB0131,7,2.51,AMB0131,7,2.5,0.338,HEAVY
REQ01943,AMB0055,7,2.1,AMB0055,7,2.1,0.42,MODERATE
REQ01944,AMB0089,4,1.55,AMB0089,4,1.6,0.254,MODERATE
REQ01945,AMB0092,4,1.34,AMB0092,4,1.3,0.181,HEAVY
REQ01946,AMB0095,24,9.11,AMB0097,10,3.2,0.466,NORMAL
REQ01947,AMB0039,9,2.61,AMB0055,6,2.2,0.495,MODERATE
REQ01948,AMB0009,4,1.94,AMB0009,4,1.9,0.308,HEAVY
REQ01949,AMB0019,9,2.55,AMB0019,9,2.6,0.52,MODERATE
REQ01950,AMB0037,2,0.71,AMB0037,2,0.7,0.174,MODERATE
REQ01951,AMB0118,11,3.56,AMB0118,11,3.6,0.525,NORMAL
REQ01952,AMB0029,7,1.83,AMB0026,6,1.6,0.258,MODERATE
REQ01953,AMB0078,17,5.31,AMB0079,16,5.2,0.467,MODERATE
REQ01954,AMB0101,21,8.42,AMB0103,15,4.6,0.658,HEAVY
REQ01955,AMB0118,4,1.02,AMB0118,4,1,0.17,NORMAL
REQ01956,AMB0055,2,0.42,AMB0055,1,0.4,0.172,NORMAL
REQ01957,AMB0046,7,2.71,AMB0046,7,2.7,0.288,NORMAL
REQ01958,AMB0128,3,0.87,AMB0128,3,0.9,0.176,NORMAL
REQ01959,AMB0080,25,14.23,AMB0081,11,6.7,0.266,MODERATE
REQ01960,AMB0016,2,0.19,AMB0016,1,0.2,0.094,NORMAL
REQ01961,AMB0057,2,0.63,AMB0057,2,0.6,0.169,MODERATE
REQ01962,AMB0061,7,2.36,AMB0069,5,1.7,0.498,MODERATE
REQ01963,AMB0110,8,3.04,AMB0113,6,2.6,0.481,NORMAL
REQ01964,AMB0069,6,2.17,AMB0069,6,2.2,0.648,NORMAL
REQ01965,AMB0112,4,1.44,AMB0112,4,1.4,0.198,MODERATE
REQ01966,AMB0100,17,6.56,AMB0092,11,3.5,0.446,NORMAL
REQ01967,AMB0125,2,0.68,AMB0125,2,0.7,0.135,MODERATE
REQ01968,AMB0127,6,1.59,AMB0128,5,1.5,0.25,NORMAL
REQ01969,AMB0095,23,8.86,AMB0097,9,2.9,0.454,MODERATE
REQ01970,AMB0084,9,2.78,AMB0086,10,3.1,0.316,NORMAL
REQ01971,AMB0108,16,6.55,AMB0095,8,2.8,0.477,NORMAL
REQ01972,AMB0018,5,1.31,AMB0018,5,1.3,0.314,HEAVY
REQ01973,AMB0006,6,2.03,AMB0007,5,1.8,0.29,NORMAL
REQ01974,AMB0028,3,0.88,AMB0028,3,0.9,0.258,MODERATE
REQ01975,AMB0085,5,1.43,AMB0084,5,1.3,0.143,HEAVY
REQ01976,AMB0115,6,2.09,AMB0113,6,2.6,0.328,NORMAL
REQ01977,AMB0071,19,6.13,AMB0092,11,3.5,0.551,MODERATE
REQ01978,AMB0127,6,2.05,AMB0127,6,2.1,0.405,HEAVY
REQ01979,AMB0077,5,2.28,AMB0079,5,2,0.283,MODERATE
REQ01980,AMB0038,2,0.49,AMB0038,1,0.5,0.158,NORMAL
REQ01981,AMB0039,5,1.43,AMB0039,5,1.4,0.316,NORMAL
REQ01982,AMB0011,4,1.57,AMB0011,4,1.6,0.222,MODERATE
REQ01983,AMB0032,6,1.6,AMB0032,6,1.6,0.299,NORMAL
REQ01984,AMB0129,4,0.94,AMB0131,3,0.8,0.186,NORMAL
REQ01985,AMB0028,3,1.06,AMB0026,3,0.9,0.24,NORMAL
REQ01986,AMB0055,7,2.36,AMB0053,5,1.7,0.334,NORMAL
REQ01987,AMB0113,3,0.83,AMB0113,3,0.8,0.211,HEAVY
REQ01988,AMB0094,8,2.8,AMB0092,5,2,0.453,NORMAL
REQ01989,AMB0115,6,2.37,AMB0114,4,1.5,0.242,MODERATE
REQ01990,AMB0125,7,3.35,AMB0123,7,3.1,0.5,NORMAL
REQ01991,AMB0130,7,1.82,AMB0131,6,1.5,0.231,NORMAL
REQ01992,AMB0042,7,2.26,AMB0042,7,2.3,0.51,NORMAL
REQ01993,AMB0115,4,1.65,AMB0115,4,1.7,0.264,NORMAL
REQ01994,AMB0125,6,2.66,AMB0125,6,2.7,0.434,NORMAL
REQ01995,AMB0104,2,0.86,AMB0104,2,0.9,0.237,MODERATE
REQ01996,AMB0034,7,2.63,AMB0036,7,2.6,0.524,NORMAL
REQ01997,AMB0078,4,1.31,AMB0079,4,1.1,0.162,MODERATE
REQ01998,AMB0110,4,1.74,AMB0110,4,1.7,0.253,NORMAL
REQ01999,AMB0093,6,1.76,AMB0093,5,1.8,0.239,NORMAL
REQ02000,AMB0118,8,2.6,AMB0118,8,2.6,0.573,MODERATE
REQ02001,AMB0057,19,6.71,AMB0055,9,3,0.518,NORMAL
REQ02002,AMB0017,14,3.89,AMB0019,14,3.7,0.565,NORMAL
REQ02003,AMB0079,2,0.36,AMB0079,1,0.4,0.119,NORMAL
REQ02004,AMB0042,9,2.94,AMB0037,8,2.6,0.726,MODERATE
REQ02005,AMB0063,15,5.12,AMB0031,6,1.7,0.319,NORMAL
REQ02006,AMB0129,6,1.67,AMB0131,6,1.5,0.23,MODERATE
REQ02007,AMB0057,15,4.6,AMB0033,8,2.3,0.444,NORMAL
REQ02008,AMB0039,7,1.87,AMB0039,7,1.9,0.356,NORMAL
REQ02009,AMB0112,9,2.91,AMB0112,9,2.9,0.407,MODERATE
REQ02010,AMB0047,11,3.14,AMB0046,9,2.8,0.315,MODERATE
REQ02011,AMB0130,7,1.93,AMB0131,6,1.6,0.237,NORMAL
REQ02012,AMB0018,5,1.47,AMB0018,5,1.5,0.338,NORMAL
REQ02013,AMB0025,9,2.44,AMB0023,9,2.4,0.338,MODERATE
REQ02014,AMB0045,11,3.03,AMB0044,9,2.7,0.452,NORMAL
REQ02015,AMB0034,4,1.39,AMB0036,4,1.4,0.309,MODERATE
REQ02016,AMB0066,5,1.62,AMB0065,5,1.5,0.36,MODERATE
REQ02017,AMB0003,15,7.19,AMB0014,7,3.2,0.413,MODERATE
REQ02018,AMB0106,14,5.74,AMB0095,6,2,0.293,MODERATE
REQ02019,AMB0068,14,5.3,AMB0064,9,3.1,0.555,MODERATE
REQ02020,AMB0104,3,0.96,AMB0104,3,1,0.252,NORMAL
REQ02021,AMB0039,9,2.98,AMB0036,7,2.9,0.597,MODERATE
REQ02022,AMB0052,7,2.08,AMB0053,5,1.6,0.354,NORMAL
REQ02023,AMB0094,9,3.33,AMB0069,6,2.2,0.642,NORMAL
REQ02024,AMB0032,5,1.22,AMB0032,5,1.2,0.278,MODERATE
REQ02025,AMB0046,5,2.37,AMB0046,5,2.4,0.3,NORMAL
REQ02026,AMB0054,7,2.29,AMB0053,6,2.2,0.571,NORMAL
REQ02027,AMB0111,5,1.47,AMB0109,5,1.4,0.176,NORMAL
REQ02028,AMB0033,4,0.99,AMB0033,4,1,0.296,MODERATE
REQ02029,AMB0030,2,0.58,AMB0030,2,0.6,0.213,NORMAL
REQ02030,AMB0046,6,2.98,AMB0046,6,3,0.29,NORMAL
REQ02031,AMB0122,3,0.77,AMB0122,3,0.8,0.136,NORMAL
REQ02032,AMB0082,38,20.66,AMB0046,12,6,0.345,NORMAL
REQ02033,AMB0125,13,4.69,AMB0125,13,4.7,0.433,NORMAL
REQ02034,AMB0044,16,8.55,AMB0042,7,4.5,0.31,MODERATE
REQ02035,AMB0023,2,0.38,AMB0023,1,0.4,0.149,HEAVY
REQ02036,AMB0118,5,1.44,AMB0118,5,1.4,0.205,MODERATE
REQ02037,AMB0068,11,4.78,AMB0064,6,2.5,0.529,NORMAL
REQ02038,AMB0057,13,4.21,AMB0033,7,1.9,0.274,NORMAL
REQ02039,AMB0077,27,15.35,AMB0079,26,14.8,0.391,NORMAL
REQ02040,AMB0096,11,3.46,AMB0096,11,3.5,0.492,NORMAL
REQ02041,AMB0095,9,2.48,AMB0095,9,2.5,0.423,HEAVY
REQ02042,AMB0082,38,20.37,AMB0046,12,5.7,0.346,NORMAL
REQ02043,AMB0075,17,7.09,AMB0088,9,3.4,0.311,NORMAL
REQ02044,AMB0014,6,2.6,AMB0014,6,2.6,0.442,HEAVY
REQ02045,AMB0068,2,0.25,AMB0068,1,0.3,0.137,NORMAL
REQ02046,AMB0122,9,2.27,AMB0122,9,2.3,0.347,NORMAL
REQ02047,AMB0029,2,0.38,AMB0027,1,0.4,0.128,NORMAL
REQ02048,AMB0112,2,0.68,AMB0112,2,0.7,0.14,MODERATE
REQ02049,AMB0012,11,3.06,AMB0011,11,3.3,0.507,NORMAL
REQ02050,AMB0059,2,0.4,AMB0059,1,0.4,0.209,NORMAL
REQ02051,AMB0131,3,1.28,AMB0131,3,1.3,0.199,NORMAL
REQ02052,AMB0014,7,3.07,AMB0014,7,3.1,0.42,NORMAL
REQ02053,AMB0085,9,2.25,AMB0086,8,2.4,0.311,HEAVY
REQ02054,AMB0102,5,1.66,AMB0102,5,1.7,0.351,NORMAL
REQ02055,AMB0093,7,1.9,AMB0093,7,1.9,0.229,MODERATE
REQ02056,AMB0045,9,2.69,AMB0044,8,2.4,0.428,NORMAL
REQ02057,AMB0088,38,19.5,AMB0079,29,16.8,0.635,MODERATE
REQ02058,AMB0089,4,1.21,AMB0089,4,1.2,0.248,NORMAL
REQ02059,AMB0067,6,1.48,AMB0067,6,1.5,0.289,NORMAL
REQ02060,AMB0086,4,1.81,AMB0084,4,1.5,0.292,NORMAL
REQ02061,AMB0067,6,1.53,AMB0068,6,1.5,0.363,MODERATE
REQ02062,AMB0015,2,1.01,AMB0015,2,1,0.179,NORMAL
REQ02063,AMB0030,4,1.19,AMB0030,4,1.2,0.402,NORMAL
REQ02064,AMB0114,17,6.75,AMB0102,8,3.2,0.539,NORMAL
REQ02065,AMB0025,7,1.8,AMB0023,7,1.8,0.164,NORMAL
REQ02066,AMB0079,5,2.53,AMB0079,5,2.5,0.331,NORMAL
REQ02067,AMB0125,6,2.9,AMB0125,6,2.9,0.449,NORMAL
REQ02068,AMB0040,9,2.91,AMB0042,8,2.8,0.683,NORMAL
REQ02069,AMB0039,2,0.12,AMB0039,1,0.1,0.094,MODERATE
REQ02070,AMB0008,4,1.42,AMB0008,4,1.4,0.276,NORMAL
REQ02071,AMB0038,7,2.46,AMB0037,6,2,0.532,HEAVY
REQ02072,AMB0072,6,2,AMB0072,6,2,0.378,NORMAL
REQ02073,AMB0124,12,3.13,AMB0123,11,2.9,0.37,MODERATE
REQ02074,AMB0104,6,2.27,AMB0098,5,2.2,0.465,NORMAL
REQ02075,AMB0034,3,0.97,AMB0036,3,1,0.259,NORMAL
REQ02076,AMB0069,5,1.62,AMB0069,4,1.6,0.373,MODERATE
REQ02077,AMB0030,5,1.52,AMB0030,5,1.5,0.541,NORMAL
REQ02078,AMB0077,3,1.47,AMB0079,3,1.2,0.206,MODERATE
REQ02079,AMB0118,5,1.79,AMB0118,5,1.8,0.248,NORMAL
REQ02080,AMB0037,8,2.97,AMB0036,8,3.2,0.616,NORMAL
REQ02081,AMB0095,23,8.76,AMB0097,8,2.8,0.448,MODERATE
REQ02082,AMB0058,4,1.29,AMB0057,4,1.2,0.286,NORMAL
REQ02083,AMB0106,2,0.58,AMB0106,2,0.6,0.179,NORMAL
REQ02084,AMB0057,18,6.43,AMB0055,9,2.9,0.523,MODERATE
REQ02085,AMB0020,18,7.28,AMB0009,9,4.1,0.496,MODERATE
REQ02086,AMB0086,4,1.56,AMB0084,3,1.3,0.264,NORMAL
REQ02087,AMB0092,5,1.74,AMB0092,5,1.7,0.237,NORMAL
REQ02088,AMB0066,5,1.78,AMB0065,5,1.7,0.44,MODERATE
REQ02089,AMB0015,16,5.82,AMB0003,10,3.7,0.604,NORMAL
REQ02090,AMB0078,5,1.98,AMB0079,5,1.9,0.232,MODERATE
REQ02091,AMB0026,10,2.83,AMB0066,10,3.4,0.744,MODERATE
REQ02092,AMB0096,2,0.42,AMB0096,1,0.4,0.124,NORMAL
REQ02093,AMB0054,6,2.07,AMB0053,5,1.9,0.436,MODERATE
REQ02094,AMB0016,19,5.8,AMB0015,8,2.8,0.478,MODERATE
REQ02095,AMB0003,7,2.15,AMB0003,7,2.2,0.478,NORMAL
REQ02096,AMB0081,47,21.82,AMB0083,11,3,0.28,NORMAL
REQ02097,AMB0015,6,2.87,AMB0014,5,2.6,0.418,NORMAL
REQ02098,AMB0023,3,1.07,AMB0023,3,1.1,0.22,HEAVY
REQ02099,AMB0077,5,2.25,AMB0079,5,1.9,0.28,NORMAL
REQ02100,AMB0034,8,2.87,AMB0055,7,2.6,0.496,NORMAL
REQ02101,AMB0081,33,18.81,AMB0083,7,2.5,0.318,HEAVY
REQ02102,AMB0037,4,1.33,AMB0037,4,1.3,0.249,NORMAL
REQ02103,AMB0088,12,5.22,AMB0079,6,2.6,0.47,MODERATE
REQ02104,AMB0131,11,4.17,AMB0131,11,4.2,0.4,HEAVY
REQ02105,AMB0055,3,0.79,AMB0055,3,0.8,0.204,MODERATE
REQ02106,AMB0100,5,1.65,AMB0100,5,1.7,0.218,NORMAL
REQ02107,AMB0057,13,4.27,AMB0033,7,2,0.278,NORMAL
REQ02108,AMB0110,8,3.06,AMB0110,8,3.1,0.463,MODERATE
REQ02109,AMB0063,7,1.93,AMB0065,6,1.9,0.346,MODERATE
REQ02110,AMB0014,9,2.52,AMB0014,9,2.5,0.713,HEAVY
REQ02111,AMB0081,9,3.22,AMB0083,9,3.7,0.253,NORMAL
REQ02112,AMB0029,2,0.72,AMB0027,2,0.7,0.185,NORMAL
REQ02113,AMB0046,5,2.43,AMB0046,5,2.4,0.265,HEAVY
REQ02114,AMB0079,6,2.76,AMB0079,6,2.8,0.343,MODERATE
REQ02115,AMB0089,20,8.33,AMB0088,6,1.7,0.158,NORMAL
REQ02116,AMB0103,5,1.46,AMB0103,5,1.5,0.283,NORMAL
REQ02117,AMB0129,10,2.72,AMB0131,10,2.5,0.375,MODERATE
REQ02118,AMB0039,4,1.21,AMB0039,4,1.2,0.294,NORMAL
REQ02119,AMB0015,11,4.27,AMB0018,6,2.5,0.538,NORMAL
REQ02120,AMB0048,3,0.79,AMB0048,3,0.8,0.279,NORMAL
REQ02121,AMB0089,3,1.01,AMB0089,3,1,0.22,MODERATE
REQ02122,AMB0083,2,0.4,AMB0083,1,0.4,0.121,HEAVY
REQ02123,AMB0037,5,1.47,AMB0037,5,1.5,0.342,NORMAL
REQ02124,AMB0075,6,1.59,AMB0076,4,1.1,0.229,MODERATE
REQ02125,AMB0053,2,0.6,AMB0053,2,0.6,0.22,MODERATE
REQ02126,AMB0101,12,5.52,AMB0084,6,2.5,0.537,MODERATE
REQ02127,AMB0127,6,1.64,AMB0127,6,1.6,0.259,MODERATE
REQ02128,AMB0040,8,3.12,AMB0042,8,3,0.678,NORMAL
REQ02129,AMB0034,2,0.69,AMB0036,2,0.7,0.208,NORMAL
REQ02130,AMB0089,54,20.47,AMB0086,13,4.1,0.356,NORMAL
REQ02131,AMB0002,9,3.37,AMB0001,7,2.6,0.374,NORMAL
REQ02132,AMB0019,4,1.01,AMB0018,3,1,0.316,NORMAL
REQ02133,AMB0060,2,0.63,AMB0060,2,0.6,0.28,MODERATE
REQ02134,AMB0097,3,1.43,AMB0097,3,1.4,0.211,HEAVY
REQ02135,AMB0081,9,3.44,AMB0083,9,3.9,0.253,MODERATE
REQ02136,AMB0011,10,2.68,AMB0011,10,2.7,0.454,NORMAL
REQ02137,AMB0050,3,1.24,AMB0049,2,1,0.266,NORMAL
REQ02138,AMB0125,9,2.5,AMB0123,8,2.2,0.342,MODERATE
REQ02139,AMB0108,2,0.3,AMB0108,1,0.3,0.128,NORMAL
REQ02140,AMB0131,2,0.75,AMB0131,2,0.8,0.18,NORMAL
REQ02141,AMB0057,4,1.21,AMB0057,4,1.2,0.321,MODERATE
REQ02142,AMB0086,6,1.93,AMB0086,6,1.9,0.312,NORMAL
REQ02143,AMB0092,5,1.71,AMB0092,5,1.7,0.209,NORMAL
REQ02144,AMB0035,4,1.48,AMB0033,3,1.3,0.304,NORMAL
REQ02145,AMB0060,4,0.92,AMB0060,3,0.9,0.305,NORMAL
REQ02146,AMB0025,8,2.32,AMB0023,7,2.3,0.53,NORMAL
REQ02147,AMB0111,6,2,AMB0109,5,1.9,0.194,NORMAL
REQ02148,AMB0098,6,2.15,AMB0098,6,2.2,0.454,MODERATE
REQ02149,AMB0063,3,0.82,AMB0066,3,0.7,0.188,NORMAL
REQ02150,AMB0130,11,2.76,AMB0131,9,2.4,0.371,MODERATE
REQ02151,AMB0125,7,3,AMB0123,6,2.7,0.496,NORMAL
REQ02152,AMB0002,6,1.61,AMB0001,5,1.4,0.246,NORMAL
REQ02153,AMB0034,4,1.29,AMB0036,4,1.3,0.31,NORMAL
REQ02154,AMB0129,5,1.25,AMB0131,4,1.1,0.206,MODERATE
REQ02155,AMB0036,12,4.63,AMB0021,9,3.4,0.646,NORMAL
REQ02156,AMB0089,11,3.08,AMB0088,11,3.2,0.326,NORMAL
REQ02157,AMB0107,7,2.43,AMB0099,6,2.2,0.469,NORMAL
REQ02158,AMB0115,10,2.78,AMB0113,9,2.5,0.344,NORMAL
REQ02159,AMB0048,21,7.82,AMB0074,10,3.4,0.497,MODERATE
REQ02160,AMB0041,3,1.19,AMB0041,3,1.2,0.24,NORMAL
REQ02161,AMB0081,30,18.19,AMB0083,3,1.5,0.154,NORMAL
REQ02162,AMB0082,45,22.24,AMB0046,18,7.6,0.404,NORMAL
REQ02163,AMB0066,10,3.18,AMB0064,10,3.2,0.573,NORMAL
REQ02164,AMB0056,4,1.14,AMB0057,3,1,0.258,NORMAL
REQ02165,AMB0080,24,14.57,AMB0079,23,14.3,0.599,MODERATE
REQ02166,AMB0018,7,2.12,AMB0018,7,2.1,0.531,NORMAL
REQ02167,AMB0060,15,4.6,AMB0092,11,3.8,0.588,NORMAL
REQ02168,AMB0078,5,1.53,AMB0079,5,1.4,0.174,MODERATE
REQ02169,AMB0039,11,3.17,AMB0036,8,3.1,0.549,NORMAL
REQ02170,AMB0111,8,2.45,AMB0109,7,2.3,0.346,HEAVY
REQ02171,AMB0114,7,2.7,AMB0113,7,2.6,0.493,NORMAL
REQ02172,AMB0021,6,2.15,AMB0021,6,2.2,0.474,NORMAL
REQ02173,AMB0029,9,2.35,AMB0027,8,2.3,0.445,HEAVY
REQ02174,AMB0087,4,0.96,AMB0087,3,1,0.141,NORMAL
REQ02175,AMB0086,6,2.4,AMB0084,5,2.1,0.328,NORMAL
REQ02176,AMB0109,6,3.15,AMB0110,4,2.2,0.349,HEAVY
REQ02177,AMB0121,10,2.61,AMB0120,9,2.4,0.278,MODERATE
REQ02178,AMB0030,8,2.52,AMB0066,8,3.1,0.738,NORMAL
REQ02179,AMB0046,6,2.54,AMB0046,6,2.5,0.269,HEAVY
REQ02180,AMB0116,21,6.86,AMB0118,3,1,0.157,NORMAL
REQ02181,AMB0088,38,19.38,AMB0079,28,16.7,0.634,MODERATE
REQ02182,AMB0035,8,2.41,AMB0033,7,2.3,0.446,NORMAL
REQ02183,AMB0037,4,1.5,AMB0037,4,1.5,0.326,NORMAL
REQ02184,AMB0024,5,2.18,AMB0023,4,1.9,0.467,MODERATE
REQ02185,AMB0107,14,5.27,AMB0128,7,2.7,0.521,HEAVY
REQ02186,AMB0032,15,4.46,AMB0023,9,2.8,0.509,NORMAL
REQ02187,AMB0035,2,1.03,AMB0033,2,0.9,0.247,MODERATE
REQ02188,AMB0066,9,3.01,AMB0064,9,3,0.705,NORMAL
REQ02189,AMB0123,15,5.43,AMB0120,14,4.4,0.622,MODERATE
REQ02190,AMB0016,5,2.1,AMB0016,5,2.1,0.412,NORMAL
REQ02191,AMB0039,5,1.5,AMB0039,5,1.5,0.323,NORMAL
REQ02192,AMB0121,8,2.16,AMB0120,7,2,0.118,NORMAL
REQ02193,AMB0066,7,2.53,AMB0064,7,2.6,0.683,NORMAL
REQ02194,AMB0088,37,18.93,AMB0079,28,16.3,0.632,NORMAL
REQ02195,AMB0124,9,2.48,AMB0123,10,2.8,0.352,NORMAL
REQ02196,AMB0034,4,1.47,AMB0036,4,1.5,0.322,NORMAL
REQ02197,AMB0038,5,2.2,AMB0037,4,1.8,0.336,HEAVY
REQ02198,AMB0094,9,2.88,AMB0092,6,2.1,0.458,NORMAL
REQ02199,AMB0125,3,1,AMB0125,3,1,0.167,NORMAL
REQ02200,AMB0131,2,0.92,AMB0131,2,0.9,0.185,HEAVY
REQ02201,AMB0084,5,1.42,AMB0084,5,1.4,0.147,MODERATE
REQ02202,AMB0028,5,1.65,AMB0026,4,1.5,0.315,NORMAL
REQ02203,AMB0017,10,2.83,AMB0019,9,2.6,0.527,NORMAL
REQ02204,AMB0034,4,1.21,AMB0036,4,1.2,0.289,NORMAL
REQ02205,AMB0039,7,2.07,AMB0055,6,2.4,0.451,NORMAL
REQ02206,AMB0086,4,1.48,AMB0086,4,1.5,0.27,NORMAL
REQ02207,AMB0066,3,0.79,AMB0066,3,0.8,0.193,NORMAL
REQ02208,AMB0111,7,2.19,AMB0112,7,2.4,0.333,MODERATE
REQ02209,AMB0118,6,2.29,AMB0118,6,2.3,0.357,HEAVY
REQ02210,AMB0035,2,0.44,AMB0035,1,0.4,0.167,NORMAL
REQ02211,AMB0106,4,1.11,AMB0106,4,1.1,0.266,NORMAL
REQ02212,AMB0026,5,1.45,AMB0026,5,1.5,0.481,NORMAL
REQ02213,AMB0122,8,2.2,AMB0122,8,2.2,0.335,NORMAL
REQ02214,AMB0090,4,0.98,AMB0088,4,1,0.208,MODERATE
REQ02215,AMB0036,10,3.91,AMB0021,7,3,0.64,NORMAL
REQ02216,AMB0078,13,3.95,AMB0080,13,3.9,0.444,NORMAL
REQ02217,AMB0024,7,2.44,AMB0023,6,2.2,0.552,MODERATE
REQ02218,AMB0123,12,4.45,AMB0123,12,4.5,0.602,HEAVY
REQ02219,AMB0061,9,3.07,AMB0065,5,2,0.464,NORMAL
REQ02220,AMB0103,6,1.52,AMB0103,6,1.5,0.302,NORMAL
REQ02221,AMB0039,10,3.04,AMB0036,7,3,0.603,HEAVY
REQ02222,AMB0075,3,0.77,AMB0075,3,0.8,0.154,MODERATE
REQ02223,AMB0025,5,1.69,AMB0023,5,1.7,0.3,NORMAL
REQ02224,AMB0129,9,2.46,AMB0131,9,2.3,0.362,HEAVY
REQ02225,AMB0041,12,3.73,AMB0042,12,3.7,0.395,NORMAL
REQ02226,AMB0016,4,1.74,AMB0014,3,1.3,0.226,MODERATE
REQ02227,AMB0034,3,0.93,AMB0036,3,0.9,0.256,NORMAL
REQ02228,AMB0002,11,2.96,AMB0001,10,2.7,0.426,NORMAL
REQ02229,AMB0070,2,0.8,AMB0070,2,0.8,0.229,NORMAL
REQ02230,AMB0076,10,3.15,AMB0053,7,2.6,0.613,HEAVY
REQ02231,AMB0131,10,4.08,AMB0131,10,4.1,0.391,NORMAL
REQ02232,AMB0036,2,0.4,AMB0036,1,0.4,0.18,NORMAL
REQ02233,AMB0088,3,1.1,AMB0088,3,1.1,0.195,HEAVY
REQ02234,AMB0044,17,8.27,AMB0042,8,4.3,0.366,MODERATE
REQ02235,AMB0069,3,0.86,AMB0069,3,0.9,0.267,NORMAL
REQ02236,AMB0039,6,1.72,AMB0037,6,1.5,0.356,NORMAL
REQ02237,AMB0066,8,2.54,AMB0064,8,2.6,0.578,MODERATE
REQ02238,AMB0034,5,1.68,AMB0036,5,1.7,0.36,MODERATE
REQ02239,AMB0128,9,3.03,AMB0128,9,3,0.572,NORMAL
REQ02240,AMB0042,10,4.74,AMB0049,4,2,0.426,NORMAL
REQ02241,AMB0122,7,1.92,AMB0120,6,1.7,0.175,NORMAL
REQ02242,AMB0084,2,0.55,AMB0084,2,0.6,0.115,NORMAL
REQ02243,AMB0128,2,0.86,AMB0128,2,0.9,0.16,NORMAL
REQ02244,AMB0127,4,1.23,AMB0128,4,1.1,0.211,NORMAL
REQ02245,AMB0125,4,1.77,AMB0123,3,1.5,0.233,MODERATE
REQ02246,AMB0078,8,2.51,AMB0080,8,2.5,0.354,NORMAL
REQ02247,AMB0065,2,0.75,AMB0065,2,0.8,0.211,NORMAL
REQ02248,AMB0032,8,2.25,AMB0031,7,2.1,0.579,NORMAL
REQ02249,AMB0115,7,2.68,AMB0114,5,1.8,0.27,MODERATE
REQ02250,AMB0003,7,2.16,AMB0003,7,2.2,0.48,NORMAL
REQ02251,AMB0110,7,2.54,AMB0110,7,2.5,0.442,NORMAL
REQ02252,AMB0079,25,12.89,AMB0083,12,6.1,0.391,MODERATE
REQ02253,AMB0122,9,2.44,AMB0120,9,2.3,0.35,NORMAL
REQ02254,AMB0051,5,1.72,AMB0050,2,0.6,0.195,NORMAL
REQ02255,AMB0010,2,0.31,AMB0010,1,0.3,0.133,MODERATE
REQ02256,AMB0094,2,0.51,AMB0094,2,0.5,0.12,MODERATE
REQ02257,AMB0125,5,1.72,AMB0125,5,1.7,0.24,HEAVY
REQ02258,AMB0089,7,1.83,AMB0089,7,1.8,0.167,NORMAL
REQ02259,AMB0074,10,5.06,AMB0088,5,2.2,0.385,NORMAL
REQ02260,AMB0012,9,2.37,AMB0011,9,2.6,0.448,NORMAL
REQ02261,AMB0112,10,2.91,AMB0112,10,2.9,0.4,MODERATE
REQ02262,AMB0061,3,0.99,AMB0062,3,0.9,0.338,NORMAL
REQ02263,AMB0055,2,0.31,AMB0055,1,0.3,0.141,NORMAL
REQ02264,AMB0077,25,15.41,AMB0079,24,14.9,0.605,NORMAL
REQ02265,AMB0131,9,3.37,AMB0131,9,3.4,0.395,MODERATE
REQ02266,AMB0118,5,1.67,AMB0118,5,1.7,0.233,NORMAL
REQ02267,AMB0125,5,1.96,AMB0125,5,2,0.269,MODERATE
REQ02268,AMB0131,5,1.77,AMB0131,5,1.8,0.187,NORMAL
REQ02269,AMB0084,5,1.47,AMB0084,5,1.5,0.148,NORMAL
REQ02270,AMB0045,8,2.45,AMB0044,6,2.2,0.396,MODERATE
REQ02271,AMB0028,5,1.31,AMB0032,4,1.2,0.292,MODERATE
REQ02272,AMB0061,6,1.82,AMB0059,5,1.5,0.427,HEAVY
REQ02273,AMB0069,6,2.18,AMB0069,6,2.2,0.652,NORMAL
REQ02274,AMB0005,3,0.9,AMB0005,3,0.9,0.197,NORMAL
REQ02275,AMB0086,6,2.06,AMB0084,5,1.8,0.145,NORMAL
REQ02276,AMB0131,6,2.44,AMB0131,6,2.4,0.335,NORMAL
REQ02277,AMB0129,9,2.27,AMB0131,8,2.1,0.351,MODERATE
REQ02278,AMB0029,8,1.98,AMB0027,7,2,0.289,NORMAL
REQ02279,AMB0131,8,3.42,AMB0131,8,3.4,0.352,MODERATE
REQ02280,AMB0009,4,1.65,AMB0009,4,1.7,0.285,MODERATE
REQ02281,AMB0077,28,16.16,AMB0079,27,15.6,0.397,MODERATE
REQ02282,AMB0037,8,3.01,AMB0021,7,3,0.698,NORMAL
REQ02283,AMB0021,7,2.5,AMB0021,7,2.5,0.524,NORMAL
REQ02284,AMB0022,6,2.31,AMB0022,6,2.3,0.435,NORMAL
REQ02285,AMB0064,5,1.59,AMB0065,4,1.4,0.361,MODERATE
REQ02286,AMB0048,3,0.84,AMB0049,2,0.8,0.259,MODERATE
REQ02287,AMB0005,5,1.83,AMB0005,5,1.8,0.268,NORMAL
REQ02288,AMB0082,41,20.89,AMB0046,15,6.2,0.371,NORMAL
REQ02289,AMB0112,8,2.2,AMB0109,8,2.5,0.357,NORMAL
REQ02290,AMB0131,3,1.14,AMB0131,3,1.1,0.198,NORMAL
REQ02291,AMB0072,9,2.27,AMB0070,8,2.2,0.358,MODERATE
REQ02292,AMB0069,9,3.03,AMB0091,7,2.7,0.618,MODERATE
REQ02293,AMB0101,20,7.69,AMB0103,11,3.6,0.573,MODERATE
REQ02294,AMB0038,5,1.73,AMB0037,4,1.3,0.272,NORMAL
REQ02295,AMB0053,8,2.49,AMB0049,7,2.3,0.551,NORMAL
REQ02296,AMB0071,3,0.66,AMB0071,2,0.7,0.219,NORMAL
REQ02297,AMB0072,5,1.45,AMB0072,5,1.5,0.3,NORMAL
REQ02298,AMB0128,5,1.4,AMB0128,5,1.4,0.227,NORMAL
REQ02299,AMB0055,4,1.66,AMB0055,4,1.7,0.309,NORMAL
REQ02300,AMB0005,8,2.63,AMB0005,8,2.6,0.45,NORMAL
REQ02301,AMB0114,9,3,AMB0113,8,2.9,0.52,MODERATE
REQ02302,AMB0032,4,1.18,AMB0031,3,1,0.316,NORMAL
REQ02303,AMB0015,12,4.66,AMB0018,8,2.9,0.59,NORMAL
REQ02304,AMB0051,5,1.61,AMB0050,2,0.6,0.212,MODERATE
REQ02305,AMB0075,19,7.74,AMB0088,11,4,0.337,HEAVY
REQ02306,AMB0057,5,1.26,AMB0058,4,1.1,0.217,MODERATE
REQ02307,AMB0086,10,3.43,AMB0092,9,2.9,0.411,NORMAL
REQ02308,AMB0043,5,2.38,AMB0043,5,2.4,0.337,HEAVY
REQ02309,AMB0024,7,2.35,AMB0023,5,1.8,0.323,MODERATE
REQ02310,AMB0129,4,1.02,AMB0131,3,0.8,0.192,NORMAL
REQ02311,AMB0063,7,1.97,AMB0065,6,1.9,0.417,NORMAL
REQ02312,AMB0095,22,8.56,AMB0097,7,2.6,0.427,NORMAL
REQ02313,AMB0061,4,1.31,AMB0064,2,0.9,0.249,NORMAL
REQ02314,AMB0103,10,2.99,AMB0103,10,3,0.535,NORMAL
REQ02315,AMB0034,4,1.54,AMB0036,4,1.5,0.324,MODERATE
REQ02316,AMB0066,8,2.51,AMB0064,8,2.5,0.526,NORMAL
REQ02317,AMB0060,14,4.57,AMB0092,10,3.3,0.547,NORMAL
REQ02318,AMB0108,16,6.33,AMB0095,8,2.6,0.469,NORMAL
REQ02319,AMB0050,9,3.77,AMB0037,5,2,0.462,NORMAL
REQ02320,AMB0053,6,1.83,AMB0053,5,1.8,0.396,HEAVY
REQ02321,AMB0026,9,2.27,AMB0027,9,2.5,0.454,NORMAL
REQ02322,AMB0047,11,4.09,AMB0046,10,3.9,0.323,NORMAL
REQ02323,AMB0092,2,0.54,AMB0092,2,0.5,0.133,NORMAL
REQ02324,AMB0076,8,2.1,AMB0054,6,1.7,0.339,NORMAL
REQ02325,AMB0047,10,2.67,AMB0046,9,2.4,0.31,MODERATE
REQ02326,AMB0094,10,3.29,AMB0092,7,2.5,0.476,HEAVY
REQ02327,AMB0061,7,2,AMB0056,5,1.4,0.384,NORMAL
REQ02328,AMB0055,4,1.67,AMB0055,4,1.7,0.321,NORMAL
REQ02329,AMB0089,3,0.91,AMB0089,3,0.9,0.217,NORMAL
REQ02330,AMB0078,14,4.34,AMB0079,14,4.2,0.461,NORMAL
REQ02331,AMB0100,4,1.25,AMB0100,4,1.3,0.189,MODERATE
REQ02332,AMB0129,8,2.03,AMB0131,7,1.8,0.19,NORMAL
REQ02333,AMB0109,9,3.98,AMB0110,7,3,0.435,MODERATE
REQ02334,AMB0041,4,1.59,AMB0041,4,1.6,0.309,MODERATE
REQ02335,AMB0009,2,0.9,AMB0009,2,0.9,0.207,NORMAL
REQ02336,AMB0008,6,2.03,AMB0008,6,2,0.343,NORMAL
REQ02337,AMB0125,7,3.01,AMB0123,6,2.7,0.495,NORMAL
REQ02338,AMB0022,5,2.01,AMB0021,3,1.3,0.238,HEAVY
REQ02339,AMB0067,5,1.19,AMB0067,4,1.2,0.266,MODERATE
REQ02340,AMB0009,2,0.48,AMB0009,1,0.5,0.161,NORMAL
REQ02341,AMB0128,7,2.54,AMB0128,7,2.5,0.54,HEAVY
REQ02342,AMB0037,11,3.26,AMB0037,11,3.3,0.694,NORMAL
REQ02343,AMB0123,9,3.79,AMB0120,7,2.4,0.478,MODERATE
REQ02344,AMB0073,3,1.33,AMB0072,3,1.1,0.288,NORMAL
REQ02345,AMB0032,6,1.85,AMB0031,5,1.7,0.511,NORMAL
REQ02346,AMB0071,3,0.96,AMB0070,2,0.8,0.246,NORMAL
REQ02347,AMB0103,8,2.25,AMB0103,8,2.3,0.499,NORMAL
REQ02348,AMB0066,7,2.04,AMB0065,7,2,0.405,NORMAL
REQ02349,AMB0121,12,3.54,AMB0120,11,3.3,0.513,NORMAL
REQ02350,AMB0122,9,2.44,AMB0122,9,2.4,0.352,NORMAL
REQ02351,AMB0060,7,2.3,AMB0069,4,1.5,0.362,NORMAL
REQ02352,AMB0112,4,1.42,AMB0112,4,1.4,0.187,NORMAL
REQ02353,AMB0082,38,20.13,AMB0046,11,5.5,0.338,HEAVY
REQ02354,AMB0018,2,0.4,AMB0018,1,0.4,0.169,MODERATE
REQ02355,AMB0079,25,13.27,AMB0083,12,6.5,0.396,NORMAL
REQ02356,AMB0087,6,2.24,AMB0091,5,2.3,0.332,NORMAL
REQ02357,AMB0088,43,20.54,AMB0079,34,17.9,0.437,NORMAL
REQ02358,AMB0039,6,1.66,AMB0039,6,1.7,0.338,MODERATE
REQ02359,AMB0017,11,3.02,AMB0019,10,2.8,0.541,NORMAL
REQ02360,AMB0077,26,15.7,AMB0079,25,15.2,0.614,NORMAL
REQ02361,AMB0122,4,1.21,AMB0122,4,1.2,0.177,MODERATE
REQ02362,AMB0121,12,3.19,AMB0120,11,3,0.295,HEAVY
REQ02363,AMB0014,7,2.66,AMB0014,7,2.7,0.475,NORMAL
REQ02364,AMB0055,6,1.92,AMB0055,6,1.9,0.35,NORMAL
REQ02365,AMB0037,2,0.65,AMB0037,2,0.7,0.176,HEAVY
REQ02366,AMB0104,9,3.7,AMB0104,9,3.7,0.52,MODERATE
REQ02367,AMB0078,3,1.01,AMB0079,2,0.9,0.161,NORMAL
REQ02368,AMB0118,9,3.25,AMB0118,9,3.3,0.531,NORMAL
REQ02369,AMB0055,4,1.6,AMB0055,4,1.6,0.308,MODERATE
REQ02370,AMB0023,3,1.2,AMB0023,3,1.2,0.251,NORMAL
REQ02371,AMB0094,9,3.08,AMB0092,7,2.3,0.456,NORMAL
REQ02372,AMB0113,5,1.56,AMB0113,5,1.6,0.26,MODERATE
REQ02373,AMB0042,7,2.16,AMB0042,7,2.2,0.331,NORMAL
REQ02374,AMB0061,4,1.3,AMB0062,4,1.2,0.392,NORMAL
REQ02375,AMB0106,14,5.83,AMB0095,6,2,0.424,NORMAL
REQ02376,AMB0092,6,2.16,AMB0092,6,2.2,0.358,NORMAL
REQ02377,AMB0055,2,0.35,AMB0055,1,0.4,0.158,NORMAL
REQ02378,AMB0055,7,2.46,AMB0049,5,1.7,0.338,MODERATE
REQ02379,AMB0003,5,1.28,AMB0003,5,1.3,0.234,NORMAL
REQ02380,AMB0075,4,0.96,AMB0075,4,1,0.128,NORMAL
REQ02381,AMB0034,2,0.67,AMB0036,2,0.7,0.208,MODERATE
REQ02382,AMB0115,5,1.33,AMB0115,5,1.3,0.177,MODERATE
REQ02383,AMB0069,2,0.38,AMB0069,1,0.4,0.148,NORMAL
REQ02384,AMB0056,4,1.12,AMB0057,3,1,0.247,NORMAL
REQ02385,AMB0032,5,1.72,AMB0026,3,1.1,0.253,NORMAL
REQ02386,AMB0114,7,2.32,AMB0114,7,2.3,0.441,NORMAL
REQ02387,AMB0048,3,1.05,AMB0048,3,1.1,0.297,NORMAL
REQ02388,AMB0001,2,1.25,AMB0001,2,1.3,0.216,NORMAL
REQ02389,AMB0100,9,2.72,AMB0100,9,2.7,0.423,MODERATE
REQ02390,AMB0023,4,1.47,AMB0023,4,1.5,0.282,NORMAL
REQ02391,AMB0089,8,2.45,AMB0088,8,2.6,0.297,NORMAL
REQ02392,AMB0094,7,2.18,AMB0092,4,1.4,0.279,NORMAL
REQ02393,AMB0042,7,2.27,AMB0042,7,2.3,0.345,MODERATE
REQ02394,AMB0007,3,2.11,AMB0007,3,2.1,0.305,NORMAL
REQ02395,AMB0068,3,1.16,AMB0068,3,1.2,0.279,HEAVY
REQ02396,AMB0130,5,1.34,AMB0131,4,1,0.204,NORMAL
REQ02397,AMB0046,4,1.77,AMB0046,4,1.8,0.141,MODERATE
REQ02398,AMB0035,7,1.87,AMB0033,6,1.7,0.37,HEAVY
REQ02399,AMB0046,5,2.78,AMB0046,5,2.8,0.279,MODERATE
REQ02400,AMB0081,29,17.78,AMB0083,3,1.8,0.17,NORMAL
REQ02401,AMB0057,13,4.1,AMB0033,6,1.8,0.265,NORMAL
REQ02402,AMB0002,7,1.96,AMB0001,6,1.7,0.271,NORMAL
REQ02403,AMB0110,19,8.62,AMB0113,9,4.3,0.513,MODERATE
REQ02404,AMB0022,6,2.31,AMB0021,4,1.6,0.283,HEAVY
REQ02405,AMB0047,8,2.18,AMB0046,7,1.9,0.146,MODERATE
REQ02406,AMB0066,3,0.91,AMB0065,3,0.8,0.213,NORMAL
REQ02407,AMB0089,6,2.27,AMB0088,6,2.4,0.28,HEAVY
REQ02408,AMB0057,16,4.97,AMB0035,10,2.9,0.473,MODERATE
REQ02409,AMB0018,4,1.06,AMB0018,4,1.1,0.284,MODERATE
REQ02410,AMB0014,5,1.73,AMB0014,5,1.7,0.282,HEAVY
REQ02411,AMB0023,3,1.24,AMB0023,3,1.2,0.251,NORMAL
REQ02412,AMB0090,3,0.8,AMB0088,3,0.8,0.189,NORMAL
REQ02413,AMB0018,8,2.5,AMB0018,8,2.5,0.549,HEAVY
REQ02414,AMB0131,8,3.21,AMB0131,8,3.2,0.352,MODERATE
REQ02415,AMB0031,4,1.24,AMB0031,4,1.2,0.283,NORMAL
REQ02416,AMB0011,3,1.3,AMB0011,3,1.3,0.205,NORMAL
REQ02417,AMB0125,14,6.48,AMB0120,8,4.4,0.551,MODERATE
REQ02418,AMB0091,2,0.22,AMB0091,1,0.2,0.106,NORMAL
REQ02419,AMB0068,3,1.06,AMB0068,3,1.1,0.275,NORMAL
REQ02420,AMB0046,5,2.79,AMB0046,5,2.8,0.281,MODERATE
REQ02421,AMB0067,5,1.28,AMB0068,5,1.3,0.333,NORMAL
REQ02422,AMB0032,6,1.77,AMB0031,5,1.6,0.395,NORMAL
REQ02423,AMB0026,11,2.87,AMB0026,11,2.9,0.653,NORMAL
REQ02424,AMB0032,6,1.88,AMB0031,5,1.7,0.507,MODERATE
REQ02425,AMB0009,14,6.51,AMB0007,7,2.9,0.394,NORMAL
REQ02426,AMB0074,2,0.86,AMB0074,2,0.9,0.216,MODERATE
REQ02427,AMB0008,5,1.6,AMB0008,5,1.6,0.294,NORMAL
REQ02428,AMB0125,7,1.81,AMB0125,7,1.8,0.176,HEAVY
REQ02429,AMB0040,13,6.15,AMB0049,6,3.3,0.513,MODERATE
REQ02430,AMB0094,4,1.62,AMB0091,3,1.1,0.25,NORMAL
REQ02431,AMB0005,6,2.41,AMB0007,6,2.6,0.463,NORMAL
REQ02432,AMB0118,7,2.73,AMB0118,7,2.7,0.377,NORMAL
REQ02433,AMB0084,10,2.96,AMB0086,11,3.3,0.327,MODERATE
REQ02434,AMB0002,9,2.49,AMB0001,8,2.3,0.393,NORMAL
REQ02435,AMB0130,10,2.64,AMB0131,9,2.3,0.365,NORMAL
REQ02436,AMB0123,11,4.44,AMB0120,10,3.4,0.569,NORMAL
REQ02437,AMB0104,5,1.97,AMB0098,4,1.9,0.319,MODERATE
REQ02438,AMB0001,5,2.75,AMB0001,5,2.8,0.351,MODERATE
REQ02439,AMB0048,4,1.48,AMB0049,3,1.3,0.306,MODERATE
REQ02440,AMB0003,2,0.61,AMB0003,2,0.6,0.18,NORMAL
REQ02441,AMB0104,5,2.27,AMB0102,4,2.1,0.448,NORMAL
REQ02442,AMB0111,6,1.72,AMB0112,6,1.6,0.188,NORMAL
REQ02443,AMB0038,10,3.24,AMB0037,9,2.8,0.66,NORMAL
REQ02444,AMB0078,12,4.02,AMB0079,12,3.9,0.438,NORMAL
REQ02445,AMB0088,2,0.43,AMB0088,1,0.4,0.146,MODERATE
REQ02446,AMB0092,5,1.86,AMB0092,5,1.9,0.245,NORMAL
REQ02447,AMB0110,7,2.86,AMB0110,7,2.9,0.487,NORMAL
REQ02448,AMB0077,12,4.84,AMB0088,7,2.6,0.436,MODERATE
REQ02449,AMB0094,7,2.38,AMB0092,5,1.6,0.313,HEAVY
REQ02450,AMB0078,10,2.99,AMB0079,9,2.8,0.361,NORMAL
REQ02451,AMB0059,2,0.56,AMB0059,2,0.6,0.231,NORMAL
REQ02452,AMB0075,20,8.05,AMB0088,12,4.3,0.349,NORMAL
REQ02453,AMB0060,11,3.27,AMB0069,8,2.5,0.538,MODERATE
REQ02454,AMB0004,17,9.09,AMB0015,8,4.7,0.404,NORMAL
REQ02455,AMB0056,2,0.52,AMB0056,2,0.5,0.174,NORMAL
REQ02456,AMB0081,5,1.48,AMB0081,5,1.5,0.206,MODERATE
REQ02457,AMB0124,6,1.72,AMB0123,5,1.6,0.161,NORMAL
REQ02458,AMB0098,13,5.39,AMB0103,5,1.9,0.314,NORMAL
REQ02459,AMB0074,4,2.06,AMB0088,4,1.9,0.34,NORMAL
REQ02460,AMB0131,8,3.52,AMB0131,8,3.5,0.36,NORMAL
REQ02461,AMB0018,4,1.23,AMB0018,4,1.2,0.303,NORMAL
REQ02462,AMB0018,11,3.18,AMB0018,11,3.2,0.593,MODERATE
REQ02463,AMB0026,6,1.78,AMB0026,6,1.8,0.427,NORMAL
REQ02464,AMB0039,7,1.98,AMB0039,7,2,0.365,NORMAL
REQ02465,AMB0006,2,0.55,AMB0006,1,0.6,0.154,MODERATE
REQ02466,AMB0118,5,2.06,AMB0118,5,2.1,0.381,NORMAL
REQ02467,AMB0040,11,3.49,AMB0042,10,3.3,0.713,NORMAL
REQ02468,AMB0118,3,1,AMB0118,3,1,0.165,MODERATE
REQ02469,AMB0103,9,2.73,AMB0102,9,2.6,0.549,NORMAL
REQ02470,AMB0127,9,2.46,AMB0128,8,2.4,0.36,HEAVY
REQ02471,AMB0120,7,1.86,AMB0120,7,1.9,0.119,MODERATE
REQ02472,AMB0129,8,2.1,AMB0131,7,1.9,0.194,MODERATE
REQ02473,AMB0127,11,2.92,AMB0127,11,2.9,0.499,MODERATE
REQ02474,AMB0035,5,1.63,AMB0035,5,1.6,0.341,NORMAL
REQ02475,AMB0074,6,2.5,AMB0074,6,2.5,0.487,NORMAL
REQ02476,AMB0077,27,15.36,AMB0079,26,14.8,0.385,NORMAL
REQ02477,AMB0121,10,2.9,AMB0120,9,2.7,0.43,NORMAL
REQ02478,AMB0043,5,2.03,AMB0043,5,2,0.396,NORMAL
REQ02479,AMB0001,7,3.02,AMB0001,7,3,0.387,HEAVY
REQ02480,AMB0093,5,1.69,AMB0097,5,1.6,0.23,MODERATE
REQ02481,AMB0055,2,0.55,AMB0055,2,0.6,0.19,NORMAL
REQ02482,AMB0016,21,6.33,AMB0015,9,3.3,0.504,NORMAL
REQ02483,AMB0074,6,2.56,AMB0074,6,2.6,0.482,MODERATE
REQ02484,AMB0007,4,2.51,AMB0007,4,2.5,0.347,NORMAL
REQ02485,AMB0130,4,1.09,AMB0131,3,0.8,0.188,HEAVY
REQ02486,AMB0076,5,1.66,AMB0074,4,1.5,0.252,MODERATE
REQ02487,AMB0040,9,3.3,AMB0042,8,3.2,0.69,NORMAL
REQ02488,AMB0016,7,2.82,AMB0016,7,2.8,0.483,NORMAL
REQ02489,AMB0039,2,0.28,AMB0039,1,0.3,0.119,NORMAL
REQ02490,AMB0130,6,1.46,AMB0131,4,1.1,0.211,NORMAL
REQ02491,AMB0011,9,3.04,AMB0011,9,3,0.483,NORMAL
REQ02492,AMB0029,7,1.9,AMB0027,6,1.9,0.302,MODERATE
REQ02493,AMB0061,3,1.01,AMB0062,3,1,0.345,NORMAL
REQ02494,AMB0108,15,6.13,AMB0095,7,2.4,0.455,HEAVY
REQ02495,AMB0044,6,2.22,AMB0043,6,2.2,0.409,NORMAL
REQ02496,AMB0037,3,1.12,AMB0037,3,1.1,0.228,NORMAL
REQ02497,AMB0024,4,1.47,AMB0023,3,1.2,0.291,NORMAL
REQ02498,AMB0102,3,1.21,AMB0102,3,1.2,0.284,NORMAL
REQ02499,AMB0127,4,1.14,AMB0128,3,1.1,0.2,NORMAL
REQ02500,AMB0123,12,4.3,AMB0123,12,4.3,0.604,HEAVY
REQ02501,AMB0014,11,3.27,AMB0023,8,2.8,0.641,NORMAL
REQ02502,AMB0055,5,1.93,AMB0055,5,1.9,0.363,NORMAL
REQ02503,AMB0024,6,1.51,AMB0024,6,1.5,0.336,NORMAL
REQ02504,AMB0057,5,1.59,AMB0057,5,1.6,0.365,MODERATE
REQ02505,AMB0073,15,5.67,AMB0055,7,2.2,0.428,MODERATE
REQ02506,AMB0080,24,13.91,AMB0081,10,6.4,0.255,NORMAL
REQ02507,AMB0123,11,4.33,AMB0120,10,3.3,0.561,MODERATE
REQ02508,AMB0013,9,3.39,AMB0018,5,1.7,0.34,NORMAL
REQ02509,AMB0010,2,0.48,AMB0010,2,0.5,0.159,MODERATE
REQ02510,AMB0071,8,2.03,AMB0071,8,2,0.368,NORMAL
REQ02511,AMB0090,8,2.01,AMB0088,7,2,0.151,NORMAL
REQ02512,AMB0078,10,3.2,AMB0079,10,3.1,0.39,NORMAL
REQ02513,AMB0037,3,1.07,AMB0037,3,1.1,0.222,MODERATE
REQ02514,AMB0035,6,2.22,AMB0033,6,2.1,0.515,NORMAL
REQ02515,AMB0006,4,2.02,AMB0007,4,1.8,0.217,NORMAL
REQ02516,AMB0104,6,2.48,AMB0104,6,2.5,0.467,MODERATE
REQ02517,AMB0107,3,1.25,AMB0107,3,1.3,0.22,MODERATE
REQ02518,AMB0018,6,1.83,AMB0018,6,1.8,0.369,HEAVY
REQ02519,AMB0042,10,2.95,AMB0042,10,3,0.386,NORMAL
REQ02520,AMB0055,2,0.68,AMB0055,2,0.7,0.238,MODERATE
REQ02521,AMB0103,6,1.93,AMB0103,6,1.9,0.324,MODERATE
REQ02522,AMB0017,8,2.29,AMB0018,8,2.1,0.485,NORMAL
REQ02523,AMB0081,27,16.21,AMB0079,9,4.1,0.401,MODERATE
REQ02524,AMB0074,4,1.82,AMB0074,4,1.8,0.331,HEAVY
REQ02525,AMB0130,11,3.21,AMB0131,9,2.9,0.371,MODERATE
REQ02526,AMB0107,7,2.57,AMB0099,6,2.3,0.491,MODERATE
REQ02527,AMB0050,3,0.88,AMB0050,3,0.9,0.238,NORMAL
REQ02528,AMB0001,2,0.15,AMB0001,1,0.2,0.137,NORMAL
REQ02529,AMB0095,4,1.12,AMB0095,4,1.1,0.277,MODERATE
REQ02530,AMB0073,8,2.81,AMB0070,7,2.7,0.562,HEAVY
REQ02531,AMB0064,3,1.29,AMB0065,3,1.1,0.306,NORMAL
REQ02532,AMB0080,23,14.03,AMB0079,23,13.7,0.572,NORMAL
REQ02533,AMB0025,19,7.09,AMB0014,8,3.2,0.492,NORMAL
REQ02534,AMB0042,2,0.81,AMB0042,2,0.8,0.217,NORMAL
REQ02535,AMB0042,8,2.57,AMB0042,8,2.6,0.363,NORMAL
REQ02536,AMB0029,2,0.93,AMB0027,2,0.9,0.212,NORMAL
REQ02537,AMB0097,3,1.32,AMB0097,3,1.3,0.199,MODERATE
REQ02538,AMB0067,4,1.08,AMB0068,4,1.1,0.241,NORMAL
REQ02539,AMB0118,4,1.64,AMB0118,4,1.6,0.236,NORMAL
REQ02540,AMB0002,4,1.2,AMB0001,3,1,0.212,NORMAL
REQ02541,AMB0066,3,0.93,AMB0066,2,0.9,0.251,NORMAL
REQ02542,AMB0118,9,3.03,AMB0118,9,3,0.483,NORMAL
REQ02543,AMB0118,10,3.42,AMB0118,10,3.4,0.573,NORMAL
REQ02544,AMB0060,4,1.16,AMB0062,3,1,0.33,NORMAL
REQ02545,AMB0024,5,1.26,AMB0024,5,1.3,0.447,NORMAL
REQ02546,AMB0043,5,1.98,AMB0043,5,2,0.278,MODERATE
REQ02547,AMB0094,5,2.06,AMB0091,4,1.6,0.345,NORMAL
REQ02548,AMB0054,2,0.55,AMB0054,2,0.6,0.206,NORMAL
REQ02549,AMB0037,5,1.45,AMB0037,5,1.5,0.34,NORMAL
REQ02550,AMB0008,5,1.69,AMB0008,5,1.7,0.301,MODERATE
REQ02551,AMB0002,12,3.16,AMB0001,10,2.9,0.438,NORMAL
REQ02552,AMB0037,6,2.5,AMB0037,6,2.5,0.459,NORMAL
REQ02553,AMB0057,13,4.1,AMB0033,6,1.8,0.276,NORMAL
REQ02554,AMB0055,5,1.91,AMB0055,5,1.9,0.34,HEAVY
REQ02555,AMB0081,6,2.18,AMB0083,6,2.6,0.331,MODERATE
REQ02556,AMB0057,3,0.77,AMB0056,2,0.6,0.172,MODERATE
REQ02557,AMB0072,6,1.62,AMB0070,6,1.6,0.179,HEAVY
REQ02558,AMB0123,11,4.53,AMB0120,9,2.9,0.516,NORMAL
REQ02559,AMB0110,20,9.41,AMB0113,11,5.1,0.542,MODERATE
REQ02560,AMB0039,7,1.98,AMB0037,6,1.9,0.37,HEAVY
REQ02561,AMB0045,5,2.08,AMB0044,4,1.8,0.238,MODERATE
REQ02562,AMB0104,11,4.17,AMB0104,10,4.2,0.589,MODERATE
REQ02563,AMB0092,4,1.44,AMB0092,4,1.4,0.191,NORMAL
REQ02564,AMB0118,9,3.21,AMB0118,9,3.2,0.529,NORMAL
REQ02565,AMB0057,3,0.84,AMB0057,3,0.8,0.186,MODERATE
REQ02566,AMB0068,12,5.04,AMB0064,7,2.8,0.556,NORMAL
REQ02567,AMB0113,3,1.11,AMB0113,3,1.1,0.228,NORMAL
REQ02568,AMB0131,2,0.55,AMB0131,2,0.6,0.173,NORMAL
REQ02569,AMB0001,4,2.43,AMB0001,4,2.4,0.31,MODERATE
REQ02570,AMB0055,7,2.34,AMB0055,7,2.3,0.458,NORMAL
REQ02571,AMB0040,11,3.45,AMB0042,10,3.3,0.79,NORMAL
REQ02572,AMB0120,9,2.42,AMB0120,9,2.4,0.39,NORMAL
REQ02573,AMB0128,13,4.21,AMB0126,1,0.4,0.116,MODERATE
REQ02574,AMB0071,2,0.55,AMB0071,2,0.6,0.193,MODERATE
REQ02575,AMB0007,5,2.64,AMB0007,5,2.6,0.394,HEAVY
REQ02576,AMB0101,17,7.16,AMB0084,11,4.1,0.641,NORMAL
REQ02577,AMB0025,8,2.4,AMB0023,8,2.4,0.47,NORMAL
REQ02578,AMB0127,6,1.87,AMB0127,6,1.9,0.276,NORMAL
REQ02579,AMB0036,10,3.86,AMB0021,8,3.4,0.695,NORMAL
REQ02580,AMB0047,9,2.34,AMB0046,8,2.1,0.297,MODERATE
REQ02581,AMB0115,3,1.02,AMB0115,3,1,0.225,NORMAL
REQ02582,AMB0124,8,2.19,AMB0123,7,2,0.323,NORMAL
REQ02583,AMB0110,4,1.39,AMB0110,4,1.4,0.232,MODERATE
REQ02584,AMB0024,7,2.14,AMB0023,5,1.6,0.307,NORMAL
REQ02585,AMB0055,5,1.88,AMB0055,5,1.9,0.28,NORMAL
REQ02586,AMB0035,4,1.34,AMB0033,3,1.2,0.305,NORMAL
REQ02587,AMB0069,8,2.55,AMB0069,8,2.6,0.689,NORMAL
REQ02588,AMB0063,5,1.41,AMB0066,4,1.2,0.241,NORMAL
REQ02589,AMB0037,7,2.47,AMB0037,7,2.5,0.494,MODERATE
REQ02590,AMB0044,4,1.48,AMB0044,4,1.5,0.23,HEAVY
REQ02591,AMB0011,10,3.26,AMB0011,10,3.3,0.468,MODERATE
REQ02592,AMB0025,8,2.18,AMB0023,8,2.2,0.326,NORMAL
REQ02593,AMB0101,12,5.39,AMB0084,6,2.3,0.513,NORMAL
REQ02594,AMB0068,12,5.16,AMB0064,7,2.9,0.544,NORMAL
REQ02595,AMB0072,9,2.76,AMB0070,9,2.9,0.376,NORMAL
REQ02596,AMB0025,22,7.36,AMB0033,9,2.9,0.481,NORMAL
REQ02597,AMB0092,2,0.38,AMB0092,1,0.4,0.119,MODERATE
REQ02598,AMB0041,10,3.49,AMB0042,9,3.4,0.371,MODERATE
REQ02599,AMB0040,14,6.63,AMB0049,7,3.8,0.537,NORMAL
REQ02600,AMB0051,3,1.2,AMB0049,3,1.2,0.305,MODERATE
REQ02601,AMB0128,2,0.55,AMB0128,2,0.6,0.143,MODERATE
REQ02602,AMB0068,9,3.99,AMB0065,4,1.6,0.346,HEAVY
REQ02603,AMB0073,4,1.26,AMB0070,3,1.1,0.28,MODERATE
REQ02604,AMB0002,8,2.12,AMB0001,6,1.9,0.234,NORMAL
REQ02605,AMB0041,7,2.89,AMB0042,7,2.8,0.461,HEAVY
REQ02606,AMB0055,4,1.42,AMB0053,4,1.3,0.374,NORMAL
REQ02607,AMB0043,2,0.95,AMB0043,2,1,0.166,MODERATE
REQ02608,AMB0121,8,2.44,AMB0120,7,2.2,0.418,NORMAL
REQ02609,AMB0025,4,1.14,AMB0023,4,1.1,0.213,NORMAL
REQ02610,AMB0007,4,1.61,AMB0007,4,1.6,0.265,NORMAL
REQ02611,AMB0043,3,1.06,AMB0043,3,1.1,0.176,NORMAL
REQ02612,AMB0107,3,1.14,AMB0107,3,1.1,0.212,NORMAL
REQ02613,AMB0074,7,2.61,AMB0074,7,2.6,0.449,MODERATE
REQ02614,AMB0053,6,2.13,AMB0049,5,1.9,0.373,NORMAL
REQ02615,AMB0002,7,1.94,AMB0001,6,1.7,0.269,NORMAL
REQ02616,AMB0001,4,1.53,AMB0001,4,1.5,0.25,NORMAL
REQ02617,AMB0127,9,2.3,AMB0128,8,2.2,0.45,NORMAL
REQ02618,AMB0019,5,1.76,AMB0019,5,1.8,0.538,NORMAL
REQ02619,AMB0093,3,0.98,AMB0093,3,1,0.176,NORMAL
REQ02620,AMB0031,6,1.88,AMB0031,6,1.9,0.342,NORMAL
REQ02621,AMB0082,37,20.12,AMB0046,11,5.5,0.335,MODERATE
REQ02622,AMB0075,7,1.93,AMB0074,7,1.9,0.162,MODERATE
REQ02623,AMB0060,6,1.73,AMB0059,4,1.3,0.371,NORMAL
REQ02624,AMB0118,7,2.16,AMB0118,7,2.2,0.401,NORMAL
REQ02625,AMB0098,6,2.19,AMB0098,6,2.2,0.456,MODERATE
REQ02626,AMB0051,3,1.15,AMB0049,3,1.1,0.296,HEAVY
REQ02627,AMB0042,9,2.88,AMB0042,9,2.9,0.382,NORMAL
REQ02628,AMB0129,9,2.23,AMB0131,8,2,0.349,NORMAL
REQ02629,AMB0110,5,2.27,AMB0110,5,2.3,0.41,NORMAL
REQ02630,AMB0060,15,4.82,AMB0092,10,3.5,0.555,NORMAL
REQ02631,AMB0031,2,0.52,AMB0031,2,0.5,0.179,NORMAL
REQ02632,AMB0129,6,1.58,AMB0131,5,1.4,0.225,NORMAL
REQ02633,AMB0089,3,1.18,AMB0089,3,1.2,0.226,NORMAL
REQ02634,AMB0073,6,2.34,AMB0070,6,2.2,0.519,NORMAL
REQ02635,AMB0067,10,3.33,AMB0091,9,3.2,0.687,NORMAL
REQ02636,AMB0116,22,7.48,AMB0118,13,4.2,0.602,MODERATE
REQ02637,AMB0111,4,1.17,AMB0109,4,1.1,0.159,NORMAL
REQ02638,AMB0072,3,0.82,AMB0072,3,0.8,0.269,HEAVY
REQ02639,AMB0015,5,2.58,AMB0014,4,2.3,0.378,NORMAL
REQ02640,AMB0075,20,8.08,AMB0089,12,4.2,0.351,MODERATE
REQ02641,AMB0125,9,2.88,AMB0123,9,3,0.367,NORMAL
REQ02642,AMB0026,3,0.72,AMB0026,3,0.7,0.255,NORMAL
REQ02643,AMB0040,14,6.48,AMB0043,5,2.8,0.408,MODERATE
REQ02644,AMB0037,3,0.99,AMB0037,3,1,0.243,NORMAL
REQ02645,AMB0097,7,1.9,AMB0097,7,1.9,0.263,MODERATE
REQ02646,AMB0032,5,1.28,AMB0032,5,1.3,0.272,NORMAL
REQ02647,AMB0057,3,1.09,AMB0057,3,1.1,0.282,HEAVY
REQ02648,AMB0082,45,22.15,AMB0046,18,7.5,0.403,NORMAL
REQ02649,AMB0094,6,2.13,AMB0091,5,1.6,0.199,NORMAL
REQ02650,AMB0054,4,1.1,AMB0053,3,1,0.314,HEAVY
REQ02651,AMB0051,4,1.29,AMB0049,3,1.2,0.288,MODERATE
REQ02652,AMB0064,2,0.64,AMB0064,2,0.6,0.191,NORMAL
REQ02653,AMB0038,2,0.46,AMB0038,2,0.5,0.153,MODERATE
REQ02654,AMB0100,6,2.17,AMB0099,6,2,0.299,MODERATE
REQ02655,AMB0097,4,1.66,AMB0097,4,1.7,0.232,NORMAL
REQ02656,AMB0024,6,1.98,AMB0023,4,1.7,0.375,NORMAL
REQ02657,AMB0033,16,5.88,AMB0021,10,3.4,0.417,NORMAL
REQ02658,AMB0072,29,10.27,AMB0084,11,3.6,0.456,MODERATE
REQ02659,AMB0072,9,2.65,AMB0070,9,2.8,0.374,HEAVY
REQ02660,AMB0048,6,1.68,AMB0048,6,1.7,0.377,MODERATE
REQ02661,AMB0062,3,0.87,AMB0059,2,0.6,0.256,MODERATE
REQ02662,AMB0104,4,1.77,AMB0102,4,1.6,0.305,HEAVY
REQ02663,AMB0063,5,1.5,AMB0066,4,1.2,0.252,NORMAL
REQ02664,AMB0106,5,1.57,AMB0108,4,1.5,0.309,MODERATE
REQ02665,AMB0029,6,1.6,AMB0026,5,1.4,0.327,HEAVY
REQ02666,AMB0041,9,3.28,AMB0042,9,3.2,0.36,MODERATE
REQ02667,AMB0024,5,1.65,AMB0023,3,1.1,0.263,MODERATE
REQ02668,AMB0066,8,2.52,AMB0064,8,2.5,0.583,HEAVY
REQ02669,AMB0124,2,0.42,AMB0123,1,0.4,0.082,NORMAL
REQ02670,AMB0032,3,0.75,AMB0032,3,0.8,0.261,MODERATE
REQ02671,AMB0104,9,3.39,AMB0104,9,3.4,0.506,NORMAL
REQ02672,AMB0042,11,5.2,AMB0049,5,2.5,0.468,NORMAL
REQ02673,AMB0015,3,1.86,AMB0014,3,1.6,0.251,NORMAL
REQ02674,AMB0031,2,0.59,AMB0031,2,0.6,0.182,NORMAL
REQ02675,AMB0107,3,0.85,AMB0107,3,0.9,0.211,NORMAL
REQ02676,AMB0094,10,3.53,AMB0092,8,2.8,0.505,NORMAL
REQ02677,AMB0068,12,4.88,AMB0064,7,2.6,0.539,HEAVY
REQ02678,AMB0042,5,1.73,AMB0042,5,1.7,0.328,NORMAL
REQ02679,AMB0069,2,0.56,AMB0069,2,0.6,0.18,NORMAL
REQ02680,AMB0118,8,3.29,AMB0118,8,3.3,0.528,NORMAL
REQ02681,AMB0054,5,1.75,AMB0053,4,1.6,0.397,MODERATE
REQ02682,AMB0111,3,0.74,AMB0109,2,0.6,0.143,NORMAL
REQ02683,AMB0086,4,1.55,AMB0084,3,1.3,0.265,HEAVY
REQ02684,AMB0073,3,1.07,AMB0072,2,0.8,0.253,MODERATE
REQ02685,AMB0042,4,1.41,AMB0042,4,1.4,0.3,MODERATE
REQ02686,AMB0025,3,0.97,AMB0023,3,0.9,0.202,NORMAL
REQ02687,AMB0129,10,2.6,AMB0131,9,2.4,0.369,MODERATE
REQ02688,AMB0082,38,20.75,AMB0046,12,6.1,0.348,MODERATE
REQ02689,AMB0095,6,1.67,AMB0095,6,1.7,0.233,HEAVY
REQ02690,AMB0121,9,2.23,AMB0120,8,2,0.266,MODERATE
REQ02691,AMB0034,7,2.81,AMB0036,7,2.8,0.54,MODERATE
REQ02692,AMB0024,5,2.08,AMB0023,4,1.8,0.454,NORMAL
REQ02693,AMB0129,6,1.53,AMB0131,5,1.3,0.222,NORMAL
REQ02694,AMB0011,9,2.52,AMB0011,9,2.5,0.441,NORMAL
REQ02695,AMB0092,8,2.6,AMB0097,8,2.9,0.433,NORMAL
REQ02696,AMB0019,6,2.02,AMB0013,5,2,0.455,MODERATE
REQ02697,AMB0077,4,1.5,AMB0079,3,1.2,0.194,MODERATE
REQ02698,AMB0054,5,1.92,AMB0053,4,1.8,0.416,NORMAL
REQ02699,AMB0118,14,4.67,AMB0125,14,5.2,0.454,NORMAL
REQ02700,AMB0019,8,2.37,AMB0019,8,2.4,0.522,NORMAL
REQ02701,AMB0026,4,1.12,AMB0026,4,1.1,0.389,NORMAL
REQ02702,AMB0024,6,1.51,AMB0024,6,1.5,0.335,MODERATE
REQ02703,AMB0042,11,4.93,AMB0049,4,2.2,0.445,NORMAL
REQ02704,AMB0014,8,2.25,AMB0014,8,2.3,0.662,NORMAL
REQ02705,AMB0097,7,2,AMB0097,7,2,0.264,NORMAL
REQ02706,AMB0056,4,1.34,AMB0057,4,1.2,0.283,MODERATE
REQ02707,AMB0127,6,1.63,AMB0128,5,1.5,0.254,NORMAL
REQ02708,AMB0110,8,2.6,AMB0110,8,2.6,0.455,NORMAL
REQ02709,AMB0066,3,1.1,AMB0065,3,1,0.25,MODERATE
REQ02710,AMB0025,20,7.26,AMB0014,9,3.4,0.507,NORMAL
REQ02711,AMB0125,2,0.74,AMB0125,2,0.7,0.139,NORMAL
REQ02712,AMB0045,10,3.2,AMB0043,7,2.2,0.44,NORMAL
REQ02713,AMB0098,8,2.55,AMB0099,7,2.4,0.497,HEAVY
REQ02714,AMB0116,8,2.09,AMB0118,8,2.2,0.377,NORMAL
REQ02715,AMB0078,6,1.71,AMB0079,5,1.5,0.169,NORMAL
REQ02716,AMB0079,21,12.01,AMB0083,9,5.2,0.34,HEAVY
REQ02717,AMB0077,28,16.31,AMB0079,27,15.8,0.625,NORMAL
REQ02718,AMB0064,4,1.38,AMB0065,4,1.2,0.302,NORMAL
REQ02719,AMB0118,2,0.77,AMB0118,2,0.8,0.133,HEAVY
REQ02720,AMB0005,4,1.45,AMB0005,4,1.5,0.237,NORMAL
REQ02721,AMB0048,9,2.76,AMB0049,7,1.9,0.332,MODERATE
REQ02722,AMB0117,21,6.83,AMB0118,3,1,0.161,NORMAL
REQ02723,AMB0058,7,2.1,AMB0057,7,2,0.48,NORMAL
REQ02724,AMB0124,7,1.9,AMB0124,7,1.9,0.178,MODERATE
REQ02725,AMB0074,12,6.03,AMB0088,7,3.2,0.43,HEAVY
REQ02726,AMB0028,6,1.78,AMB0026,5,1.6,0.329,NORMAL
REQ02727,AMB0074,13,6.2,AMB0089,7,3.2,0.405,NORMAL
REQ02728,AMB0005,18,8.3,AMB0007,8,4,0.461,HEAVY
REQ02729,AMB0043,7,2.51,AMB0043,7,2.5,0.378,MODERATE
REQ02730,AMB0001,6,3.29,AMB0001,6,3.3,0.382,NORMAL
REQ02731,AMB0076,3,0.8,AMB0076,3,0.8,0.255,NORMAL
REQ02732,AMB0022,8,2.69,AMB0022,8,2.7,0.491,MODERATE
REQ02733,AMB0039,7,2.11,AMB0055,7,2.6,0.521,NORMAL
REQ02734,AMB0013,9,3.45,AMB0018,5,1.8,0.339,NORMAL
REQ02735,AMB0063,15,4.69,AMB0056,5,1.3,0.23,NORMAL
REQ02736,AMB0072,7,1.96,AMB0072,7,2,0.358,NORMAL
REQ02737,AMB0070,2,0.37,AMB0070,1,0.4,0.156,HEAVY
REQ02738,AMB0024,10,2.63,AMB0024,10,2.6,0.578,NORMAL
REQ02739,AMB0121,11,3.22,AMB0120,10,3,0.464,NORMAL
REQ02740,AMB0024,5,1.37,AMB0024,5,1.4,0.325,NORMAL
REQ02741,AMB0124,6,1.53,AMB0124,6,1.5,0.161,MODERATE
REQ02742,AMB0131,4,1.71,AMB0131,4,1.7,0.172,MODERATE
REQ02743,AMB0098,4,1.26,AMB0098,4,1.3,0.249,NORMAL
REQ02744,AMB0057,13,4.21,AMB0033,7,1.9,0.274,MODERATE
REQ02745,AMB0010,14,6.65,AMB0007,7,3.1,0.393,NORMAL
REQ02746,AMB0037,6,2.35,AMB0037,6,2.4,0.472,NORMAL
REQ02747,AMB0035,3,1.15,AMB0033,2,1,0.269,MODERATE
REQ02748,AMB0057,13,4.26,AMB0033,7,2,0.278,NORMAL
REQ02749,AMB0073,3,1,AMB0072,2,0.7,0.238,NORMAL
REQ02750,AMB0026,4,1.07,AMB0026,4,1.1,0.377,MODERATE
REQ02751,AMB0071,3,0.93,AMB0071,3,0.9,0.278,NORMAL
REQ02752,AMB0060,7,2.08,AMB0062,7,1.9,0.431,NORMAL
REQ02753,AMB0012,8,3.45,AMB0011,8,3.7,0.451,MODERATE
REQ02754,AMB0118,6,2.12,AMB0118,6,2.1,0.411,NORMAL
REQ02755,AMB0080,27,14.29,AMB0083,14,7.2,0.303,NORMAL
REQ02756,AMB0030,6,1.84,AMB0030,6,1.8,0.565,NORMAL
REQ02757,AMB0039,8,2.44,AMB0036,7,2.4,0.5,MODERATE
REQ02758,AMB0008,4,1.28,AMB0008,4,1.3,0.263,HEAVY
REQ02759,AMB0011,2,0.57,AMB0011,2,0.6,0.148,NORMAL
REQ02760,AMB0087,9,3.19,AMB0084,9,3.3,0.44,NORMAL
REQ02761,AMB0013,10,3.7,AMB0018,5,2,0.475,MODERATE
REQ02762,AMB0078,11,3.92,AMB0079,10,3.8,0.507,MODERATE
REQ02763,AMB0046,2,1.07,AMB0046,2,1.1,0.145,MODERATE
REQ02764,AMB0057,4,1.06,AMB0058,4,1,0.2,NORMAL
REQ02765,AMB0125,5,1.78,AMB0125,5,1.8,0.175,MODERATE
REQ02766,AMB0044,7,2.28,AMB0043,7,2.3,0.421,NORMAL
REQ02767,AMB0024,6,2.22,AMB0023,5,1.9,0.44,HEAVY
REQ02768,AMB0045,9,2.84,AMB0043,6,1.8,0.28,NORMAL
REQ02769,AMB0094,7,2.42,AMB0092,5,1.7,0.313,NORMAL
REQ02770,AMB0072,3,0.68,AMB0072,3,0.7,0.249,HEAVY
REQ02771,AMB0111,7,2.42,AMB0109,6,2.3,0.334,NORMAL
REQ02772,AMB0055,6,2.22,AMB0053,4,1.5,0.319,NORMAL
REQ02773,AMB0039,7,1.96,AMB0039,7,2,0.387,HEAVY
REQ02774,AMB0131,4,2.42,AMB0131,4,2.4,0.296,NORMAL
REQ02775,AMB0089,13,5.76,AMB0074,6,2.8,0.503,NORMAL
REQ02776,AMB0040,11,3.86,AMB0042,10,3.7,0.721,NORMAL
REQ02777,AMB0118,11,3.6,AMB0118,11,3.6,0.52,NORMAL
REQ02778,AMB0025,4,1.17,AMB0023,4,1.1,0.262,MODERATE
REQ02779,AMB0069,3,1.1,AMB0069,3,1.1,0.315,NORMAL
REQ02780,AMB0092,3,0.99,AMB0092,3,1,0.174,MODERATE
REQ02781,AMB0124,8,2.04,AMB0123,8,2.3,0.33,MODERATE
REQ02782,AMB0104,4,1.43,AMB0104,4,1.4,0.3,NORMAL
REQ02783,AMB0001,4,1.53,AMB0001,4,1.5,0.194,NORMAL
REQ02784,AMB0089,12,5.54,AMB0088,4,1.8,0.311,MODERATE
REQ02785,AMB0060,14,4.43,AMB0092,9,3.3,0.548,NORMAL
REQ02786,AMB0118,10,3.66,AMB0123,8,3.6,0.548,MODERATE
REQ02787,AMB0078,8,2.54,AMB0079,7,2.4,0.392,NORMAL
REQ02788,AMB0095,24,8.88,AMB0097,9,3,0.454,NORMAL
REQ02789,AMB0043,2,0.65,AMB0043,1,0.7,0.14,MODERATE
REQ02790,AMB0060,7,2.02,AMB0071,7,2.1,0.56,NORMAL
REQ02791,AMB0118,10,3.19,AMB0118,10,3.2,0.485,NORMAL
REQ02792,AMB0030,6,2.12,AMB0066,4,1.8,0.45,MODERATE
REQ02793,AMB0014,8,2.15,AMB0014,8,2.2,0.723,MODERATE
REQ02794,AMB0088,40,19.52,AMB0079,30,16.9,0.416,NORMAL
REQ02795,AMB0124,9,2.44,AMB0123,8,2.3,0.339,MODERATE
REQ02796,AMB0119,8,2.03,AMB0117,7,1.8,0.224,MODERATE
REQ02797,AMB0103,8,2.23,AMB0102,7,2.1,0.514,HEAVY
REQ02798,AMB0075,5,1.34,AMB0074,4,1.3,0.25,NORMAL
REQ02799,AMB0022,8,2.65,AMB0020,7,2.3,0.467,NORMAL
REQ02800,AMB0130,8,1.97,AMB0131,6,1.7,0.239,NORMAL
REQ02801,AMB0062,4,1.2,AMB0059,3,0.9,0.329,MODERATE
REQ02802,AMB0026,6,1.71,AMB0026,6,1.7,0.506,MODERATE
REQ02803,AMB0034,4,1.47,AMB0033,3,1.3,0.228,NORMAL
REQ02804,AMB0015,11,4.49,AMB0003,6,2.8,0.539,NORMAL
REQ02805,AMB0103,4,1.48,AMB0103,4,1.5,0.281,NORMAL
REQ02806,AMB0077,6,2.44,AMB0079,5,2.1,0.415,NORMAL
REQ02807,AMB0009,4,1.37,AMB0009,4,1.4,0.269,NORMAL
REQ02808,AMB0038,7,2.49,AMB0037,6,2,0.636,NORMAL
REQ02809,AMB0028,4,1.16,AMB0028,4,1.2,0.3,HEAVY
REQ02810,AMB0075,22,8.91,AMB0074,20,8,0.439,NORMAL
REQ02811,AMB0118,12,4.13,AMB0118,12,4.1,0.587,NORMAL
REQ02812,AMB0029,7,2.02,AMB0027,7,2,0.453,NORMAL
REQ02813,AMB0025,8,2.53,AMB0023,8,2.5,0.555,NORMAL
REQ02814,AMB0082,37,20.2,AMB0046,11,5.5,0.337,MODERATE
REQ02815,AMB0037,6,2.29,AMB0037,6,2.3,0.438,HEAVY
REQ02816,AMB0130,7,1.87,AMB0131,6,1.5,0.234,NORMAL
REQ02817,AMB0020,3,1.1,AMB0020,3,1.1,0.22,NORMAL
REQ02818,AMB0051,2,0.58,AMB0049,1,0.4,0.174,HEAVY
REQ02819,AMB0102,5,1.81,AMB0102,5,1.8,0.357,NORMAL
REQ02820,AMB0092,6,2.03,AMB0092,6,2,0.356,MODERATE
REQ02821,AMB0121,5,1.18,AMB0120,4,1,0.096,MODERATE
REQ02822,AMB0120,5,1.29,AMB0120,5,1.3,0.107,NORMAL
REQ02823,AMB0104,4,1.5,AMB0104,4,1.5,0.281,NORMAL
REQ02824,AMB0097,3,1.29,AMB0097,3,1.3,0.21,NORMAL
REQ02825,AMB0118,3,0.91,AMB0118,3,0.9,0.159,MODERATE
REQ02826,AMB0019,5,1.42,AMB0018,4,1.4,0.484,MODERATE
REQ02827,AMB0025,7,1.85,AMB0023,6,1.8,0.171,HEAVY
REQ02828,AMB0118,6,2.25,AMB0118,6,2.3,0.427,MODERATE
REQ02829,AMB0068,3,0.98,AMB0068,3,1,0.289,NORMAL
REQ02830,AMB0061,3,0.99,AMB0062,3,0.9,0.31,NORMAL
REQ02831,AMB0111,5,1.67,AMB0109,4,1.6,0.184,NORMAL
REQ02832,AMB0026,11,2.94,AMB0026,11,2.9,0.68,NORMAL
REQ02833,AMB0067,4,1.06,AMB0067,4,1.1,0.25,HEAVY
REQ02834,AMB0119,26,7.94,AMB0118,7,1.9,0.235,MODERATE
REQ02835,AMB0110,7,3,AMB0112,6,2.7,0.457,NORMAL
REQ02836,AMB0062,4,1.14,AMB0059,3,0.9,0.319,HEAVY
REQ02837,AMB0011,5,2.14,AMB0010,4,1.8,0.279,NORMAL
REQ02838,AMB0026,6,1.63,AMB0026,6,1.6,0.412,MODERATE
REQ02839,AMB0031,3,0.76,AMB0031,3,0.8,0.204,NORMAL
REQ02840,AMB0101,17,6.77,AMB0086,12,4,0.344,NORMAL
REQ02841,AMB0104,4,1.47,AMB0104,4,1.5,0.285,MODERATE
REQ02842,AMB0086,3,1.12,AMB0086,3,1.1,0.234,HEAVY
REQ02843,AMB0047,12,3.73,AMB0046,11,3.5,0.329,MODERATE
REQ02844,AMB0072,7,1.86,AMB0072,7,1.9,0.2,NORMAL
REQ02845,AMB0060,14,4.57,AMB0092,10,3.3,0.554,NORMAL
REQ02846,AMB0124,7,1.82,AMB0124,7,1.8,0.176,NORMAL
REQ02847,AMB0078,9,2.44,AMB0080,8,2.4,0.35,NORMAL
REQ02848,AMB0067,9,2.38,AMB0068,9,2.4,0.436,NORMAL
REQ02849,AMB0074,3,1.5,AMB0074,3,1.5,0.294,NORMAL
REQ02850,AMB0055,5,1.9,AMB0053,4,1.8,0.415,MODERATE
REQ02851,AMB0081,31,16.39,AMB0079,13,4.6,0.463,HEAVY
REQ02852,AMB0118,8,2.37,AMB0118,8,2.4,0.425,MODERATE
REQ02853,AMB0038,5,1.79,AMB0050,4,1.2,0.266,MODERATE
REQ02854,AMB0115,4,1.7,AMB0115,4,1.7,0.265,NORMAL
REQ02855,AMB0118,9,3.26,AMB0118,9,3.3,0.542,MODERATE
REQ02856,AMB0012,10,3.38,AMB0011,10,3.6,0.477,NORMAL
REQ02857,AMB0086,5,1.84,AMB0100,5,1.8,0.225,NORMAL
REQ02858,AMB0128,5,1.27,AMB0128,5,1.3,0.221,MODERATE
REQ02859,AMB0039,9,2.81,AMB0055,7,2.4,0.516,MODERATE
REQ02860,AMB0131,11,3.62,AMB0131,11,3.6,0.392,NORMAL
REQ02861,AMB0026,8,2.14,AMB0026,8,2.1,0.569,MODERATE
REQ02862,AMB0025,9,2.78,AMB0023,9,2.8,0.595,NORMAL
REQ02863,AMB0095,21,8.07,AMB0097,6,2.1,0.395,NORMAL
REQ02864,AMB0053,3,1.25,AMB0049,3,1.3,0.326,NORMAL
REQ02865,AMB0039,7,1.86,AMB0037,6,1.9,0.377,MODERATE
REQ02866,AMB0074,6,2.29,AMB0074,6,2.3,0.417,HEAVY
REQ02867,AMB0092,2,0.89,AMB0092,2,0.9,0.165,NORMAL
REQ02868,AMB0040,8,2.95,AMB0042,7,2.8,0.669,NORMAL
REQ02869,AMB0055,6,2.04,AMB0053,5,1.9,0.436,NORMAL
REQ02870,AMB0125,16,6.87,AMB0120,10,4.8,0.455,NORMAL
REQ02871,AMB0098,3,0.92,AMB0099,2,0.7,0.198,NORMAL
REQ02872,AMB0123,13,4.76,AMB0123,13,4.8,0.615,NORMAL
REQ02873,AMB0010,4,1.44,AMB0010,3,1.4,0.247,NORMAL
REQ02874,AMB0053,2,0.34,AMB0053,1,0.3,0.16,NORMAL
REQ02875,AMB0078,7,2.08,AMB0079,6,1.9,0.181,NORMAL
REQ02876,AMB0023,4,1.29,AMB0023,4,1.3,0.255,NORMAL
REQ02877,AMB0025,3,0.9,AMB0023,3,0.9,0.229,NORMAL
REQ02878,AMB0041,5,2.22,AMB0042,4,2.2,0.392,NORMAL
REQ02879,AMB0081,43,20.77,AMB0083,7,2,0.111,MODERATE
REQ02880,AMB0069,6,2.17,AMB0091,4,2,0.459,MODERATE
REQ02881,AMB0032,6,2.05,AMB0031,6,1.9,0.417,NORMAL
REQ02882,AMB0094,9,2.94,AMB0092,7,2.2,0.462,NORMAL
REQ02883,AMB0074,12,5.58,AMB0088,7,2.8,0.287,NORMAL
REQ02884,AMB0121,11,2.95,AMB0120,10,2.7,0.287,NORMAL
REQ02885,AMB0007,2,0.89,AMB0007,2,0.9,0.181,MODERATE
REQ02886,AMB0104,5,2.19,AMB0107,5,2.1,0.44,NORMAL
REQ02887,AMB0012,6,2.54,AMB0011,6,2.8,0.411,NORMAL
REQ02888,AMB0094,3,1.2,AMB0091,2,0.7,0.14,NORMAL
REQ02889,AMB0088,40,19.41,AMB0079,31,16.7,0.419,NORMAL
REQ02890,AMB0029,9,2.23,AMB0027,8,2.2,0.455,NORMAL
REQ02891,AMB0006,3,1.12,AMB0006,3,1.1,0.202,NORMAL
REQ02892,AMB0103,2,0.6,AMB0103,2,0.6,0.205,NORMAL
REQ02893,AMB0131,7,3.08,AMB0131,7,3.1,0.336,NORMAL
REQ02894,AMB0033,6,1.64,AMB0033,6,1.6,0.247,NORMAL
REQ02895,AMB0075,20,8.07,AMB0089,11,4.2,0.348,NORMAL
REQ02896,AMB0046,31,17.78,AMB0041,12,7.8,0.342,NORMAL
REQ02897,AMB0106,10,3.25,AMB0127,5,1.7,0.251,MODERATE
REQ02898,AMB0119,7,1.8,AMB0117,6,1.6,0.228,MODERATE
REQ02899,AMB0123,10,4.11,AMB0120,8,2.7,0.5,NORMAL
REQ02900,AMB0010,3,1.09,AMB0010,3,1.1,0.214,NORMAL
REQ02901,AMB0096,5,1.66,AMB0096,5,1.7,0.221,MODERATE
REQ02902,AMB0130,9,2.64,AMB0131,8,2.3,0.352,NORMAL
REQ02903,AMB0082,36,19.5,AMB0046,9,4.8,0.317,NORMAL
REQ02904,AMB0131,7,2.33,AMB0131,7,2.3,0.329,NORMAL
REQ02905,AMB0029,8,2.11,AMB0026,7,1.9,0.28,HEAVY
REQ02906,AMB0037,2,0.56,AMB0037,2,0.6,0.169,MODERATE
REQ02907,AMB0052,4,1.25,AMB0053,3,0.8,0.246,NORMAL
REQ02908,AMB0065,3,1.07,AMB0065,3,1.1,0.262,NORMAL
REQ02909,AMB0094,4,1.74,AMB0091,3,1.3,0.276,NORMAL
REQ02910,AMB0116,25,7.92,AMB0118,7,2,0.383,MODERATE
REQ02911,AMB0069,7,2.5,AMB0091,7,2.8,0.681,HEAVY
REQ02912,AMB0089,17,7.41,AMB0088,3,0.8,0.194,NORMAL
REQ02913,AMB0041,8,3.46,AMB0042,8,3.4,0.352,MODERATE
REQ02914,AMB0055,5,1.73,AMB0053,3,1.1,0.277,NORMAL
REQ02915,AMB0100,4,1.41,AMB0100,4,1.4,0.202,NORMAL
REQ02916,AMB0015,7,3.26,AMB0014,7,3,0.407,NORMAL
REQ02917,AMB0067,2,0.13,AMB0067,1,0.1,0.11,MODERATE
REQ02918,AMB0073,4,1.31,AMB0072,3,1,0.294,NORMAL
REQ02919,AMB0031,4,1.2,AMB0031,4,1.2,0.277,MODERATE
REQ02920,AMB0097,2,0.4,AMB0097,1,0.4,0.134,NORMAL
REQ02921,AMB0082,40,21.37,AMB0046,14,6.7,0.367,NORMAL
REQ02922,AMB0048,2,0.86,AMB0049,1,0.7,0.199,MODERATE
REQ02923,AMB0042,2,0.23,AMB0042,1,0.2,0.135,HEAVY
REQ02924,AMB0112,7,2.25,AMB0112,7,2.3,0.363,NORMAL
REQ02925,AMB0113,6,2.72,AMB0113,6,2.7,0.435,MODERATE
REQ02926,AMB0055,6,1.99,AMB0053,5,1.9,0.435,NORMAL
REQ02927,AMB0065,2,0.75,AMB0065,2,0.8,0.204,NORMAL
REQ02928,AMB0042,4,1.7,AMB0048,4,1.4,0.34,NORMAL
REQ02929,AMB0016,2,0.68,AMB0016,2,0.7,0.158,HEAVY
REQ02930,AMB0022,8,3.12,AMB0021,6,2.4,0.522,NORMAL
REQ02931,AMB0068,13,5,AMB0064,8,2.8,0.529,MODERATE
REQ02932,AMB0072,29,10.27,AMB0084,11,3.6,0.457,NORMAL
REQ02933,AMB0009,13,6.28,AMB0007,6,2.6,0.377,NORMAL
REQ02934,AMB0095,17,6.75,AMB0097,2,0.8,0.175,NORMAL
REQ02935,AMB0125,8,3.06,AMB0125,8,3.1,0.477,NORMAL
REQ02936,AMB0125,6,2.63,AMB0125,6,2.6,0.418,MODERATE
REQ02937,AMB0048,25,9.46,AMB0079,13,4.7,0.488,NORMAL
REQ02938,AMB0018,8,2.6,AMB0018,8,2.6,0.557,NORMAL
REQ02939,AMB0030,7,2.47,AMB0066,3,1.2,0.313,NORMAL
REQ02940,AMB0055,6,2.32,AMB0055,6,2.3,0.441,MODERATE
REQ02941,AMB0118,15,4.85,AMB0125,15,5.4,0.468,HEAVY
REQ02942,AMB0121,4,1.16,AMB0120,3,0.9,0.095,NORMAL
REQ02943,AMB0095,28,11.33,AMB0092,10,3.1,0.426,NORMAL
REQ02944,AMB0115,9,2.58,AMB0113,8,2.3,0.337,HEAVY
REQ02945,AMB0015,3,1.78,AMB0014,2,1.5,0.235,NORMAL
REQ02946,AMB0013,9,3.27,AMB0018,4,1.6,0.326,NORMAL
REQ02947,AMB0106,11,3.7,AMB0096,4,1.7,0.235,NORMAL
REQ02948,AMB0070,2,0.53,AMB0070,2,0.5,0.188,NORMAL
REQ02949,AMB0127,2,0.42,AMB0127,2,0.4,0.128,NORMAL
REQ02950,AMB0023,3,1.22,AMB0023,3,1.2,0.255,NORMAL
REQ02951,AMB0041,3,1.01,AMB0041,3,1,0.222,NORMAL
REQ02952,AMB0064,3,1.28,AMB0065,3,1.1,0.321,NORMAL
REQ02953,AMB0026,6,1.68,AMB0026,6,1.7,0.554,NORMAL
REQ02954,AMB0048,2,0.55,AMB0048,2,0.6,0.232,NORMAL
REQ02955,AMB0050,4,1.17,AMB0050,4,1.2,0.274,NORMAL
REQ02956,AMB0008,19,6.61,AMB0020,11,3.7,0.507,NORMAL
REQ02957,AMB0129,9,2.31,AMB0131,8,2.1,0.353,NORMAL
REQ02958,AMB0066,2,0.44,AMB0066,1,0.4,0.14,NORMAL
REQ02959,AMB0042,4,1.52,AMB0042,4,1.5,0.298,HEAVY
REQ02960,AMB0007,6,3.15,AMB0007,6,3.2,0.387,NORMAL
REQ02961,AMB0012,6,1.57,AMB0012,6,1.6,0.258,MODERATE
REQ02962,AMB0034,10,3.54,AMB0055,8,3,0.506,NORMAL
REQ02963,AMB0086,4,1.28,AMB0086,4,1.3,0.252,MODERATE
REQ02964,AMB0125,3,1.15,AMB0125,3,1.2,0.181,MODERATE
REQ02965,AMB0020,7,2.12,AMB0020,7,2.1,0.344,NORMAL
REQ02966,AMB0056,2,0.52,AMB0056,2,0.5,0.185,NORMAL
REQ02967,AMB0101,18,7.08,AMB0086,13,4.3,0.356,NORMAL
REQ02968,AMB0107,14,5.39,AMB0128,7,2.8,0.517,HEAVY
REQ02969,AMB0037,13,3.79,AMB0037,13,3.8,0.588,NORMAL
REQ02970,AMB0017,14,3.79,AMB0019,13,3.6,0.56,MODERATE
REQ02971,AMB0035,3,1.15,AMB0033,2,1,0.257,NORMAL
REQ02972,AMB0118,4,1.6,AMB0118,4,1.6,0.201,NORMAL
REQ02973,AMB0014,9,2.39,AMB0013,4,1.3,0.397,NORMAL
REQ02974,AMB0025,8,2,AMB0023,7,2,0.175,NORMAL
REQ02975,AMB0043,3,1.49,AMB0043,3,1.5,0.181,NORMAL
REQ02976,AMB0068,12,4.97,AMB0064,7,2.7,0.544,NORMAL
REQ02977,AMB0069,6,2.08,AMB0069,6,2.1,0.62,HEAVY
REQ02978,AMB0093,5,1.37,AMB0093,5,1.4,0.198,MODERATE
REQ02979,AMB0050,3,1.06,AMB0049,2,0.8,0.238,NORMAL
REQ02980,AMB0113,6,2.31,AMB0113,6,2.3,0.466,HEAVY
REQ02981,AMB0121,11,2.9,AMB0120,10,2.7,0.286,NORMAL
REQ02982,AMB0110,8,2.93,AMB0110,8,2.9,0.483,MODERATE
REQ02983,AMB0118,12,3.74,AMB0118,12,3.7,0.534,NORMAL
REQ02984,AMB0073,5,1.66,AMB0072,4,1.4,0.341,NORMAL
REQ02985,AMB0048,3,0.73,AMB0048,3,0.7,0.267,NORMAL
REQ02986,AMB0107,6,2.16,AMB0107,6,2.2,0.442,NORMAL
REQ02987,AMB0116,24,7.8,AMB0118,6,1.9,0.237,MODERATE
REQ02988,AMB0119,24,7.64,AMB0118,6,1.6,0.211,NORMAL
REQ02989,AMB0055,4,1.41,AMB0055,4,1.4,0.227,HEAVY
REQ02990,AMB0059,3,0.82,AMB0059,3,0.8,0.307,NORMAL
REQ02991,AMB0077,6,2.26,AMB0079,5,2,0.235,MODERATE
REQ02992,AMB0114,7,2.84,AMB0113,7,2.7,0.493,NORMAL
REQ02993,AMB0064,3,1.29,AMB0065,3,1.2,0.303,NORMAL
REQ02994,AMB0029,4,1.56,AMB0026,4,1.4,0.291,NORMAL
REQ02995,AMB0098,3,1.47,AMB0099,2,1.1,0.221,HEAVY
REQ02996,AMB0068,14,5.59,AMB0064,8,3.4,0.584,NORMAL
REQ02997,AMB0081,6,2.77,AMB0083,6,3.2,0.295,NORMAL
REQ02998,AMB0096,8,2.54,AMB0096,8,2.5,0.429,NORMAL
REQ02999,AMB0123,10,4.02,AMB0120,5,2.2,0.336,NORMAL
REQ03000,AMB0066,6,1.84,AMB0065,5,1.8,0.383,NORMAL