emergency_id,first_ambulance_id,first_response,attempts_needed,final_ambulance_id,final_status,recovery_time_sec
REQ00001,AMB0068,ACCEPTED,1,AMB0068,ACCEPTED,0
REQ00002,AMB0007,ACCEPTED,1,AMB0007,ACCEPTED,0
REQ00003,AMB0112,ACCEPTED,1,AMB0112,ACCEPTED,0
REQ00004,AMB0031,TIMEOUT,2,AMB0057,ACCEPTED,15
REQ00005,AMB0089,ACCEPTED,1,AMB0089,ACCEPTED,0
REQ00006,AMB0065,TIMEOUT,2,AMB0063,ACCEPTED,15
REQ00007,AMB0102,ACCEPTED,1,AMB0102,ACCEPTED,0
REQ00008,AMB0118,ACCEPTED,1,AMB0118,ACCEPTED,0
REQ00009,AMB0012,ACCEPTED,1,AMB0012,ACCEPTED,0
REQ00010,AMB0107,ACCEPTED,1,AMB0107,ACCEPTED,0
REQ00011,AMB0006,ACCEPTED,1,AMB0006,ACCEPTED,0
REQ00012,AMB0046,TIMEOUT,2,AMB0047,ACCEPTED,15
REQ00013,AMB0088,ACCEPTED,1,AMB0088,ACCEPTED,0
REQ00014,AMB0076,ACCEPTED,1,AMB0076,ACCEPTED,0
REQ00015,AMB0118,ACCEPTED,1,AMB0118,ACCEPTED,0
REQ00016,AMB0007,ACCEPTED,1,AMB0007,ACCEPTED,0
REQ00017,AMB0033,REJECTED,2,AMB0035,ACCEPTED,15
REQ00018,AMB0113,TIMEOUT,2,AMB0114,ACCEPTED,15
REQ00019,AMB0113,ACCEPTED,1,AMB0113,ACCEPTED,0
REQ00020,AMB0093,ACCEPTED,1,AMB0093,ACCEPTED,0
REQ00021,AMB0123,ACCEPTED,1,AMB0123,ACCEPTED,0
REQ00022,AMB0049,ACCEPTED,1,AMB0049,ACCEPTED,0
REQ00023,AMB0041,ACCEPTED,1,AMB0041,ACCEPTED,0
REQ00024,AMB0057,TIMEOUT,2,AMB0058,ACCEPTED,15
REQ00025,AMB0083,ACCEPTED,1,AMB0083,ACCEPTED,0
REQ00026,AMB0079,ACCEPTED,1,AMB0079,ACCEPTED,0
REQ00027,AMB0112,ACCEPTED,1,AMB0112,ACCEPTED,0
REQ00028,AMB0001,ACCEPTED,1,AMB0001,ACCEPTED,0
REQ00029,AMB0055,REJECTED,3,AMB0052,ACCEPTED,30
REQ00030,AMB0014,ACCEPTED,1,AMB0014,ACCEPTED,0
REQ00031,AMB0126,ACCEPTED,1,AMB0126,ACCEPTED,0
REQ00032,AMB0074,ACCEPTED,1,AMB0074,ACCEPTED,0
REQ00033,AMB0026,ACCEPTED,1,AMB0026,ACCEPTED,0
REQ00034,AMB0103,ACCEPTED,1,AMB0103,ACCEPTED,0
REQ00035,AMB0049,REJECTED,2,AMB0049,ACCEPTED,15
REQ00036,AMB0110,ACCEPTED,1,AMB0110,ACCEPTED,0
REQ00037,AMB0074,ACCEPTED,1,AMB0074,ACCEPTED,0
REQ00038,AMB0103,ACCEPTED,1,AMB0103,ACCEPTED,0
REQ00039,AMB0055,ACCEPTED,1,AMB0055,ACCEPTED,0
REQ00040,AMB0093,TIMEOUT,2,AMB0091,ACCEPTED,15
REQ00041,AMB0014,REJECTED,2,AMB0014,ACCEPTED,15
REQ00042,AMB0046,ACCEPTED,1,AMB0046,ACCEPTED,0
REQ00043,AMB0071,ACCEPTED,1,AMB0071,ACCEPTED,0
REQ00044,AMB0037,ACCEPTED,1,AMB0037,ACCEPTED,0
REQ00045,AMB0043,ACCEPTED,1,AMB0043,ACCEPTED,0
REQ00046,AMB0068,ACCEPTED,1,AMB0068,ACCEPTED,0
REQ00047,AMB0055,REJECTED,2,AMB0053,ACCEPTED,15
REQ00048,AMB0131,ACCEPTED,1,AMB0131,ACCEPTED,0
REQ00049,AMB0006,ACCEPTED,1,AMB0006,ACCEPTED,0
REQ00050,AMB0088,ACCEPTED,1,AMB0088,ACCEPTED,0
REQ00051,AMB0023,ACCEPTED,1,AMB0023,ACCEPTED,0
REQ00052,AMB0065,ACCEPTED,1,AMB0065,ACCEPTED,0
REQ00053,AMB0104,REJECTED,2,AMB0102,ACCEPTED,15
REQ00054,AMB0037,ACCEPTED,1,AMB0037,ACCEPTED,0
REQ00055,AMB0093,ACCEPTED,1,AMB0093,ACCEPTED,0
REQ00056,AMB0128,ACCEPTED,1,AMB0128,ACCEPTED,0
REQ00057,AMB0036,ACCEPTED,1,AMB0036,ACCEPTED,0
REQ00058,AMB0065,ACCEPTED,1,AMB0065,ACCEPTED,0
REQ00059,AMB0097,REJECTED,2,AMB0095,ACCEPTED,15
REQ00060,AMB0044,ACCEPTED,1,AMB0044,ACCEPTED,0
REQ00061,AMB0072,ACCEPTED,1,AMB0072,ACCEPTED,0
REQ00062,AMB0118,ACCEPTED,1,AMB0118,ACCEPTED,0
REQ00063,AMB0046,ACCEPTED,1,AMB0046,ACCEPTED,0
REQ00064,AMB0006,ACCEPTED,1,AMB0006,ACCEPTED,0
REQ00065,AMB0113,REJECTED,3,AMB0115,ACCEPTED,30
REQ00066,AMB0102,ACCEPTED,1,AMB0102,ACCEPTED,0
REQ00067,AMB0118,ACCEPTED,1,AMB0118,ACCEPTED,0
REQ00068,AMB0128,ACCEPTED,1,AMB0128,ACCEPTED,0
REQ00069,AMB0065,ACCEPTED,1,AMB0065,ACCEPTED,0
REQ00070,AMB0059,TIMEOUT,2,AMB0062,ACCEPTED,15
REQ00071,AMB0033,REJECTED,3,AMB0033,ACCEPTED,30
REQ00072,AMB0102,ACCEPTED,1,AMB0102,ACCEPTED,0
REQ00073,AMB0010,ACCEPTED,1,AMB0010,ACCEPTED,0
REQ00074,AMB0037,ACCEPTED,1,AMB0037,ACCEPTED,0
REQ00075,AMB0131,ACCEPTED,1,AMB0131,ACCEPTED,0
REQ00076,AMB0007,TIMEOUT,2,AMB0007,ACCEPTED,15
REQ00077,AMB0003,REJECTED,2,AMB0004,ACCEPTED,15
REQ00078,AMB0131,ACCEPTED,1,AMB0131,ACCEPTED,0
REQ00079,AMB0018,ACCEPTED,1,AMB0018,ACCEPTED,0
REQ00080,AMB0070,ACCEPTED,1,AMB0070,ACCEPTED,0
REQ00081,AMB0064,ACCEPTED,1,AMB0064,ACCEPTED,0
REQ00082,AMB0113,TIMEOUT,2,AMB0115,ACCEPTED,15
REQ00083,AMB0020,ACCEPTED,1,AMB0020,ACCEPTED,0
REQ00084,AMB0074,ACCEPTED,1,AMB0074,ACCEPTED,0
REQ00085,AMB0024,ACCEPTED,1,AMB0024,ACCEPTED,0
REQ00086,AMB0027,ACCEPTED,1,AMB0027,ACCEPTED,0
REQ00087,AMB0053,REJECTED,2,AMB0052,ACCEPTED,15
REQ00088,AMB0042,ACCEPTED,1,AMB0042,ACCEPTED,0
REQ00089,AMB0128,ACCEPTED,1,AMB0128,ACCEPTED,0
REQ00090,AMB0093,ACCEPTED,1,AMB0093,ACCEPTED,0
REQ00091,AMB0027,ACCEPTED,1,AMB0027,ACCEPTED,0
REQ00092,AMB0099,ACCEPTED,1,AMB0099,ACCEPTED,0
REQ00093,AMB0056,ACCEPTED,1,AMB0056,ACCEPTED,0
REQ00094,AMB0091,ACCEPTED,1,AMB0091,ACCEPTED,0
REQ00095,AMB0042,ACCEPTED,1,AMB0042,ACCEPTED,0
REQ00096,AMB0070,ACCEPTED,1,AMB0070,ACCEPTED,0
REQ00097,AMB0131,ACCEPTED,1,AMB0131,ACCEPTED,0
REQ00098,AMB0031,TIMEOUT,2,AMB0030,ACCEPTED,15
REQ00099,AMB0074,ACCEPTED,1,AMB0074,ACCEPTED,0
REQ00100,AMB0103,TIMEOUT,4,AMB0100,ACCEPTED,45
REQ00101,AMB0091,ACCEPTED,1,AMB0091,ACCEPTED,0
REQ00102,AMB0070,ACCEPTED,1,AMB0070,ACCEPTED,0
REQ00103,AMB0068,ACCEPTED,1,AMB0068,ACCEPTED,0
REQ00104,AMB0098,ACCEPTED,1,AMB0098,ACCEPTED,0
REQ00105,AMB0046,ACCEPTED,1,AMB0046,ACCEPTED,0
REQ00106,AMB0074,TIMEOUT,2,AMB0076,ACCEPTED,15
REQ00107,AMB0103,ACCEPTED,1,AMB0103,ACCEPTED,0
REQ00108,AMB0106,ACCEPTED,1,AMB0106,ACCEPTED,0
REQ00109,AMB0091,ACCEPTED,1,AMB0091,ACCEPTED,0
REQ00110,AMB0098,ACCEPTED,1,AMB0098,ACCEPTED,0
REQ00111,AMB0028,REJECTED,2,AMB0026,ACCEPTED,15
REQ00112,AMB0046,TIMEOUT,2,AMB0081,ACCEPTED,15
REQ00113,AMB0064,ACCEPTED,1,AMB0064,ACCEPTED,0
REQ00114,AMB0065,ACCEPTED,1,AMB0065,ACCEPTED,0
REQ00115,AMB0036,ACCEPTED,1,AMB0036,ACCEPTED,0
REQ00116,AMB0012,ACCEPTED,1,AMB0012,ACCEPTED,0
REQ00117,AMB0104,ACCEPTED,1,AMB0104,ACCEPTED,0
REQ00118,AMB0131,TIMEOUT,2,AMB0129,ACCEPTED,15
REQ00119,AMB0088,ACCEPTED,1,AMB0088,ACCEPTED,0
REQ00120,AMB0046,ACCEPTED,1,AMB0046,ACCEPTED,0
REQ00121,AMB0083,ACCEPTED,1,AMB0083,ACCEPTED,0
REQ00122,AMB0012,ACCEPTED,1,AMB0012,ACCEPTED,0
REQ00123,AMB0021,REJECTED,3,AMB0038,ACCEPTED,30
REQ00124,AMB0120,TIMEOUT,2,AMB0123,ACCEPTED,15
REQ00125,AMB0103,ACCEPTED,1,AMB0103,ACCEPTED,0
REQ00126,AMB0065,ACCEPTED,1,AMB0065,ACCEPTED,0
REQ00127,AMB0033,ACCEPTED,1,AMB0033,ACCEPTED,0
REQ00128,AMB0014,TIMEOUT,2,AMB0005,ACCEPTED,15
REQ00129,AMB0031,REJECTED,3,AMB0032,ACCEPTED,30
REQ00130,AMB0110,ACCEPTED,1,AMB0110,ACCEPTED,0
REQ00131,AMB0068,ACCEPTED,1,AMB0068,ACCEPTED,0
REQ00132,AMB0042,ACCEPTED,1,AMB0042,ACCEPTED,0
REQ00133,AMB0037,ACCEPTED,1,AMB0037,ACCEPTED,0
REQ00134,AMB0088,ACCEPTED,1,AMB0088,ACCEPTED,0
REQ00135,AMB0050,REJECTED,2,AMB0051,ACCEPTED,15
REQ00136,AMB0084,ACCEPTED,1,AMB0084,ACCEPTED,0
REQ00137,AMB0120,ACCEPTED,1,AMB0120,ACCEPTED,0
REQ00138,AMB0055,ACCEPTED,1,AMB0055,ACCEPTED,0
REQ00139,AMB0091,ACCEPTED,1,AMB0091,ACCEPTED,0
REQ00140,AMB0009,ACCEPTED,1,AMB0009,ACCEPTED,0
REQ00141,AMB0053,REJECTED,2,AMB0054,ACCEPTED,15
REQ00142,AMB0055,ACCEPTED,1,AMB0055,ACCEPTED,0
REQ00143,AMB0074,ACCEPTED,1,AMB0074,ACCEPTED,0
REQ00144,AMB0131,ACCEPTED,1,AMB0131,ACCEPTED,0
REQ00145,AMB0118,ACCEPTED,1,AMB0118,ACCEPTED,0
REQ00146,AMB0110,TIMEOUT,2,AMB0112,ACCEPTED,15
REQ00147,AMB0091,ACCEPTED,1,AMB0091,ACCEPTED,0
REQ00148,AMB0044,ACCEPTED,1,AMB0044,ACCEPTED,0
REQ00149,AMB0083,ACCEPTED,1,AMB0083,ACCEPTED,0
REQ00150,AMB0022,ACCEPTED,1,AMB0022,ACCEPTED,0
REQ00151,AMB0016,ACCEPTED,1,AMB0016,ACCEPTED,0
REQ00152,AMB0102,ACCEPTED,1,AMB0102,ACCEPTED,0
REQ00153,AMB0003,REJECTED,2,AMB0013,ACCEPTED,15
REQ00154,AMB0091,ACCEPTED,1,AMB0091,ACCEPTED,0
REQ00155,AMB0019,ACCEPTED,1,AMB0019,ACCEPTED,0
REQ00156,AMB0097,ACCEPTED,1,AMB0097,ACCEPTED,0
REQ00157,AMB0027,ACCEPTED,1,AMB0027,ACCEPTED,0
REQ00158,AMB0065,ACCEPTED,1,AMB0065,ACCEPTED,0
REQ00159,AMB0091,ACCEPTED,1,AMB0091,ACCEPTED,0
REQ00160,AMB0125,ACCEPTED,1,AMB0125,ACCEPTED,0
REQ00161,AMB0131,ACCEPTED,1,AMB0131,ACCEPTED,0
REQ00162,AMB0086,ACCEPTED,1,AMB0086,ACCEPTED,0
REQ00163,AMB0083,ACCEPTED,1,AMB0083,ACCEPTED,0
REQ00164,AMB0030,TIMEOUT,4,AMB0066,ACCEPTED,45
REQ00165,AMB0001,REJECTED,3,AMB0005,ACCEPTED,30
REQ00166,AMB0112,ACCEPTED,1,AMB0112,ACCEPTED,0
REQ00167,AMB0079,ACCEPTED,1,AMB0079,ACCEPTED,0
REQ00168,AMB0042,ACCEPTED,1,AMB0042,ACCEPTED,0
REQ00169,AMB0035,ACCEPTED,1,AMB0035,ACCEPTED,0
REQ00170,AMB0083,ACCEPTED,1,AMB0083,ACCEPTED,0
REQ00171,AMB0018,REJECTED,3,AMB0018,ACCEPTED,30
REQ00172,AMB0011,ACCEPTED,1,AMB0011,ACCEPTED,0
REQ00173,AMB0080,ACCEPTED,1,AMB0080,ACCEPTED,0
REQ00174,AMB0076,ACCEPTED,1,AMB0076,ACCEPTED,0
REQ00175,AMB0026,ACCEPTED,1,AMB0026,ACCEPTED,0
REQ00176,AMB0070,TIMEOUT,2,AMB0075,ACCEPTED,15
REQ00177,AMB0014,REJECTED,2,AMB0016,ACCEPTED,15
REQ00178,AMB0003,ACCEPTED,1,AMB0003,ACCEPTED,0
REQ00179,AMB0064,ACCEPTED,1,AMB0064,ACCEPTED,0
REQ00180,AMB0120,ACCEPTED,1,AMB0120,ACCEPTED,0
REQ00181,AMB0053,REJECTED,4,AMB0052,ACCEPTED,45
REQ00182,AMB0110,TIMEOUT,2,AMB0109,ACCEPTED,15
REQ00183,AMB0018,ACCEPTED,1,AMB0018,ACCEPTED,0
REQ00184,AMB0055,ACCEPTED,1,AMB0055,ACCEPTED,0
REQ00185,AMB0035,ACCEPTED,1,AMB0035,ACCEPTED,0
REQ00186,AMB0065,ACCEPTED,1,AMB0065,ACCEPTED,0
REQ00187,AMB0097,ACCEPTED,1,AMB0097,ACCEPTED,0
REQ00188,AMB0088,ACCEPTED,1,AMB0088,ACCEPTED,0
REQ00189,AMB0123,ACCEPTED,1,AMB0123,ACCEPTED,0
REQ00190,AMB0014,ACCEPTED,1,AMB0014,ACCEPTED,0
REQ00191,AMB0131,ACCEPTED,1,AMB0131,ACCEPTED,0
REQ00192,AMB0102,ACCEPTED,1,AMB0102,ACCEPTED,0
REQ00193,AMB0018,REJECTED,2,AMB0018,ACCEPTED,15
REQ00194,AMB0011,TIMEOUT,3,AMB0010,ACCEPTED,30
REQ00195,AMB0089,ACCEPTED,1,AMB0089,ACCEPTED,0
REQ00196,AMB0003,ACCEPTED,1,AMB0003,ACCEPTED,0
REQ00197,AMB0120,ACCEPTED,1,AMB0120,ACCEPTED,0
REQ00198,AMB0104,ACCEPTED,1,AMB0104,ACCEPTED,0
REQ00199,AMB0054,ACCEPTED,1,AMB0054,ACCEPTED,0
REQ00200,AMB0046,TIMEOUT,4,AMB0083,ACCEPTED,45
REQ00201,AMB0030,ACCEPTED,1,AMB0030,ACCEPTED,0
REQ00202,AMB0049,ACCEPTED,1,AMB0049,ACCEPTED,0
REQ00203,AMB0037,ACCEPTED,1,AMB0037,ACCEPTED,0
REQ00204,AMB0055,ACCEPTED,1,AMB0055,ACCEPTED,0
REQ00205,AMB0100,ACCEPTED,1,AMB0100,ACCEPTED,0
REQ00206,AMB0118,ACCEPTED,1,AMB0118,ACCEPTED,0
REQ00207,AMB0083,ACCEPTED,1,AMB0083,ACCEPTED,0
REQ00208,AMB0033,ACCEPTED,1,AMB0033,ACCEPTED,0
REQ00209,AMB0113,ACCEPTED,1,AMB0113,ACCEPTED,0
REQ00210,AMB0008,ACCEPTED,1,AMB0008,ACCEPTED,0
REQ00211,AMB0092,REJECTED,2,AMB0092,ACCEPTED,15
REQ00212,AMB0125,TIMEOUT,2,AMB0123,ACCEPTED,15
REQ00213,AMB0037,ACCEPTED,1,AMB0037,ACCEPTED,0
REQ00214,AMB0088,ACCEPTED,1,AMB0088,ACCEPTED,0
REQ00215,AMB0103,ACCEPTED,1,AMB0103,ACCEPTED,0
REQ00216,AMB0018,ACCEPTED,1,AMB0018,ACCEPTED,0
REQ00217,AMB0055,REJECTED,2,AMB0039,ACCEPTED,15
REQ00218,AMB0103,TIMEOUT,2,AMB0102,ACCEPTED,15
REQ00219,AMB0001,ACCEPTED,1,AMB0001,ACCEPTED,0
REQ00220,AMB0050,ACCEPTED,1,AMB0050,ACCEPTED,0
REQ00221,AMB0018,ACCEPTED,1,AMB0018,ACCEPTED,0
REQ00222,AMB0088,ACCEPTED,1,AMB0088,ACCEPTED,0
REQ00223,AMB0015,ACCEPTED,1,AMB0015,ACCEPTED,0
REQ00224,AMB0065,TIMEOUT,2,AMB0065,ACCEPTED,15
REQ00225,AMB0050,ACCEPTED,1,AMB0050,ACCEPTED,0
REQ00226,AMB0060,ACCEPTED,1,AMB0060,ACCEPTED,0
REQ00227,AMB0027,ACCEPTED,1,AMB0027,ACCEPTED,0
REQ00228,AMB0120,ACCEPTED,1,AMB0120,ACCEPTED,0
REQ00229,AMB0024,REJECTED,2,AMB0023,ACCEPTED,15
REQ00230,AMB0026,ACCEPTED,1,AMB0026,ACCEPTED,0
REQ00231,AMB0066,ACCEPTED,1,AMB0066,ACCEPTED,0
REQ00232,AMB0041,ACCEPTED,1,AMB0041,ACCEPTED,0
REQ00233,AMB0039,ACCEPTED,1,AMB0039,ACCEPTED,0
REQ00234,AMB0049,ACCEPTED,1,AMB0049,ACCEPTED,0
REQ00235,AMB0098,ACCEPTED,1,AMB0098,ACCEPTED,0
REQ00236,AMB0024,ACCEPTED,1,AMB0024,ACCEPTED,0
REQ00237,AMB0033,ACCEPTED,1,AMB0033,ACCEPTED,0
REQ00238,AMB0037,ACCEPTED,1,AMB0037,ACCEPTED,0
REQ00239,AMB0079,ACCEPTED,1,AMB0079,ACCEPTED,0
REQ00240,AMB0023,ACCEPTED,1,AMB0023,ACCEPTED,0
REQ00241,AMB0118,ACCEPTED,1,AMB0118,ACCEPTED,0
REQ00242,AMB0043,ACCEPTED,1,AMB0043,ACCEPTED,0
REQ00243,AMB0065,ACCEPTED,1,AMB0065,ACCEPTED,0
REQ00244,AMB0127,ACCEPTED,1,AMB0127,ACCEPTED,0
REQ00245,AMB0108,ACCEPTED,1,AMB0108,ACCEPTED,0
REQ00246,AMB0011,TIMEOUT,2,AMB0012,ACCEPTED,15
REQ00247,AMB0018,REJECTED,2,AMB0015,ACCEPTED,15
REQ00248,AMB0102,ACCEPTED,1,AMB0102,ACCEPTED,0
REQ00249,AMB0055,ACCEPTED,1,AMB0055,ACCEPTED,0
REQ00250,AMB0049,ACCEPTED,1,AMB0049,ACCEPTED,0
REQ00251,AMB0037,ACCEPTED,1,AMB0037,ACCEPTED,0
REQ00252,AMB0011,TIMEOUT,3,AMB0010,ACCEPTED,30
REQ00253,AMB0125,REJECTED,2,AMB0117,ACCEPTED,15
REQ00254,AMB0112,ACCEPTED,1,AMB0112,ACCEPTED,0
REQ00255,AMB0069,ACCEPTED,1,AMB0069,ACCEPTED,0
REQ00256,AMB0043,ACCEPTED,1,AMB0043,ACCEPTED,0
REQ00257,AMB0113,REJECTED,2,AMB0113,ACCEPTED,15
REQ00258,AMB0059,TIMEOUT,2,AMB0062,ACCEPTED,15
REQ00259,AMB0057,REJECTED,2,AMB0058,ACCEPTED,15
REQ00260,AMB0118,ACCEPTED,1,AMB0118,ACCEPTED,0
REQ00261,AMB0084,ACCEPTED,1,AMB0084,ACCEPTED,0
REQ00262,AMB0020,ACCEPTED,1,AMB0020,ACCEPTED,0
REQ00263,AMB0007,ACCEPTED,1,AMB0007,ACCEPTED,0
REQ00264,AMB0095,ACCEPTED,1,AMB0095,ACCEPTED,0
REQ00265,AMB0098,REJECTED,3,AMB0101,ACCEPTED,30
REQ00266,AMB0036,ACCEPTED,1,AMB0036,ACCEPTED,0
REQ00267,AMB0131,ACCEPTED,1,AMB0131,ACCEPTED,0
REQ00268,AMB0091,ACCEPTED,1,AMB0091,ACCEPTED,0
REQ00269,AMB0113,REJECTED,2,AMB0115,ACCEPTED,15
REQ00270,AMB0128,TIMEOUT,2,AMB0128,ACCEPTED,15
REQ00271,AMB0123,REJECTED,2,AMB0123,ACCEPTED,15
REQ00272,AMB0055,ACCEPTED,1,AMB0055,ACCEPTED,0
REQ00273,AMB0014,ACCEPTED,1,AMB0014,ACCEPTED,0
REQ00274,AMB0007,ACCEPTED,1,AMB0007,ACCEPTED,0
REQ00275,AMB0018,ACCEPTED,1,AMB0018,ACCEPTED,0
REQ00276,AMB0031,TIMEOUT,2,AMB0030,ACCEPTED,15
REQ00277,AMB0086,REJECTED,3,AMB0087,ACCEPTED,30
REQ00278,AMB0036,ACCEPTED,1,AMB0036,ACCEPTED,0
REQ00279,AMB0038,ACCEPTED,1,AMB0038,ACCEPTED,0
REQ00280,AMB0001,ACCEPTED,1,AMB0001,ACCEPTED,0
REQ00281,AMB0131,ACCEPTED,1,AMB0131,ACCEPTED,0
REQ00282,AMB0032,TIMEOUT,2,AMB0031,ACCEPTED,15
REQ00283,AMB0080,ACCEPTED,1,AMB0080,ACCEPTED,0
REQ00284,AMB0049,ACCEPTED,1,AMB0049,ACCEPTED,0
REQ00285,AMB0069,ACCEPTED,1,AMB0069,ACCEPTED,0
REQ00286,AMB0083,ACCEPTED,1,AMB0083,ACCEPTED,0
REQ00287,AMB0065,ACCEPTED,1,AMB0065,ACCEPTED,0
REQ00288,AMB0048,TIMEOUT,2,AMB0049,ACCEPTED,15
REQ00289,AMB0026,ACCEPTED,1,AMB0026,ACCEPTED,0
REQ00290,AMB0006,ACCEPTED,1,AMB0006,ACCEPTED,0
REQ00291,AMB0020,ACCEPTED,1,AMB0020,ACCEPTED,0
REQ00292,AMB0018,ACCEPTED,1,AMB0018,ACCEPTED,0
REQ00293,AMB0037,ACCEPTED,1,AMB0037,ACCEPTED,0
REQ00294,AMB0053,TIMEOUT,3,AMB0054,ACCEPTED,30
REQ00295,AMB0037,ACCEPTED,1,AMB0037,ACCEPTED,0
REQ00296,AMB0114,ACCEPTED,1,AMB0114,ACCEPTED,0
REQ00297,AMB0131,ACCEPTED,1,AMB0131,ACCEPTED,0
REQ00298,AMB0118,ACCEPTED,1,AMB0118,ACCEPTED,0
REQ00299,AMB0131,ACCEPTED,1,AMB0131,ACCEPTED,0
REQ00300,AMB0128,TIMEOUT,3,AMB0108,ACCEPTED,30
REQ00301,AMB0065,ACCEPTED,1,AMB0065,ACCEPTED,0
REQ00302,AMB0088,ACCEPTED,1,AMB0088,ACCEPTED,0
REQ00303,AMB0068,ACCEPTED,1,AMB0068,ACCEPTED,0
REQ00304,AMB0117,ACCEPTED,1,AMB0117,ACCEPTED,0
REQ00305,AMB0053,REJECTED,2,AMB0052,ACCEPTED,15
REQ00306,AMB0118,ACCEPTED,1,AMB0118,ACCEPTED,0
REQ00307,AMB0033,ACCEPTED,1,AMB0033,ACCEPTED,0
REQ00308,AMB0059,ACCEPTED,1,AMB0059,ACCEPTED,0
REQ00309,AMB0088,ACCEPTED,1,AMB0088,ACCEPTED,0
REQ00310,AMB0072,ACCEPTED,1,AMB0072,ACCEPTED,0
REQ00311,AMB0131,ACCEPTED,1,AMB0131,ACCEPTED,0
REQ00312,AMB0103,TIMEOUT,2,AMB0102,ACCEPTED,15
REQ00313,AMB0123,ACCEPTED,1,AMB0123,ACCEPTED,0
REQ00314,AMB0107,ACCEPTED,1,AMB0107,ACCEPTED,0
REQ00315,AMB0011,ACCEPTED,1,AMB0011,ACCEPTED,0
REQ00316,AMB0089,ACCEPTED,1,AMB0089,ACCEPTED,0
REQ00317,AMB0095,ACCEPTED,1,AMB0095,ACCEPTED,0
REQ00318,AMB0067,TIMEOUT,2,AMB0069,ACCEPTED,15
REQ00319,AMB0074,ACCEPTED,1,AMB0074,ACCEPTED,0
REQ00320,AMB0074,ACCEPTED,1,AMB0074,ACCEPTED,0
REQ00321,AMB0123,ACCEPTED,1,AMB0123,ACCEPTED,0
REQ00322,AMB0059,ACCEPTED,1,AMB0059,ACCEPTED,0
REQ00323,AMB0043,ACCEPTED,1,AMB0043,ACCEPTED,0
REQ00324,AMB0055,TIMEOUT,2,AMB0053,ACCEPTED,15
REQ00325,AMB0086,ACCEPTED,1,AMB0086,ACCEPTED,0
REQ00326,AMB0020,ACCEPTED,1,AMB0020,ACCEPTED,0
REQ00327,AMB0020,ACCEPTED,1,AMB0020,ACCEPTED,0
REQ00328,AMB0021,ACCEPTED,1,AMB0021,ACCEPTED,0
REQ00329,AMB0014,REJECTED,3,AMB0003,ACCEPTED,30
REQ00330,AMB0131,ACCEPTED,1,AMB0131,ACCEPTED,0
REQ00331,AMB0021,ACCEPTED,1,AMB0021,ACCEPTED,0
REQ00332,AMB0131,ACCEPTED,1,AMB0131,ACCEPTED,0
REQ00333,AMB0057,ACCEPTED,1,AMB0057,ACCEPTED,0
REQ00334,AMB0110,TIMEOUT,2,AMB0109,ACCEPTED,15
REQ00335,AMB0120,REJECTED,2,AMB0125,ACCEPTED,15
REQ00336,AMB0027,ACCEPTED,1,AMB0027,ACCEPTED,0
REQ00337,AMB0062,ACCEPTED,1,AMB0062,ACCEPTED,0
REQ00338,AMB0006,ACCEPTED,1,AMB0006,ACCEPTED,0
REQ00339,AMB0018,ACCEPTED,1,AMB0018,ACCEPTED,0
REQ00340,AMB0123,ACCEPTED,1,AMB0123,ACCEPTED,0
REQ00341,AMB0031,REJECTED,2,AMB0057,ACCEPTED,15
REQ00342,AMB0120,ACCEPTED,1,AMB0120,ACCEPTED,0
REQ00343,AMB0053,ACCEPTED,1,AMB0053,ACCEPTED,0
REQ00344,AMB0010,ACCEPTED,1,AMB0010,ACCEPTED,0
REQ00345,AMB0125,ACCEPTED,1,AMB0125,ACCEPTED,0
REQ00346,AMB0131,ACCEPTED,1,AMB0131,ACCEPTED,0
REQ00347,AMB0038,ACCEPTED,1,AMB0038,ACCEPTED,0
REQ00348,AMB0100,ACCEPTED,1,AMB0100,ACCEPTED,0
REQ00349,AMB0072,ACCEPTED,1,AMB0072,ACCEPTED,0
REQ00350,AMB0042,ACCEPTED,1,AMB0042,ACCEPTED,0
REQ00351,AMB0131,ACCEPTED,1,AMB0131,ACCEPTED,0
REQ00352,AMB0055,TIMEOUT,3,AMB0034,ACCEPTED,30
REQ00353,AMB0049,REJECTED,2,AMB0040,ACCEPTED,15
REQ00354,AMB0092,ACCEPTED,1,AMB0092,ACCEPTED,0
REQ00355,AMB0015,ACCEPTED,1,AMB0015,ACCEPTED,0
REQ00356,AMB0099,ACCEPTED,1,AMB0099,ACCEPTED,0
REQ00357,AMB0027,ACCEPTED,1,AMB0027,ACCEPTED,0
REQ00358,AMB0033,TIMEOUT,2,AMB0058,ACCEPTED,15
REQ00359,AMB0125,REJECTED,2,AMB0117,ACCEPTED,15
REQ00360,AMB0128,ACCEPTED,1,AMB0128,ACCEPTED,0
REQ00361,AMB0031,ACCEPTED,1,AMB0031,ACCEPTED,0
REQ00362,AMB0014,ACCEPTED,1,AMB0014,ACCEPTED,0
REQ00363,AMB0027,ACCEPTED,1,AMB0027,ACCEPTED,0
REQ00364,AMB0108,ACCEPTED,1,AMB0108,ACCEPTED,0
REQ00365,AMB0086,REJECTED,3,AMB0090,ACCEPTED,30
REQ00366,AMB0106,ACCEPTED,1,AMB0106,ACCEPTED,0
REQ00367,AMB0096,ACCEPTED,1,AMB0096,ACCEPTED,0
REQ00368,AMB0092,ACCEPTED,1,AMB0092,ACCEPTED,0
REQ00369,AMB0123,ACCEPTED,1,AMB0123,ACCEPTED,0
REQ00370,AMB0055,TIMEOUT,2,AMB0053,ACCEPTED,15
REQ00371,AMB0049,REJECTED,2,AMB0041,ACCEPTED,15
REQ00372,AMB0070,ACCEPTED,1,AMB0070,ACCEPTED,0
REQ00373,AMB0037,ACCEPTED,1,AMB0037,ACCEPTED,0
REQ00374,AMB0026,ACCEPTED,1,AMB0026,ACCEPTED,0
REQ00375,AMB0098,ACCEPTED,1,AMB0098,ACCEPTED,0
REQ00376,AMB0069,ACCEPTED,1,AMB0069,ACCEPTED,0
REQ00377,AMB0053,REJECTED,2,AMB0052,ACCEPTED,15
REQ00378,AMB0049,ACCEPTED,1,AMB0049,ACCEPTED,0
REQ00379,AMB0028,ACCEPTED,1,AMB0028,ACCEPTED,0
REQ00380,AMB0074,ACCEPTED,1,AMB0074,ACCEPTED,0
REQ00381,AMB0059,ACCEPTED,1,AMB0059,ACCEPTED,0
REQ00382,AMB0056,TIMEOUT,2,AMB0058,ACCEPTED,15
REQ00383,AMB0053,ACCEPTED,1,AMB0053,ACCEPTED,0
REQ00384,AMB0084,ACCEPTED,1,AMB0084,ACCEPTED,0
REQ00385,AMB0001,ACCEPTED,1,AMB0001,ACCEPTED,0
REQ00386,AMB0128,ACCEPTED,1,AMB0128,ACCEPTED,0
REQ00387,AMB0125,REJECTED,2,AMB0123,ACCEPTED,15
REQ00388,AMB0061,TIMEOUT,2,AMB0064,ACCEPTED,15
REQ00389,AMB0055,ACCEPTED,1,AMB0055,ACCEPTED,0
REQ00390,AMB0066,ACCEPTED,1,AMB0066,ACCEPTED,0
REQ00391,AMB0001,ACCEPTED,1,AMB0001,ACCEPTED,0
REQ00392,AMB0018,ACCEPTED,1,AMB0018,ACCEPTED,0
REQ00393,AMB0123,ACCEPTED,1,AMB0123,ACCEPTED,0
REQ00394,AMB0131,ACCEPTED,1,AMB0131,ACCEPTED,0
REQ00395,AMB0104,ACCEPTED,1,AMB0104,ACCEPTED,0
REQ00396,AMB0104,ACCEPTED,1,AMB0104,ACCEPTED,0
REQ00397,AMB0086,ACCEPTED,1,AMB0086,ACCEPTED,0
REQ00398,AMB0123,ACCEPTED,1,AMB0123,ACCEPTED,0
REQ00399,AMB0107,ACCEPTED,1,AMB0107,ACCEPTED,0
REQ00400,AMB0014,TIMEOUT,2,AMB0016,ACCEPTED,15
REQ00401,AMB0026,ACCEPTED,1,AMB0026,ACCEPTED,0
REQ00402,AMB0030,ACCEPTED,1,AMB0030,ACCEPTED,0
REQ00403,AMB0062,ACCEPTED,1,AMB0062,ACCEPTED,0
REQ00404,AMB0104,ACCEPTED,1,AMB0104,ACCEPTED,0
REQ00405,AMB0065,ACCEPTED,1,AMB0065,ACCEPTED,0
REQ00406,AMB0118,ACCEPTED,1,AMB0118,ACCEPTED,0
REQ00407,AMB0117,ACCEPTED,1,AMB0117,ACCEPTED,0
REQ00408,AMB0118,ACCEPTED,1,AMB0118,ACCEPTED,0
REQ00409,AMB0110,ACCEPTED,1,AMB0110,ACCEPTED,0
REQ00410,AMB0001,ACCEPTED,1,AMB0001,ACCEPTED,0
REQ00411,AMB0053,REJECTED,2,AMB0052,ACCEPTED,15
REQ00412,AMB0049,TIMEOUT,2,AMB0049,ACCEPTED,15
REQ00413,AMB0055,ACCEPTED,1,AMB0055,ACCEPTED,0
REQ00414,AMB0079,ACCEPTED,1,AMB0079,ACCEPTED,0
REQ00415,AMB0050,ACCEPTED,1,AMB0050,ACCEPTED,0
REQ00416,AMB0066,ACCEPTED,1,AMB0066,ACCEPTED,0
REQ00417,AMB0123,ACCEPTED,1,AMB0123,ACCEPTED,0
REQ00418,AMB0074,TIMEOUT,2,AMB0075,ACCEPTED,15
REQ00419,AMB0023,ACCEPTED,1,AMB0023,ACCEPTED,0
REQ00420,AMB0074,ACCEPTED,1,AMB0074,ACCEPTED,0
REQ00421,AMB0127,ACCEPTED,1,AMB0127,ACCEPTED,0
REQ00422,AMB0033,TIMEOUT,2,AMB0058,ACCEPTED,15
REQ00423,AMB0118,ACCEPTED,1,AMB0118,ACCEPTED,0
REQ00424,AMB0069,TIMEOUT,2,AMB0094,ACCEPTED,15
REQ00425,AMB0014,ACCEPTED,1,AMB0014,ACCEPTED,0
REQ00426,AMB0023,ACCEPTED,1,AMB0023,ACCEPTED,0
REQ00427,AMB0070,ACCEPTED,1,AMB0070,ACCEPTED,0
REQ00428,AMB0036,TIMEOUT,2,AMB0036,ACCEPTED,15
REQ00429,AMB0011,REJECTED,3,AMB0010,ACCEPTED,30
REQ00430,AMB0023,ACCEPTED,1,AMB0023,ACCEPTED,0
REQ00431,AMB0070,ACCEPTED,1,AMB0070,ACCEPTED,0
REQ00432,AMB0041,ACCEPTED,1,AMB0041,ACCEPTED,0
REQ00433,AMB0108,ACCEPTED,1,AMB0108,ACCEPTED,0
REQ00434,AMB0021,ACCEPTED,1,AMB0021,ACCEPTED,0
REQ00435,AMB0018,REJECTED,2,AMB0015,ACCEPTED,15
REQ00436,AMB0023,ACCEPTED,1,AMB0023,ACCEPTED,0
REQ00437,AMB0046,ACCEPTED,1,AMB0046,ACCEPTED,0
REQ00438,AMB0128,ACCEPTED,1,AMB0128,ACCEPTED,0
REQ00439,AMB0056,ACCEPTED,1,AMB0056,ACCEPTED,0
REQ00440,AMB0103,ACCEPTED,1,AMB0103,ACCEPTED,0
REQ00441,AMB0013,REJECTED,2,AMB0018,ACCEPTED,15
REQ00442,AMB0093,ACCEPTED,1,AMB0093,ACCEPTED,0
REQ00443,AMB0001,ACCEPTED,1,AMB0001,ACCEPTED,0
REQ00444,AMB0018,ACCEPTED,1,AMB0018,ACCEPTED,0
REQ00445,AMB0031,ACCEPTED,1,AMB0031,ACCEPTED,0
REQ00446,AMB0079,ACCEPTED,1,AMB0079,ACCEPTED,0
REQ00447,AMB0110,REJECTED,2,AMB0112,ACCEPTED,15
REQ00448,AMB0076,ACCEPTED,1,AMB0076,ACCEPTED,0
REQ00449,AMB0123,ACCEPTED,1,AMB0123,ACCEPTED,0
REQ00450,AMB0027,ACCEPTED,1,AMB0027,ACCEPTED,0
REQ00451,AMB0022,ACCEPTED,1,AMB0022,ACCEPTED,0
REQ00452,AMB0070,TIMEOUT,2,AMB0058,ACCEPTED,15
REQ00453,AMB0014,REJECTED,2,AMB0016,ACCEPTED,15
REQ00454,AMB0011,ACCEPTED,1,AMB0011,ACCEPTED,0
REQ00455,AMB0100,ACCEPTED,1,AMB0100,ACCEPTED,0
REQ00456,AMB0042,ACCEPTED,1,AMB0042,ACCEPTED,0
REQ00457,AMB0128,REJECTED,2,AMB0128,ACCEPTED,15
REQ00458,AMB0031,TIMEOUT,3,AMB0032,ACCEPTED,30
REQ00459,AMB0012,REJECTED,2,AMB0011,ACCEPTED,15
REQ00460,AMB0018,ACCEPTED,1,AMB0018,ACCEPTED,0
REQ00461,AMB0053,ACCEPTED,1,AMB0053,ACCEPTED,0
REQ00462,AMB0065,ACCEPTED,1,AMB0065,ACCEPTED,0
REQ00463,AMB0021,ACCEPTED,1,AMB0021,ACCEPTED,0
REQ00464,AMB0079,TIMEOUT,2,AMB0079,ACCEPTED,15
REQ00465,AMB0097,REJECTED,3,AMB0091,ACCEPTED,30
REQ00466,AMB0070,ACCEPTED,1,AMB0070,ACCEPTED,0
REQ00467,AMB0007,ACCEPTED,1,AMB0007,ACCEPTED,0
REQ00468,AMB0037,ACCEPTED,1,AMB0037,ACCEPTED,0
REQ00469,AMB0079,ACCEPTED,1,AMB0079,ACCEPTED,0
REQ00470,AMB0037,TIMEOUT,2,AMB0037,ACCEPTED,15
REQ00471,AMB0056,REJECTED,3,AMB0056,ACCEPTED,30
REQ00472,AMB0131,ACCEPTED,1,AMB0131,ACCEPTED,0
REQ00473,AMB0079,ACCEPTED,1,AMB0079,ACCEPTED,0
REQ00474,AMB0120,ACCEPTED,1,AMB0120,ACCEPTED,0
REQ00475,AMB0031,REJECTED,2,AMB0031,ACCEPTED,15
REQ00476,AMB0053,TIMEOUT,2,AMB0054,ACCEPTED,15
REQ00477,AMB0018,REJECTED,3,AMB0018,ACCEPTED,30
REQ00478,AMB0031,ACCEPTED,1,AMB0031,ACCEPTED,0
REQ00479,AMB0065,ACCEPTED,1,AMB0065,ACCEPTED,0
REQ00480,AMB0018,ACCEPTED,1,AMB0018,ACCEPTED,0
REQ00481,AMB0074,ACCEPTED,1,AMB0074,ACCEPTED,0
REQ00482,AMB0032,TIMEOUT,2,AMB0028,ACCEPTED,15
REQ00483,AMB0053,ACCEPTED,1,AMB0053,ACCEPTED,0
REQ00484,AMB0049,ACCEPTED,1,AMB0049,ACCEPTED,0
REQ00485,AMB0089,ACCEPTED,1,AMB0089,ACCEPTED,0
REQ00486,AMB0055,ACCEPTED,1,AMB0055,ACCEPTED,0
REQ00487,AMB0128,REJECTED,3,AMB0126,ACCEPTED,30
REQ00488,AMB0011,TIMEOUT,2,AMB0011,ACCEPTED,15
REQ00489,AMB0092,ACCEPTED,1,AMB0092,ACCEPTED,0
REQ00490,AMB0064,ACCEPTED,1,AMB0064,ACCEPTED,0
REQ00491,AMB0092,ACCEPTED,1,AMB0092,ACCEPTED,0
REQ00492,AMB0054,ACCEPTED,1,AMB0054,ACCEPTED,0
REQ00493,AMB0055,ACCEPTED,1,AMB0055,ACCEPTED,0
REQ00494,AMB0131,ACCEPTED,1,AMB0131,ACCEPTED,0
REQ00495,AMB0037,ACCEPTED,1,AMB0037,ACCEPTED,0
REQ00496,AMB0037,ACCEPTED,1,AMB0037,ACCEPTED,0
REQ00497,AMB0089,ACCEPTED,1,AMB0089,ACCEPTED,0
REQ00498,AMB0036,ACCEPTED,1,AMB0036,ACCEPTED,0
REQ00499,AMB0088,ACCEPTED,1,AMB0088,ACCEPTED,0
REQ00500,AMB0088,ACCEPTED,1,AMB0088,ACCEPTED,0
REQ00501,AMB0055,ACCEPTED,1,AMB0055,ACCEPTED,0
REQ00502,AMB0043,ACCEPTED,1,AMB0043,ACCEPTED,0
REQ00503,AMB0038,ACCEPTED,1,AMB0038,ACCEPTED,0
REQ00504,AMB0110,ACCEPTED,1,AMB0110,ACCEPTED,0
REQ00505,AMB0091,ACCEPTED,1,AMB0091,ACCEPTED,0
REQ00506,AMB0103,TIMEOUT,2,AMB0102,ACCEPTED,15
REQ00507,AMB0033,ACCEPTED,1,AMB0033,ACCEPTED,0
REQ00508,AMB0099,ACCEPTED,1,AMB0099,ACCEPTED,0
REQ00509,AMB0009,ACCEPTED,1,AMB0009,ACCEPTED,0
REQ00510,AMB0103,ACCEPTED,1,AMB0103,ACCEPTED,0
REQ00511,AMB0091,ACCEPTED,1,AMB0091,ACCEPTED,0
REQ00512,AMB0037,TIMEOUT,2,AMB0039,ACCEPTED,15
REQ00513,AMB0079,ACCEPTED,1,AMB0079,ACCEPTED,0
REQ00514,AMB0084,ACCEPTED,1,AMB0084,ACCEPTED,0
REQ00515,AMB0050,ACCEPTED,1,AMB0050,ACCEPTED,0
REQ00516,AMB0012,ACCEPTED,1,AMB0012,ACCEPTED,0
REQ00517,AMB0023,ACCEPTED,1,AMB0023,ACCEPTED,0
REQ00518,AMB0098,TIMEOUT,2,AMB0099,ACCEPTED,15
REQ00519,AMB0113,ACCEPTED,1,AMB0113,ACCEPTED,0
REQ00520,AMB0106,ACCEPTED,1,AMB0106,ACCEPTED,0
REQ00521,AMB0118,ACCEPTED,1,AMB0118,ACCEPTED,0
REQ00522,AMB0021,ACCEPTED,1,AMB0021,ACCEPTED,0
REQ00523,AMB0053,REJECTED,3,AMB0054,ACCEPTED,30
REQ00524,AMB0118,ACCEPTED,1,AMB0118,ACCEPTED,0
REQ00525,AMB0072,ACCEPTED,1,AMB0072,ACCEPTED,0
REQ00526,AMB0120,ACCEPTED,1,AMB0120,ACCEPTED,0
REQ00527,AMB0031,ACCEPTED,1,AMB0031,ACCEPTED,0
REQ00528,AMB0057,ACCEPTED,1,AMB0057,ACCEPTED,0
REQ00529,AMB0055,REJECTED,2,AMB0058,ACCEPTED,15
REQ00530,AMB0015,ACCEPTED,1,AMB0015,ACCEPTED,0
REQ00531,AMB0019,ACCEPTED,1,AMB0019,ACCEPTED,0
REQ00532,AMB0115,ACCEPTED,1,AMB0115,ACCEPTED,0
REQ00533,AMB0069,ACCEPTED,1,AMB0069,ACCEPTED,0
REQ00534,AMB0065,ACCEPTED,1,AMB0065,ACCEPTED,0
REQ00535,AMB0062,ACCEPTED,1,AMB0062,ACCEPTED,0
REQ00536,AMB0108,ACCEPTED,1,AMB0108,ACCEPTED,0
REQ00537,AMB0125,ACCEPTED,1,AMB0125,ACCEPTED,0
REQ00538,AMB0003,ACCEPTED,1,AMB0003,ACCEPTED,0
REQ00539,AMB0065,ACCEPTED,1,AMB0065,ACCEPTED,0
REQ00540,AMB0055,ACCEPTED,1,AMB0055,ACCEPTED,0
REQ00541,AMB0055,REJECTED,2,AMB0053,ACCEPTED,15
REQ00542,AMB0043,ACCEPTED,1,AMB0043,ACCEPTED,0
REQ00543,AMB0097,ACCEPTED,1,AMB0097,ACCEPTED,0
REQ00544,AMB0108,ACCEPTED,1,AMB0108,ACCEPTED,0
REQ00545,AMB0057,ACCEPTED,1,AMB0057,ACCEPTED,0
REQ00546,AMB0066,ACCEPTED,1,AMB0066,ACCEPTED,0
REQ00547,AMB0001,ACCEPTED,1,AMB0001,ACCEPTED,0
REQ00548,AMB0079,ACCEPTED,1,AMB0079,ACCEPTED,0
REQ00549,AMB0049,ACCEPTED,1,AMB0049,ACCEPTED,0
REQ00550,AMB0081,ACCEPTED,1,AMB0081,ACCEPTED,0
REQ00551,AMB0037,ACCEPTED,1,AMB0037,ACCEPTED,0
REQ00552,AMB0079,ACCEPTED,1,AMB0079,ACCEPTED,0
REQ00553,AMB0021,REJECTED,2,AMB0036,ACCEPTED,15
REQ00554,AMB0127,ACCEPTED,1,AMB0127,ACCEPTED,0
REQ00555,AMB0023,ACCEPTED,1,AMB0023,ACCEPTED,0
REQ00556,AMB0001,ACCEPTED,1,AMB0001,ACCEPTED,0
REQ00557,AMB0066,ACCEPTED,1,AMB0066,ACCEPTED,0
REQ00558,AMB0099,TIMEOUT,3,AMB0100,ACCEPTED,30
REQ00559,AMB0036,REJECTED,2,AMB0037,ACCEPTED,15
REQ00560,AMB0123,ACCEPTED,1,AMB0123,ACCEPTED,0
REQ00561,AMB0001,ACCEPTED,1,AMB0001,ACCEPTED,0
REQ00562,AMB0049,ACCEPTED,1,AMB0049,ACCEPTED,0
REQ00563,AMB0100,ACCEPTED,1,AMB0100,ACCEPTED,0
REQ00564,AMB0001,ACCEPTED,1,AMB0001,ACCEPTED,0
REQ00565,AMB0026,REJECTED,3,AMB0027,ACCEPTED,30
REQ00566,AMB0084,ACCEPTED,1,AMB0084,ACCEPTED,0
REQ00567,AMB0021,ACCEPTED,1,AMB0021,ACCEPTED,0
REQ00568,AMB0036,ACCEPTED,1,AMB0036,ACCEPTED,0
REQ00569,AMB0031,REJECTED,2,AMB0032,ACCEPTED,15
REQ00570,AMB0070,TIMEOUT,2,AMB0070,ACCEPTED,15
REQ00571,AMB0042,REJECTED,2,AMB0041,ACCEPTED,15
REQ00572,AMB0037,ACCEPTED,1,AMB0037,ACCEPTED,0
REQ00573,AMB0128,ACCEPTED,1,AMB0128,ACCEPTED,0
REQ00574,AMB0012,ACCEPTED,1,AMB0012,ACCEPTED,0
REQ00575,AMB0074,ACCEPTED,1,AMB0074,ACCEPTED,0
REQ00576,AMB0097,TIMEOUT,2,AMB0095,ACCEPTED,15
REQ00577,AMB0083,REJECTED,2,AMB0079,ACCEPTED,15
REQ00578,AMB0065,ACCEPTED,1,AMB0065,ACCEPTED,0
REQ00579,AMB0008,ACCEPTED,1,AMB0008,ACCEPTED,0
REQ00580,AMB0023,ACCEPTED,1,AMB0023,ACCEPTED,0
REQ00581,AMB0010,REJECTED,4,AMB0011,ACCEPTED,45
REQ00582,AMB0084,TIMEOUT,2,AMB0100,ACCEPTED,15
REQ00583,AMB0110,ACCEPTED,1,AMB0110,ACCEPTED,0
REQ00584,AMB0037,ACCEPTED,1,AMB0037,ACCEPTED,0
REQ00585,AMB0026,ACCEPTED,1,AMB0026,ACCEPTED,0
REQ00586,AMB0108,ACCEPTED,1,AMB0108,ACCEPTED,0
REQ00587,AMB0011,REJECTED,4,AMB0008,ACCEPTED,45
REQ00588,AMB0113,TIMEOUT,2,AMB0109,ACCEPTED,15
REQ00589,AMB0007,ACCEPTED,1,AMB0007,ACCEPTED,0
REQ00590,AMB0098,ACCEPTED,1,AMB0098,ACCEPTED,0
REQ00591,AMB0053,ACCEPTED,1,AMB0053,ACCEPTED,0
REQ00592,AMB0036,ACCEPTED,1,AMB0036,ACCEPTED,0
REQ00593,AMB0124,ACCEPTED,1,AMB0124,ACCEPTED,0
REQ00594,AMB0023,ACCEPTED,1,AMB0023,ACCEPTED,0
REQ00595,AMB0053,ACCEPTED,1,AMB0053,ACCEPTED,0
REQ00596,AMB0053,ACCEPTED,1,AMB0053,ACCEPTED,0
REQ00597,AMB0088,ACCEPTED,1,AMB0088,ACCEPTED,0
REQ00598,AMB0128,ACCEPTED,1,AMB0128,ACCEPTED,0
REQ00599,AMB0128,REJECTED,2,AMB0128,ACCEPTED,15
REQ00600,AMB0023,ACCEPTED,1,AMB0023,ACCEPTED,0
REQ00601,AMB0128,ACCEPTED,1,AMB0128,ACCEPTED,0
REQ00602,AMB0127,ACCEPTED,1,AMB0127,ACCEPTED,0
REQ00603,AMB0046,ACCEPTED,1,AMB0046,ACCEPTED,0
REQ00604,AMB0104,ACCEPTED,1,AMB0104,ACCEPTED,0
REQ00605,AMB0070,REJECTED,2,AMB0070,ACCEPTED,15
REQ00606,AMB0123,TIMEOUT,2,AMB0123,ACCEPTED,15
REQ00607,AMB0066,ACCEPTED,1,AMB0066,ACCEPTED,0
REQ00608,AMB0115,ACCEPTED,1,AMB0115,ACCEPTED,0
REQ00609,AMB0033,ACCEPTED,1,AMB0033,ACCEPTED,0
REQ00610,AMB0042,ACCEPTED,1,AMB0042,ACCEPTED,0
REQ00611,AMB0011,REJECTED,2,AMB0012,ACCEPTED,15
REQ00612,AMB0039,TIMEOUT,2,AMB0034,ACCEPTED,15
REQ00613,AMB0120,ACCEPTED,1,AMB0120,ACCEPTED,0
REQ00614,AMB0023,ACCEPTED,1,AMB0023,ACCEPTED,0
REQ00615,AMB0074,ACCEPTED,1,AMB0074,ACCEPTED,0
REQ00616,AMB0091,ACCEPTED,1,AMB0091,ACCEPTED,0
REQ00617,AMB0049,ACCEPTED,1,AMB0049,ACCEPTED,0
REQ00618,AMB0068,TIMEOUT,2,AMB0068,ACCEPTED,15
REQ00619,AMB0036,ACCEPTED,1,AMB0036,ACCEPTED,0
REQ00620,AMB0084,ACCEPTED,1,AMB0084,ACCEPTED,0
REQ00621,AMB0112,ACCEPTED,1,AMB0112,ACCEPTED,0
REQ00622,AMB0131,ACCEPTED,1,AMB0131,ACCEPTED,0
REQ00623,AMB0046,ACCEPTED,1,AMB0046,ACCEPTED,0
REQ00624,AMB0108,TIMEOUT,2,AMB0108,ACCEPTED,15
REQ00625,AMB0003,ACCEPTED,1,AMB0003,ACCEPTED,0
REQ00626,AMB0080,ACCEPTED,1,AMB0080,ACCEPTED,0
REQ00627,AMB0009,ACCEPTED,1,AMB0009,ACCEPTED,0
REQ00628,AMB0099,ACCEPTED,1,AMB0099,ACCEPTED,0
REQ00629,AMB0049,ACCEPTED,1,AMB0049,ACCEPTED,0
REQ00630,AMB0076,ACCEPTED,1,AMB0076,ACCEPTED,0
REQ00631,AMB0021,ACCEPTED,1,AMB0021,ACCEPTED,0
REQ00632,AMB0043,ACCEPTED,1,AMB0043,ACCEPTED,0
REQ00633,AMB0035,ACCEPTED,1,AMB0035,ACCEPTED,0
REQ00634,AMB0003,TIMEOUT,2,AMB0013,ACCEPTED,15
REQ00635,AMB0049,REJECTED,3,AMB0049,ACCEPTED,30
REQ00636,AMB0128,ACCEPTED,1,AMB0128,ACCEPTED,0
REQ00637,AMB0036,ACCEPTED,1,AMB0036,ACCEPTED,0
REQ00638,AMB0039,ACCEPTED,1,AMB0039,ACCEPTED,0
REQ00639,AMB0092,ACCEPTED,1,AMB0092,ACCEPTED,0
REQ00640,AMB0031,TIMEOUT,2,AMB0031,ACCEPTED,15
REQ00641,AMB0054,REJECTED,2,AMB0054,ACCEPTED,15
REQ00642,AMB0076,ACCEPTED,1,AMB0076,ACCEPTED,0
REQ00643,AMB0104,ACCEPTED,1,AMB0104,ACCEPTED,0
REQ00644,AMB0020,ACCEPTED,1,AMB0020,ACCEPTED,0
REQ00645,AMB0069,ACCEPTED,1,AMB0069,ACCEPTED,0
REQ00646,AMB0131,ACCEPTED,1,AMB0131,ACCEPTED,0
REQ00647,AMB0007,REJECTED,2,AMB0007,ACCEPTED,15
REQ00648,AMB0131,ACCEPTED,1,AMB0131,ACCEPTED,0
REQ00649,AMB0064,ACCEPTED,1,AMB0064,ACCEPTED,0
REQ00650,AMB0036,ACCEPTED,1,AMB0036,ACCEPTED,0
REQ00651,AMB0033,ACCEPTED,1,AMB0033,ACCEPTED,0
REQ00652,AMB0113,TIMEOUT,3,AMB0113,ACCEPTED,30
REQ00653,AMB0014,REJECTED,2,AMB0016,ACCEPTED,15
REQ00654,AMB0112,ACCEPTED,1,AMB0112,ACCEPTED,0
REQ00655,AMB0127,ACCEPTED,1,AMB0127,ACCEPTED,0
REQ00656,AMB0071,ACCEPTED,1,AMB0071,ACCEPTED,0
REQ00657,AMB0074,ACCEPTED,1,AMB0074,ACCEPTED,0
REQ00658,AMB0079,ACCEPTED,1,AMB0079,ACCEPTED,0
REQ00659,AMB0065,REJECTED,2,AMB0063,ACCEPTED,15
REQ00660,AMB0120,ACCEPTED,1,AMB0120,ACCEPTED,0
REQ00661,AMB0066,ACCEPTED,1,AMB0066,ACCEPTED,0
REQ00662,AMB0055,ACCEPTED,1,AMB0055,ACCEPTED,0
REQ00663,AMB0024,ACCEPTED,1,AMB0024,ACCEPTED,0
REQ00664,AMB0037,TIMEOUT,4,AMB0042,ACCEPTED,45
REQ00665,AMB0117,REJECTED,3,AMB0118,ACCEPTED,30
REQ00666,AMB0041,ACCEPTED,1,AMB0041,ACCEPTED,0
REQ00667,AMB0102,ACCEPTED,1,AMB0102,ACCEPTED,0
REQ00668,AMB0042,ACCEPTED,1,AMB0042,ACCEPTED,0
REQ00669,AMB0050,ACCEPTED,1,AMB0050,ACCEPTED,0
REQ00670,AMB0001,ACCEPTED,1,AMB0001,ACCEPTED,0
REQ00671,AMB0046,REJECTED,2,AMB0046,ACCEPTED,15
REQ00672,AMB0023,ACCEPTED,1,AMB0023,ACCEPTED,0
REQ00673,AMB0011,ACCEPTED,1,AMB0011,ACCEPTED,0
REQ00674,AMB0055,ACCEPTED,1,AMB0055,ACCEPTED,0
REQ00675,AMB0018,ACCEPTED,1,AMB0018,ACCEPTED,0
REQ00676,AMB0015,ACCEPTED,1,AMB0015,ACCEPTED,0
REQ00677,AMB0104,REJECTED,2,AMB0107,ACCEPTED,15
REQ00678,AMB0053,ACCEPTED,1,AMB0053,ACCEPTED,0
REQ00679,AMB0064,ACCEPTED,1,AMB0064,ACCEPTED,0
REQ00680,AMB0066,ACCEPTED,1,AMB0066,ACCEPTED,0
REQ00681,AMB0031,REJECTED,4,AMB0028,ACCEPTED,45
REQ00682,AMB0074,TIMEOUT,2,AMB0075,ACCEPTED,15
REQ00683,AMB0016,ACCEPTED,1,AMB0016,ACCEPTED,0
REQ00684,AMB0018,ACCEPTED,1,AMB0018,ACCEPTED,0
REQ00685,AMB0064,ACCEPTED,1,AMB0064,ACCEPTED,0
REQ00686,AMB0039,ACCEPTED,1,AMB0039,ACCEPTED,0
REQ00687,AMB0088,ACCEPTED,1,AMB0088,ACCEPTED,0
REQ00688,AMB0046,TIMEOUT,2,AMB0047,ACCEPTED,15
REQ00689,AMB0092,ACCEPTED,1,AMB0092,ACCEPTED,0
REQ00690,AMB0069,ACCEPTED,1,AMB0069,ACCEPTED,0
REQ00691,AMB0084,ACCEPTED,1,AMB0084,ACCEPTED,0
REQ00692,AMB0123,ACCEPTED,1,AMB0123,ACCEPTED,0
REQ00693,AMB0128,REJECTED,3,AMB0126,ACCEPTED,30
REQ00694,AMB0027,TIMEOUT,3,AMB0026,ACCEPTED,30
REQ00695,AMB0015,ACCEPTED,1,AMB0015,ACCEPTED,0
REQ00696,AMB0043,ACCEPTED,1,AMB0043,ACCEPTED,0
REQ00697,AMB0083,ACCEPTED,1,AMB0083,ACCEPTED,0
REQ00698,AMB0014,ACCEPTED,1,AMB0014,ACCEPTED,0
REQ00699,AMB0099,REJECTED,2,AMB0099,ACCEPTED,15
REQ00700,AMB0096,ACCEPTED,1,AMB0096,ACCEPTED,0
REQ00701,AMB0131,ACCEPTED,1,AMB0131,ACCEPTED,0
REQ00702,AMB0016,ACCEPTED,1,AMB0016,ACCEPTED,0
REQ00703,AMB0023,ACCEPTED,1,AMB0023,ACCEPTED,0
REQ00704,AMB0120,ACCEPTED,1,AMB0120,ACCEPTED,0
REQ00705,AMB0014,REJECTED,2,AMB0014,ACCEPTED,15
REQ00706,AMB0088,TIMEOUT,2,AMB0090,ACCEPTED,15
REQ00707,AMB0003,ACCEPTED,1,AMB0003,ACCEPTED,0
REQ00708,AMB0056,ACCEPTED,1,AMB0056,ACCEPTED,0
REQ00709,AMB0071,ACCEPTED,1,AMB0071,ACCEPTED,0
REQ00710,AMB0033,TIMEOUT,3,AMB0035,ACCEPTED,30
REQ00711,AMB0088,ACCEPTED,1,AMB0088,ACCEPTED,0
REQ00712,AMB0125,TIMEOUT,2,AMB0123,ACCEPTED,15
REQ00713,AMB0110,ACCEPTED,1,AMB0110,ACCEPTED,0
REQ00714,AMB0050,ACCEPTED,1,AMB0050,ACCEPTED,0
REQ00715,AMB0038,ACCEPTED,1,AMB0038,ACCEPTED,0
REQ00716,AMB0033,TIMEOUT,2,AMB0058,ACCEPTED,15
REQ00717,AMB0053,REJECTED,2,AMB0054,ACCEPTED,15
REQ00718,AMB0081,TIMEOUT,2,AMB0077,ACCEPTED,15
REQ00719,AMB0048,ACCEPTED,1,AMB0048,ACCEPTED,0
REQ00720,AMB0036,ACCEPTED,1,AMB0036,ACCEPTED,0
REQ00721,AMB0093,ACCEPTED,1,AMB0093,ACCEPTED,0
REQ00722,AMB0115,TIMEOUT,2,AMB0114,ACCEPTED,15
REQ00723,AMB0065,REJECTED,3,AMB0064,ACCEPTED,30
REQ00724,AMB0044,TIMEOUT,2,AMB0043,ACCEPTED,15
REQ00725,AMB0050,ACCEPTED,1,AMB0050,ACCEPTED,0
REQ00726,AMB0118,ACCEPTED,1,AMB0118,ACCEPTED,0
REQ00727,AMB0118,ACCEPTED,1,AMB0118,ACCEPTED,0
REQ00728,AMB0055,ACCEPTED,1,AMB0055,ACCEPTED,0
REQ00729,AMB0118,ACCEPTED,1,AMB0118,ACCEPTED,0
REQ00730,AMB0037,ACCEPTED,1,AMB0037,ACCEPTED,0
REQ00731,AMB0018,ACCEPTED,1,AMB0018,ACCEPTED,0
REQ00732,AMB0072,ACCEPTED,1,AMB0072,ACCEPTED,0
REQ00733,AMB0027,ACCEPTED,1,AMB0027,ACCEPTED,0
REQ00734,AMB0011,ACCEPTED,1,AMB0011,ACCEPTED,0
REQ00735,AMB0049,REJECTED,3,AMB0049,ACCEPTED,30
REQ00736,AMB0131,ACCEPTED,1,AMB0131,ACCEPTED,0
REQ00737,AMB0100,ACCEPTED,1,AMB0100,ACCEPTED,0
REQ00738,AMB0036,ACCEPTED,1,AMB0036,ACCEPTED,0
REQ00739,AMB0084,ACCEPTED,1,AMB0084,ACCEPTED,0
REQ00740,AMB0113,TIMEOUT,2,AMB0114,ACCEPTED,15
REQ00741,AMB0055,REJECTED,2,AMB0053,ACCEPTED,15
REQ00742,AMB0064,ACCEPTED,1,AMB0064,ACCEPTED,0
REQ00743,AMB0131,ACCEPTED,1,AMB0131,ACCEPTED,0
REQ00744,AMB0088,ACCEPTED,1,AMB0088,ACCEPTED,0
REQ00745,AMB0074,ACCEPTED,1,AMB0074,ACCEPTED,0
REQ00746,AMB0023,ACCEPTED,1,AMB0023,ACCEPTED,0
REQ00747,AMB0039,REJECTED,2,AMB0037,ACCEPTED,15
REQ00748,AMB0064,ACCEPTED,1,AMB0064,ACCEPTED,0
REQ00749,AMB0031,ACCEPTED,1,AMB0031,ACCEPTED,0
REQ00750,AMB0062,ACCEPTED,1,AMB0062,ACCEPTED,0
REQ00751,AMB0055,ACCEPTED,1,AMB0055,ACCEPTED,0
REQ00752,AMB0084,TIMEOUT,3,AMB0084,ACCEPTED,30
REQ00753,AMB0068,ACCEPTED,1,AMB0068,ACCEPTED,0
REQ00754,AMB0102,ACCEPTED,1,AMB0102,ACCEPTED,0
REQ00755,AMB0104,ACCEPTED,1,AMB0104,ACCEPTED,0
REQ00756,AMB0037,ACCEPTED,1,AMB0037,ACCEPTED,0
REQ00757,AMB0031,REJECTED,2,AMB0030,ACCEPTED,15
REQ00758,AMB0104,ACCEPTED,1,AMB0104,ACCEPTED,0
REQ00759,AMB0033,REJECTED,2,AMB0033,ACCEPTED,15
REQ00760,AMB0036,ACCEPTED,1,AMB0036,ACCEPTED,0
REQ00761,AMB0127,ACCEPTED,1,AMB0127,ACCEPTED,0
REQ00762,AMB0079,ACCEPTED,1,AMB0079,ACCEPTED,0
REQ00763,AMB0107,ACCEPTED,1,AMB0107,ACCEPTED,0
REQ00764,AMB0020,ACCEPTED,1,AMB0020,ACCEPTED,0
REQ00765,AMB0036,REJECTED,3,AMB0033,ACCEPTED,30
REQ00766,AMB0060,ACCEPTED,1,AMB0060,ACCEPTED,0
REQ00767,AMB0007,ACCEPTED,1,AMB0007,ACCEPTED,0
REQ00768,AMB0055,ACCEPTED,1,AMB0055,ACCEPTED,0
REQ00769,AMB0015,ACCEPTED,1,AMB0015,ACCEPTED,0
REQ00770,AMB0011,TIMEOUT,2,AMB0008,ACCEPTED,15
REQ00771,AMB0128,REJECTED,2,AMB0126,ACCEPTED,15
REQ00772,AMB0011,ACCEPTED,1,AMB0011,ACCEPTED,0
REQ00773,AMB0069,ACCEPTED,1,AMB0069,ACCEPTED,0
REQ00774,AMB0065,ACCEPTED,1,AMB0065,ACCEPTED,0
REQ00775,AMB0046,ACCEPTED,1,AMB0046,ACCEPTED,0
REQ00776,AMB0026,TIMEOUT,2,AMB0028,ACCEPTED,15
REQ00777,AMB0018,REJECTED,3,AMB0017,ACCEPTED,30
REQ00778,AMB0127,ACCEPTED,1,AMB0127,ACCEPTED,0
REQ00779,AMB0120,ACCEPTED,1,AMB0120,ACCEPTED,0
REQ00780,AMB0131,ACCEPTED,1,AMB0131,ACCEPTED,0
REQ00781,AMB0131,ACCEPTED,1,AMB0131,ACCEPTED,0
REQ00782,AMB0019,TIMEOUT,2,AMB0019,ACCEPTED,15
REQ00783,AMB0092,ACCEPTED,1,AMB0092,ACCEPTED,0
REQ00784,AMB0037,ACCEPTED,1,AMB0037,ACCEPTED,0
REQ00785,AMB0076,ACCEPTED,1,AMB0076,ACCEPTED,0
REQ00786,AMB0046,ACCEPTED,1,AMB0046,ACCEPTED,0
REQ00787,AMB0120,ACCEPTED,1,AMB0120,ACCEPTED,0
REQ00788,AMB0068,ACCEPTED,1,AMB0068,ACCEPTED,0
REQ00789,AMB0001,ACCEPTED,1,AMB0001,ACCEPTED,0
REQ00790,AMB0015,ACCEPTED,1,AMB0015,ACCEPTED,0
REQ00791,AMB0079,ACCEPTED,1,AMB0079,ACCEPTED,0
REQ00792,AMB0103,ACCEPTED,1,AMB0103,ACCEPTED,0
REQ00793,AMB0057,ACCEPTED,1,AMB0057,ACCEPTED,0
REQ00794,AMB0010,TIMEOUT,3,AMB0008,ACCEPTED,30
REQ00795,AMB0069,ACCEPTED,1,AMB0069,ACCEPTED,0
REQ00796,AMB0018,ACCEPTED,1,AMB0018,ACCEPTED,0
REQ00797,AMB0001,ACCEPTED,1,AMB0001,ACCEPTED,0
REQ00798,AMB0018,ACCEPTED,1,AMB0018,ACCEPTED,0
REQ00799,AMB0103,ACCEPTED,1,AMB0103,ACCEPTED,0
REQ00800,AMB0049,TIMEOUT,2,AMB0049,ACCEPTED,15
REQ00801,AMB0014,ACCEPTED,1,AMB0014,ACCEPTED,0
REQ00802,AMB0127,ACCEPTED,1,AMB0127,ACCEPTED,0
REQ00803,AMB0055,ACCEPTED,1,AMB0055,ACCEPTED,0
REQ00804,AMB0020,ACCEPTED,1,AMB0020,ACCEPTED,0
REQ00805,AMB0015,ACCEPTED,1,AMB0015,ACCEPTED,0
REQ00806,AMB0072,TIMEOUT,3,AMB0072,ACCEPTED,30
REQ00807,AMB0014,ACCEPTED,1,AMB0014,ACCEPTED,0
REQ00808,AMB0055,ACCEPTED,1,AMB0055,ACCEPTED,0
REQ00809,AMB0062,ACCEPTED,1,AMB0062,ACCEPTED,0
REQ00810,AMB0088,ACCEPTED,1,AMB0088,ACCEPTED,0
REQ00811,AMB0023,ACCEPTED,1,AMB0023,ACCEPTED,0
REQ00812,AMB0023,TIMEOUT,2,AMB0023,ACCEPTED,15
REQ00813,AMB0050,ACCEPTED,1,AMB0050,ACCEPTED,0
REQ00814,AMB0048,ACCEPTED,1,AMB0048,ACCEPTED,0
REQ00815,AMB0011,ACCEPTED,1,AMB0011,ACCEPTED,0
REQ00816,AMB0097,ACCEPTED,1,AMB0097,ACCEPTED,0
REQ00817,AMB0070,REJECTED,2,AMB0070,ACCEPTED,15
REQ00818,AMB0042,TIMEOUT,2,AMB0042,ACCEPTED,15
REQ00819,AMB0023,ACCEPTED,1,AMB0023,ACCEPTED,0
REQ00820,AMB0080,ACCEPTED,1,AMB0080,ACCEPTED,0
REQ00821,AMB0088,ACCEPTED,1,AMB0088,ACCEPTED,0
REQ00822,AMB0079,ACCEPTED,1,AMB0079,ACCEPTED,0
REQ00823,AMB0110,REJECTED,3,AMB0109,ACCEPTED,30
REQ00824,AMB0091,TIMEOUT,2,AMB0092,ACCEPTED,15
REQ00825,AMB0043,ACCEPTED,1,AMB0043,ACCEPTED,0
REQ00826,AMB0037,ACCEPTED,1,AMB0037,ACCEPTED,0
REQ00827,AMB0065,ACCEPTED,1,AMB0065,ACCEPTED,0
REQ00828,AMB0079,ACCEPTED,1,AMB0079,ACCEPTED,0
REQ00829,AMB0103,ACCEPTED,1,AMB0103,ACCEPTED,0
REQ00830,AMB0125,ACCEPTED,1,AMB0125,ACCEPTED,0
REQ00831,AMB0117,ACCEPTED,1,AMB0117,ACCEPTED,0
REQ00832,AMB0079,ACCEPTED,1,AMB0079,ACCEPTED,0
REQ00833,AMB0023,ACCEPTED,1,AMB0023,ACCEPTED,0
REQ00834,AMB0068,ACCEPTED,1,AMB0068,ACCEPTED,0
REQ00835,AMB0026,REJECTED,2,AMB0026,ACCEPTED,15
REQ00836,AMB0065,ACCEPTED,1,AMB0065,ACCEPTED,0
REQ00837,AMB0053,ACCEPTED,1,AMB0053,ACCEPTED,0
REQ00838,AMB0096,ACCEPTED,1,AMB0096,ACCEPTED,0
REQ00839,AMB0120,ACCEPTED,1,AMB0120,ACCEPTED,0
REQ00840,AMB0026,ACCEPTED,1,AMB0026,ACCEPTED,0
REQ00841,AMB0049,REJECTED,2,AMB0051,ACCEPTED,15
REQ00842,AMB0020,ACCEPTED,1,AMB0020,ACCEPTED,0
REQ00843,AMB0007,ACCEPTED,1,AMB0007,ACCEPTED,0
REQ00844,AMB0112,ACCEPTED,1,AMB0112,ACCEPTED,0
REQ00845,AMB0032,ACCEPTED,1,AMB0032,ACCEPTED,0
REQ00846,AMB0064,TIMEOUT,2,AMB0065,ACCEPTED,15
REQ00847,AMB0042,REJECTED,2,AMB0041,ACCEPTED,15
REQ00848,AMB0098,ACCEPTED,1,AMB0098,ACCEPTED,0
REQ00849,AMB0062,ACCEPTED,1,AMB0062,ACCEPTED,0
REQ00850,AMB0007,ACCEPTED,1,AMB0007,ACCEPTED,0
REQ00851,AMB0020,ACCEPTED,1,AMB0020,ACCEPTED,0
REQ00852,AMB0118,ACCEPTED,1,AMB0118,ACCEPTED,0
REQ00853,AMB0104,REJECTED,2,AMB0107,ACCEPTED,15
REQ00854,AMB0071,ACCEPTED,1,AMB0071,ACCEPTED,0
REQ00855,AMB0013,ACCEPTED,1,AMB0013,ACCEPTED,0
REQ00856,AMB0024,ACCEPTED,1,AMB0024,ACCEPTED,0
REQ00857,AMB0060,ACCEPTED,1,AMB0060,ACCEPTED,0
REQ00858,AMB0117,ACCEPTED,1,AMB0117,ACCEPTED,0
REQ00859,AMB0074,REJECTED,2,AMB0075,ACCEPTED,15
REQ00860,AMB0026,ACCEPTED,1,AMB0026,ACCEPTED,0
REQ00861,AMB0043,ACCEPTED,1,AMB0043,ACCEPTED,0
REQ00862,AMB0019,ACCEPTED,1,AMB0019,ACCEPTED,0
REQ00863,AMB0055,ACCEPTED,1,AMB0055,ACCEPTED,0
REQ00864,AMB0016,ACCEPTED,1,AMB0016,ACCEPTED,0
REQ00865,AMB0031,REJECTED,3,AMB0030,ACCEPTED,30
REQ00866,AMB0011,ACCEPTED,1,AMB0011,ACCEPTED,0
REQ00867,AMB0131,ACCEPTED,1,AMB0131,ACCEPTED,0
REQ00868,AMB0001,ACCEPTED,1,AMB0001,ACCEPTED,0
REQ00869,AMB0068,ACCEPTED,1,AMB0068,ACCEPTED,0
REQ00870,AMB0024,TIMEOUT,2,AMB0023,ACCEPTED,15
REQ00871,AMB0069,REJECTED,2,AMB0094,ACCEPTED,15
REQ00872,AMB0033,ACCEPTED,1,AMB0033,ACCEPTED,0
REQ00873,AMB0131,ACCEPTED,1,AMB0131,ACCEPTED,0
REQ00874,AMB0074,ACCEPTED,1,AMB0074,ACCEPTED,0
REQ00875,AMB0039,REJECTED,2,AMB0038,ACCEPTED,15
REQ00876,AMB0074,TIMEOUT,2,AMB0085,ACCEPTED,15
REQ00877,AMB0107,REJECTED,2,AMB0107,ACCEPTED,15
REQ00878,AMB0046,ACCEPTED,1,AMB0046,ACCEPTED,0
REQ00879,AMB0123,ACCEPTED,1,AMB0123,ACCEPTED,0
REQ00880,AMB0103,ACCEPTED,1,AMB0103,ACCEPTED,0
REQ00881,AMB0088,ACCEPTED,1,AMB0088,ACCEPTED,0
REQ00882,AMB0079,TIMEOUT,2,AMB0078,ACCEPTED,15
REQ00883,AMB0014,ACCEPTED,1,AMB0014,ACCEPTED,0
REQ00884,AMB0023,ACCEPTED,1,AMB0023,ACCEPTED,0
REQ00885,AMB0049,ACCEPTED,1,AMB0049,ACCEPTED,0
REQ00886,AMB0068,ACCEPTED,1,AMB0068,ACCEPTED,0
REQ00887,AMB0064,ACCEPTED,1,AMB0064,ACCEPTED,0
REQ00888,AMB0055,TIMEOUT,2,AMB0053,ACCEPTED,15
REQ00889,AMB0081,ACCEPTED,1,AMB0081,ACCEPTED,0
REQ00890,AMB0107,ACCEPTED,1,AMB0107,ACCEPTED,0
REQ00891,AMB0018,ACCEPTED,1,AMB0018,ACCEPTED,0
REQ00892,AMB0037,ACCEPTED,1,AMB0037,ACCEPTED,0
REQ00893,AMB0042,ACCEPTED,1,AMB0042,ACCEPTED,0
REQ00894,AMB0113,TIMEOUT,3,AMB0115,ACCEPTED,30
REQ00895,AMB0079,ACCEPTED,1,AMB0079,ACCEPTED,0
REQ00896,AMB0092,ACCEPTED,1,AMB0092,ACCEPTED,0
REQ00897,AMB0065,ACCEPTED,1,AMB0065,ACCEPTED,0
REQ00898,AMB0022,ACCEPTED,1,AMB0022,ACCEPTED,0
REQ00899,AMB0074,ACCEPTED,1,AMB0074,ACCEPTED,0
REQ00900,AMB0069,ACCEPTED,1,AMB0069,ACCEPTED,0
REQ00901,AMB0066,ACCEPTED,1,AMB0066,ACCEPTED,0
REQ00902,AMB0039,ACCEPTED,1,AMB0039,ACCEPTED,0
REQ00903,AMB0018,ACCEPTED,1,AMB0018,ACCEPTED,0
REQ00904,AMB0008,ACCEPTED,1,AMB0008,ACCEPTED,0
REQ00905,AMB0044,ACCEPTED,1,AMB0044,ACCEPTED,0
REQ00906,AMB0104,TIMEOUT,2,AMB0102,ACCEPTED,15
REQ00907,AMB0081,ACCEPTED,1,AMB0081,ACCEPTED,0
REQ00908,AMB0074,ACCEPTED,1,AMB0074,ACCEPTED,0
REQ00909,AMB0014,ACCEPTED,1,AMB0014,ACCEPTED,0
REQ00910,AMB0043,ACCEPTED,1,AMB0043,ACCEPTED,0
REQ00911,AMB0118,ACCEPTED,1,AMB0118,ACCEPTED,0
REQ00912,AMB0026,TIMEOUT,2,AMB0029,ACCEPTED,15
REQ00913,AMB0086,ACCEPTED,1,AMB0086,ACCEPTED,0
REQ00914,AMB0046,ACCEPTED,1,AMB0046,ACCEPTED,0
REQ00915,AMB0046,ACCEPTED,1,AMB0046,ACCEPTED,0
REQ00916,AMB0050,ACCEPTED,1,AMB0050,ACCEPTED,0
REQ00917,AMB0031,REJECTED,2,AMB0030,ACCEPTED,15
REQ00918,AMB0031,TIMEOUT,2,AMB0032,ACCEPTED,15
REQ00919,AMB0021,ACCEPTED,1,AMB0021,ACCEPTED,0
REQ00920,AMB0049,ACCEPTED,1,AMB0049,ACCEPTED,0
REQ00921,AMB0108,ACCEPTED,1,AMB0108,ACCEPTED,0
REQ00922,AMB0103,ACCEPTED,1,AMB0103,ACCEPTED,0
REQ00923,AMB0120,REJECTED,3,AMB0124,ACCEPTED,30
REQ00924,AMB0021,TIMEOUT,2,AMB0034,ACCEPTED,15
REQ00925,AMB0031,ACCEPTED,1,AMB0031,ACCEPTED,0
REQ00926,AMB0039,ACCEPTED,1,AMB0039,ACCEPTED,0
REQ00927,AMB0018,ACCEPTED,1,AMB0018,ACCEPTED,0
REQ00928,AMB0046,ACCEPTED,1,AMB0046,ACCEPTED,0
REQ00929,AMB0123,ACCEPTED,1,AMB0123,ACCEPTED,0
REQ00930,AMB0014,ACCEPTED,1,AMB0014,ACCEPTED,0
REQ00931,AMB0125,ACCEPTED,1,AMB0125,ACCEPTED,0
REQ00932,AMB0118,ACCEPTED,1,AMB0118,ACCEPTED,0
REQ00933,AMB0001,ACCEPTED,1,AMB0001,ACCEPTED,0
REQ00934,AMB0087,ACCEPTED,1,AMB0087,ACCEPTED,0
REQ00935,AMB0024,REJECTED,2,AMB0023,ACCEPTED,15
REQ00936,AMB0065,ACCEPTED,1,AMB0065,ACCEPTED,0
REQ00937,AMB0083,ACCEPTED,1,AMB0083,ACCEPTED,0
REQ00938,AMB0131,ACCEPTED,1,AMB0131,ACCEPTED,0
REQ00939,AMB0056,ACCEPTED,1,AMB0056,ACCEPTED,0
REQ00940,AMB0019,TIMEOUT,2,AMB0019,ACCEPTED,15
REQ00941,AMB0092,REJECTED,2,AMB0087,ACCEPTED,15
REQ00942,AMB0037,ACCEPTED,1,AMB0037,ACCEPTED,0
REQ00943,AMB0066,ACCEPTED,1,AMB0066,ACCEPTED,0
REQ00944,AMB0066,ACCEPTED,1,AMB0066,ACCEPTED,0
REQ00945,AMB0097,ACCEPTED,1,AMB0097,ACCEPTED,0
REQ00946,AMB0065,ACCEPTED,1,AMB0065,ACCEPTED,0
REQ00947,AMB0054,REJECTED,2,AMB0076,ACCEPTED,15
REQ00948,AMB0127,ACCEPTED,1,AMB0127,ACCEPTED,0
REQ00949,AMB0030,ACCEPTED,1,AMB0030,ACCEPTED,0
REQ00950,AMB0131,ACCEPTED,1,AMB0131,ACCEPTED,0
REQ00951,AMB0005,ACCEPTED,1,AMB0005,ACCEPTED,0
REQ00952,AMB0042,ACCEPTED,1,AMB0042,ACCEPTED,0
REQ00953,AMB0027,REJECTED,2,AMB0027,ACCEPTED,15
REQ00954,AMB0049,ACCEPTED,1,AMB0049,ACCEPTED,0
REQ00955,AMB0083,ACCEPTED,1,AMB0083,ACCEPTED,0
REQ00956,AMB0007,ACCEPTED,1,AMB0007,ACCEPTED,0
REQ00957,AMB0091,ACCEPTED,1,AMB0091,ACCEPTED,0
REQ00958,AMB0066,ACCEPTED,1,AMB0066,ACCEPTED,0
REQ00959,AMB0131,REJECTED,2,AMB0130,ACCEPTED,15
REQ00960,AMB0027,ACCEPTED,1,AMB0027,ACCEPTED,0
REQ00961,AMB0046,ACCEPTED,1,AMB0046,ACCEPTED,0
REQ00962,AMB0079,ACCEPTED,1,AMB0079,ACCEPTED,0
REQ00963,AMB0069,ACCEPTED,1,AMB0069,ACCEPTED,0
REQ00964,AMB0011,TIMEOUT,2,AMB0012,ACCEPTED,15
REQ00965,AMB0118,ACCEPTED,1,AMB0118,ACCEPTED,0
REQ00966,AMB0064,ACCEPTED,1,AMB0064,ACCEPTED,0
REQ00967,AMB0072,ACCEPTED,1,AMB0072,ACCEPTED,0
REQ00968,AMB0043,ACCEPTED,1,AMB0043,ACCEPTED,0
REQ00969,AMB0091,ACCEPTED,1,AMB0091,ACCEPTED,0
REQ00970,AMB0084,TIMEOUT,2,AMB0101,ACCEPTED,15
REQ00971,AMB0049,REJECTED,2,AMB0049,ACCEPTED,15
REQ00972,AMB0113,ACCEPTED,1,AMB0113,ACCEPTED,0
REQ00973,AMB0128,ACCEPTED,1,AMB0128,ACCEPTED,0
REQ00974,AMB0074,ACCEPTED,1,AMB0074,ACCEPTED,0
REQ00975,AMB0089,ACCEPTED,1,AMB0089,ACCEPTED,0
REQ00976,AMB0079,TIMEOUT,2,AMB0080,ACCEPTED,15
REQ00977,AMB0049,REJECTED,2,AMB0042,ACCEPTED,15
REQ00978,AMB0083,ACCEPTED,1,AMB0083,ACCEPTED,0
REQ00979,AMB0026,ACCEPTED,1,AMB0026,ACCEPTED,0
REQ00980,AMB0120,ACCEPTED,1,AMB0120,ACCEPTED,0
REQ00981,AMB0027,ACCEPTED,1,AMB0027,ACCEPTED,0
REQ00982,AMB0074,TIMEOUT,2,AMB0074,ACCEPTED,15
REQ00983,AMB0055,ACCEPTED,1,AMB0055,ACCEPTED,0
REQ00984,AMB0131,ACCEPTED,1,AMB0131,ACCEPTED,0
REQ00985,AMB0110,ACCEPTED,1,AMB0110,ACCEPTED,0
REQ00986,AMB0131,ACCEPTED,1,AMB0131,ACCEPTED,0
REQ00987,AMB0039,REJECTED,2,AMB0038,ACCEPTED,15
REQ00988,AMB0122,TIMEOUT,2,AMB0120,ACCEPTED,15
REQ00989,AMB0023,ACCEPTED,1,AMB0023,ACCEPTED,0
REQ00990,AMB0091,ACCEPTED,1,AMB0091,ACCEPTED,0
REQ00991,AMB0001,ACCEPTED,1,AMB0001,ACCEPTED,0
REQ00992,AMB0046,ACCEPTED,1,AMB0046,ACCEPTED,0
REQ00993,AMB0079,ACCEPTED,1,AMB0079,ACCEPTED,0
REQ00994,AMB0108,ACCEPTED,1,AMB0108,ACCEPTED,0
REQ00995,AMB0033,ACCEPTED,1,AMB0033,ACCEPTED,0
REQ00996,AMB0031,ACCEPTED,1,AMB0031,ACCEPTED,0
REQ00997,AMB0113,ACCEPTED,1,AMB0113,ACCEPTED,0
REQ00998,AMB0059,ACCEPTED,1,AMB0059,ACCEPTED,0
REQ00999,AMB0054,ACCEPTED,1,AMB0054,ACCEPTED,0
REQ01000,AMB0128,TIMEOUT,2,AMB0107,ACCEPTED,15
REQ01001,AMB0055,ACCEPTED,1,AMB0055,ACCEPTED,0
REQ01002,AMB0131,ACCEPTED,1,AMB0131,ACCEPTED,0
REQ01003,AMB0033,ACCEPTED,1,AMB0033,ACCEPTED,0
REQ01004,AMB0018,ACCEPTED,1,AMB0018,ACCEPTED,0
REQ01005,AMB0131,ACCEPTED,1,AMB0131,ACCEPTED,0
REQ01006,AMB0055,TIMEOUT,2,AMB0038,ACCEPTED,15
REQ01007,AMB0064,ACCEPTED,1,AMB0064,ACCEPTED,0
REQ01008,AMB0064,ACCEPTED,1,AMB0064,ACCEPTED,0
REQ01009,AMB0001,ACCEPTED,1,AMB0001,ACCEPTED,0
REQ01010,AMB0072,ACCEPTED,1,AMB0072,ACCEPTED,0
REQ01011,AMB0109,ACCEPTED,1,AMB0109,ACCEPTED,0
REQ01012,AMB0009,TIMEOUT,2,AMB0021,ACCEPTED,15
REQ01013,AMB0036,ACCEPTED,1,AMB0036,ACCEPTED,0
REQ01014,AMB0131,ACCEPTED,1,AMB0131,ACCEPTED,0
REQ01015,AMB0023,ACCEPTED,1,AMB0023,ACCEPTED,0
REQ01016,AMB0084,ACCEPTED,1,AMB0084,ACCEPTED,0
REQ01017,AMB0065,ACCEPTED,1,AMB0065,ACCEPTED,0
REQ01018,AMB0112,TIMEOUT,2,AMB0110,ACCEPTED,15
REQ01019,AMB0103,ACCEPTED,1,AMB0103,ACCEPTED,0
REQ01020,AMB0066,ACCEPTED,1,AMB0066,ACCEPTED,0
REQ01021,AMB0001,ACCEPTED,1,AMB0001,ACCEPTED,0
REQ01022,AMB0064,ACCEPTED,1,AMB0064,ACCEPTED,0
REQ01023,AMB0108,ACCEPTED,1,AMB0108,ACCEPTED,0
REQ01024,AMB0064,TIMEOUT,2,AMB0067,ACCEPTED,15
REQ01025,AMB0023,ACCEPTED,1,AMB0023,ACCEPTED,0
REQ01026,AMB0104,ACCEPTED,1,AMB0104,ACCEPTED,0
REQ01027,AMB0092,ACCEPTED,1,AMB0092,ACCEPTED,0
REQ01028,AMB0109,ACCEPTED,1,AMB0109,ACCEPTED,0
REQ01029,AMB0003,REJECTED,2,AMB0013,ACCEPTED,15
REQ01030,AMB0055,ACCEPTED,1,AMB0055,ACCEPTED,0
REQ01031,AMB0011,ACCEPTED,1,AMB0011,ACCEPTED,0
REQ01032,AMB0026,ACCEPTED,1,AMB0026,ACCEPTED,0
REQ01033,AMB0049,ACCEPTED,1,AMB0049,ACCEPTED,0
REQ01034,AMB0037,ACCEPTED,1,AMB0037,ACCEPTED,0
REQ01035,AMB0055,REJECTED,3,AMB0033,ACCEPTED,30
REQ01036,AMB0021,ACCEPTED,1,AMB0021,ACCEPTED,0
REQ01037,AMB0125,ACCEPTED,1,AMB0125,ACCEPTED,0
REQ01038,AMB0018,ACCEPTED,1,AMB0018,ACCEPTED,0
REQ01039,AMB0096,ACCEPTED,1,AMB0096,ACCEPTED,0
REQ01040,AMB0066,ACCEPTED,1,AMB0066,ACCEPTED,0
REQ01041,AMB0046,REJECTED,2,AMB0047,ACCEPTED,15
REQ01042,AMB0086,ACCEPTED,1,AMB0086,ACCEPTED,0
REQ01043,AMB0113,ACCEPTED,1,AMB0113,ACCEPTED,0
REQ01044,AMB0123,ACCEPTED,1,AMB0123,ACCEPTED,0
REQ01045,AMB0103,ACCEPTED,1,AMB0103,ACCEPTED,0
REQ01046,AMB0001,ACCEPTED,1,AMB0001,ACCEPTED,0
REQ01047,AMB0084,REJECTED,2,AMB0100,ACCEPTED,15
REQ01048,AMB0112,ACCEPTED,1,AMB0112,ACCEPTED,0
REQ01049,AMB0083,ACCEPTED,1,AMB0083,ACCEPTED,0
REQ01050,AMB0027,ACCEPTED,1,AMB0027,ACCEPTED,0
REQ01051,AMB0059,ACCEPTED,1,AMB0059,ACCEPTED,0
REQ01052,AMB0118,ACCEPTED,1,AMB0118,ACCEPTED,0
REQ01053,AMB0023,ACCEPTED,1,AMB0023,ACCEPTED,0
REQ01054,AMB0071,ACCEPTED,1,AMB0071,ACCEPTED,0
REQ01055,AMB0095,ACCEPTED,1,AMB0095,ACCEPTED,0
REQ01056,AMB0009,ACCEPTED,1,AMB0009,ACCEPTED,0
REQ01057,AMB0074,ACCEPTED,1,AMB0074,ACCEPTED,0
REQ01058,AMB0031,TIMEOUT,3,AMB0031,ACCEPTED,30
REQ01059,AMB0110,REJECTED,2,AMB0109,ACCEPTED,15
REQ01060,AMB0097,ACCEPTED,1,AMB0097,ACCEPTED,0
REQ01061,AMB0049,ACCEPTED,1,AMB0049,ACCEPTED,0
REQ01062,AMB0042,ACCEPTED,1,AMB0042,ACCEPTED,0
REQ01063,AMB0060,ACCEPTED,1,AMB0060,ACCEPTED,0
REQ01064,AMB0037,TIMEOUT,3,AMB0038,ACCEPTED,30
REQ01065,AMB0056,REJECTED,3,AMB0058,ACCEPTED,30
REQ01066,AMB0037,ACCEPTED,1,AMB0037,ACCEPTED,0
REQ01067,AMB0109,ACCEPTED,1,AMB0109,ACCEPTED,0
REQ01068,AMB0041,ACCEPTED,1,AMB0041,ACCEPTED,0
REQ01069,AMB0120,ACCEPTED,1,AMB0120,ACCEPTED,0
REQ01070,AMB0109,ACCEPTED,1,AMB0109,ACCEPTED,0
REQ01071,AMB0068,REJECTED,2,AMB0068,ACCEPTED,15
REQ01072,AMB0031,ACCEPTED,1,AMB0031,ACCEPTED,0
REQ01073,AMB0074,ACCEPTED,1,AMB0074,ACCEPTED,0
REQ01074,AMB0074,ACCEPTED,1,AMB0074,ACCEPTED,0
REQ01075,AMB0036,REJECTED,2,AMB0036,ACCEPTED,15
REQ01076,AMB0068,ACCEPTED,1,AMB0068,ACCEPTED,0
REQ01077,AMB0055,REJECTED,2,AMB0057,ACCEPTED,15
REQ01078,AMB0053,ACCEPTED,1,AMB0053,ACCEPTED,0
REQ01079,AMB0079,ACCEPTED,1,AMB0079,ACCEPTED,0
REQ01080,AMB0128,ACCEPTED,1,AMB0128,ACCEPTED,0
REQ01081,AMB0030,REJECTED,4,AMB0066,ACCEPTED,45
REQ01082,AMB0053,TIMEOUT,2,AMB0053,ACCEPTED,15
REQ01083,AMB0079,ACCEPTED,1,AMB0079,ACCEPTED,0
REQ01084,AMB0018,ACCEPTED,1,AMB0018,ACCEPTED,0
REQ01085,AMB0118,ACCEPTED,1,AMB0118,ACCEPTED,0
REQ01086,AMB0071,ACCEPTED,1,AMB0071,ACCEPTED,0
REQ01087,AMB0122,ACCEPTED,1,AMB0122,ACCEPTED,0
REQ01088,AMB0096,ACCEPTED,1,AMB0096,ACCEPTED,0
REQ01089,AMB0055,ACCEPTED,1,AMB0055,ACCEPTED,0
REQ01090,AMB0120,ACCEPTED,1,AMB0120,ACCEPTED,0
REQ01091,AMB0127,ACCEPTED,1,AMB0127,ACCEPTED,0
REQ01092,AMB0003,ACCEPTED,1,AMB0003,ACCEPTED,0
REQ01093,AMB0079,ACCEPTED,1,AMB0079,ACCEPTED,0
REQ01094,AMB0069,ACCEPTED,1,AMB0069,ACCEPTED,0
REQ01095,AMB0104,ACCEPTED,1,AMB0104,ACCEPTED,0
REQ01096,AMB0069,ACCEPTED,1,AMB0069,ACCEPTED,0
REQ01097,AMB0023,ACCEPTED,1,AMB0023,ACCEPTED,0
REQ01098,AMB0037,ACCEPTED,1,AMB0037,ACCEPTED,0
REQ01099,AMB0084,REJECTED,2,AMB0087,ACCEPTED,15
REQ01100,AMB0123,TIMEOUT,2,AMB0123,ACCEPTED,15
REQ01101,AMB0118,ACCEPTED,1,AMB0118,ACCEPTED,0
REQ01102,AMB0084,ACCEPTED,1,AMB0084,ACCEPTED,0
REQ01103,AMB0033,ACCEPTED,1,AMB0033,ACCEPTED,0
REQ01104,AMB0018,ACCEPTED,1,AMB0018,ACCEPTED,0
REQ01105,AMB0059,REJECTED,2,AMB0061,ACCEPTED,15
REQ01106,AMB0033,TIMEOUT,2,AMB0035,ACCEPTED,15
REQ01107,AMB0128,ACCEPTED,1,AMB0128,ACCEPTED,0
REQ01108,AMB0086,ACCEPTED,1,AMB0086,ACCEPTED,0
REQ01109,AMB0122,ACCEPTED,1,AMB0122,ACCEPTED,0
REQ01110,AMB0079,ACCEPTED,1,AMB0079,ACCEPTED,0
REQ01111,AMB0033,REJECTED,2,AMB0058,ACCEPTED,15
REQ01112,AMB0074,TIMEOUT,2,AMB0074,ACCEPTED,15
REQ01113,AMB0088,ACCEPTED,1,AMB0088,ACCEPTED,0
REQ01114,AMB0003,ACCEPTED,1,AMB0003,ACCEPTED,0
REQ01115,AMB0037,ACCEPTED,1,AMB0037,ACCEPTED,0
REQ01116,AMB0092,TIMEOUT,2,AMB0060,ACCEPTED,15
REQ01117,AMB0013,ACCEPTED,1,AMB0013,ACCEPTED,0
REQ01118,AMB0064,TIMEOUT,2,AMB0063,ACCEPTED,15
REQ01119,AMB0053,ACCEPTED,1,AMB0053,ACCEPTED,0
REQ01120,AMB0092,ACCEPTED,1,AMB0092,ACCEPTED,0
REQ01121,AMB0024,ACCEPTED,1,AMB0024,ACCEPTED,0
REQ01122,AMB0097,ACCEPTED,1,AMB0097,ACCEPTED,0
REQ01123,AMB0007,REJECTED,3,AMB0005,ACCEPTED,30
REQ01124,AMB0023,TIMEOUT,2,AMB0024,ACCEPTED,15
REQ01125,AMB0003,ACCEPTED,1,AMB0003,ACCEPTED,0
REQ01126,AMB0086,ACCEPTED,1,AMB0086,ACCEPTED,0
REQ01127,AMB0120,ACCEPTED,1,AMB0120,ACCEPTED,0
REQ01128,AMB0049,ACCEPTED,1,AMB0049,ACCEPTED,0
REQ01129,AMB0086,REJECTED,3,AMB0072,ACCEPTED,30
REQ01130,AMB0088,ACCEPTED,1,AMB0088,ACCEPTED,0
REQ01131,AMB0007,ACCEPTED,1,AMB0007,ACCEPTED,0
REQ01132,AMB0110,ACCEPTED,1,AMB0110,ACCEPTED,0
REQ01133,AMB0014,ACCEPTED,1,AMB0014,ACCEPTED,0
REQ01134,AMB0110,TIMEOUT,2,AMB0109,ACCEPTED,15
REQ01135,AMB0014,REJECTED,3,AMB0015,ACCEPTED,30
REQ01136,AMB0069,ACCEPTED,1,AMB0069,ACCEPTED,0
REQ01137,AMB0033,ACCEPTED,1,AMB0033,ACCEPTED,0
REQ01138,AMB0042,ACCEPTED,1,AMB0042,ACCEPTED,0
REQ01139,AMB0110,ACCEPTED,1,AMB0110,ACCEPTED,0
REQ01140,AMB0118,ACCEPTED,1,AMB0118,ACCEPTED,0
REQ01141,AMB0124,REJECTED,2,AMB0123,ACCEPTED,15
REQ01142,AMB0125,ACCEPTED,1,AMB0125,ACCEPTED,0
REQ01143,AMB0068,ACCEPTED,1,AMB0068,ACCEPTED,0
REQ01144,AMB0026,ACCEPTED,1,AMB0026,ACCEPTED,0
REQ01145,AMB0005,ACCEPTED,1,AMB0005,ACCEPTED,0
REQ01146,AMB0131,ACCEPTED,1,AMB0131,ACCEPTED,0
REQ01147,AMB0108,ACCEPTED,1,AMB0108,ACCEPTED,0
REQ01148,AMB0108,ACCEPTED,1,AMB0108,ACCEPTED,0
REQ01149,AMB0120,ACCEPTED,1,AMB0120,ACCEPTED,0
REQ01150,AMB0053,ACCEPTED,1,AMB0053,ACCEPTED,0
REQ01151,AMB0004,ACCEPTED,1,AMB0004,ACCEPTED,0
REQ01152,AMB0128,TIMEOUT,3,AMB0106,ACCEPTED,30
REQ01153,AMB0031,REJECTED,2,AMB0030,ACCEPTED,15
REQ01154,AMB0099,ACCEPTED,1,AMB0099,ACCEPTED,0
REQ01155,AMB0087,ACCEPTED,1,AMB0087,ACCEPTED,0
REQ01156,AMB0071,ACCEPTED,1,AMB0071,ACCEPTED,0
REQ01157,AMB0046,ACCEPTED,1,AMB0046,ACCEPTED,0
REQ01158,AMB0118,ACCEPTED,1,AMB0118,ACCEPTED,0
REQ01159,AMB0039,REJECTED,2,AMB0037,ACCEPTED,15
REQ01160,AMB0112,ACCEPTED,1,AMB0112,ACCEPTED,0
REQ01161,AMB0118,ACCEPTED,1,AMB0118,ACCEPTED,0
REQ01162,AMB0128,ACCEPTED,1,AMB0128,ACCEPTED,0
REQ01163,AMB0103,ACCEPTED,1,AMB0103,ACCEPTED,0
REQ01164,AMB0014,TIMEOUT,2,AMB0021,ACCEPTED,15
REQ01165,AMB0109,REJECTED,3,AMB0112,ACCEPTED,30
REQ01166,AMB0021,ACCEPTED,1,AMB0021,ACCEPTED,0
REQ01167,AMB0064,ACCEPTED,1,AMB0064,ACCEPTED,0
REQ01168,AMB0037,ACCEPTED,1,AMB0037,ACCEPTED,0
REQ01169,AMB0001,ACCEPTED,1,AMB0001,ACCEPTED,0
REQ01170,AMB0043,ACCEPTED,1,AMB0043,ACCEPTED,0
REQ01171,AMB0083,REJECTED,2,AMB0083,ACCEPTED,15
REQ01172,AMB0088,ACCEPTED,1,AMB0088,ACCEPTED,0
REQ01173,AMB0131,ACCEPTED,1,AMB0131,ACCEPTED,0
REQ01174,AMB0071,ACCEPTED,1,AMB0071,ACCEPTED,0
REQ01175,AMB0080,ACCEPTED,1,AMB0080,ACCEPTED,0
REQ01176,AMB0066,ACCEPTED,1,AMB0066,ACCEPTED,0
REQ01177,AMB0070,REJECTED,2,AMB0071,ACCEPTED,15
REQ01178,AMB0055,ACCEPTED,1,AMB0055,ACCEPTED,0
REQ01179,AMB0094,ACCEPTED,1,AMB0094,ACCEPTED,0
REQ01180,AMB0066,ACCEPTED,1,AMB0066,ACCEPTED,0
REQ01181,AMB0055,ACCEPTED,1,AMB0055,ACCEPTED,0
REQ01182,AMB0084,TIMEOUT,2,AMB0101,ACCEPTED,15
REQ01183,AMB0043,ACCEPTED,1,AMB0043,ACCEPTED,0
REQ01184,AMB0065,ACCEPTED,1,AMB0065,ACCEPTED,0
REQ01185,AMB0092,ACCEPTED,1,AMB0092,ACCEPTED,0
REQ01186,AMB0033,ACCEPTED,1,AMB0033,ACCEPTED,0
REQ01187,AMB0019,REJECTED,2,AMB0017,ACCEPTED,15
REQ01188,AMB0064,TIMEOUT,2,AMB0068,ACCEPTED,15
REQ01189,AMB0131,ACCEPTED,1,AMB0131,ACCEPTED,0
REQ01190,AMB0046,ACCEPTED,1,AMB0046,ACCEPTED,0
REQ01191,AMB0084,ACCEPTED,1,AMB0084,ACCEPTED,0
REQ01192,AMB0048,ACCEPTED,1,AMB0048,ACCEPTED,0
REQ01193,AMB0049,ACCEPTED,1,AMB0049,ACCEPTED,0
REQ01194,AMB0026,TIMEOUT,2,AMB0029,ACCEPTED,15
REQ01195,AMB0104,ACCEPTED,1,AMB0104,ACCEPTED,0
REQ01196,AMB0072,ACCEPTED,1,AMB0072,ACCEPTED,0
REQ01197,AMB0064,ACCEPTED,1,AMB0064,ACCEPTED,0
REQ01198,AMB0109,ACCEPTED,1,AMB0109,ACCEPTED,0
REQ01199,AMB0088,ACCEPTED,1,AMB0088,ACCEPTED,0
REQ01200,AMB0003,TIMEOUT,2,AMB0013,ACCEPTED,15
REQ01201,AMB0014,ACCEPTED,1,AMB0014,ACCEPTED,0
REQ01202,AMB0084,ACCEPTED,1,AMB0084,ACCEPTED,0
REQ01203,AMB0088,ACCEPTED,1,AMB0088,ACCEPTED,0
REQ01204,AMB0072,ACCEPTED,1,AMB0072,ACCEPTED,0
REQ01205,AMB0086,REJECTED,2,AMB0084,ACCEPTED,15
REQ01206,AMB0043,ACCEPTED,1,AMB0043,ACCEPTED,0
REQ01207,AMB0066,ACCEPTED,1,AMB0066,ACCEPTED,0
REQ01208,AMB0131,ACCEPTED,1,AMB0131,ACCEPTED,0
REQ01209,AMB0086,ACCEPTED,1,AMB0086,ACCEPTED,0
REQ01210,AMB0003,ACCEPTED,1,AMB0003,ACCEPTED,0
REQ01211,AMB0104,ACCEPTED,1,AMB0104,ACCEPTED,0
REQ01212,AMB0042,TIMEOUT,2,AMB0040,ACCEPTED,15
REQ01213,AMB0074,ACCEPTED,1,AMB0074,ACCEPTED,0
REQ01214,AMB0007,ACCEPTED,1,AMB0007,ACCEPTED,0
REQ01215,AMB0049,ACCEPTED,1,AMB0049,ACCEPTED,0
REQ01216,AMB0094,ACCEPTED,1,AMB0094,ACCEPTED,0
REQ01217,AMB0118,ACCEPTED,1,AMB0118,ACCEPTED,0
REQ01218,AMB0003,TIMEOUT,2,AMB0013,ACCEPTED,15
REQ01219,AMB0056,ACCEPTED,1,AMB0056,ACCEPTED,0
REQ01220,AMB0095,ACCEPTED,1,AMB0095,ACCEPTED,0
REQ01221,AMB0108,ACCEPTED,1,AMB0108,ACCEPTED,0
REQ01222,AMB0109,ACCEPTED,1,AMB0109,ACCEPTED,0
REQ01223,AMB0064,REJECTED,3,AMB0065,ACCEPTED,30
REQ01224,AMB0092,TIMEOUT,2,AMB0092,ACCEPTED,15
REQ01225,AMB0103,ACCEPTED,1,AMB0103,ACCEPTED,0
REQ01226,AMB0042,ACCEPTED,1,AMB0042,ACCEPTED,0
REQ01227,AMB0027,ACCEPTED,1,AMB0027,ACCEPTED,0
REQ01228,AMB0001,ACCEPTED,1,AMB0001,ACCEPTED,0
REQ01229,AMB0092,REJECTED,3,AMB0091,ACCEPTED,30
REQ01230,AMB0037,ACCEPTED,1,AMB0037,ACCEPTED,0
REQ01231,AMB0086,ACCEPTED,1,AMB0086,ACCEPTED,0
REQ01232,AMB0086,ACCEPTED,1,AMB0086,ACCEPTED,0
REQ01233,AMB0079,ACCEPTED,1,AMB0079,ACCEPTED,0
REQ01234,AMB0068,ACCEPTED,1,AMB0068,ACCEPTED,0
REQ01235,AMB0097,REJECTED,2,AMB0097,ACCEPTED,15
REQ01236,AMB0037,ACCEPTED,1,AMB0037,ACCEPTED,0
REQ01237,AMB0088,ACCEPTED,1,AMB0088,ACCEPTED,0
REQ01238,AMB0118,ACCEPTED,1,AMB0118,ACCEPTED,0
REQ01239,AMB0095,ACCEPTED,1,AMB0095,ACCEPTED,0
REQ01240,AMB0067,ACCEPTED,1,AMB0067,ACCEPTED,0
REQ01241,AMB0027,REJECTED,2,AMB0023,ACCEPTED,15
REQ01242,AMB0118,ACCEPTED,1,AMB0118,ACCEPTED,0
REQ01243,AMB0112,ACCEPTED,1,AMB0112,ACCEPTED,0
REQ01244,AMB0112,ACCEPTED,1,AMB0112,ACCEPTED,0
REQ01245,AMB0070,ACCEPTED,1,AMB0070,ACCEPTED,0
REQ01246,AMB0021,ACCEPTED,1,AMB0021,ACCEPTED,0
REQ01247,AMB0127,REJECTED,2,AMB0126,ACCEPTED,15
REQ01248,AMB0097,ACCEPTED,1,AMB0097,ACCEPTED,0
REQ01249,AMB0092,ACCEPTED,1,AMB0092,ACCEPTED,0
REQ01250,AMB0095,ACCEPTED,1,AMB0095,ACCEPTED,0
REQ01251,AMB0092,REJECTED,3,AMB0091,ACCEPTED,30
REQ01252,AMB0053,TIMEOUT,3,AMB0055,ACCEPTED,30
REQ01253,AMB0123,REJECTED,2,AMB0117,ACCEPTED,15
REQ01254,AMB0021,ACCEPTED,1,AMB0021,ACCEPTED,0
REQ01255,AMB0046,ACCEPTED,1,AMB0046,ACCEPTED,0
REQ01256,AMB0118,ACCEPTED,1,AMB0118,ACCEPTED,0
REQ01257,AMB0001,ACCEPTED,1,AMB0001,ACCEPTED,0
REQ01258,AMB0074,TIMEOUT,3,AMB0054,ACCEPTED,30
REQ01259,AMB0011,REJECTED,2,AMB0010,ACCEPTED,15
REQ01260,AMB0120,ACCEPTED,1,AMB0120,ACCEPTED,0
REQ01261,AMB0020,ACCEPTED,1,AMB0020,ACCEPTED,0
REQ01262,AMB0043,ACCEPTED,1,AMB0043,ACCEPTED,0
REQ01263,AMB0019,REJECTED,2,AMB0017,ACCEPTED,15
REQ01264,AMB0062,ACCEPTED,1,AMB0062,ACCEPTED,0
REQ01265,AMB0065,REJECTED,3,AMB0063,ACCEPTED,30
REQ01266,AMB0023,ACCEPTED,1,AMB0023,ACCEPTED,0
REQ01267,AMB0037,ACCEPTED,1,AMB0037,ACCEPTED,0
REQ01268,AMB0018,ACCEPTED,1,AMB0018,ACCEPTED,0
REQ01269,AMB0015,ACCEPTED,1,AMB0015,ACCEPTED,0
REQ01270,AMB0074,TIMEOUT,2,AMB0076,ACCEPTED,15
REQ01271,AMB0070,REJECTED,3,AMB0055,ACCEPTED,30
REQ01272,AMB0012,ACCEPTED,1,AMB0012,ACCEPTED,0
REQ01273,AMB0110,ACCEPTED,1,AMB0110,ACCEPTED,0
REQ01274,AMB0014,ACCEPTED,1,AMB0014,ACCEPTED,0
REQ01275,AMB0026,ACCEPTED,1,AMB0026,ACCEPTED,0
REQ01276,AMB0037,TIMEOUT,2,AMB0039,ACCEPTED,15
REQ01277,AMB0043,REJECTED,2,AMB0044,ACCEPTED,15
REQ01278,AMB0131,ACCEPTED,1,AMB0131,ACCEPTED,0
REQ01279,AMB0131,ACCEPTED,1,AMB0131,ACCEPTED,0
REQ01280,AMB0118,ACCEPTED,1,AMB0118,ACCEPTED,0
REQ01281,AMB0123,ACCEPTED,1,AMB0123,ACCEPTED,0
REQ01282,AMB0053,TIMEOUT,2,AMB0052,ACCEPTED,15
REQ01283,AMB0097,ACCEPTED,1,AMB0097,ACCEPTED,0
REQ01284,AMB0079,ACCEPTED,1,AMB0079,ACCEPTED,0
REQ01285,AMB0059,ACCEPTED,1,AMB0059,ACCEPTED,0
REQ01286,AMB0023,ACCEPTED,1,AMB0023,ACCEPTED,0
REQ01287,AMB0030,REJECTED,4,AMB0028,ACCEPTED,45
REQ01288,AMB0043,ACCEPTED,1,AMB0043,ACCEPTED,0
REQ01289,AMB0015,ACCEPTED,1,AMB0015,ACCEPTED,0
REQ01290,AMB0088,ACCEPTED,1,AMB0088,ACCEPTED,0
REQ01291,AMB0113,ACCEPTED,1,AMB0113,ACCEPTED,0
REQ01292,AMB0120,ACCEPTED,1,AMB0120,ACCEPTED,0
REQ01293,AMB0083,ACCEPTED,1,AMB0083,ACCEPTED,0
REQ01294,AMB0057,TIMEOUT,3,AMB0057,ACCEPTED,30
REQ01295,AMB0131,ACCEPTED,1,AMB0131,ACCEPTED,0
REQ01296,AMB0049,ACCEPTED,1,AMB0049,ACCEPTED,0
REQ01297,AMB0046,ACCEPTED,1,AMB0046,ACCEPTED,0
REQ01298,AMB0131,ACCEPTED,1,AMB0131,ACCEPTED,0
REQ01299,AMB0131,ACCEPTED,1,AMB0131,ACCEPTED,0
REQ01300,AMB0014,TIMEOUT,2,AMB0023,ACCEPTED,15
REQ01301,AMB0064,ACCEPTED,1,AMB0064,ACCEPTED,0
REQ01302,AMB0079,ACCEPTED,1,AMB0079,ACCEPTED,0
REQ01303,AMB0021,ACCEPTED,1,AMB0021,ACCEPTED,0
REQ01304,AMB0118,ACCEPTED,1,AMB0118,ACCEPTED,0
REQ01305,AMB0089,ACCEPTED,1,AMB0089,ACCEPTED,0
REQ01306,AMB0042,TIMEOUT,2,AMB0041,ACCEPTED,15
REQ01307,AMB0131,ACCEPTED,1,AMB0131,ACCEPTED,0
REQ01308,AMB0014,ACCEPTED,1,AMB0014,ACCEPTED,0
REQ01309,AMB0071,ACCEPTED,1,AMB0071,ACCEPTED,0
REQ01310,AMB0038,ACCEPTED,1,AMB0038,ACCEPTED,0
REQ01311,AMB0036,REJECTED,2,AMB0036,ACCEPTED,15
REQ01312,AMB0091,ACCEPTED,1,AMB0091,ACCEPTED,0
REQ01313,AMB0016,ACCEPTED,1,AMB0016,ACCEPTED,0
REQ01314,AMB0031,ACCEPTED,1,AMB0031,ACCEPTED,0
REQ01315,AMB0070,ACCEPTED,1,AMB0070,ACCEPTED,0
REQ01316,AMB0023,ACCEPTED,1,AMB0023,ACCEPTED,0
REQ01317,AMB0011,REJECTED,2,AMB0011,ACCEPTED,15
REQ01318,AMB0069,TIMEOUT,2,AMB0069,ACCEPTED,15
REQ01319,AMB0005,ACCEPTED,1,AMB0005,ACCEPTED,0
REQ01320,AMB0026,ACCEPTED,1,AMB0026,ACCEPTED,0
REQ01321,AMB0065,ACCEPTED,1,AMB0065,ACCEPTED,0
REQ01322,AMB0042,ACCEPTED,1,AMB0042,ACCEPTED,0
REQ01323,AMB0070,REJECTED,3,AMB0071,ACCEPTED,30
REQ01324,AMB0086,TIMEOUT,2,AMB0084,ACCEPTED,15
REQ01325,AMB0049,ACCEPTED,1,AMB0049,ACCEPTED,0
REQ01326,AMB0115,ACCEPTED,1,AMB0115,ACCEPTED,0
REQ01327,AMB0070,ACCEPTED,1,AMB0070,ACCEPTED,0
REQ01328,AMB0099,ACCEPTED,1,AMB0099,ACCEPTED,0
REQ01329,AMB0065,REJECTED,3,AMB0061,ACCEPTED,30
REQ01330,AMB0023,ACCEPTED,1,AMB0023,ACCEPTED,0
REQ01331,AMB0086,ACCEPTED,1,AMB0086,ACCEPTED,0
REQ01332,AMB0092,ACCEPTED,1,AMB0092,ACCEPTED,0
REQ01333,AMB0095,ACCEPTED,1,AMB0095,ACCEPTED,0
REQ01334,AMB0026,ACCEPTED,1,AMB0026,ACCEPTED,0
REQ01335,AMB0122,REJECTED,2,AMB0120,ACCEPTED,15
REQ01336,AMB0057,ACCEPTED,1,AMB0057,ACCEPTED,0
REQ01337,AMB0014,ACCEPTED,1,AMB0014,ACCEPTED,0
REQ01338,AMB0003,ACCEPTED,1,AMB0003,ACCEPTED,0
REQ01339,AMB0049,ACCEPTED,1,AMB0049,ACCEPTED,0
REQ01340,AMB0083,ACCEPTED,1,AMB0083,ACCEPTED,0
REQ01341,AMB0013,REJECTED,2,AMB0013,ACCEPTED,15
REQ01342,AMB0120,ACCEPTED,1,AMB0120,ACCEPTED,0
REQ01343,AMB0097,ACCEPTED,1,AMB0097,ACCEPTED,0
REQ01344,AMB0084,ACCEPTED,1,AMB0084,ACCEPTED,0
REQ01345,AMB0071,ACCEPTED,1,AMB0071,ACCEPTED,0
REQ01346,AMB0099,TIMEOUT,2,AMB0099,ACCEPTED,15
REQ01347,AMB0092,REJECTED,2,AMB0091,ACCEPTED,15
REQ01348,AMB0086,ACCEPTED,1,AMB0086,ACCEPTED,0
REQ01349,AMB0120,ACCEPTED,1,AMB0120,ACCEPTED,0
REQ01350,AMB0091,ACCEPTED,1,AMB0091,ACCEPTED,0
REQ01351,AMB0091,ACCEPTED,1,AMB0091,ACCEPTED,0
REQ01352,AMB0125,TIMEOUT,3,AMB0118,ACCEPTED,30
REQ01353,AMB0064,REJECTED,2,AMB0061,ACCEPTED,15
REQ01354,AMB0046,ACCEPTED,1,AMB0046,ACCEPTED,0
REQ01355,AMB0027,ACCEPTED,1,AMB0027,ACCEPTED,0
REQ01356,AMB0039,ACCEPTED,1,AMB0039,ACCEPTED,0
REQ01357,AMB0042,ACCEPTED,1,AMB0042,ACCEPTED,0
REQ01358,AMB0123,ACCEPTED,1,AMB0123,ACCEPTED,0
REQ01359,AMB0112,REJECTED,2,AMB0111,ACCEPTED,15
REQ01360,AMB0118,ACCEPTED,1,AMB0118,ACCEPTED,0
REQ01361,AMB0001,ACCEPTED,1,AMB0001,ACCEPTED,0
REQ01362,AMB0083,ACCEPTED,1,AMB0083,ACCEPTED,0
REQ01363,AMB0014,REJECTED,2,AMB0023,ACCEPTED,15
REQ01364,AMB0007,TIMEOUT,2,AMB0006,ACCEPTED,15
REQ01365,AMB0079,REJECTED,3,AMB0080,ACCEPTED,30
REQ01366,AMB0055,ACCEPTED,1,AMB0055,ACCEPTED,0
REQ01367,AMB0018,ACCEPTED,1,AMB0018,ACCEPTED,0
REQ01368,AMB0021,ACCEPTED,1,AMB0021,ACCEPTED,0
REQ01369,AMB0046,ACCEPTED,1,AMB0046,ACCEPTED,0
REQ01370,AMB0055,TIMEOUT,2,AMB0053,ACCEPTED,15
REQ01371,AMB0033,REJECTED,2,AMB0035,ACCEPTED,15
REQ01372,AMB0065,ACCEPTED,1,AMB0065,ACCEPTED,0
REQ01373,AMB0018,ACCEPTED,1,AMB0018,ACCEPTED,0
REQ01374,AMB0061,ACCEPTED,1,AMB0061,ACCEPTED,0
REQ01375,AMB0039,REJECTED,2,AMB0038,ACCEPTED,15
REQ01376,AMB0020,ACCEPTED,1,AMB0020,ACCEPTED,0
REQ01377,AMB0019,REJECTED,3,AMB0018,ACCEPTED,30
REQ01378,AMB0001,ACCEPTED,1,AMB0001,ACCEPTED,0
REQ01379,AMB0097,ACCEPTED,1,AMB0097,ACCEPTED,0
REQ01380,AMB0007,ACCEPTED,1,AMB0007,ACCEPTED,0
REQ01381,AMB0041,ACCEPTED,1,AMB0041,ACCEPTED,0
REQ01382,AMB0098,ACCEPTED,1,AMB0098,ACCEPTED,0
REQ01383,AMB0060,ACCEPTED,1,AMB0060,ACCEPTED,0
REQ01384,AMB0049,ACCEPTED,1,AMB0049,ACCEPTED,0
REQ01385,AMB0131,ACCEPTED,1,AMB0131,ACCEPTED,0
REQ01386,AMB0003,ACCEPTED,1,AMB0003,ACCEPTED,0
REQ01387,AMB0006,ACCEPTED,1,AMB0006,ACCEPTED,0
REQ01388,AMB0023,ACCEPTED,1,AMB0023,ACCEPTED,0
REQ01389,AMB0074,ACCEPTED,1,AMB0074,ACCEPTED,0
REQ01390,AMB0068,ACCEPTED,1,AMB0068,ACCEPTED,0
REQ01391,AMB0131,ACCEPTED,1,AMB0131,ACCEPTED,0
REQ01392,AMB0049,ACCEPTED,1,AMB0049,ACCEPTED,0
REQ01393,AMB0131,ACCEPTED,1,AMB0131,ACCEPTED,0
REQ01394,AMB0033,TIMEOUT,3,AMB0036,ACCEPTED,30
REQ01395,AMB0120,ACCEPTED,1,AMB0120,ACCEPTED,0
REQ01396,AMB0123,ACCEPTED,1,AMB0123,ACCEPTED,0
REQ01397,AMB0074,ACCEPTED,1,AMB0074,ACCEPTED,0
REQ01398,AMB0099,ACCEPTED,1,AMB0099,ACCEPTED,0
REQ01399,AMB0014,REJECTED,2,AMB0015,ACCEPTED,15
REQ01400,AMB0104,TIMEOUT,2,AMB0103,ACCEPTED,15
REQ01401,AMB0104,ACCEPTED,1,AMB0104,ACCEPTED,0
REQ01402,AMB0091,ACCEPTED,1,AMB0091,ACCEPTED,0
REQ01403,AMB0084,ACCEPTED,1,AMB0084,ACCEPTED,0
REQ01404,AMB0103,ACCEPTED,1,AMB0103,ACCEPTED,0
REQ01405,AMB0118,ACCEPTED,1,AMB0118,ACCEPTED,0
REQ01406,AMB0023,TIMEOUT,3,AMB0023,ACCEPTED,30
REQ01407,AMB0120,ACCEPTED,1,AMB0120,ACCEPTED,0
REQ01408,AMB0032,ACCEPTED,1,AMB0032,ACCEPTED,0
REQ01409,AMB0046,ACCEPTED,1,AMB0046,ACCEPTED,0
REQ01410,AMB0109,ACCEPTED,1,AMB0109,ACCEPTED,0
REQ01411,AMB0096,ACCEPTED,1,AMB0096,ACCEPTED,0
REQ01412,AMB0074,TIMEOUT,2,AMB0075,ACCEPTED,15
REQ01413,AMB0001,ACCEPTED,1,AMB0001,ACCEPTED,0
REQ01414,AMB0131,ACCEPTED,1,AMB0131,ACCEPTED,0
REQ01415,AMB0123,ACCEPTED,1,AMB0123,ACCEPTED,0
REQ01416,AMB0039,TIMEOUT,2,AMB0038,ACCEPTED,15
REQ01417,AMB0055,REJECTED,2,AMB0053,ACCEPTED,15
REQ01418,AMB0039,TIMEOUT,2,AMB0039,ACCEPTED,15
REQ01419,AMB0118,ACCEPTED,1,AMB0118,ACCEPTED,0
REQ01420,AMB0118,ACCEPTED,1,AMB0118,ACCEPTED,0
REQ01421,AMB0086,ACCEPTED,1,AMB0086,ACCEPTED,0
REQ01422,AMB0018,ACCEPTED,1,AMB0018,ACCEPTED,0
REQ01423,AMB0049,ACCEPTED,1,AMB0049,ACCEPTED,0
REQ01424,AMB0131,TIMEOUT,2,AMB0131,ACCEPTED,15
REQ01425,AMB0128,ACCEPTED,1,AMB0128,ACCEPTED,0
REQ01426,AMB0057,ACCEPTED,1,AMB0057,ACCEPTED,0
REQ01427,AMB0033,ACCEPTED,1,AMB0033,ACCEPTED,0
REQ01428,AMB0062,ACCEPTED,1,AMB0062,ACCEPTED,0
REQ01429,AMB0107,ACCEPTED,1,AMB0107,ACCEPTED,0
REQ01430,AMB0114,ACCEPTED,1,AMB0114,ACCEPTED,0
REQ01431,AMB0127,ACCEPTED,1,AMB0127,ACCEPTED,0
REQ01432,AMB0031,ACCEPTED,1,AMB0031,ACCEPTED,0
REQ01433,AMB0039,ACCEPTED,1,AMB0039,ACCEPTED,0
REQ01434,AMB0120,ACCEPTED,1,AMB0120,ACCEPTED,0
REQ01435,AMB0033,REJECTED,3,AMB0035,ACCEPTED,30
REQ01436,AMB0033,ACCEPTED,1,AMB0033,ACCEPTED,0
REQ01437,AMB0007,ACCEPTED,1,AMB0007,ACCEPTED,0
REQ01438,AMB0099,ACCEPTED,1,AMB0099,ACCEPTED,0
REQ01439,AMB0084,ACCEPTED,1,AMB0084,ACCEPTED,0
REQ01440,AMB0032,TIMEOUT,2,AMB0031,ACCEPTED,15
REQ01441,AMB0072,REJECTED,2,AMB0073,ACCEPTED,15
REQ01442,AMB0046,ACCEPTED,1,AMB0046,ACCEPTED,0
REQ01443,AMB0033,ACCEPTED,1,AMB0033,ACCEPTED,0
REQ01444,AMB0123,ACCEPTED,1,AMB0123,ACCEPTED,0
REQ01445,AMB0018,ACCEPTED,1,AMB0018,ACCEPTED,0
REQ01446,AMB0069,ACCEPTED,1,AMB0069,ACCEPTED,0
REQ01447,AMB0107,REJECTED,2,AMB0105,ACCEPTED,15
REQ01448,AMB0108,ACCEPTED,1,AMB0108,ACCEPTED,0
REQ01449,AMB0021,ACCEPTED,1,AMB0021,ACCEPTED,0
REQ01450,AMB0021,ACCEPTED,1,AMB0021,ACCEPTED,0
REQ01451,AMB0036,ACCEPTED,1,AMB0036,ACCEPTED,0
REQ01452,AMB0023,ACCEPTED,1,AMB0023,ACCEPTED,0
REQ01453,AMB0055,REJECTED,2,AMB0053,ACCEPTED,15
REQ01454,AMB0080,ACCEPTED,1,AMB0080,ACCEPTED,0
REQ01455,AMB0065,ACCEPTED,1,AMB0065,ACCEPTED,0
REQ01456,AMB0083,ACCEPTED,1,AMB0083,ACCEPTED,0
REQ01457,AMB0112,REJECTED,2,AMB0112,ACCEPTED,15
REQ01458,AMB0046,ACCEPTED,1,AMB0046,ACCEPTED,0
REQ01459,AMB0016,REJECTED,2,AMB0014,ACCEPTED,15
REQ01460,AMB0084,ACCEPTED,1,AMB0084,ACCEPTED,0
REQ01461,AMB0117,ACCEPTED,1,AMB0117,ACCEPTED,0
REQ01462,AMB0021,ACCEPTED,1,AMB0021,ACCEPTED,0
REQ01463,AMB0079,ACCEPTED,1,AMB0079,ACCEPTED,0
REQ01464,AMB0092,TIMEOUT,2,AMB0060,ACCEPTED,15
REQ01465,AMB0113,REJECTED,3,AMB0115,ACCEPTED,30
REQ01466,AMB0118,ACCEPTED,1,AMB0118,ACCEPTED,0
REQ01467,AMB0020,ACCEPTED,1,AMB0020,ACCEPTED,0
REQ01468,AMB0021,ACCEPTED,1,AMB0021,ACCEPTED,0
REQ01469,AMB0115,REJECTED,2,AMB0114,ACCEPTED,15
REQ01470,AMB0103,ACCEPTED,1,AMB0103,ACCEPTED,0
REQ01471,AMB0107,REJECTED,3,AMB0108,ACCEPTED,30
REQ01472,AMB0120,ACCEPTED,1,AMB0120,ACCEPTED,0
REQ01473,AMB0023,ACCEPTED,1,AMB0023,ACCEPTED,0
REQ01474,AMB0083,ACCEPTED,1,AMB0083,ACCEPTED,0
REQ01475,AMB0057,ACCEPTED,1,AMB0057,ACCEPTED,0
REQ01476,AMB0104,ACCEPTED,1,AMB0104,ACCEPTED,0
REQ01477,AMB0131,REJECTED,2,AMB0130,ACCEPTED,15
REQ01478,AMB0097,ACCEPTED,1,AMB0097,ACCEPTED,0
REQ01479,AMB0070,ACCEPTED,1,AMB0070,ACCEPTED,0
REQ01480,AMB0123,ACCEPTED,1,AMB0123,ACCEPTED,0
REQ01481,AMB0053,REJECTED,4,AMB0055,ACCEPTED,45
REQ01482,AMB0011,TIMEOUT,2,AMB0011,ACCEPTED,15
REQ01483,AMB0068,ACCEPTED,1,AMB0068,ACCEPTED,0
REQ01484,AMB0084,ACCEPTED,1,AMB0084,ACCEPTED,0
REQ01485,AMB0120,ACCEPTED,1,AMB0120,ACCEPTED,0
REQ01486,AMB0125,ACCEPTED,1,AMB0125,ACCEPTED,0
REQ01487,AMB0118,ACCEPTED,1,AMB0118,ACCEPTED,0
REQ01488,AMB0066,ACCEPTED,1,AMB0066,ACCEPTED,0
REQ01489,AMB0031,ACCEPTED,1,AMB0031,ACCEPTED,0
REQ01490,AMB0054,ACCEPTED,1,AMB0054,ACCEPTED,0
REQ01491,AMB0098,ACCEPTED,1,AMB0098,ACCEPTED,0
REQ01492,AMB0095,ACCEPTED,1,AMB0095,ACCEPTED,0
REQ01493,AMB0043,ACCEPTED,1,AMB0043,ACCEPTED,0
REQ01494,AMB0049,TIMEOUT,3,AMB0050,ACCEPTED,30
REQ01495,AMB0131,ACCEPTED,1,AMB0131,ACCEPTED,0
REQ01496,AMB0120,ACCEPTED,1,AMB0120,ACCEPTED,0
REQ01497,AMB0091,ACCEPTED,1,AMB0091,ACCEPTED,0
REQ01498,AMB0074,ACCEPTED,1,AMB0074,ACCEPTED,0
REQ01499,AMB0131,ACCEPTED,1,AMB0131,ACCEPTED,0
REQ01500,AMB0131,ACCEPTED,1,AMB0131,ACCEPTED,0
REQ01501,AMB0123,ACCEPTED,1,AMB0123,ACCEPTED,0
REQ01502,AMB0042,ACCEPTED,1,AMB0042,ACCEPTED,0
REQ01503,AMB0026,ACCEPTED,1,AMB0026,ACCEPTED,0
REQ01504,AMB0055,ACCEPTED,1,AMB0055,ACCEPTED,0
REQ01505,AMB0112,REJECTED,2,AMB0112,ACCEPTED,15
REQ01506,AMB0109,TIMEOUT,2,AMB0109,ACCEPTED,15
REQ01507,AMB0036,ACCEPTED,1,AMB0036,ACCEPTED,0
REQ01508,AMB0069,ACCEPTED,1,AMB0069,ACCEPTED,0
REQ01509,AMB0041,ACCEPTED,1,AMB0041,ACCEPTED,0
REQ01510,AMB0022,ACCEPTED,1,AMB0022,ACCEPTED,0
REQ01511,AMB0018,REJECTED,2,AMB0015,ACCEPTED,15
REQ01512,AMB0127,TIMEOUT,2,AMB0126,ACCEPTED,15
REQ01513,AMB0092,ACCEPTED,1,AMB0092,ACCEPTED,0
REQ01514,AMB0056,ACCEPTED,1,AMB0056,ACCEPTED,0
REQ01515,AMB0107,ACCEPTED,1,AMB0107,ACCEPTED,0
REQ01516,AMB0079,ACCEPTED,1,AMB0079,ACCEPTED,0
REQ01517,AMB0011,REJECTED,2,AMB0011,ACCEPTED,15
REQ01518,AMB0019,TIMEOUT,2,AMB0019,ACCEPTED,15
REQ01519,AMB0001,ACCEPTED,1,AMB0001,ACCEPTED,0
REQ01520,AMB0072,ACCEPTED,1,AMB0072,ACCEPTED,0
REQ01521,AMB0123,ACCEPTED,1,AMB0123,ACCEPTED,0
REQ01522,AMB0043,ACCEPTED,1,AMB0043,ACCEPTED,0
REQ01523,AMB0113,REJECTED,4,AMB0110,ACCEPTED,45
REQ01524,AMB0014,TIMEOUT,2,AMB0014,ACCEPTED,15
REQ01525,AMB0110,ACCEPTED,1,AMB0110,ACCEPTED,0
REQ01526,AMB0065,ACCEPTED,1,AMB0065,ACCEPTED,0
REQ01527,AMB0055,ACCEPTED,1,AMB0055,ACCEPTED,0
REQ01528,AMB0037,ACCEPTED,1,AMB0037,ACCEPTED,0
REQ01529,AMB0112,REJECTED,3,AMB0111,ACCEPTED,30
REQ01530,AMB0086,ACCEPTED,1,AMB0086,ACCEPTED,0
REQ01531,AMB0059,ACCEPTED,1,AMB0059,ACCEPTED,0
REQ01532,AMB0027,ACCEPTED,1,AMB0027,ACCEPTED,0
REQ01533,AMB0037,ACCEPTED,1,AMB0037,ACCEPTED,0
REQ01534,AMB0021,ACCEPTED,1,AMB0021,ACCEPTED,0
REQ01535,AMB0066,ACCEPTED,1,AMB0066,ACCEPTED,0
REQ01536,AMB0070,ACCEPTED,1,AMB0070,ACCEPTED,0
REQ01537,AMB0065,ACCEPTED,1,AMB0065,ACCEPTED,0
REQ01538,AMB0056,ACCEPTED,1,AMB0056,ACCEPTED,0
REQ01539,AMB0001,ACCEPTED,1,AMB0001,ACCEPTED,0
REQ01540,AMB0031,TIMEOUT,2,AMB0030,ACCEPTED,15
REQ01541,AMB0036,REJECTED,2,AMB0036,ACCEPTED,15
REQ01542,AMB0100,ACCEPTED,1,AMB0100,ACCEPTED,0
REQ01543,AMB0112,ACCEPTED,1,AMB0112,ACCEPTED,0
REQ01544,AMB0074,ACCEPTED,1,AMB0074,ACCEPTED,0
REQ01545,AMB0097,ACCEPTED,1,AMB0097,ACCEPTED,0
REQ01546,AMB0117,ACCEPTED,1,AMB0117,ACCEPTED,0
REQ01547,AMB0058,ACCEPTED,1,AMB0058,ACCEPTED,0
REQ01548,AMB0054,ACCEPTED,1,AMB0054,ACCEPTED,0
REQ01549,AMB0125,ACCEPTED,1,AMB0125,ACCEPTED,0
REQ01550,AMB0118,ACCEPTED,1,AMB0118,ACCEPTED,0
REQ01551,AMB0074,ACCEPTED,1,AMB0074,ACCEPTED,0
REQ01552,AMB0093,TIMEOUT,2,AMB0091,ACCEPTED,15
REQ01553,AMB0074,REJECTED,2,AMB0075,ACCEPTED,15
REQ01554,AMB0089,ACCEPTED,1,AMB0089,ACCEPTED,0
REQ01555,AMB0070,ACCEPTED,1,AMB0070,ACCEPTED,0
REQ01556,AMB0056,ACCEPTED,1,AMB0056,ACCEPTED,0
REQ01557,AMB0033,REJECTED,2,AMB0035,ACCEPTED,15
REQ01558,AMB0065,ACCEPTED,1,AMB0065,ACCEPTED,0
REQ01559,AMB0097,REJECTED,2,AMB0097,ACCEPTED,15
REQ01560,AMB0059,ACCEPTED,1,AMB0059,ACCEPTED,0
REQ01561,AMB0123,ACCEPTED,1,AMB0123,ACCEPTED,0
REQ01562,AMB0036,ACCEPTED,1,AMB0036,ACCEPTED,0
REQ01563,AMB0026,ACCEPTED,1,AMB0026,ACCEPTED,0
REQ01564,AMB0112,TIMEOUT,2,AMB0111,ACCEPTED,15
REQ01565,AMB0044,ACCEPTED,1,AMB0044,ACCEPTED,0
REQ01566,AMB0066,ACCEPTED,1,AMB0066,ACCEPTED,0
REQ01567,AMB0118,ACCEPTED,1,AMB0118,ACCEPTED,0
REQ01568,AMB0048,ACCEPTED,1,AMB0048,ACCEPTED,0
REQ01569,AMB0079,ACCEPTED,1,AMB0079,ACCEPTED,0
REQ01570,AMB0128,TIMEOUT,2,AMB0128,ACCEPTED,15
REQ01571,AMB0120,REJECTED,3,AMB0123,ACCEPTED,30
REQ01572,AMB0023,ACCEPTED,1,AMB0023,ACCEPTED,0
REQ01573,AMB0089,ACCEPTED,1,AMB0089,ACCEPTED,0
REQ01574,AMB0042,ACCEPTED,1,AMB0042,ACCEPTED,0
REQ01575,AMB0021,ACCEPTED,1,AMB0021,ACCEPTED,0
REQ01576,AMB0012,TIMEOUT,2,AMB0011,ACCEPTED,15
REQ01577,AMB0023,REJECTED,2,AMB0023,ACCEPTED,15
REQ01578,AMB0097,ACCEPTED,1,AMB0097,ACCEPTED,0
REQ01579,AMB0103,ACCEPTED,1,AMB0103,ACCEPTED,0
REQ01580,AMB0057,ACCEPTED,1,AMB0057,ACCEPTED,0
REQ01581,AMB0019,REJECTED,3,AMB0029,ACCEPTED,30
REQ01582,AMB0065,TIMEOUT,2,AMB0065,ACCEPTED,15
REQ01583,AMB0009,ACCEPTED,1,AMB0009,ACCEPTED,0
REQ01584,AMB0074,ACCEPTED,1,AMB0074,ACCEPTED,0
REQ01585,AMB0118,ACCEPTED,1,AMB0118,ACCEPTED,0
REQ01586,AMB0074,ACCEPTED,1,AMB0074,ACCEPTED,0
REQ01587,AMB0023,ACCEPTED,1,AMB0023,ACCEPTED,0
REQ01588,AMB0037,TIMEOUT,2,AMB0039,ACCEPTED,15
REQ01589,AMB0112,ACCEPTED,1,AMB0112,ACCEPTED,0
REQ01590,AMB0102,ACCEPTED,1,AMB0102,ACCEPTED,0
REQ01591,AMB0079,ACCEPTED,1,AMB0079,ACCEPTED,0
REQ01592,AMB0092,ACCEPTED,1,AMB0092,ACCEPTED,0
REQ01593,AMB0027,ACCEPTED,1,AMB0027,ACCEPTED,0
REQ01594,AMB0012,TIMEOUT,3,AMB0010,ACCEPTED,30
REQ01595,AMB0046,ACCEPTED,1,AMB0046,ACCEPTED,0
REQ01596,AMB0092,ACCEPTED,1,AMB0092,ACCEPTED,0
REQ01597,AMB0123,ACCEPTED,1,AMB0123,ACCEPTED,0
REQ01598,AMB0003,ACCEPTED,1,AMB0003,ACCEPTED,0
REQ01599,AMB0069,ACCEPTED,1,AMB0069,ACCEPTED,0
REQ01600,AMB0037,TIMEOUT,3,AMB0038,ACCEPTED,30
REQ01601,AMB0083,ACCEPTED,1,AMB0083,ACCEPTED,0
REQ01602,AMB0099,ACCEPTED,1,AMB0099,ACCEPTED,0
REQ01603,AMB0131,ACCEPTED,1,AMB0131,ACCEPTED,0
REQ01604,AMB0120,ACCEPTED,1,AMB0120,ACCEPTED,0
REQ01605,AMB0127,REJECTED,2,AMB0126,ACCEPTED,15
REQ01606,AMB0039,TIMEOUT,2,AMB0038,ACCEPTED,15
REQ01607,AMB0103,ACCEPTED,1,AMB0103,ACCEPTED,0
REQ01608,AMB0120,ACCEPTED,1,AMB0120,ACCEPTED,0
REQ01609,AMB0117,ACCEPTED,1,AMB0117,ACCEPTED,0
REQ01610,AMB0131,ACCEPTED,1,AMB0131,ACCEPTED,0
REQ01611,AMB0083,ACCEPTED,1,AMB0083,ACCEPTED,0
REQ01612,AMB0049,TIMEOUT,2,AMB0049,ACCEPTED,15
REQ01613,AMB0113,ACCEPTED,1,AMB0113,ACCEPTED,0
REQ01614,AMB0037,ACCEPTED,1,AMB0037,ACCEPTED,0
REQ01615,AMB0018,ACCEPTED,1,AMB0018,ACCEPTED,0
REQ01616,AMB0103,ACCEPTED,1,AMB0103,ACCEPTED,0
REQ01617,AMB0072,REJECTED,2,AMB0071,ACCEPTED,15
REQ01618,AMB0128,TIMEOUT,2,AMB0126,ACCEPTED,15
REQ01619,AMB0041,ACCEPTED,1,AMB0041,ACCEPTED,0
REQ01620,AMB0079,ACCEPTED,1,AMB0079,ACCEPTED,0
REQ01621,AMB0081,ACCEPTED,1,AMB0081,ACCEPTED,0
REQ01622,AMB0011,ACCEPTED,1,AMB0011,ACCEPTED,0
REQ01623,AMB0011,REJECTED,3,AMB0011,ACCEPTED,30
REQ01624,AMB0014,TIMEOUT,2,AMB0014,ACCEPTED,15
REQ01625,AMB0108,ACCEPTED,1,AMB0108,ACCEPTED,0
REQ01626,AMB0118,ACCEPTED,1,AMB0118,ACCEPTED,0
REQ01627,AMB0131,ACCEPTED,1,AMB0131,ACCEPTED,0
REQ01628,AMB0123,ACCEPTED,1,AMB0123,ACCEPTED,0
REQ01629,AMB0053,REJECTED,3,AMB0053,ACCEPTED,30
REQ01630,AMB0088,ACCEPTED,1,AMB0088,ACCEPTED,0
REQ01631,AMB0089,ACCEPTED,1,AMB0089,ACCEPTED,0
REQ01632,AMB0033,ACCEPTED,1,AMB0033,ACCEPTED,0
REQ01633,AMB0080,ACCEPTED,1,AMB0080,ACCEPTED,0
REQ01634,AMB0104,ACCEPTED,1,AMB0104,ACCEPTED,0
REQ01635,AMB0055,REJECTED,3,AMB0033,ACCEPTED,30
REQ01636,AMB0074,ACCEPTED,1,AMB0074,ACCEPTED,0
REQ01637,AMB0076,ACCEPTED,1,AMB0076,ACCEPTED,0
REQ01638,AMB0023,ACCEPTED,1,AMB0023,ACCEPTED,0
REQ01639,AMB0065,ACCEPTED,1,AMB0065,ACCEPTED,0
REQ01640,AMB0074,ACCEPTED,1,AMB0074,ACCEPTED,0
REQ01641,AMB0037,REJECTED,2,AMB0037,ACCEPTED,15
REQ01642,AMB0027,ACCEPTED,1,AMB0027,ACCEPTED,0
REQ01643,AMB0056,ACCEPTED,1,AMB0056,ACCEPTED,0
REQ01644,AMB0026,ACCEPTED,1,AMB0026,ACCEPTED,0
REQ01645,AMB0037,ACCEPTED,1,AMB0037,ACCEPTED,0
REQ01646,AMB0011,TIMEOUT,2,AMB0011,ACCEPTED,15
REQ01647,AMB0020,REJECTED,2,AMB0020,ACCEPTED,15
REQ01648,AMB0131,ACCEPTED,1,AMB0131,ACCEPTED,0
REQ01649,AMB0054,ACCEPTED,1,AMB0054,ACCEPTED,0
REQ01650,AMB0001,ACCEPTED,1,AMB0001,ACCEPTED,0
REQ01651,AMB0039,ACCEPTED,1,AMB0039,ACCEPTED,0
REQ01652,AMB0079,ACCEPTED,1,AMB0079,ACCEPTED,0
REQ01653,AMB0128,REJECTED,2,AMB0126,ACCEPTED,15
REQ01654,AMB0065,ACCEPTED,1,AMB0065,ACCEPTED,0
REQ01655,AMB0011,ACCEPTED,1,AMB0011,ACCEPTED,0
REQ01656,AMB0031,ACCEPTED,1,AMB0031,ACCEPTED,0
REQ01657,AMB0021,ACCEPTED,1,AMB0021,ACCEPTED,0
REQ01658,AMB0059,TIMEOUT,2,AMB0062,ACCEPTED,15
REQ01659,AMB0023,REJECTED,2,AMB0025,ACCEPTED,15
REQ01660,AMB0050,ACCEPTED,1,AMB0050,ACCEPTED,0
REQ01661,AMB0043,ACCEPTED,1,AMB0043,ACCEPTED,0
REQ01662,AMB0055,ACCEPTED,1,AMB0055,ACCEPTED,0
REQ01663,AMB0100,ACCEPTED,1,AMB0100,ACCEPTED,0
REQ01664,AMB0104,ACCEPTED,1,AMB0104,ACCEPTED,0
REQ01665,AMB0103,REJECTED,3,AMB0102,ACCEPTED,30
REQ01666,AMB0003,ACCEPTED,1,AMB0003,ACCEPTED,0
REQ01667,AMB0023,ACCEPTED,1,AMB0023,ACCEPTED,0
REQ01668,AMB0084,ACCEPTED,1,AMB0084,ACCEPTED,0
REQ01669,AMB0001,ACCEPTED,1,AMB0001,ACCEPTED,0
REQ01670,AMB0088,ACCEPTED,1,AMB0088,ACCEPTED,0
REQ01671,AMB0125,REJECTED,2,AMB0123,ACCEPTED,15
REQ01672,AMB0013,ACCEPTED,1,AMB0013,ACCEPTED,0
REQ01673,AMB0019,ACCEPTED,1,AMB0019,ACCEPTED,0
REQ01674,AMB0049,ACCEPTED,1,AMB0049,ACCEPTED,0
REQ01675,AMB0102,ACCEPTED,1,AMB0102,ACCEPTED,0
REQ01676,AMB0049,ACCEPTED,1,AMB0049,ACCEPTED,0
REQ01677,AMB0084,REJECTED,2,AMB0085,ACCEPTED,15
REQ01678,AMB0070,ACCEPTED,1,AMB0070,ACCEPTED,0
REQ01679,AMB0009,ACCEPTED,1,AMB0009,ACCEPTED,0
REQ01680,AMB0014,ACCEPTED,1,AMB0014,ACCEPTED,0
REQ01681,AMB0123,ACCEPTED,1,AMB0123,ACCEPTED,0
REQ01682,AMB0018,TIMEOUT,2,AMB0019,ACCEPTED,15
REQ01683,AMB0018,ACCEPTED,1,AMB0018,ACCEPTED,0
REQ01684,AMB0044,ACCEPTED,1,AMB0044,ACCEPTED,0
REQ01685,AMB0108,ACCEPTED,1,AMB0108,ACCEPTED,0
REQ01686,AMB0056,ACCEPTED,1,AMB0056,ACCEPTED,0
REQ01687,AMB0069,ACCEPTED,1,AMB0069,ACCEPTED,0
REQ01688,AMB0127,TIMEOUT,2,AMB0126,ACCEPTED,15
REQ01689,AMB0056,ACCEPTED,1,AMB0056,ACCEPTED,0
REQ01690,AMB0036,ACCEPTED,1,AMB0036,ACCEPTED,0
REQ01691,AMB0026,ACCEPTED,1,AMB0026,ACCEPTED,0
REQ01692,AMB0072,ACCEPTED,1,AMB0072,ACCEPTED,0
REQ01693,AMB0016,ACCEPTED,1,AMB0016,ACCEPTED,0
REQ01694,AMB0055,TIMEOUT,2,AMB0058,ACCEPTED,15
REQ01695,AMB0053,ACCEPTED,1,AMB0053,ACCEPTED,0
REQ01696,AMB0033,ACCEPTED,1,AMB0033,ACCEPTED,0
REQ01697,AMB0057,ACCEPTED,1,AMB0057,ACCEPTED,0
REQ01698,AMB0120,ACCEPTED,1,AMB0120,ACCEPTED,0
REQ01699,AMB0083,ACCEPTED,1,AMB0083,ACCEPTED,0
REQ01700,AMB0099,TIMEOUT,4,AMB0101,ACCEPTED,45
REQ01701,AMB0104,ACCEPTED,1,AMB0104,ACCEPTED,0
REQ01702,AMB0098,ACCEPTED,1,AMB0098,ACCEPTED,0
REQ01703,AMB0113,ACCEPTED,1,AMB0113,ACCEPTED,0
REQ01704,AMB0103,ACCEPTED,1,AMB0103,ACCEPTED,0
REQ01705,AMB0070,REJECTED,2,AMB0071,ACCEPTED,15
REQ01706,AMB0019,TIMEOUT,2,AMB0027,ACCEPTED,15
REQ01707,AMB0112,ACCEPTED,1,AMB0112,ACCEPTED,0
REQ01708,AMB0088,ACCEPTED,1,AMB0088,ACCEPTED,0
REQ01709,AMB0120,ACCEPTED,1,AMB0120,ACCEPTED,0
REQ01710,AMB0032,TIMEOUT,3,AMB0031,ACCEPTED,30
REQ01711,AMB0033,REJECTED,2,AMB0035,ACCEPTED,15
REQ01712,AMB0018,TIMEOUT,2,AMB0017,ACCEPTED,15
REQ01713,AMB0113,ACCEPTED,1,AMB0113,ACCEPTED,0
REQ01714,AMB0123,ACCEPTED,1,AMB0123,ACCEPTED,0
REQ01715,AMB0009,ACCEPTED,1,AMB0009,ACCEPTED,0
REQ01716,AMB0041,ACCEPTED,1,AMB0041,ACCEPTED,0
REQ01717,AMB0128,REJECTED,2,AMB0128,ACCEPTED,15
REQ01718,AMB0055,TIMEOUT,2,AMB0036,ACCEPTED,15
REQ01719,AMB0055,ACCEPTED,1,AMB0055,ACCEPTED,0
REQ01720,AMB0072,ACCEPTED,1,AMB0072,ACCEPTED,0
REQ01721,AMB0021,ACCEPTED,1,AMB0021,ACCEPTED,0
REQ01722,AMB0001,ACCEPTED,1,AMB0001,ACCEPTED,0
REQ01723,AMB0097,REJECTED,3,AMB0091,ACCEPTED,30
REQ01724,AMB0011,TIMEOUT,2,AMB0010,ACCEPTED,15
REQ01725,AMB0065,ACCEPTED,1,AMB0065,ACCEPTED,0
REQ01726,AMB0019,ACCEPTED,1,AMB0019,ACCEPTED,0
REQ01727,AMB0042,ACCEPTED,1,AMB0042,ACCEPTED,0
REQ01728,AMB0001,ACCEPTED,1,AMB0001,ACCEPTED,0
REQ01729,AMB0099,REJECTED,3,AMB0098,ACCEPTED,30
REQ01730,AMB0054,ACCEPTED,1,AMB0054,ACCEPTED,0
REQ01731,AMB0097,ACCEPTED,1,AMB0097,ACCEPTED,0
REQ01732,AMB0118,ACCEPTED,1,AMB0118,ACCEPTED,0
REQ01733,AMB0037,ACCEPTED,1,AMB0037,ACCEPTED,0
REQ01734,AMB0109,ACCEPTED,1,AMB0109,ACCEPTED,0
REQ01735,AMB0104,REJECTED,2,AMB0104,ACCEPTED,15
REQ01736,AMB0074,ACCEPTED,1,AMB0074,ACCEPTED,0
REQ01737,AMB0076,ACCEPTED,1,AMB0076,ACCEPTED,0
REQ01738,AMB0030,ACCEPTED,1,AMB0030,ACCEPTED,0
REQ01739,AMB0065,ACCEPTED,1,AMB0065,ACCEPTED,0
REQ01740,AMB0084,TIMEOUT,2,AMB0099,ACCEPTED,15
REQ01741,AMB0109,REJECTED,2,AMB0111,ACCEPTED,15
REQ01742,AMB0086,ACCEPTED,1,AMB0086,ACCEPTED,0
REQ01743,AMB0091,ACCEPTED,1,AMB0091,ACCEPTED,0
REQ01744,AMB0059,ACCEPTED,1,AMB0059,ACCEPTED,0
REQ01745,AMB0023,ACCEPTED,1,AMB0023,ACCEPTED,0
REQ01746,AMB0092,TIMEOUT,2,AMB0092,ACCEPTED,15
REQ01747,AMB0046,REJECTED,2,AMB0082,ACCEPTED,15
REQ01748,AMB0036,ACCEPTED,1,AMB0036,ACCEPTED,0
REQ01749,AMB0007,ACCEPTED,1,AMB0007,ACCEPTED,0
REQ01750,AMB0046,ACCEPTED,1,AMB0046,ACCEPTED,0
REQ01751,AMB0103,ACCEPTED,1,AMB0103,ACCEPTED,0
REQ01752,AMB0028,TIMEOUT,3,AMB0032,ACCEPTED,30
REQ01753,AMB0091,ACCEPTED,1,AMB0091,ACCEPTED,0
REQ01754,AMB0048,ACCEPTED,1,AMB0048,ACCEPTED,0
REQ01755,AMB0088,ACCEPTED,1,AMB0088,ACCEPTED,0
REQ01756,AMB0037,ACCEPTED,1,AMB0037,ACCEPTED,0
REQ01757,AMB0023,ACCEPTED,1,AMB0023,ACCEPTED,0
REQ01758,AMB0048,TIMEOUT,2,AMB0049,ACCEPTED,15
REQ01759,AMB0093,REJECTED,2,AMB0091,ACCEPTED,15
REQ01760,AMB0055,ACCEPTED,1,AMB0055,ACCEPTED,0
REQ01761,AMB0076,ACCEPTED,1,AMB0076,ACCEPTED,0
REQ01762,AMB0037,ACCEPTED,1,AMB0037,ACCEPTED,0
REQ01763,AMB0128,REJECTED,2,AMB0105,ACCEPTED,15
REQ01764,AMB0018,TIMEOUT,4,AMB0014,ACCEPTED,45
REQ01765,AMB0026,REJECTED,3,AMB0029,ACCEPTED,30
REQ01766,AMB0037,ACCEPTED,1,AMB0037,ACCEPTED,0
REQ01767,AMB0031,ACCEPTED,1,AMB0031,ACCEPTED,0
REQ01768,AMB0100,ACCEPTED,1,AMB0100,ACCEPTED,0
REQ01769,AMB0055,ACCEPTED,1,AMB0055,ACCEPTED,0
REQ01770,AMB0033,TIMEOUT,2,AMB0033,ACCEPTED,15
REQ01771,AMB0059,REJECTED,2,AMB0062,ACCEPTED,15
REQ01772,AMB0092,ACCEPTED,1,AMB0092,ACCEPTED,0
REQ01773,AMB0001,ACCEPTED,1,AMB0001,ACCEPTED,0
REQ01774,AMB0033,ACCEPTED,1,AMB0033,ACCEPTED,0
REQ01775,AMB0103,ACCEPTED,1,AMB0103,ACCEPTED,0
REQ01776,AMB0074,TIMEOUT,2,AMB0076,ACCEPTED,15
REQ01777,AMB0104,REJECTED,2,AMB0102,ACCEPTED,15
REQ01778,AMB0110,ACCEPTED,1,AMB0110,ACCEPTED,0
REQ01779,AMB0103,ACCEPTED,1,AMB0103,ACCEPTED,0
REQ01780,AMB0095,ACCEPTED,1,AMB0095,ACCEPTED,0
REQ01781,AMB0084,REJECTED,4,AMB0085,ACCEPTED,45
REQ01782,AMB0027,TIMEOUT,2,AMB0027,ACCEPTED,15
REQ01783,AMB0053,ACCEPTED,1,AMB0053,ACCEPTED,0
REQ01784,AMB0021,ACCEPTED,1,AMB0021,ACCEPTED,0
REQ01785,AMB0066,ACCEPTED,1,AMB0066,ACCEPTED,0
REQ01786,AMB0102,ACCEPTED,1,AMB0102,ACCEPTED,0
REQ01787,AMB0024,REJECTED,2,AMB0023,ACCEPTED,15
REQ01788,AMB0049,TIMEOUT,2,AMB0040,ACCEPTED,15
REQ01789,AMB0117,ACCEPTED,1,AMB0117,ACCEPTED,0
REQ01790,AMB0072,ACCEPTED,1,AMB0072,ACCEPTED,0
REQ01791,AMB0079,ACCEPTED,1,AMB0079,ACCEPTED,0
REQ01792,AMB0065,ACCEPTED,1,AMB0065,ACCEPTED,0
REQ01793,AMB0011,REJECTED,3,AMB0012,ACCEPTED,30
REQ01794,AMB0097,TIMEOUT,2,AMB0096,ACCEPTED,15
REQ01795,AMB0112,ACCEPTED,1,AMB0112,ACCEPTED,0
REQ01796,AMB0097,ACCEPTED,1,AMB0097,ACCEPTED,0
REQ01797,AMB0037,ACCEPTED,1,AMB0037,ACCEPTED,0
REQ01798,AMB0104,ACCEPTED,1,AMB0104,ACCEPTED,0
REQ01799,AMB0062,ACCEPTED,1,AMB0062,ACCEPTED,0
REQ01800,AMB0079,TIMEOUT,2,AMB0083,ACCEPTED,15
REQ01801,AMB0053,ACCEPTED,1,AMB0053,ACCEPTED,0
REQ01802,AMB0104,ACCEPTED,1,AMB0104,ACCEPTED,0
REQ01803,AMB0076,ACCEPTED,1,AMB0076,ACCEPTED,0
REQ01804,AMB0003,ACCEPTED,1,AMB0003,ACCEPTED,0
REQ01805,AMB0036,REJECTED,2,AMB0036,ACCEPTED,15
REQ01806,AMB0021,TIMEOUT,2,AMB0021,ACCEPTED,15
REQ01807,AMB0010,ACCEPTED,1,AMB0010,ACCEPTED,0
REQ01808,AMB0066,ACCEPTED,1,AMB0066,ACCEPTED,0
REQ01809,AMB0035,ACCEPTED,1,AMB0035,ACCEPTED,0
REQ01810,AMB0088,ACCEPTED,1,AMB0088,ACCEPTED,0
REQ01811,AMB0118,ACCEPTED,1,AMB0118,ACCEPTED,0
REQ01812,AMB0066,TIMEOUT,2,AMB0031,ACCEPTED,15
REQ01813,AMB0053,ACCEPTED,1,AMB0053,ACCEPTED,0
REQ01814,AMB0042,ACCEPTED,1,AMB0042,ACCEPTED,0
REQ01815,AMB0084,ACCEPTED,1,AMB0084,ACCEPTED,0
REQ01816,AMB0020,ACCEPTED,1,AMB0020,ACCEPTED,0
REQ01817,AMB0069,ACCEPTED,1,AMB0069,ACCEPTED,0
REQ01818,AMB0131,TIMEOUT,2,AMB0130,ACCEPTED,15
REQ01819,AMB0102,ACCEPTED,1,AMB0102,ACCEPTED,0
REQ01820,AMB0127,ACCEPTED,1,AMB0127,ACCEPTED,0
REQ01821,AMB0089,ACCEPTED,1,AMB0089,ACCEPTED,0
REQ01822,AMB0076,ACCEPTED,1,AMB0076,ACCEPTED,0
REQ01823,AMB0084,REJECTED,3,AMB0101,ACCEPTED,30
REQ01824,AMB0049,TIMEOUT,2,AMB0048,ACCEPTED,15
REQ01825,AMB0031,ACCEPTED,1,AMB0031,ACCEPTED,0
REQ01826,AMB0033,ACCEPTED,1,AMB0033,ACCEPTED,0
REQ01827,AMB0053,ACCEPTED,1,AMB0053,ACCEPTED,0
REQ01828,AMB0046,ACCEPTED,1,AMB0046,ACCEPTED,0
REQ01829,AMB0055,REJECTED,3,AMB0052,ACCEPTED,30
REQ01830,AMB0091,ACCEPTED,1,AMB0091,ACCEPTED,0
REQ01831,AMB0113,ACCEPTED,1,AMB0113,ACCEPTED,0
REQ01832,AMB0043,ACCEPTED,1,AMB0043,ACCEPTED,0
REQ01833,AMB0031,ACCEPTED,1,AMB0031,ACCEPTED,0
REQ01834,AMB0125,ACCEPTED,1,AMB0125,ACCEPTED,0
REQ01835,AMB0097,REJECTED,2,AMB0096,ACCEPTED,15
REQ01836,AMB0127,ACCEPTED,1,AMB0127,ACCEPTED,0
REQ01837,AMB0084,ACCEPTED,1,AMB0084,ACCEPTED,0
REQ01838,AMB0036,ACCEPTED,1,AMB0036,ACCEPTED,0
REQ01839,AMB0046,ACCEPTED,1,AMB0046,ACCEPTED,0
REQ01840,AMB0098,ACCEPTED,1,AMB0098,ACCEPTED,0
REQ01841,AMB0027,REJECTED,2,AMB0027,ACCEPTED,15
REQ01842,AMB0068,ACCEPTED,1,AMB0068,ACCEPTED,0
REQ01843,AMB0091,ACCEPTED,1,AMB0091,ACCEPTED,0
REQ01844,AMB0128,ACCEPTED,1,AMB0128,ACCEPTED,0
REQ01845,AMB0125,ACCEPTED,1,AMB0125,ACCEPTED,0
REQ01846,AMB0097,ACCEPTED,1,AMB0097,ACCEPTED,0
REQ01847,AMB0131,ACCEPTED,1,AMB0131,ACCEPTED,0
REQ01848,AMB0099,ACCEPTED,1,AMB0099,ACCEPTED,0
REQ01849,AMB0049,ACCEPTED,1,AMB0049,ACCEPTED,0
REQ01850,AMB0046,ACCEPTED,1,AMB0046,ACCEPTED,0
REQ01851,AMB0131,ACCEPTED,1,AMB0131,ACCEPTED,0
REQ01852,AMB0107,ACCEPTED,1,AMB0107,ACCEPTED,0
REQ01853,AMB0123,REJECTED,2,AMB0116,ACCEPTED,15
REQ01854,AMB0079,ACCEPTED,1,AMB0079,ACCEPTED,0
REQ01855,AMB0044,ACCEPTED,1,AMB0044,ACCEPTED,0
REQ01856,AMB0023,ACCEPTED,1,AMB0023,ACCEPTED,0
REQ01857,AMB0014,ACCEPTED,1,AMB0014,ACCEPTED,0
REQ01858,AMB0092,TIMEOUT,3,AMB0091,ACCEPTED,30
REQ01859,AMB0097,REJECTED,2,AMB0097,ACCEPTED,15
REQ01860,AMB0103,ACCEPTED,1,AMB0103,ACCEPTED,0
REQ01861,AMB0036,ACCEPTED,1,AMB0036,ACCEPTED,0
REQ01862,AMB0056,ACCEPTED,1,AMB0056,ACCEPTED,0
REQ01863,AMB0120,ACCEPTED,1,AMB0120,ACCEPTED,0
REQ01864,AMB0069,ACCEPTED,1,AMB0069,ACCEPTED,0
REQ01865,AMB0107,REJECTED,3,AMB0108,ACCEPTED,30
REQ01866,AMB0107,ACCEPTED,1,AMB0107,ACCEPTED,0
REQ01867,AMB0120,ACCEPTED,1,AMB0120,ACCEPTED,0
REQ01868,AMB0046,ACCEPTED,1,AMB0046,ACCEPTED,0
REQ01869,AMB0057,ACCEPTED,1,AMB0057,ACCEPTED,0
REQ01870,AMB0118,ACCEPTED,1,AMB0118,ACCEPTED,0
REQ01871,AMB0102,REJECTED,2,AMB0103,ACCEPTED,15
REQ01872,AMB0064,ACCEPTED,1,AMB0064,ACCEPTED,0
REQ01873,AMB0033,ACCEPTED,1,AMB0033,ACCEPTED,0
REQ01874,AMB0048,ACCEPTED,1,AMB0048,ACCEPTED,0
REQ01875,AMB0014,REJECTED,2,AMB0016,ACCEPTED,15
REQ01876,AMB0053,TIMEOUT,2,AMB0052,ACCEPTED,15
REQ01877,AMB0049,REJECTED,3,AMB0051,ACCEPTED,30
REQ01878,AMB0079,ACCEPTED,1,AMB0079,ACCEPTED,0
REQ01879,AMB0037,ACCEPTED,1,AMB0037,ACCEPTED,0
REQ01880,AMB0117,ACCEPTED,1,AMB0117,ACCEPTED,0
REQ01881,AMB0046,ACCEPTED,1,AMB0046,ACCEPTED,0
REQ01882,AMB0042,ACCEPTED,1,AMB0042,ACCEPTED,0
REQ01883,AMB0120,ACCEPTED,1,AMB0120,ACCEPTED,0
REQ01884,AMB0092,ACCEPTED,1,AMB0092,ACCEPTED,0
REQ01885,AMB0066,ACCEPTED,1,AMB0066,ACCEPTED,0
REQ01886,AMB0128,ACCEPTED,1,AMB0128,ACCEPTED,0
REQ01887,AMB0092,REJECTED,3,AMB0091,ACCEPTED,30
REQ01888,AMB0026,TIMEOUT,2,AMB0029,ACCEPTED,15
REQ01889,AMB0091,ACCEPTED,1,AMB0091,ACCEPTED,0
REQ01890,AMB0091,ACCEPTED,1,AMB0091,ACCEPTED,0
REQ01891,AMB0088,ACCEPTED,1,AMB0088,ACCEPTED,0
REQ01892,AMB0089,ACCEPTED,1,AMB0089,ACCEPTED,0
REQ01893,AMB0036,REJECTED,3,AMB0033,ACCEPTED,30
REQ01894,AMB0074,TIMEOUT,3,AMB0075,ACCEPTED,30
REQ01895,AMB0092,ACCEPTED,1,AMB0092,ACCEPTED,0
REQ01896,AMB0049,ACCEPTED,1,AMB0049,ACCEPTED,0
REQ01897,AMB0033,ACCEPTED,1,AMB0033,ACCEPTED,0
REQ01898,AMB0123,ACCEPTED,1,AMB0123,ACCEPTED,0
REQ01899,AMB0032,REJECTED,2,AMB0028,ACCEPTED,15
REQ01900,AMB0049,TIMEOUT,2,AMB0049,ACCEPTED,15
REQ01901,AMB0018,ACCEPTED,1,AMB0018,ACCEPTED,0
REQ01902,AMB0066,ACCEPTED,1,AMB0066,ACCEPTED,0
REQ01903,AMB0046,ACCEPTED,1,AMB0046,ACCEPTED,0
REQ01904,AMB0019,ACCEPTED,1,AMB0019,ACCEPTED,0
REQ01905,AMB0110,REJECTED,2,AMB0109,ACCEPTED,15
REQ01906,AMB0037,TIMEOUT,2,AMB0037,ACCEPTED,15
REQ01907,AMB0112,ACCEPTED,1,AMB0112,ACCEPTED,0
REQ01908,AMB0079,ACCEPTED,1,AMB0079,ACCEPTED,0
REQ01909,AMB0103,ACCEPTED,1,AMB0103,ACCEPTED,0
REQ01910,AMB0113,TIMEOUT,3,AMB0113,ACCEPTED,30
REQ01911,AMB0055,REJECTED,2,AMB0057,ACCEPTED,15
REQ01912,AMB0092,TIMEOUT,2,AMB0071,ACCEPTED,15
REQ01913,AMB0131,ACCEPTED,1,AMB0131,ACCEPTED,0
REQ01914,AMB0053,ACCEPTED,1,AMB0053,ACCEPTED,0
REQ01915,AMB0032,ACCEPTED,1,AMB0032,ACCEPTED,0
REQ01916,AMB0079,ACCEPTED,1,AMB0079,ACCEPTED,0
REQ01917,AMB0065,ACCEPTED,1,AMB0065,ACCEPTED,0
REQ01918,AMB0006,TIMEOUT,2,AMB0007,ACCEPTED,15
REQ01919,AMB0114,ACCEPTED,1,AMB0114,ACCEPTED,0
REQ01920,AMB0036,ACCEPTED,1,AMB0036,ACCEPTED,0
REQ01921,AMB0046,ACCEPTED,1,AMB0046,ACCEPTED,0
REQ01922,AMB0131,ACCEPTED,1,AMB0131,ACCEPTED,0
REQ01923,AMB0072,REJECTED,3,AMB0072,ACCEPTED,30
REQ01924,AMB0108,TIMEOUT,2,AMB0108,ACCEPTED,15
REQ01925,AMB0031,ACCEPTED,1,AMB0031,ACCEPTED,0
REQ01926,AMB0037,ACCEPTED,1,AMB0037,ACCEPTED,0
REQ01927,AMB0064,ACCEPTED,1,AMB0064,ACCEPTED,0
REQ01928,AMB0123,ACCEPTED,1,AMB0123,ACCEPTED,0
REQ01929,AMB0033,REJECTED,2,AMB0058,ACCEPTED,15
REQ01930,AMB0024,ACCEPTED,1,AMB0024,ACCEPTED,0
REQ01931,AMB0068,ACCEPTED,1,AMB0068,ACCEPTED,0
REQ01932,AMB0104,ACCEPTED,1,AMB0104,ACCEPTED,0
REQ01933,AMB0110,ACCEPTED,1,AMB0110,ACCEPTED,0
REQ01934,AMB0019,TIMEOUT,2,AMB0017,ACCEPTED,15
REQ01935,AMB0011,REJECTED,2,AMB0008,ACCEPTED,15
REQ01936,AMB0097,ACCEPTED,1,AMB0097,ACCEPTED,0
REQ01937,AMB0053,ACCEPTED,1,AMB0053,ACCEPTED,0
REQ01938,AMB0026,ACCEPTED,1,AMB0026,ACCEPTED,0
REQ01939,AMB0007,ACCEPTED,1,AMB0007,ACCEPTED,0
REQ01940,AMB0033,TIMEOUT,2,AMB0035,ACCEPTED,15
REQ01941,AMB0014,REJECTED,2,AMB0014,ACCEPTED,15
REQ01942,AMB0131,ACCEPTED,1,AMB0131,ACCEPTED,0
REQ01943,AMB0055,ACCEPTED,1,AMB0055,ACCEPTED,0
REQ01944,AMB0089,ACCEPTED,1,AMB0089,ACCEPTED,0
REQ01945,AMB0092,ACCEPTED,1,AMB0092,ACCEPTED,0
REQ01946,AMB0097,ACCEPTED,1,AMB0097,ACCEPTED,0
REQ01947,AMB0055,REJECTED,2,AMB0055,ACCEPTED,15
REQ01948,AMB0009,ACCEPTED,1,AMB0009,ACCEPTED,0
REQ01949,AMB0019,ACCEPTED,1,AMB0019,ACCEPTED,0
REQ01950,AMB0037,ACCEPTED,1,AMB0037,ACCEPTED,0
REQ01951,AMB0118,ACCEPTED,1,AMB0118,ACCEPTED,0
REQ01952,AMB0026,ACCEPTED,1,AMB0026,ACCEPTED,0
REQ01953,AMB0079,REJECTED,2,AMB0079,ACCEPTED,15
REQ01954,AMB0103,ACCEPTED,1,AMB0103,ACCEPTED,0
REQ01955,AMB0118,ACCEPTED,1,AMB0118,ACCEPTED,0
REQ01956,AMB0055,ACCEPTED,1,AMB0055,ACCEPTED,0
REQ01957,AMB0046,ACCEPTED,1,AMB0046,ACCEPTED,0
REQ01958,AMB0128,TIMEOUT,2,AMB0126,ACCEPTED,15
REQ01959,AMB0081,ACCEPTED,1,AMB0081,ACCEPTED,0
REQ01960,AMB0016,ACCEPTED,1,AMB0016,ACCEPTED,0
REQ01961,AMB0057,ACCEPTED,1,AMB0057,ACCEPTED,0
REQ01962,AMB0069,ACCEPTED,1,AMB0069,ACCEPTED,0
REQ01963,AMB0113,REJECTED,2,AMB0114,ACCEPTED,15
REQ01964,AMB0069,ACCEPTED,1,AMB0069,ACCEPTED,0
REQ01965,AMB0112,REJECTED,3,AMB0111,ACCEPTED,30
REQ01966,AMB0092,ACCEPTED,1,AMB0092,ACCEPTED,0
REQ01967,AMB0125,ACCEPTED,1,AMB0125,ACCEPTED,0
REQ01968,AMB0128,ACCEPTED,1,AMB0128,ACCEPTED,0
REQ01969,AMB0097,ACCEPTED,1,AMB0097,ACCEPTED,0
REQ01970,AMB0086,TIMEOUT,2,AMB0086,ACCEPTED,15
REQ01971,AMB0095,REJECTED,3,AMB0107,ACCEPTED,30
REQ01972,AMB0018,ACCEPTED,1,AMB0018,ACCEPTED,0
REQ01973,AMB0007,ACCEPTED,1,AMB0007,ACCEPTED,0
REQ01974,AMB0028,ACCEPTED,1,AMB0028,ACCEPTED,0
REQ01975,AMB0084,REJECTED,2,AMB0084,ACCEPTED,15
REQ01976,AMB0113,TIMEOUT,2,AMB0114,ACCEPTED,15
REQ01977,AMB0092,REJECTED,2,AMB0060,ACCEPTED,15
REQ01978,AMB0127,ACCEPTED,1,AMB0127,ACCEPTED,0
REQ01979,AMB0079,ACCEPTED,1,AMB0079,ACCEPTED,0
REQ01980,AMB0038,ACCEPTED,1,AMB0038,ACCEPTED,0
REQ01981,AMB0039,REJECTED,2,AMB0038,ACCEPTED,15
REQ01982,AMB0011,TIMEOUT,2,AMB0010,ACCEPTED,15
REQ01983,AMB0032,ACCEPTED,1,AMB0032,ACCEPTED,0
REQ01984,AMB0131,ACCEPTED,1,AMB0131,ACCEPTED,0
REQ01985,AMB0026,ACCEPTED,1,AMB0026,ACCEPTED,0
REQ01986,AMB0053,ACCEPTED,1,AMB0053,ACCEPTED,0
REQ01987,AMB0113,REJECTED,3,AMB0114,ACCEPTED,30
REQ01988,AMB0092,TIMEOUT,2,AMB0092,ACCEPTED,15
REQ01989,AMB0114,ACCEPTED,1,AMB0114,ACCEPTED,0
REQ01990,AMB0123,ACCEPTED,1,AMB0123,ACCEPTED,0
REQ01991,AMB0131,ACCEPTED,1,AMB0131,ACCEPTED,0
REQ01992,AMB0042,ACCEPTED,1,AMB0042,ACCEPTED,0
REQ01993,AMB0115,REJECTED,2,AMB0114,ACCEPTED,15
REQ01994,AMB0125,TIMEOUT,3,AMB0124,ACCEPTED,30
REQ01995,AMB0104,ACCEPTED,1,AMB0104,ACCEPTED,0
REQ01996,AMB0036,ACCEPTED,1,AMB0036,ACCEPTED,0
REQ01997,AMB0079,ACCEPTED,1,AMB0079,ACCEPTED,0
REQ01998,AMB0110,ACCEPTED,1,AMB0110,ACCEPTED,0
REQ01999,AMB0093,REJECTED,2,AMB0091,ACCEPTED,15
REQ02000,AMB0118,ACCEPTED,1,AMB0118,ACCEPTED,0
REQ02001,AMB0055,ACCEPTED,1,AMB0055,ACCEPTED,0
REQ02002,AMB0019,ACCEPTED,1,AMB0019,ACCEPTED,0
REQ02003,AMB0079,ACCEPTED,1,AMB0079,ACCEPTED,0
REQ02004,AMB0037,ACCEPTED,1,AMB0037,ACCEPTED,0
REQ02005,AMB0031,REJECTED,2,AMB0031,ACCEPTED,15
REQ02006,AMB0131,ACCEPTED,1,AMB0131,ACCEPTED,0
REQ02007,AMB0033,ACCEPTED,1,AMB0033,ACCEPTED,0
REQ02008,AMB0039,ACCEPTED,1,AMB0039,ACCEPTED,0
REQ02009,AMB0112,ACCEPTED,1,AMB0112,ACCEPTED,0
REQ02010,AMB0046,ACCEPTED,1,AMB0046,ACCEPTED,0
REQ02011,AMB0131,ACCEPTED,1,AMB0131,ACCEPTED,0
REQ02012,AMB0018,TIMEOUT,2,AMB0017,ACCEPTED,15
REQ02013,AMB0023,ACCEPTED,1,AMB0023,ACCEPTED,0
REQ02014,AMB0044,ACCEPTED,1,AMB0044,ACCEPTED,0
REQ02015,AMB0036,ACCEPTED,1,AMB0036,ACCEPTED,0
REQ02016,AMB0065,ACCEPTED,1,AMB0065,ACCEPTED,0
REQ02017,AMB0014,REJECTED,2,AMB0005,ACCEPTED,15
REQ02018,AMB0095,TIMEOUT,2,AMB0108,ACCEPTED,15
REQ02019,AMB0064,ACCEPTED,1,AMB0064,ACCEPTED,0
REQ02020,AMB0104,ACCEPTED,1,AMB0104,ACCEPTED,0
REQ02021,AMB0036,ACCEPTED,1,AMB0036,ACCEPTED,0
REQ02022,AMB0053,TIMEOUT,3,AMB0054,ACCEPTED,30
REQ02023,AMB0069,ACCEPTED,1,AMB0069,ACCEPTED,0
REQ02024,AMB0032,TIMEOUT,2,AMB0028,ACCEPTED,15
REQ02025,AMB0046,ACCEPTED,1,AMB0046,ACCEPTED,0
REQ02026,AMB0053,ACCEPTED,1,AMB0053,ACCEPTED,0
REQ02027,AMB0109,ACCEPTED,1,AMB0109,ACCEPTED,0
REQ02028,AMB0033,TIMEOUT,2,AMB0035,ACCEPTED,15
REQ02029,AMB0030,REJECTED,3,AMB0032,ACCEPTED,30
REQ02030,AMB0046,ACCEPTED,1,AMB0046,ACCEPTED,0
REQ02031,AMB0122,ACCEPTED,1,AMB0122,ACCEPTED,0
REQ02032,AMB0046,ACCEPTED,1,AMB0046,ACCEPTED,0
REQ02033,AMB0125,ACCEPTED,1,AMB0125,ACCEPTED,0
REQ02034,AMB0042,ACCEPTED,1,AMB0042,ACCEPTED,0
REQ02035,AMB0023,ACCEPTED,1,AMB0023,ACCEPTED,0
REQ02036,AMB0118,ACCEPTED,1,AMB0118,ACCEPTED,0
REQ02037,AMB0064,ACCEPTED,1,AMB0064,ACCEPTED,0
REQ02038,AMB0033,ACCEPTED,1,AMB0033,ACCEPTED,0
REQ02039,AMB0079,ACCEPTED,1,AMB0079,ACCEPTED,0
REQ02040,AMB0096,ACCEPTED,1,AMB0096,ACCEPTED,0
REQ02041,AMB0095,ACCEPTED,1,AMB0095,ACCEPTED,0
REQ02042,AMB0046,ACCEPTED,1,AMB0046,ACCEPTED,0
REQ02043,AMB0088,ACCEPTED,1,AMB0088,ACCEPTED,0
REQ02044,AMB0014,ACCEPTED,1,AMB0014,ACCEPTED,0
REQ02045,AMB0068,ACCEPTED,1,AMB0068,ACCEPTED,0
REQ02046,AMB0122,ACCEPTED,1,AMB0122,ACCEPTED,0
REQ02047,AMB0027,REJECTED,2,AMB0027,ACCEPTED,15
REQ02048,AMB0112,ACCEPTED,1,AMB0112,ACCEPTED,0
REQ02049,AMB0011,ACCEPTED,1,AMB0011,ACCEPTED,0
REQ02050,AMB0059,ACCEPTED,1,AMB0059,ACCEPTED,0
REQ02051,AMB0131,ACCEPTED,1,AMB0131,ACCEPTED,0
REQ02052,AMB0014,TIMEOUT,3,AMB0013,ACCEPTED,30
REQ02053,AMB0086,REJECTED,2,AMB0087,ACCEPTED,15
REQ02054,AMB0102,ACCEPTED,1,AMB0102,ACCEPTED,0
REQ02055,AMB0093,ACCEPTED,1,AMB0093,ACCEPTED,0
REQ02056,AMB0044,ACCEPTED,1,AMB0044,ACCEPTED,0
REQ02057,AMB0079,ACCEPTED,1,AMB0079,ACCEPTED,0
REQ02058,AMB0089,ACCEPTED,1,AMB0089,ACCEPTED,0
REQ02059,AMB0067,REJECTED,2,AMB0069,ACCEPTED,15
REQ02060,AMB0084,ACCEPTED,1,AMB0084,ACCEPTED,0
REQ02061,AMB0068,ACCEPTED,1,AMB0068,ACCEPTED,0
REQ02062,AMB0015,ACCEPTED,1,AMB0015,ACCEPTED,0
REQ02063,AMB0030,ACCEPTED,1,AMB0030,ACCEPTED,0
REQ02064,AMB0102,TIMEOUT,4,AMB0104,ACCEPTED,45
REQ02065,AMB0023,REJECTED,3,AMB0024,ACCEPTED,30
REQ02066,AMB0079,ACCEPTED,1,AMB0079,ACCEPTED,0
REQ02067,AMB0125,ACCEPTED,1,AMB0125,ACCEPTED,0
REQ02068,AMB0042,ACCEPTED,1,AMB0042,ACCEPTED,0
REQ02069,AMB0039,REJECTED,2,AMB0037,ACCEPTED,15
REQ02070,AMB0008,TIMEOUT,2,AMB0009,ACCEPTED,15
REQ02071,AMB0037,REJECTED,3,AMB0039,ACCEPTED,30
REQ02072,AMB0072,ACCEPTED,1,AMB0072,ACCEPTED,0
REQ02073,AMB0123,ACCEPTED,1,AMB0123,ACCEPTED,0
REQ02074,AMB0098,ACCEPTED,1,AMB0098,ACCEPTED,0
REQ02075,AMB0036,REJECTED,2,AMB0036,ACCEPTED,15
REQ02076,AMB0069,ACCEPTED,1,AMB0069,ACCEPTED,0
REQ02077,AMB0030,REJECTED,2,AMB0026,ACCEPTED,15
REQ02078,AMB0079,ACCEPTED,1,AMB0079,ACCEPTED,0
REQ02079,AMB0118,ACCEPTED,1,AMB0118,ACCEPTED,0
REQ02080,AMB0036,ACCEPTED,1,AMB0036,ACCEPTED,0
REQ02081,AMB0097,ACCEPTED,1,AMB0097,ACCEPTED,0
REQ02082,AMB0057,TIMEOUT,2,AMB0056,ACCEPTED,15
REQ02083,AMB0106,ACCEPTED,1,AMB0106,ACCEPTED,0
REQ02084,AMB0055,ACCEPTED,1,AMB0055,ACCEPTED,0
REQ02085,AMB0009,ACCEPTED,1,AMB0009,ACCEPTED,0
REQ02086,AMB0084,ACCEPTED,1,AMB0084,ACCEPTED,0
REQ02087,AMB0092,REJECTED,3,AMB0091,ACCEPTED,30
REQ02088,AMB0065,TIMEOUT,2,AMB0030,ACCEPTED,15
REQ02089,AMB0003,ACCEPTED,1,AMB0003,ACCEPTED,0
REQ02090,AMB0079,ACCEPTED,1,AMB0079,ACCEPTED,0
REQ02091,AMB0066,ACCEPTED,1,AMB0066,ACCEPTED,0
REQ02092,AMB0096,ACCEPTED,1,AMB0096,ACCEPTED,0
REQ02093,AMB0053,REJECTED,2,AMB0052,ACCEPTED,15
REQ02094,AMB0015,ACCEPTED,1,AMB0015,ACCEPTED,0
REQ02095,AMB0003,ACCEPTED,1,AMB0003,ACCEPTED,0
REQ02096,AMB0083,ACCEPTED,1,AMB0083,ACCEPTED,0
REQ02097,AMB0014,ACCEPTED,1,AMB0014,ACCEPTED,0
REQ02098,AMB0023,ACCEPTED,1,AMB0023,ACCEPTED,0
REQ02099,AMB0079,ACCEPTED,1,AMB0079,ACCEPTED,0
REQ02100,AMB0055,TIMEOUT,4,AMB0037,ACCEPTED,45
REQ02101,AMB0083,ACCEPTED,1,AMB0083,ACCEPTED,0
REQ02102,AMB0037,ACCEPTED,1,AMB0037,ACCEPTED,0
REQ02103,AMB0079,ACCEPTED,1,AMB0079,ACCEPTED,0
REQ02104,AMB0131,ACCEPTED,1,AMB0131,ACCEPTED,0
REQ02105,AMB0055,REJECTED,2,AMB0053,ACCEPTED,15
REQ02106,AMB0100,TIMEOUT,2,AMB0101,ACCEPTED,15
REQ02107,AMB0033,ACCEPTED,1,AMB0033,ACCEPTED,0
REQ02108,AMB0110,ACCEPTED,1,AMB0110,ACCEPTED,0
REQ02109,AMB0065,ACCEPTED,1,AMB0065,ACCEPTED,0
REQ02110,AMB0014,ACCEPTED,1,AMB0014,ACCEPTED,0
REQ02111,AMB0083,ACCEPTED,1,AMB0083,ACCEPTED,0
REQ02112,AMB0027,TIMEOUT,2,AMB0027,ACCEPTED,15
REQ02113,AMB0046,ACCEPTED,1,AMB0046,ACCEPTED,0
REQ02114,AMB0079,ACCEPTED,1,AMB0079,ACCEPTED,0
REQ02115,AMB0088,ACCEPTED,1,AMB0088,ACCEPTED,0
REQ02116,AMB0103,ACCEPTED,1,AMB0103,ACCEPTED,0
REQ02117,AMB0131,ACCEPTED,1,AMB0131,ACCEPTED,0
REQ02118,AMB0039,TIMEOUT,2,AMB0037,ACCEPTED,15
REQ02119,AMB0018,ACCEPTED,1,AMB0018,ACCEPTED,0
REQ02120,AMB0048,ACCEPTED,1,AMB0048,ACCEPTED,0
REQ02121,AMB0089,ACCEPTED,1,AMB0089,ACCEPTED,0
REQ02122,AMB0083,ACCEPTED,1,AMB0083,ACCEPTED,0
REQ02123,AMB0037,REJECTED,3,AMB0038,ACCEPTED,30
REQ02124,AMB0076,TIMEOUT,2,AMB0076,ACCEPTED,15
REQ02125,AMB0053,ACCEPTED,1,AMB0053,ACCEPTED,0
REQ02126,AMB0084,ACCEPTED,1,AMB0084,ACCEPTED,0
REQ02127,AMB0127,ACCEPTED,1,AMB0127,ACCEPTED,0
REQ02128,AMB0042,ACCEPTED,1,AMB0042,ACCEPTED,0
REQ02129,AMB0036,REJECTED,3,AMB0033,ACCEPTED,30
REQ02130,AMB0086,ACCEPTED,1,AMB0086,ACCEPTED,0
REQ02131,AMB0001,ACCEPTED,1,AMB0001,ACCEPTED,0
REQ02132,AMB0018,ACCEPTED,1,AMB0018,ACCEPTED,0
REQ02133,AMB0060,ACCEPTED,1,AMB0060,ACCEPTED,0
REQ02134,AMB0097,ACCEPTED,1,AMB0097,ACCEPTED,0
REQ02135,AMB0083,REJECTED,2,AMB0083,ACCEPTED,15
REQ02136,AMB0011,ACCEPTED,1,AMB0011,ACCEPTED,0
REQ02137,AMB0049,ACCEPTED,1,AMB0049,ACCEPTED,0
REQ02138,AMB0123,ACCEPTED,1,AMB0123,ACCEPTED,0
REQ02139,AMB0108,ACCEPTED,1,AMB0108,ACCEPTED,0
REQ02140,AMB0131,ACCEPTED,1,AMB0131,ACCEPTED,0
REQ02141,AMB0057,REJECTED,2,AMB0058,ACCEPTED,15
REQ02142,AMB0086,ACCEPTED,1,AMB0086,ACCEPTED,0
REQ02143,AMB0092,ACCEPTED,1,AMB0092,ACCEPTED,0
REQ02144,AMB0033,ACCEPTED,1,AMB0033,ACCEPTED,0
REQ02145,AMB0060,ACCEPTED,1,AMB0060,ACCEPTED,0
REQ02146,AMB0023,ACCEPTED,1,AMB0023,ACCEPTED,0
REQ02147,AMB0109,REJECTED,2,AMB0109,ACCEPTED,15
REQ02148,AMB0098,ACCEPTED,1,AMB0098,ACCEPTED,0
REQ02149,AMB0066,ACCEPTED,1,AMB0066,ACCEPTED,0
REQ02150,AMB0131,ACCEPTED,1,AMB0131,ACCEPTED,0
REQ02151,AMB0123,ACCEPTED,1,AMB0123,ACCEPTED,0
REQ02152,AMB0001,ACCEPTED,1,AMB0001,ACCEPTED,0
REQ02153,AMB0036,REJECTED,2,AMB0036,ACCEPTED,15
REQ02154,AMB0131,ACCEPTED,1,AMB0131,ACCEPTED,0
REQ02155,AMB0021,ACCEPTED,1,AMB0021,ACCEPTED,0
REQ02156,AMB0088,ACCEPTED,1,AMB0088,ACCEPTED,0
REQ02157,AMB0099,ACCEPTED,1,AMB0099,ACCEPTED,0
REQ02158,AMB0113,TIMEOUT,3,AMB0114,ACCEPTED,30
REQ02159,AMB0074,REJECTED,2,AMB0049,ACCEPTED,15
REQ02160,AMB0041,ACCEPTED,1,AMB0041,ACCEPTED,0
REQ02161,AMB0083,ACCEPTED,1,AMB0083,ACCEPTED,0
REQ02162,AMB0046,ACCEPTED,1,AMB0046,ACCEPTED,0
REQ02163,AMB0064,ACCEPTED,1,AMB0064,ACCEPTED,0
REQ02164,AMB0057,TIMEOUT,2,AMB0058,ACCEPTED,15
REQ02165,AMB0079,REJECTED,3,AMB0079,ACCEPTED,30
REQ02166,AMB0018,ACCEPTED,1,AMB0018,ACCEPTED,0
REQ02167,AMB0092,ACCEPTED,1,AMB0092,ACCEPTED,0
REQ02168,AMB0079,ACCEPTED,1,AMB0079,ACCEPTED,0
REQ02169,AMB0036,REJECTED,2,AMB0037,ACCEPTED,15
REQ02170,AMB0109,ACCEPTED,1,AMB0109,ACCEPTED,0
REQ02171,AMB0113,REJECTED,3,AMB0113,ACCEPTED,30
REQ02172,AMB0021,ACCEPTED,1,AMB0021,ACCEPTED,0
REQ02173,AMB0027,ACCEPTED,1,AMB0027,ACCEPTED,0
REQ02174,AMB0087,ACCEPTED,1,AMB0087,ACCEPTED,0
REQ02175,AMB0084,REJECTED,2,AMB0101,ACCEPTED,15
REQ02176,AMB0110,TIMEOUT,2,AMB0111,ACCEPTED,15
REQ02177,AMB0120,REJECTED,2,AMB0120,ACCEPTED,15
REQ02178,AMB0066,ACCEPTED,1,AMB0066,ACCEPTED,0
REQ02179,AMB0046,ACCEPTED,1,AMB0046,ACCEPTED,0
REQ02180,AMB0118,ACCEPTED,1,AMB0118,ACCEPTED,0
REQ02181,AMB0079,ACCEPTED,1,AMB0079,ACCEPTED,0
REQ02182,AMB0033,TIMEOUT,2,AMB0033,ACCEPTED,15
REQ02183,AMB0037,ACCEPTED,1,AMB0037,ACCEPTED,0
REQ02184,AMB0023,ACCEPTED,1,AMB0023,ACCEPTED,0
REQ02185,AMB0128,ACCEPTED,1,AMB0128,ACCEPTED,0
REQ02186,AMB0023,ACCEPTED,1,AMB0023,ACCEPTED,0
REQ02187,AMB0033,REJECTED,4,AMB0034,ACCEPTED,45
REQ02188,AMB0064,TIMEOUT,2,AMB0063,ACCEPTED,15
REQ02189,AMB0120,ACCEPTED,1,AMB0120,ACCEPTED,0
REQ02190,AMB0016,ACCEPTED,1,AMB0016,ACCEPTED,0
REQ02191,AMB0039,ACCEPTED,1,AMB0039,ACCEPTED,0
REQ02192,AMB0120,ACCEPTED,1,AMB0120,ACCEPTED,0
REQ02193,AMB0064,ACCEPTED,1,AMB0064,ACCEPTED,0
REQ02194,AMB0079,TIMEOUT,3,AMB0077,ACCEPTED,30
REQ02195,AMB0123,ACCEPTED,1,AMB0123,ACCEPTED,0
REQ02196,AMB0036,ACCEPTED,1,AMB0036,ACCEPTED,0
REQ02197,AMB0037,ACCEPTED,1,AMB0037,ACCEPTED,0
REQ02198,AMB0092,ACCEPTED,1,AMB0092,ACCEPTED,0
REQ02199,AMB0125,REJECTED,2,AMB0123,ACCEPTED,15
REQ02200,AMB0131,ACCEPTED,1,AMB0131,ACCEPTED,0
REQ02201,AMB0084,ACCEPTED,1,AMB0084,ACCEPTED,0
REQ02202,AMB0026,ACCEPTED,1,AMB0026,ACCEPTED,0
REQ02203,AMB0019,ACCEPTED,1,AMB0019,ACCEPTED,0
REQ02204,AMB0036,ACCEPTED,1,AMB0036,ACCEPTED,0
REQ02205,AMB0055,REJECTED,2,AMB0034,ACCEPTED,15
REQ02206,AMB0086,TIMEOUT,3,AMB0087,ACCEPTED,30
REQ02207,AMB0066,ACCEPTED,1,AMB0066,ACCEPTED,0
REQ02208,AMB0112,ACCEPTED,1,AMB0112,ACCEPTED,0
REQ02209,AMB0118,ACCEPTED,1,AMB0118,ACCEPTED,0
REQ02210,AMB0035,ACCEPTED,1,AMB0035,ACCEPTED,0
REQ02211,AMB0106,ACCEPTED,1,AMB0106,ACCEPTED,0
REQ02212,AMB0026,TIMEOUT,2,AMB0028,ACCEPTED,15
REQ02213,AMB0122,ACCEPTED,1,AMB0122,ACCEPTED,0
REQ02214,AMB0088,ACCEPTED,1,AMB0088,ACCEPTED,0
REQ02215,AMB0021,ACCEPTED,1,AMB0021,ACCEPTED,0
REQ02216,AMB0080,ACCEPTED,1,AMB0080,ACCEPTED,0
REQ02217,AMB0023,ACCEPTED,1,AMB0023,ACCEPTED,0
REQ02218,AMB0123,TIMEOUT,2,AMB0125,ACCEPTED,15
REQ02219,AMB0065,ACCEPTED,1,AMB0065,ACCEPTED,0
REQ02220,AMB0103,ACCEPTED,1,AMB0103,ACCEPTED,0
REQ02221,AMB0036,ACCEPTED,1,AMB0036,ACCEPTED,0
REQ02222,AMB0075,ACCEPTED,1,AMB0075,ACCEPTED,0
REQ02223,AMB0023,ACCEPTED,1,AMB0023,ACCEPTED,0
REQ02224,AMB0131,TIMEOUT,2,AMB0131,ACCEPTED,15
REQ02225,AMB0042,ACCEPTED,1,AMB0042,ACCEPTED,0
REQ02226,AMB0014,ACCEPTED,1,AMB0014,ACCEPTED,0
REQ02227,AMB0036,ACCEPTED,1,AMB0036,ACCEPTED,0
REQ02228,AMB0001,ACCEPTED,1,AMB0001,ACCEPTED,0
REQ02229,AMB0070,REJECTED,2,AMB0073,ACCEPTED,15
REQ02230,AMB0053,ACCEPTED,1,AMB0053,ACCEPTED,0
REQ02231,AMB0131,ACCEPTED,1,AMB0131,ACCEPTED,0
REQ02232,AMB0036,ACCEPTED,1,AMB0036,ACCEPTED,0
REQ02233,AMB0088,ACCEPTED,1,AMB0088,ACCEPTED,0
REQ02234,AMB0042,ACCEPTED,1,AMB0042,ACCEPTED,0
REQ02235,AMB0069,ACCEPTED,1,AMB0069,ACCEPTED,0
REQ02236,AMB0037,ACCEPTED,1,AMB0037,ACCEPTED,0
REQ02237,AMB0064,ACCEPTED,1,AMB0064,ACCEPTED,0
REQ02238,AMB0036,ACCEPTED,1,AMB0036,ACCEPTED,0
REQ02239,AMB0128,ACCEPTED,1,AMB0128,ACCEPTED,0
REQ02240,AMB0049,ACCEPTED,1,AMB0049,ACCEPTED,0
REQ02241,AMB0120,REJECTED,2,AMB0120,ACCEPTED,15
REQ02242,AMB0084,ACCEPTED,1,AMB0084,ACCEPTED,0
REQ02243,AMB0128,ACCEPTED,1,AMB0128,ACCEPTED,0
REQ02244,AMB0128,ACCEPTED,1,AMB0128,ACCEPTED,0
REQ02245,AMB0123,ACCEPTED,1,AMB0123,ACCEPTED,0
REQ02246,AMB0080,ACCEPTED,1,AMB0080,ACCEPTED,0
REQ02247,AMB0065,REJECTED,2,AMB0064,ACCEPTED,15
REQ02248,AMB0031,ACCEPTED,1,AMB0031,ACCEPTED,0
REQ02249,AMB0114,ACCEPTED,1,AMB0114,ACCEPTED,0
REQ02250,AMB0003,ACCEPTED,1,AMB0003,ACCEPTED,0
REQ02251,AMB0110,ACCEPTED,1,AMB0110,ACCEPTED,0
REQ02252,AMB0083,ACCEPTED,1,AMB0083,ACCEPTED,0
REQ02253,AMB0120,REJECTED,2,AMB0120,ACCEPTED,15
REQ02254,AMB0050,ACCEPTED,1,AMB0050,ACCEPTED,0
REQ02255,AMB0010,ACCEPTED,1,AMB0010,ACCEPTED,0
REQ02256,AMB0094,ACCEPTED,1,AMB0094,ACCEPTED,0
REQ02257,AMB0125,ACCEPTED,1,AMB0125,ACCEPTED,0
REQ02258,AMB0089,ACCEPTED,1,AMB0089,ACCEPTED,0
REQ02259,AMB0088,REJECTED,2,AMB0075,ACCEPTED,15
REQ02260,AMB0011,ACCEPTED,1,AMB0011,ACCEPTED,0
REQ02261,AMB0112,ACCEPTED,1,AMB0112,ACCEPTED,0
REQ02262,AMB0062,ACCEPTED,1,AMB0062,ACCEPTED,0
REQ02263,AMB0055,ACCEPTED,1,AMB0055,ACCEPTED,0
REQ02264,AMB0079,TIMEOUT,2,AMB0080,ACCEPTED,15
REQ02265,AMB0131,REJECTED,3,AMB0130,ACCEPTED,30
REQ02266,AMB0118,ACCEPTED,1,AMB0118,ACCEPTED,0
REQ02267,AMB0125,ACCEPTED,1,AMB0125,ACCEPTED,0
REQ02268,AMB0131,ACCEPTED,1,AMB0131,ACCEPTED,0
REQ02269,AMB0084,ACCEPTED,1,AMB0084,ACCEPTED,0
REQ02270,AMB0044,ACCEPTED,1,AMB0044,ACCEPTED,0
REQ02271,AMB0032,REJECTED,3,AMB0026,ACCEPTED,30
REQ02272,AMB0059,ACCEPTED,1,AMB0059,ACCEPTED,0
REQ02273,AMB0069,ACCEPTED,1,AMB0069,ACCEPTED,0
REQ02274,AMB0005,ACCEPTED,1,AMB0005,ACCEPTED,0
REQ02275,AMB0084,REJECTED,2,AMB0084,ACCEPTED,15
REQ02276,AMB0131,ACCEPTED,1,AMB0131,ACCEPTED,0
REQ02277,AMB0131,REJECTED,2,AMB0130,ACCEPTED,15
REQ02278,AMB0027,ACCEPTED,1,AMB0027,ACCEPTED,0
REQ02279,AMB0131,ACCEPTED,1,AMB0131,ACCEPTED,0
REQ02280,AMB0009,ACCEPTED,1,AMB0009,ACCEPTED,0
REQ02281,AMB0079,ACCEPTED,1,AMB0079,ACCEPTED,0
REQ02282,AMB0021,TIMEOUT,2,AMB0039,ACCEPTED,15
REQ02283,AMB0021,ACCEPTED,1,AMB0021,ACCEPTED,0
REQ02284,AMB0022,ACCEPTED,1,AMB0022,ACCEPTED,0
REQ02285,AMB0065,ACCEPTED,1,AMB0065,ACCEPTED,0
REQ02286,AMB0049,ACCEPTED,1,AMB0049,ACCEPTED,0
REQ02287,AMB0005,REJECTED,4,AMB0007,ACCEPTED,45
REQ02288,AMB0046,TIMEOUT,2,AMB0083,ACCEPTED,15
REQ02289,AMB0109,ACCEPTED,1,AMB0109,ACCEPTED,0
REQ02290,AMB0131,ACCEPTED,1,AMB0131,ACCEPTED,0
REQ02291,AMB0070,ACCEPTED,1,AMB0070,ACCEPTED,0
REQ02292,AMB0091,ACCEPTED,1,AMB0091,ACCEPTED,0
REQ02293,AMB0103,ACCEPTED,1,AMB0103,ACCEPTED,0
REQ02294,AMB0037,TIMEOUT,3,AMB0050,ACCEPTED,30
REQ02295,AMB0049,ACCEPTED,1,AMB0049,ACCEPTED,0
REQ02296,AMB0071,ACCEPTED,1,AMB0071,ACCEPTED,0
REQ02297,AMB0072,ACCEPTED,1,AMB0072,ACCEPTED,0
REQ02298,AMB0128,ACCEPTED,1,AMB0128,ACCEPTED,0
REQ02299,AMB0055,REJECTED,2,AMB0053,ACCEPTED,15
REQ02300,AMB0005,TIMEOUT,4,AMB0015,ACCEPTED,45
REQ02301,AMB0113,ACCEPTED,1,AMB0113,ACCEPTED,0
REQ02302,AMB0031,ACCEPTED,1,AMB0031,ACCEPTED,0
REQ02303,AMB0018,ACCEPTED,1,AMB0018,ACCEPTED,0
REQ02304,AMB0050,ACCEPTED,1,AMB0050,ACCEPTED,0
REQ02305,AMB0088,ACCEPTED,1,AMB0088,ACCEPTED,0
REQ02306,AMB0058,ACCEPTED,1,AMB0058,ACCEPTED,0
REQ02307,AMB0092,ACCEPTED,1,AMB0092,ACCEPTED,0
REQ02308,AMB0043,ACCEPTED,1,AMB0043,ACCEPTED,0
REQ02309,AMB0023,ACCEPTED,1,AMB0023,ACCEPTED,0
REQ02310,AMB0131,ACCEPTED,1,AMB0131,ACCEPTED,0
REQ02311,AMB0065,ACCEPTED,1,AMB0065,ACCEPTED,0
REQ02312,AMB0097,TIMEOUT,2,AMB0097,ACCEPTED,15
REQ02313,AMB0064,ACCEPTED,1,AMB0064,ACCEPTED,0
REQ02314,AMB0103,ACCEPTED,1,AMB0103,ACCEPTED,0
REQ02315,AMB0036,ACCEPTED,1,AMB0036,ACCEPTED,0
REQ02316,AMB0064,ACCEPTED,1,AMB0064,ACCEPTED,0
REQ02317,AMB0092,REJECTED,2,AMB0094,ACCEPTED,15
REQ02318,AMB0095,TIMEOUT,2,AMB0107,ACCEPTED,15
REQ02319,AMB0037,ACCEPTED,1,AMB0037,ACCEPTED,0
REQ02320,AMB0053,ACCEPTED,1,AMB0053,ACCEPTED,0
REQ02321,AMB0027,ACCEPTED,1,AMB0027,ACCEPTED,0
REQ02322,AMB0046,ACCEPTED,1,AMB0046,ACCEPTED,0
REQ02323,AMB0092,REJECTED,3,AMB0091,ACCEPTED,30
REQ02324,AMB0054,TIMEOUT,2,AMB0054,ACCEPTED,15
REQ02325,AMB0046,ACCEPTED,1,AMB0046,ACCEPTED,0
REQ02326,AMB0092,ACCEPTED,1,AMB0092,ACCEPTED,0
REQ02327,AMB0056,ACCEPTED,1,AMB0056,ACCEPTED,0
REQ02328,AMB0055,ACCEPTED,1,AMB0055,ACCEPTED,0
REQ02329,AMB0089,REJECTED,2,AMB0090,ACCEPTED,15
REQ02330,AMB0079,ACCEPTED,1,AMB0079,ACCEPTED,0
REQ02331,AMB0100,ACCEPTED,1,AMB0100,ACCEPTED,0
REQ02332,AMB0131,ACCEPTED,1,AMB0131,ACCEPTED,0
REQ02333,AMB0110,ACCEPTED,1,AMB0110,ACCEPTED,0
REQ02334,AMB0041,ACCEPTED,1,AMB0041,ACCEPTED,0
REQ02335,AMB0009,REJECTED,2,AMB0008,ACCEPTED,15
REQ02336,AMB0008,ACCEPTED,1,AMB0008,ACCEPTED,0
REQ02337,AMB0123,ACCEPTED,1,AMB0123,ACCEPTED,0
REQ02338,AMB0021,ACCEPTED,1,AMB0021,ACCEPTED,0
REQ02339,AMB0067,ACCEPTED,1,AMB0067,ACCEPTED,0
REQ02340,AMB0009,ACCEPTED,1,AMB0009,ACCEPTED,0
REQ02341,AMB0128,REJECTED,2,AMB0126,ACCEPTED,15
REQ02342,AMB0037,ACCEPTED,1,AMB0037,ACCEPTED,0
REQ02343,AMB0120,ACCEPTED,1,AMB0120,ACCEPTED,0
REQ02344,AMB0072,ACCEPTED,1,AMB0072,ACCEPTED,0
REQ02345,AMB0031,ACCEPTED,1,AMB0031,ACCEPTED,0
REQ02346,AMB0070,TIMEOUT,2,AMB0070,ACCEPTED,15
REQ02347,AMB0103,REJECTED,2,AMB0102,ACCEPTED,15
REQ02348,AMB0065,ACCEPTED,1,AMB0065,ACCEPTED,0
REQ02349,AMB0120,ACCEPTED,1,AMB0120,ACCEPTED,0
REQ02350,AMB0122,ACCEPTED,1,AMB0122,ACCEPTED,0
REQ02351,AMB0069,ACCEPTED,1,AMB0069,ACCEPTED,0
REQ02352,AMB0112,TIMEOUT,3,AMB0111,ACCEPTED,30
REQ02353,AMB0046,REJECTED,2,AMB0083,ACCEPTED,15
REQ02354,AMB0018,ACCEPTED,1,AMB0018,ACCEPTED,0
REQ02355,AMB0083,ACCEPTED,1,AMB0083,ACCEPTED,0
REQ02356,AMB0091,ACCEPTED,1,AMB0091,ACCEPTED,0
REQ02357,AMB0079,ACCEPTED,1,AMB0079,ACCEPTED,0
REQ02358,AMB0039,TIMEOUT,2,AMB0038,ACCEPTED,15
REQ02359,AMB0019,REJECTED,2,AMB0019,ACCEPTED,15
REQ02360,AMB0079,ACCEPTED,1,AMB0079,ACCEPTED,0
REQ02361,AMB0122,ACCEPTED,1,AMB0122,ACCEPTED,0
REQ02362,AMB0120,ACCEPTED,1,AMB0120,ACCEPTED,0
REQ02363,AMB0014,REJECTED,2,AMB0016,ACCEPTED,15
REQ02364,AMB0055,TIMEOUT,2,AMB0051,ACCEPTED,15
REQ02365,AMB0037,REJECTED,3,AMB0038,ACCEPTED,30
REQ02366,AMB0104,ACCEPTED,1,AMB0104,ACCEPTED,0
REQ02367,AMB0079,ACCEPTED,1,AMB0079,ACCEPTED,0
REQ02368,AMB0118,ACCEPTED,1,AMB0118,ACCEPTED,0
REQ02369,AMB0055,ACCEPTED,1,AMB0055,ACCEPTED,0
REQ02370,AMB0023,ACCEPTED,1,AMB0023,ACCEPTED,0
REQ02371,AMB0092,REJECTED,3,AMB0091,ACCEPTED,30
REQ02372,AMB0113,ACCEPTED,1,AMB0113,ACCEPTED,0
REQ02373,AMB0042,ACCEPTED,1,AMB0042,ACCEPTED,0
REQ02374,AMB0062,ACCEPTED,1,AMB0062,ACCEPTED,0
REQ02375,AMB0095,ACCEPTED,1,AMB0095,ACCEPTED,0
REQ02376,AMB0092,TIMEOUT,2,AMB0086,ACCEPTED,15
REQ02377,AMB0055,REJECTED,3,AMB0052,ACCEPTED,30
REQ02378,AMB0049,ACCEPTED,1,AMB0049,ACCEPTED,0
REQ02379,AMB0003,ACCEPTED,1,AMB0003,ACCEPTED,0
REQ02380,AMB0075,ACCEPTED,1,AMB0075,ACCEPTED,0
REQ02381,AMB0036,REJECTED,4,AMB0035,ACCEPTED,45
REQ02382,AMB0115,TIMEOUT,2,AMB0114,ACCEPTED,15
REQ02383,AMB0069,ACCEPTED,1,AMB0069,ACCEPTED,0
REQ02384,AMB0057,ACCEPTED,1,AMB0057,ACCEPTED,0
REQ02385,AMB0026,ACCEPTED,1,AMB0026,ACCEPTED,0
REQ02386,AMB0114,ACCEPTED,1,AMB0114,ACCEPTED,0
REQ02387,AMB0048,REJECTED,3,AMB0049,ACCEPTED,30
REQ02388,AMB0001,ACCEPTED,1,AMB0001,ACCEPTED,0
REQ02389,AMB0100,ACCEPTED,1,AMB0100,ACCEPTED,0
REQ02390,AMB0023,ACCEPTED,1,AMB0023,ACCEPTED,0
REQ02391,AMB0088,ACCEPTED,1,AMB0088,ACCEPTED,0
REQ02392,AMB0092,ACCEPTED,1,AMB0092,ACCEPTED,0
REQ02393,AMB0042,ACCEPTED,1,AMB0042,ACCEPTED,0
REQ02394,AMB0007,TIMEOUT,3,AMB0005,ACCEPTED,30
REQ02395,AMB0068,ACCEPTED,1,AMB0068,ACCEPTED,0
REQ02396,AMB0131,ACCEPTED,1,AMB0131,ACCEPTED,0
REQ02397,AMB0046,ACCEPTED,1,AMB0046,ACCEPTED,0
REQ02398,AMB0033,ACCEPTED,1,AMB0033,ACCEPTED,0
REQ02399,AMB0046,ACCEPTED,1,AMB0046,ACCEPTED,0
REQ02400,AMB0083,TIMEOUT,2,AMB0083,ACCEPTED,15
REQ02401,AMB0033,ACCEPTED,1,AMB0033,ACCEPTED,0
REQ02402,AMB0001,ACCEPTED,1,AMB0001,ACCEPTED,0
REQ02403,AMB0113,ACCEPTED,1,AMB0113,ACCEPTED,0
REQ02404,AMB0021,ACCEPTED,1,AMB0021,ACCEPTED,0
REQ02405,AMB0046,ACCEPTED,1,AMB0046,ACCEPTED,0
REQ02406,AMB0065,TIMEOUT,2,AMB0063,ACCEPTED,15
REQ02407,AMB0088,ACCEPTED,1,AMB0088,ACCEPTED,0
REQ02408,AMB0035,ACCEPTED,1,AMB0035,ACCEPTED,0
REQ02409,AMB0018,ACCEPTED,1,AMB0018,ACCEPTED,0
REQ02410,AMB0014,ACCEPTED,1,AMB0014,ACCEPTED,0
REQ02411,AMB0023,ACCEPTED,1,AMB0023,ACCEPTED,0
REQ02412,AMB0088,TIMEOUT,2,AMB0088,ACCEPTED,15
REQ02413,AMB0018,ACCEPTED,1,AMB0018,ACCEPTED,0
REQ02414,AMB0131,ACCEPTED,1,AMB0131,ACCEPTED,0
REQ02415,AMB0031,ACCEPTED,1,AMB0031,ACCEPTED,0
REQ02416,AMB0011,ACCEPTED,1,AMB0011,ACCEPTED,0
REQ02417,AMB0120,REJECTED,2,AMB0123,ACCEPTED,15
REQ02418,AMB0091,TIMEOUT,2,AMB0093,ACCEPTED,15
REQ02419,AMB0068,ACCEPTED,1,AMB0068,ACCEPTED,0
REQ02420,AMB0046,ACCEPTED,1,AMB0046,ACCEPTED,0
REQ02421,AMB0068,ACCEPTED,1,AMB0068,ACCEPTED,0
REQ02422,AMB0031,TIMEOUT,3,AMB0030,ACCEPTED,30
REQ02423,AMB0026,ACCEPTED,1,AMB0026,ACCEPTED,0
REQ02424,AMB0031,TIMEOUT,2,AMB0030,ACCEPTED,15
REQ02425,AMB0007,ACCEPTED,1,AMB0007,ACCEPTED,0
REQ02426,AMB0074,ACCEPTED,1,AMB0074,ACCEPTED,0
REQ02427,AMB0008,ACCEPTED,1,AMB0008,ACCEPTED,0
REQ02428,AMB0125,ACCEPTED,1,AMB0125,ACCEPTED,0
REQ02429,AMB0049,ACCEPTED,1,AMB0049,ACCEPTED,0
REQ02430,AMB0091,ACCEPTED,1,AMB0091,ACCEPTED,0
REQ02431,AMB0007,ACCEPTED,1,AMB0007,ACCEPTED,0
REQ02432,AMB0118,ACCEPTED,1,AMB0118,ACCEPTED,0
REQ02433,AMB0086,ACCEPTED,1,AMB0086,ACCEPTED,0
REQ02434,AMB0001,ACCEPTED,1,AMB0001,ACCEPTED,0
REQ02435,AMB0131,ACCEPTED,1,AMB0131,ACCEPTED,0
REQ02436,AMB0120,ACCEPTED,1,AMB0120,ACCEPTED,0
REQ02437,AMB0098,ACCEPTED,1,AMB0098,ACCEPTED,0
REQ02438,AMB0001,ACCEPTED,1,AMB0001,ACCEPTED,0
REQ02439,AMB0049,ACCEPTED,1,AMB0049,ACCEPTED,0
REQ02440,AMB0003,TIMEOUT,2,AMB0004,ACCEPTED,15
REQ02441,AMB0102,REJECTED,2,AMB0102,ACCEPTED,15
REQ02442,AMB0112,ACCEPTED,1,AMB0112,ACCEPTED,0
REQ02443,AMB0037,ACCEPTED,1,AMB0037,ACCEPTED,0
REQ02444,AMB0079,ACCEPTED,1,AMB0079,ACCEPTED,0
REQ02445,AMB0088,ACCEPTED,1,AMB0088,ACCEPTED,0
REQ02446,AMB0092,TIMEOUT,2,AMB0093,ACCEPTED,15
REQ02447,AMB0110,REJECTED,2,AMB0109,ACCEPTED,15
REQ02448,AMB0088,ACCEPTED,1,AMB0088,ACCEPTED,0
REQ02449,AMB0092,ACCEPTED,1,AMB0092,ACCEPTED,0
REQ02450,AMB0079,ACCEPTED,1,AMB0079,ACCEPTED,0
REQ02451,AMB0059,ACCEPTED,1,AMB0059,ACCEPTED,0
REQ02452,AMB0088,ACCEPTED,1,AMB0088,ACCEPTED,0
REQ02453,AMB0069,ACCEPTED,1,AMB0069,ACCEPTED,0
REQ02454,AMB0015,ACCEPTED,1,AMB0015,ACCEPTED,0
REQ02455,AMB0056,ACCEPTED,1,AMB0056,ACCEPTED,0
REQ02456,AMB0081,ACCEPTED,1,AMB0081,ACCEPTED,0
REQ02457,AMB0123,ACCEPTED,1,AMB0123,ACCEPTED,0
REQ02458,AMB0103,ACCEPTED,1,AMB0103,ACCEPTED,0
REQ02459,AMB0088,REJECTED,2,AMB0089,ACCEPTED,15
REQ02460,AMB0131,ACCEPTED,1,AMB0131,ACCEPTED,0
REQ02461,AMB0018,ACCEPTED,1,AMB0018,ACCEPTED,0
REQ02462,AMB0018,ACCEPTED,1,AMB0018,ACCEPTED,0
REQ02463,AMB0026,ACCEPTED,1,AMB0026,ACCEPTED,0
REQ02464,AMB0039,TIMEOUT,2,AMB0038,ACCEPTED,15
REQ02465,AMB0006,REJECTED,3,AMB0009,ACCEPTED,30
REQ02466,AMB0118,ACCEPTED,1,AMB0118,ACCEPTED,0
REQ02467,AMB0042,ACCEPTED,1,AMB0042,ACCEPTED,0
REQ02468,AMB0118,ACCEPTED,1,AMB0118,ACCEPTED,0
REQ02469,AMB0102,ACCEPTED,1,AMB0102,ACCEPTED,0
REQ02470,AMB0128,TIMEOUT,2,AMB0128,ACCEPTED,15
REQ02471,AMB0120,REJECTED,3,AMB0121,ACCEPTED,30
REQ02472,AMB0131,ACCEPTED,1,AMB0131,ACCEPTED,0
REQ02473,AMB0127,ACCEPTED,1,AMB0127,ACCEPTED,0
REQ02474,AMB0035,ACCEPTED,1,AMB0035,ACCEPTED,0
REQ02475,AMB0074,ACCEPTED,1,AMB0074,ACCEPTED,0
REQ02476,AMB0079,TIMEOUT,2,AMB0080,ACCEPTED,15
REQ02477,AMB0120,REJECTED,2,AMB0120,ACCEPTED,15
REQ02478,AMB0043,ACCEPTED,1,AMB0043,ACCEPTED,0
REQ02479,AMB0001,ACCEPTED,1,AMB0001,ACCEPTED,0
REQ02480,AMB0097,ACCEPTED,1,AMB0097,ACCEPTED,0
REQ02481,AMB0055,ACCEPTED,1,AMB0055,ACCEPTED,0
REQ02482,AMB0015,ACCEPTED,1,AMB0015,ACCEPTED,0
REQ02483,AMB0074,ACCEPTED,1,AMB0074,ACCEPTED,0
REQ02484,AMB0007,ACCEPTED,1,AMB0007,ACCEPTED,0
REQ02485,AMB0131,ACCEPTED,1,AMB0131,ACCEPTED,0
REQ02486,AMB0074,ACCEPTED,1,AMB0074,ACCEPTED,0
REQ02487,AMB0042,ACCEPTED,1,AMB0042,ACCEPTED,0
REQ02488,AMB0016,ACCEPTED,1,AMB0016,ACCEPTED,0
REQ02489,AMB0039,ACCEPTED,1,AMB0039,ACCEPTED,0
REQ02490,AMB0131,ACCEPTED,1,AMB0131,ACCEPTED,0
REQ02491,AMB0011,ACCEPTED,1,AMB0011,ACCEPTED,0
REQ02492,AMB0027,ACCEPTED,1,AMB0027,ACCEPTED,0
REQ02493,AMB0062,ACCEPTED,1,AMB0062,ACCEPTED,0
REQ02494,AMB0095,ACCEPTED,1,AMB0095,ACCEPTED,0
REQ02495,AMB0043,ACCEPTED,1,AMB0043,ACCEPTED,0
REQ02496,AMB0037,ACCEPTED,1,AMB0037,ACCEPTED,0
REQ02497,AMB0023,ACCEPTED,1,AMB0023,ACCEPTED,0
REQ02498,AMB0102,ACCEPTED,1,AMB0102,ACCEPTED,0
REQ02499,AMB0128,REJECTED,2,AMB0128,ACCEPTED,15
REQ02500,AMB0123,TIMEOUT,4,AMB0121,ACCEPTED,45
REQ02501,AMB0023,ACCEPTED,1,AMB0023,ACCEPTED,0
REQ02502,AMB0055,ACCEPTED,1,AMB0055,ACCEPTED,0
REQ02503,AMB0024,ACCEPTED,1,AMB0024,ACCEPTED,0
REQ02504,AMB0057,ACCEPTED,1,AMB0057,ACCEPTED,0
REQ02505,AMB0055,REJECTED,2,AMB0055,ACCEPTED,15
REQ02506,AMB0081,ACCEPTED,1,AMB0081,ACCEPTED,0
REQ02507,AMB0120,ACCEPTED,1,AMB0120,ACCEPTED,0
REQ02508,AMB0018,ACCEPTED,1,AMB0018,ACCEPTED,0
REQ02509,AMB0010,ACCEPTED,1,AMB0010,ACCEPTED,0
REQ02510,AMB0071,ACCEPTED,1,AMB0071,ACCEPTED,0
REQ02511,AMB0088,ACCEPTED,1,AMB0088,ACCEPTED,0
REQ02512,AMB0079,TIMEOUT,2,AMB0079,ACCEPTED,15
REQ02513,AMB0037,ACCEPTED,1,AMB0037,ACCEPTED,0
REQ02514,AMB0033,ACCEPTED,1,AMB0033,ACCEPTED,0
REQ02515,AMB0007,ACCEPTED,1,AMB0007,ACCEPTED,0
REQ02516,AMB0104,ACCEPTED,1,AMB0104,ACCEPTED,0
REQ02517,AMB0107,ACCEPTED,1,AMB0107,ACCEPTED,0
REQ02518,AMB0018,TIMEOUT,2,AMB0017,ACCEPTED,15
REQ02519,AMB0042,ACCEPTED,1,AMB0042,ACCEPTED,0
REQ02520,AMB0055,ACCEPTED,1,AMB0055,ACCEPTED,0
REQ02521,AMB0103,ACCEPTED,1,AMB0103,ACCEPTED,0
REQ02522,AMB0018,ACCEPTED,1,AMB0018,ACCEPTED,0
REQ02523,AMB0079,REJECTED,4,AMB0083,ACCEPTED,45
REQ02524,AMB0074,TIMEOUT,2,AMB0075,ACCEPTED,15
REQ02525,AMB0131,ACCEPTED,1,AMB0131,ACCEPTED,0
REQ02526,AMB0099,ACCEPTED,1,AMB0099,ACCEPTED,0
REQ02527,AMB0050,ACCEPTED,1,AMB0050,ACCEPTED,0
REQ02528,AMB0001,ACCEPTED,1,AMB0001,ACCEPTED,0
REQ02529,AMB0095,ACCEPTED,1,AMB0095,ACCEPTED,0
REQ02530,AMB0070,ACCEPTED,1,AMB0070,ACCEPTED,0
REQ02531,AMB0065,ACCEPTED,1,AMB0065,ACCEPTED,0
REQ02532,AMB0079,ACCEPTED,1,AMB0079,ACCEPTED,0
REQ02533,AMB0014,ACCEPTED,1,AMB0014,ACCEPTED,0
REQ02534,AMB0042,ACCEPTED,1,AMB0042,ACCEPTED,0
REQ02535,AMB0042,ACCEPTED,1,AMB0042,ACCEPTED,0
REQ02536,AMB0027,ACCEPTED,1,AMB0027,ACCEPTED,0
REQ02537,AMB0097,ACCEPTED,1,AMB0097,ACCEPTED,0
REQ02538,AMB0068,ACCEPTED,1,AMB0068,ACCEPTED,0
REQ02539,AMB0118,ACCEPTED,1,AMB0118,ACCEPTED,0
REQ02540,AMB0001,ACCEPTED,1,AMB0001,ACCEPTED,0
REQ02541,AMB0066,ACCEPTED,1,AMB0066,ACCEPTED,0
REQ02542,AMB0118,ACCEPTED,1,AMB0118,ACCEPTED,0
REQ02543,AMB0118,ACCEPTED,1,AMB0118,ACCEPTED,0
REQ02544,AMB0062,ACCEPTED,1,AMB0062,ACCEPTED,0
REQ02545,AMB0024,ACCEPTED,1,AMB0024,ACCEPTED,0
REQ02546,AMB0043,ACCEPTED,1,AMB0043,ACCEPTED,0
REQ02547,AMB0091,ACCEPTED,1,AMB0091,ACCEPTED,0
REQ02548,AMB0054,ACCEPTED,1,AMB0054,ACCEPTED,0
REQ02549,AMB0037,ACCEPTED,1,AMB0037,ACCEPTED,0
REQ02550,AMB0008,ACCEPTED,1,AMB0008,ACCEPTED,0
REQ02551,AMB0001,ACCEPTED,1,AMB0001,ACCEPTED,0
REQ02552,AMB0037,ACCEPTED,1,AMB0037,ACCEPTED,0
REQ02553,AMB0033,REJECTED,2,AMB0058,ACCEPTED,15
REQ02554,AMB0055,ACCEPTED,1,AMB0055,ACCEPTED,0
REQ02555,AMB0083,ACCEPTED,1,AMB0083,ACCEPTED,0
REQ02556,AMB0056,ACCEPTED,1,AMB0056,ACCEPTED,0
REQ02557,AMB0070,REJECTED,2,AMB0071,ACCEPTED,15
REQ02558,AMB0120,TIMEOUT,3,AMB0124,ACCEPTED,30
REQ02559,AMB0113,REJECTED,2,AMB0109,ACCEPTED,15
REQ02560,AMB0037,ACCEPTED,1,AMB0037,ACCEPTED,0
REQ02561,AMB0044,ACCEPTED,1,AMB0044,ACCEPTED,0
REQ02562,AMB0104,ACCEPTED,1,AMB0104,ACCEPTED,0
REQ02563,AMB0092,REJECTED,2,AMB0094,ACCEPTED,15
REQ02564,AMB0118,ACCEPTED,1,AMB0118,ACCEPTED,0
REQ02565,AMB0057,REJECTED,2,AMB0058,ACCEPTED,15
REQ02566,AMB0064,ACCEPTED,1,AMB0064,ACCEPTED,0
REQ02567,AMB0113,ACCEPTED,1,AMB0113,ACCEPTED,0
REQ02568,AMB0131,ACCEPTED,1,AMB0131,ACCEPTED,0
REQ02569,AMB0001,ACCEPTED,1,AMB0001,ACCEPTED,0
REQ02570,AMB0055,TIMEOUT,2,AMB0057,ACCEPTED,15
REQ02571,AMB0042,REJECTED,2,AMB0042,ACCEPTED,15
REQ02572,AMB0120,ACCEPTED,1,AMB0120,ACCEPTED,0
REQ02573,AMB0126,ACCEPTED,1,AMB0126,ACCEPTED,0
REQ02574,AMB0071,ACCEPTED,1,AMB0071,ACCEPTED,0
REQ02575,AMB0007,ACCEPTED,1,AMB0007,ACCEPTED,0
REQ02576,AMB0084,TIMEOUT,2,AMB0099,ACCEPTED,15
REQ02577,AMB0023,REJECTED,2,AMB0023,ACCEPTED,15
REQ02578,AMB0127,ACCEPTED,1,AMB0127,ACCEPTED,0
REQ02579,AMB0021,ACCEPTED,1,AMB0021,ACCEPTED,0
REQ02580,AMB0046,ACCEPTED,1,AMB0046,ACCEPTED,0
REQ02581,AMB0115,REJECTED,4,AMB0102,ACCEPTED,45
REQ02582,AMB0123,ACCEPTED,1,AMB0123,ACCEPTED,0
REQ02583,AMB0110,ACCEPTED,1,AMB0110,ACCEPTED,0
REQ02584,AMB0023,ACCEPTED,1,AMB0023,ACCEPTED,0
REQ02585,AMB0055,ACCEPTED,1,AMB0055,ACCEPTED,0
REQ02586,AMB0033,ACCEPTED,1,AMB0033,ACCEPTED,0
REQ02587,AMB0069,ACCEPTED,1,AMB0069,ACCEPTED,0
REQ02588,AMB0066,ACCEPTED,1,AMB0066,ACCEPTED,0
REQ02589,AMB0037,ACCEPTED,1,AMB0037,ACCEPTED,0
REQ02590,AMB0044,ACCEPTED,1,AMB0044,ACCEPTED,0
REQ02591,AMB0011,ACCEPTED,1,AMB0011,ACCEPTED,0
REQ02592,AMB0023,ACCEPTED,1,AMB0023,ACCEPTED,0
REQ02593,AMB0084,REJECTED,2,AMB0100,ACCEPTED,15
REQ02594,AMB0064,TIMEOUT,3,AMB0069,ACCEPTED,30
REQ02595,AMB0070,ACCEPTED,1,AMB0070,ACCEPTED,0
REQ02596,AMB0033,ACCEPTED,1,AMB0033,ACCEPTED,0
REQ02597,AMB0092,ACCEPTED,1,AMB0092,ACCEPTED,0
REQ02598,AMB0042,ACCEPTED,1,AMB0042,ACCEPTED,0
REQ02599,AMB0049,ACCEPTED,1,AMB0049,ACCEPTED,0
REQ02600,AMB0049,TIMEOUT,2,AMB0049,ACCEPTED,15
REQ02601,AMB0128,ACCEPTED,1,AMB0128,ACCEPTED,0
REQ02602,AMB0065,ACCEPTED,1,AMB0065,ACCEPTED,0
REQ02603,AMB0070,ACCEPTED,1,AMB0070,ACCEPTED,0
REQ02604,AMB0001,ACCEPTED,1,AMB0001,ACCEPTED,0
REQ02605,AMB0042,ACCEPTED,1,AMB0042,ACCEPTED,0
REQ02606,AMB0053,TIMEOUT,2,AMB0052,ACCEPTED,15
REQ02607,AMB0043,ACCEPTED,1,AMB0043,ACCEPTED,0
REQ02608,AMB0120,ACCEPTED,1,AMB0120,ACCEPTED,0
REQ02609,AMB0023,ACCEPTED,1,AMB0023,ACCEPTED,0
REQ02610,AMB0007,ACCEPTED,1,AMB0007,ACCEPTED,0
REQ02611,AMB0043,ACCEPTED,1,AMB0043,ACCEPTED,0
REQ02612,AMB0107,TIMEOUT,2,AMB0105,ACCEPTED,15
REQ02613,AMB0074,ACCEPTED,1,AMB0074,ACCEPTED,0
REQ02614,AMB0049,ACCEPTED,1,AMB0049,ACCEPTED,0
REQ02615,AMB0001,ACCEPTED,1,AMB0001,ACCEPTED,0
REQ02616,AMB0001,ACCEPTED,1,AMB0001,ACCEPTED,0
REQ02617,AMB0128,REJECTED,2,AMB0128,ACCEPTED,15
REQ02618,AMB0019,TIMEOUT,2,AMB0017,ACCEPTED,15
REQ02619,AMB0093,ACCEPTED,1,AMB0093,ACCEPTED,0
REQ02620,AMB0031,ACCEPTED,1,AMB0031,ACCEPTED,0
REQ02621,AMB0046,ACCEPTED,1,AMB0046,ACCEPTED,0
REQ02622,AMB0074,ACCEPTED,1,AMB0074,ACCEPTED,0
REQ02623,AMB0059,REJECTED,3,AMB0061,ACCEPTED,30
REQ02624,AMB0118,ACCEPTED,1,AMB0118,ACCEPTED,0
REQ02625,AMB0098,ACCEPTED,1,AMB0098,ACCEPTED,0
REQ02626,AMB0049,ACCEPTED,1,AMB0049,ACCEPTED,0
REQ02627,AMB0042,ACCEPTED,1,AMB0042,ACCEPTED,0
REQ02628,AMB0131,ACCEPTED,1,AMB0131,ACCEPTED,0
REQ02629,AMB0110,REJECTED,3,AMB0109,ACCEPTED,30
REQ02630,AMB0092,ACCEPTED,1,AMB0092,ACCEPTED,0
REQ02631,AMB0031,ACCEPTED,1,AMB0031,ACCEPTED,0
REQ02632,AMB0131,ACCEPTED,1,AMB0131,ACCEPTED,0
REQ02633,AMB0089,ACCEPTED,1,AMB0089,ACCEPTED,0
REQ02634,AMB0070,TIMEOUT,2,AMB0070,ACCEPTED,15
REQ02635,AMB0091,ACCEPTED,1,AMB0091,ACCEPTED,0
REQ02636,AMB0118,ACCEPTED,1,AMB0118,ACCEPTED,0
REQ02637,AMB0109,ACCEPTED,1,AMB0109,ACCEPTED,0
REQ02638,AMB0072,ACCEPTED,1,AMB0072,ACCEPTED,0
REQ02639,AMB0014,ACCEPTED,1,AMB0014,ACCEPTED,0
REQ02640,AMB0089,ACCEPTED,1,AMB0089,ACCEPTED,0
REQ02641,AMB0123,ACCEPTED,1,AMB0123,ACCEPTED,0
REQ02642,AMB0026,ACCEPTED,1,AMB0026,ACCEPTED,0
REQ02643,AMB0043,ACCEPTED,1,AMB0043,ACCEPTED,0
REQ02644,AMB0037,ACCEPTED,1,AMB0037,ACCEPTED,0
REQ02645,AMB0097,ACCEPTED,1,AMB0097,ACCEPTED,0
REQ02646,AMB0032,TIMEOUT,2,AMB0028,ACCEPTED,15
REQ02647,AMB0057,REJECTED,2,AMB0058,ACCEPTED,15
REQ02648,AMB0046,ACCEPTED,1,AMB0046,ACCEPTED,0
REQ02649,AMB0091,ACCEPTED,1,AMB0091,ACCEPTED,0
REQ02650,AMB0053,ACCEPTED,1,AMB0053,ACCEPTED,0
REQ02651,AMB0049,ACCEPTED,1,AMB0049,ACCEPTED,0
REQ02652,AMB0064,TIMEOUT,3,AMB0065,ACCEPTED,30
REQ02653,AMB0038,ACCEPTED,1,AMB0038,ACCEPTED,0
REQ02654,AMB0099,ACCEPTED,1,AMB0099,ACCEPTED,0
REQ02655,AMB0097,ACCEPTED,1,AMB0097,ACCEPTED,0
REQ02656,AMB0023,ACCEPTED,1,AMB0023,ACCEPTED,0
REQ02657,AMB0021,ACCEPTED,1,AMB0021,ACCEPTED,0
REQ02658,AMB0084,TIMEOUT,2,AMB0071,ACCEPTED,15
REQ02659,AMB0070,REJECTED,2,AMB0085,ACCEPTED,15
REQ02660,AMB0048,ACCEPTED,1,AMB0048,ACCEPTED,0
REQ02661,AMB0059,ACCEPTED,1,AMB0059,ACCEPTED,0
REQ02662,AMB0102,ACCEPTED,1,AMB0102,ACCEPTED,0
REQ02663,AMB0066,ACCEPTED,1,AMB0066,ACCEPTED,0
REQ02664,AMB0108,ACCEPTED,1,AMB0108,ACCEPTED,0
REQ02665,AMB0026,REJECTED,3,AMB0026,ACCEPTED,30
REQ02666,AMB0042,ACCEPTED,1,AMB0042,ACCEPTED,0
REQ02667,AMB0023,ACCEPTED,1,AMB0023,ACCEPTED,0
REQ02668,AMB0064,ACCEPTED,1,AMB0064,ACCEPTED,0
REQ02669,AMB0123,ACCEPTED,1,AMB0123,ACCEPTED,0
REQ02670,AMB0032,TIMEOUT,2,AMB0031,ACCEPTED,15
REQ02671,AMB0104,REJECTED,3,AMB0103,ACCEPTED,30
REQ02672,AMB0049,ACCEPTED,1,AMB0049,ACCEPTED,0
REQ02673,AMB0014,ACCEPTED,1,AMB0014,ACCEPTED,0
REQ02674,AMB0031,ACCEPTED,1,AMB0031,ACCEPTED,0
REQ02675,AMB0107,ACCEPTED,1,AMB0107,ACCEPTED,0
REQ02676,AMB0092,TIMEOUT,2,AMB0092,ACCEPTED,15
REQ02677,AMB0064,REJECTED,2,AMB0067,ACCEPTED,15
REQ02678,AMB0042,ACCEPTED,1,AMB0042,ACCEPTED,0
REQ02679,AMB0069,ACCEPTED,1,AMB0069,ACCEPTED,0
REQ02680,AMB0118,ACCEPTED,1,AMB0118,ACCEPTED,0
REQ02681,AMB0053,REJECTED,4,AMB0053,ACCEPTED,45
REQ02682,AMB0109,TIMEOUT,2,AMB0109,ACCEPTED,15
REQ02683,AMB0084,ACCEPTED,1,AMB0084,ACCEPTED,0
REQ02684,AMB0072,ACCEPTED,1,AMB0072,ACCEPTED,0
REQ02685,AMB0042,ACCEPTED,1,AMB0042,ACCEPTED,0
REQ02686,AMB0023,ACCEPTED,1,AMB0023,ACCEPTED,0
REQ02687,AMB0131,ACCEPTED,1,AMB0131,ACCEPTED,0
REQ02688,AMB0046,TIMEOUT,2,AMB0083,ACCEPTED,15
REQ02689,AMB0095,ACCEPTED,1,AMB0095,ACCEPTED,0
REQ02690,AMB0120,ACCEPTED,1,AMB0120,ACCEPTED,0
REQ02691,AMB0036,ACCEPTED,1,AMB0036,ACCEPTED,0
REQ02692,AMB0023,ACCEPTED,1,AMB0023,ACCEPTED,0
REQ02693,AMB0131,ACCEPTED,1,AMB0131,ACCEPTED,0
REQ02694,AMB0011,TIMEOUT,3,AMB0010,ACCEPTED,30
REQ02695,AMB0097,ACCEPTED,1,AMB0097,ACCEPTED,0
REQ02696,AMB0013,ACCEPTED,1,AMB0013,ACCEPTED,0
REQ02697,AMB0079,ACCEPTED,1,AMB0079,ACCEPTED,0
REQ02698,AMB0053,ACCEPTED,1,AMB0053,ACCEPTED,0
REQ02699,AMB0125,REJECTED,2,AMB0125,ACCEPTED,15
REQ02700,AMB0019,TIMEOUT,4,AMB0023,ACCEPTED,45
REQ02701,AMB0026,ACCEPTED,1,AMB0026,ACCEPTED,0
REQ02702,AMB0024,ACCEPTED,1,AMB0024,ACCEPTED,0
REQ02703,AMB0049,ACCEPTED,1,AMB0049,ACCEPTED,0
REQ02704,AMB0014,ACCEPTED,1,AMB0014,ACCEPTED,0
REQ02705,AMB0097,ACCEPTED,1,AMB0097,ACCEPTED,0
REQ02706,AMB0057,TIMEOUT,2,AMB0058,ACCEPTED,15
REQ02707,AMB0128,ACCEPTED,1,AMB0128,ACCEPTED,0
REQ02708,AMB0110,ACCEPTED,1,AMB0110,ACCEPTED,0
REQ02709,AMB0065,ACCEPTED,1,AMB0065,ACCEPTED,0
REQ02710,AMB0014,ACCEPTED,1,AMB0014,ACCEPTED,0
REQ02711,AMB0125,REJECTED,2,AMB0123,ACCEPTED,15
REQ02712,AMB0043,ACCEPTED,1,AMB0043,ACCEPTED,0
REQ02713,AMB0099,ACCEPTED,1,AMB0099,ACCEPTED,0
REQ02714,AMB0118,ACCEPTED,1,AMB0118,ACCEPTED,0
REQ02715,AMB0079,ACCEPTED,1,AMB0079,ACCEPTED,0
REQ02716,AMB0083,ACCEPTED,1,AMB0083,ACCEPTED,0
REQ02717,AMB0079,REJECTED,2,AMB0080,ACCEPTED,15
REQ02718,AMB0065,TIMEOUT,2,AMB0065,ACCEPTED,15
REQ02719,AMB0118,ACCEPTED,1,AMB0118,ACCEPTED,0
REQ02720,AMB0005,ACCEPTED,1,AMB0005,ACCEPTED,0
REQ02721,AMB0049,ACCEPTED,1,AMB0049,ACCEPTED,0
REQ02722,AMB0118,ACCEPTED,1,AMB0118,ACCEPTED,0
REQ02723,AMB0057,REJECTED,3,AMB0056,ACCEPTED,30
REQ02724,AMB0124,TIMEOUT,2,AMB0122,ACCEPTED,15
REQ02725,AMB0088,ACCEPTED,1,AMB0088,ACCEPTED,0
REQ02726,AMB0026,ACCEPTED,1,AMB0026,ACCEPTED,0
REQ02727,AMB0089,ACCEPTED,1,AMB0089,ACCEPTED,0
REQ02728,AMB0007,ACCEPTED,1,AMB0007,ACCEPTED,0
REQ02729,AMB0043,ACCEPTED,1,AMB0043,ACCEPTED,0
REQ02730,AMB0001,ACCEPTED,1,AMB0001,ACCEPTED,0
REQ02731,AMB0076,ACCEPTED,1,AMB0076,ACCEPTED,0
REQ02732,AMB0022,ACCEPTED,1,AMB0022,ACCEPTED,0
REQ02733,AMB0055,ACCEPTED,1,AMB0055,ACCEPTED,0
REQ02734,AMB0018,ACCEPTED,1,AMB0018,ACCEPTED,0
REQ02735,AMB0056,REJECTED,2,AMB0057,ACCEPTED,15
REQ02736,AMB0072,ACCEPTED,1,AMB0072,ACCEPTED,0
REQ02737,AMB0070,ACCEPTED,1,AMB0070,ACCEPTED,0
REQ02738,AMB0024,ACCEPTED,1,AMB0024,ACCEPTED,0
REQ02739,AMB0120,ACCEPTED,1,AMB0120,ACCEPTED,0
REQ02740,AMB0024,TIMEOUT,2,AMB0023,ACCEPTED,15
REQ02741,AMB0124,REJECTED,2,AMB0123,ACCEPTED,15
REQ02742,AMB0131,ACCEPTED,1,AMB0131,ACCEPTED,0
REQ02743,AMB0098,ACCEPTED,1,AMB0098,ACCEPTED,0
REQ02744,AMB0033,ACCEPTED,1,AMB0033,ACCEPTED,0
REQ02745,AMB0007,ACCEPTED,1,AMB0007,ACCEPTED,0
REQ02746,AMB0037,ACCEPTED,1,AMB0037,ACCEPTED,0
REQ02747,AMB0033,REJECTED,2,AMB0033,ACCEPTED,15
REQ02748,AMB0033,ACCEPTED,1,AMB0033,ACCEPTED,0
REQ02749,AMB0072,ACCEPTED,1,AMB0072,ACCEPTED,0
REQ02750,AMB0026,ACCEPTED,1,AMB0026,ACCEPTED,0
REQ02751,AMB0071,ACCEPTED,1,AMB0071,ACCEPTED,0
REQ02752,AMB0062,ACCEPTED,1,AMB0062,ACCEPTED,0
REQ02753,AMB0011,REJECTED,2,AMB0011,ACCEPTED,15
REQ02754,AMB0118,ACCEPTED,1,AMB0118,ACCEPTED,0
REQ02755,AMB0083,ACCEPTED,1,AMB0083,ACCEPTED,0
REQ02756,AMB0030,ACCEPTED,1,AMB0030,ACCEPTED,0
REQ02757,AMB0036,ACCEPTED,1,AMB0036,ACCEPTED,0
REQ02758,AMB0008,ACCEPTED,1,AMB0008,ACCEPTED,0
REQ02759,AMB0011,REJECTED,2,AMB0012,ACCEPTED,15
REQ02760,AMB0084,ACCEPTED,1,AMB0084,ACCEPTED,0
REQ02761,AMB0018,ACCEPTED,1,AMB0018,ACCEPTED,0
REQ02762,AMB0079,ACCEPTED,1,AMB0079,ACCEPTED,0
REQ02763,AMB0046,ACCEPTED,1,AMB0046,ACCEPTED,0
REQ02764,AMB0058,ACCEPTED,1,AMB0058,ACCEPTED,0
REQ02765,AMB0125,REJECTED,3,AMB0124,ACCEPTED,30
REQ02766,AMB0043,ACCEPTED,1,AMB0043,ACCEPTED,0
REQ02767,AMB0023,ACCEPTED,1,AMB0023,ACCEPTED,0
REQ02768,AMB0043,ACCEPTED,1,AMB0043,ACCEPTED,0
REQ02769,AMB0092,REJECTED,2,AMB0092,ACCEPTED,15
REQ02770,AMB0072,TIMEOUT,2,AMB0071,ACCEPTED,15
REQ02771,AMB0109,REJECTED,3,AMB0112,ACCEPTED,30
REQ02772,AMB0053,ACCEPTED,1,AMB0053,ACCEPTED,0
REQ02773,AMB0039,ACCEPTED,1,AMB0039,ACCEPTED,0
REQ02774,AMB0131,ACCEPTED,1,AMB0131,ACCEPTED,0
REQ02775,AMB0074,ACCEPTED,1,AMB0074,ACCEPTED,0
REQ02776,AMB0042,ACCEPTED,1,AMB0042,ACCEPTED,0
REQ02777,AMB0118,REJECTED,2,AMB0117,ACCEPTED,15
REQ02778,AMB0023,ACCEPTED,1,AMB0023,ACCEPTED,0
REQ02779,AMB0069,ACCEPTED,1,AMB0069,ACCEPTED,0
REQ02780,AMB0092,ACCEPTED,1,AMB0092,ACCEPTED,0
REQ02781,AMB0123,ACCEPTED,1,AMB0123,ACCEPTED,0
REQ02782,AMB0104,TIMEOUT,2,AMB0102,ACCEPTED,15
REQ02783,AMB0001,ACCEPTED,1,AMB0001,ACCEPTED,0
REQ02784,AMB0088,ACCEPTED,1,AMB0088,ACCEPTED,0
REQ02785,AMB0092,ACCEPTED,1,AMB0092,ACCEPTED,0
REQ02786,AMB0123,ACCEPTED,1,AMB0123,ACCEPTED,0
REQ02787,AMB0079,ACCEPTED,1,AMB0079,ACCEPTED,0
REQ02788,AMB0097,TIMEOUT,2,AMB0097,ACCEPTED,15
REQ02789,AMB0043,ACCEPTED,1,AMB0043,ACCEPTED,0
REQ02790,AMB0071,ACCEPTED,1,AMB0071,ACCEPTED,0
REQ02791,AMB0118,ACCEPTED,1,AMB0118,ACCEPTED,0
REQ02792,AMB0066,ACCEPTED,1,AMB0066,ACCEPTED,0
REQ02793,AMB0014,REJECTED,2,AMB0016,ACCEPTED,15
REQ02794,AMB0079,TIMEOUT,3,AMB0077,ACCEPTED,30
REQ02795,AMB0123,ACCEPTED,1,AMB0123,ACCEPTED,0
REQ02796,AMB0117,ACCEPTED,1,AMB0117,ACCEPTED,0
REQ02797,AMB0102,ACCEPTED,1,AMB0102,ACCEPTED,0
REQ02798,AMB0074,ACCEPTED,1,AMB0074,ACCEPTED,0
REQ02799,AMB0020,ACCEPTED,1,AMB0020,ACCEPTED,0
REQ02800,AMB0131,ACCEPTED,1,AMB0131,ACCEPTED,0
REQ02801,AMB0059,ACCEPTED,1,AMB0059,ACCEPTED,0
REQ02802,AMB0026,ACCEPTED,1,AMB0026,ACCEPTED,0
REQ02803,AMB0033,ACCEPTED,1,AMB0033,ACCEPTED,0
REQ02804,AMB0003,ACCEPTED,1,AMB0003,ACCEPTED,0
REQ02805,AMB0103,ACCEPTED,1,AMB0103,ACCEPTED,0
REQ02806,AMB0079,TIMEOUT,2,AMB0080,ACCEPTED,15
REQ02807,AMB0009,ACCEPTED,1,AMB0009,ACCEPTED,0
REQ02808,AMB0037,ACCEPTED,1,AMB0037,ACCEPTED,0
REQ02809,AMB0028,ACCEPTED,1,AMB0028,ACCEPTED,0
REQ02810,AMB0074,ACCEPTED,1,AMB0074,ACCEPTED,0
REQ02811,AMB0118,ACCEPTED,1,AMB0118,ACCEPTED,0
REQ02812,AMB0027,TIMEOUT,2,AMB0027,ACCEPTED,15
REQ02813,AMB0023,ACCEPTED,1,AMB0023,ACCEPTED,0
REQ02814,AMB0046,ACCEPTED,1,AMB0046,ACCEPTED,0
REQ02815,AMB0037,ACCEPTED,1,AMB0037,ACCEPTED,0
REQ02816,AMB0131,ACCEPTED,1,AMB0131,ACCEPTED,0
REQ02817,AMB0020,ACCEPTED,1,AMB0020,ACCEPTED,0
REQ02818,AMB0049,TIMEOUT,2,AMB0049,ACCEPTED,15
REQ02819,AMB0102,ACCEPTED,1,AMB0102,ACCEPTED,0
REQ02820,AMB0092,ACCEPTED,1,AMB0092,ACCEPTED,0
REQ02821,AMB0120,ACCEPTED,1,AMB0120,ACCEPTED,0
REQ02822,AMB0120,ACCEPTED,1,AMB0120,ACCEPTED,0
REQ02823,AMB0104,ACCEPTED,1,AMB0104,ACCEPTED,0
REQ02824,AMB0097,TIMEOUT,2,AMB0093,ACCEPTED,15
REQ02825,AMB0118,ACCEPTED,1,AMB0118,ACCEPTED,0
REQ02826,AMB0018,ACCEPTED,1,AMB0018,ACCEPTED,0
REQ02827,AMB0023,ACCEPTED,1,AMB0023,ACCEPTED,0
REQ02828,AMB0118,ACCEPTED,1,AMB0118,ACCEPTED,0
REQ02829,AMB0068,ACCEPTED,1,AMB0068,ACCEPTED,0
REQ02830,AMB0062,ACCEPTED,1,AMB0062,ACCEPTED,0
REQ02831,AMB0109,ACCEPTED,1,AMB0109,ACCEPTED,0
REQ02832,AMB0026,ACCEPTED,1,AMB0026,ACCEPTED,0
REQ02833,AMB0067,ACCEPTED,1,AMB0067,ACCEPTED,0
REQ02834,AMB0118,ACCEPTED,1,AMB0118,ACCEPTED,0
REQ02835,AMB0112,REJECTED,3,AMB0109,ACCEPTED,30
REQ02836,AMB0059,ACCEPTED,1,AMB0059,ACCEPTED,0
REQ02837,AMB0010,ACCEPTED,1,AMB0010,ACCEPTED,0
REQ02838,AMB0026,ACCEPTED,1,AMB0026,ACCEPTED,0
REQ02839,AMB0031,ACCEPTED,1,AMB0031,ACCEPTED,0
REQ02840,AMB0086,TIMEOUT,2,AMB0084,ACCEPTED,15
REQ02841,AMB0104,REJECTED,2,AMB0103,ACCEPTED,15
REQ02842,AMB0086,ACCEPTED,1,AMB0086,ACCEPTED,0
REQ02843,AMB0046,ACCEPTED,1,AMB0046,ACCEPTED,0
REQ02844,AMB0072,ACCEPTED,1,AMB0072,ACCEPTED,0
REQ02845,AMB0092,ACCEPTED,1,AMB0092,ACCEPTED,0
REQ02846,AMB0124,ACCEPTED,1,AMB0124,ACCEPTED,0
REQ02847,AMB0080,REJECTED,2,AMB0079,ACCEPTED,15
REQ02848,AMB0068,ACCEPTED,1,AMB0068,ACCEPTED,0
REQ02849,AMB0074,ACCEPTED,1,AMB0074,ACCEPTED,0
REQ02850,AMB0053,ACCEPTED,1,AMB0053,ACCEPTED,0
REQ02851,AMB0079,ACCEPTED,1,AMB0079,ACCEPTED,0
REQ02852,AMB0118,ACCEPTED,1,AMB0118,ACCEPTED,0
REQ02853,AMB0050,REJECTED,2,AMB0039,ACCEPTED,15
REQ02854,AMB0115,ACCEPTED,1,AMB0115,ACCEPTED,0
REQ02855,AMB0118,ACCEPTED,1,AMB0118,ACCEPTED,0
REQ02856,AMB0011,ACCEPTED,1,AMB0011,ACCEPTED,0
REQ02857,AMB0100,ACCEPTED,1,AMB0100,ACCEPTED,0
REQ02858,AMB0128,TIMEOUT,2,AMB0126,ACCEPTED,15
REQ02859,AMB0055,REJECTED,2,AMB0038,ACCEPTED,15
REQ02860,AMB0131,ACCEPTED,1,AMB0131,ACCEPTED,0
REQ02861,AMB0026,ACCEPTED,1,AMB0026,ACCEPTED,0
REQ02862,AMB0023,ACCEPTED,1,AMB0023,ACCEPTED,0
REQ02863,AMB0097,ACCEPTED,1,AMB0097,ACCEPTED,0
REQ02864,AMB0049,ACCEPTED,1,AMB0049,ACCEPTED,0
REQ02865,AMB0037,REJECTED,3,AMB0038,ACCEPTED,30
REQ02866,AMB0074,ACCEPTED,1,AMB0074,ACCEPTED,0
REQ02867,AMB0092,ACCEPTED,1,AMB0092,ACCEPTED,0
REQ02868,AMB0042,ACCEPTED,1,AMB0042,ACCEPTED,0
REQ02869,AMB0053,REJECTED,2,AMB0054,ACCEPTED,15
REQ02870,AMB0120,TIMEOUT,2,AMB0123,ACCEPTED,15
REQ02871,AMB0099,REJECTED,3,AMB0100,ACCEPTED,30
REQ02872,AMB0123,ACCEPTED,1,AMB0123,ACCEPTED,0
REQ02873,AMB0010,ACCEPTED,1,AMB0010,ACCEPTED,0
REQ02874,AMB0053,ACCEPTED,1,AMB0053,ACCEPTED,0
REQ02875,AMB0079,ACCEPTED,1,AMB0079,ACCEPTED,0
REQ02876,AMB0023,ACCEPTED,1,AMB0023,ACCEPTED,0
REQ02877,AMB0023,REJECTED,2,AMB0023,ACCEPTED,15
REQ02878,AMB0042,ACCEPTED,1,AMB0042,ACCEPTED,0
REQ02879,AMB0083,ACCEPTED,1,AMB0083,ACCEPTED,0
REQ02880,AMB0091,ACCEPTED,1,AMB0091,ACCEPTED,0
REQ02881,AMB0031,REJECTED,2,AMB0035,ACCEPTED,15
REQ02882,AMB0092,TIMEOUT,2,AMB0092,ACCEPTED,15
REQ02883,AMB0088,ACCEPTED,1,AMB0088,ACCEPTED,0
REQ02884,AMB0120,ACCEPTED,1,AMB0120,ACCEPTED,0
REQ02885,AMB0007,ACCEPTED,1,AMB0007,ACCEPTED,0
REQ02886,AMB0107,ACCEPTED,1,AMB0107,ACCEPTED,0
REQ02887,AMB0011,REJECTED,4,AMB0008,ACCEPTED,45
REQ02888,AMB0091,ACCEPTED,1,AMB0091,ACCEPTED,0
REQ02889,AMB0079,ACCEPTED,1,AMB0079,ACCEPTED,0
REQ02890,AMB0027,ACCEPTED,1,AMB0027,ACCEPTED,0
REQ02891,AMB0006,ACCEPTED,1,AMB0006,ACCEPTED,0
REQ02892,AMB0103,ACCEPTED,1,AMB0103,ACCEPTED,0
REQ02893,AMB0131,ACCEPTED,1,AMB0131,ACCEPTED,0
REQ02894,AMB0033,TIMEOUT,3,AMB0036,ACCEPTED,30
REQ02895,AMB0089,ACCEPTED,1,AMB0089,ACCEPTED,0
REQ02896,AMB0041,ACCEPTED,1,AMB0041,ACCEPTED,0
REQ02897,AMB0127,ACCEPTED,1,AMB0127,ACCEPTED,0
REQ02898,AMB0117,ACCEPTED,1,AMB0117,ACCEPTED,0
REQ02899,AMB0120,REJECTED,2,AMB0125,ACCEPTED,15
REQ02900,AMB0010,TIMEOUT,2,AMB0009,ACCEPTED,15
REQ02901,AMB0096,ACCEPTED,1,AMB0096,ACCEPTED,0
REQ02902,AMB0131,ACCEPTED,1,AMB0131,ACCEPTED,0
REQ02903,AMB0046,ACCEPTED,1,AMB0046,ACCEPTED,0
REQ02904,AMB0131,ACCEPTED,1,AMB0131,ACCEPTED,0
REQ02905,AMB0026,ACCEPTED,1,AMB0026,ACCEPTED,0
REQ02906,AMB0037,TIMEOUT,3,AMB0038,ACCEPTED,30
REQ02907,AMB0053,ACCEPTED,1,AMB0053,ACCEPTED,0
REQ02908,AMB0065,ACCEPTED,1,AMB0065,ACCEPTED,0
REQ02909,AMB0091,ACCEPTED,1,AMB0091,ACCEPTED,0
REQ02910,AMB0118,ACCEPTED,1,AMB0118,ACCEPTED,0
REQ02911,AMB0091,ACCEPTED,1,AMB0091,ACCEPTED,0
REQ02912,AMB0088,TIMEOUT,2,AMB0090,ACCEPTED,15
REQ02913,AMB0042,ACCEPTED,1,AMB0042,ACCEPTED,0
REQ02914,AMB0053,ACCEPTED,1,AMB0053,ACCEPTED,0
REQ02915,AMB0100,ACCEPTED,1,AMB0100,ACCEPTED,0
REQ02916,AMB0014,TIMEOUT,2,AMB0016,ACCEPTED,15
REQ02917,AMB0067,REJECTED,2,AMB0068,ACCEPTED,15
REQ02918,AMB0072,TIMEOUT,2,AMB0070,ACCEPTED,15
REQ02919,AMB0031,ACCEPTED,1,AMB0031,ACCEPTED,0
REQ02920,AMB0097,ACCEPTED,1,AMB0097,ACCEPTED,0
REQ02921,AMB0046,ACCEPTED,1,AMB0046,ACCEPTED,0
REQ02922,AMB0049,ACCEPTED,1,AMB0049,ACCEPTED,0
REQ02923,AMB0042,ACCEPTED,1,AMB0042,ACCEPTED,0
REQ02924,AMB0112,TIMEOUT,2,AMB0110,ACCEPTED,15
REQ02925,AMB0113,ACCEPTED,1,AMB0113,ACCEPTED,0
REQ02926,AMB0053,ACCEPTED,1,AMB0053,ACCEPTED,0
REQ02927,AMB0065,ACCEPTED,1,AMB0065,ACCEPTED,0
REQ02928,AMB0048,TIMEOUT,2,AMB0048,ACCEPTED,15
REQ02929,AMB0016,ACCEPTED,1,AMB0016,ACCEPTED,0
REQ02930,AMB0021,ACCEPTED,1,AMB0021,ACCEPTED,0
REQ02931,AMB0064,ACCEPTED,1,AMB0064,ACCEPTED,0
REQ02932,AMB0084,ACCEPTED,1,AMB0084,ACCEPTED,0
REQ02933,AMB0007,ACCEPTED,1,AMB0007,ACCEPTED,0
REQ02934,AMB0097,ACCEPTED,1,AMB0097,ACCEPTED,0
REQ02935,AMB0125,REJECTED,2,AMB0123,ACCEPTED,15
REQ02936,AMB0125,ACCEPTED,1,AMB0125,ACCEPTED,0
REQ02937,AMB0079,ACCEPTED,1,AMB0079,ACCEPTED,0
REQ02938,AMB0018,ACCEPTED,1,AMB0018,ACCEPTED,0
REQ02939,AMB0066,ACCEPTED,1,AMB0066,ACCEPTED,0
REQ02940,AMB0055,ACCEPTED,1,AMB0055,ACCEPTED,0
REQ02941,AMB0125,REJECTED,2,AMB0117,ACCEPTED,15
REQ02942,AMB0120,ACCEPTED,1,AMB0120,ACCEPTED,0
REQ02943,AMB0092,ACCEPTED,1,AMB0092,ACCEPTED,0
REQ02944,AMB0113,ACCEPTED,1,AMB0113,ACCEPTED,0
REQ02945,AMB0014,ACCEPTED,1,AMB0014,ACCEPTED,0
REQ02946,AMB0018,TIMEOUT,2,AMB0014,ACCEPTED,15
REQ02947,AMB0096,ACCEPTED,1,AMB0096,ACCEPTED,0
REQ02948,AMB0070,ACCEPTED,1,AMB0070,ACCEPTED,0
REQ02949,AMB0127,ACCEPTED,1,AMB0127,ACCEPTED,0
REQ02950,AMB0023,ACCEPTED,1,AMB0023,ACCEPTED,0
REQ02951,AMB0041,ACCEPTED,1,AMB0041,ACCEPTED,0
REQ02952,AMB0065,ACCEPTED,1,AMB0065,ACCEPTED,0
REQ02953,AMB0026,REJECTED,2,AMB0028,ACCEPTED,15
REQ02954,AMB0048,ACCEPTED,1,AMB0048,ACCEPTED,0
REQ02955,AMB0050,ACCEPTED,1,AMB0050,ACCEPTED,0
REQ02956,AMB0020,ACCEPTED,1,AMB0020,ACCEPTED,0
REQ02957,AMB0131,ACCEPTED,1,AMB0131,ACCEPTED,0
REQ02958,AMB0066,ACCEPTED,1,AMB0066,ACCEPTED,0
REQ02959,AMB0042,REJECTED,2,AMB0040,ACCEPTED,15
REQ02960,AMB0007,ACCEPTED,1,AMB0007,ACCEPTED,0
REQ02961,AMB0012,ACCEPTED,1,AMB0012,ACCEPTED,0
REQ02962,AMB0055,ACCEPTED,1,AMB0055,ACCEPTED,0
REQ02963,AMB0086,REJECTED,2,AMB0084,ACCEPTED,15
REQ02964,AMB0125,TIMEOUT,2,AMB0123,ACCEPTED,15
REQ02965,AMB0020,REJECTED,3,AMB0022,ACCEPTED,30
REQ02966,AMB0056,ACCEPTED,1,AMB0056,ACCEPTED,0
REQ02967,AMB0086,ACCEPTED,1,AMB0086,ACCEPTED,0
REQ02968,AMB0128,ACCEPTED,1,AMB0128,ACCEPTED,0
REQ02969,AMB0037,ACCEPTED,1,AMB0037,ACCEPTED,0
REQ02970,AMB0019,TIMEOUT,2,AMB0019,ACCEPTED,15
REQ02971,AMB0033,REJECTED,3,AMB0036,ACCEPTED,30
REQ02972,AMB0118,ACCEPTED,1,AMB0118,ACCEPTED,0
REQ02973,AMB0013,ACCEPTED,1,AMB0013,ACCEPTED,0
REQ02974,AMB0023,ACCEPTED,1,AMB0023,ACCEPTED,0
REQ02975,AMB0043,ACCEPTED,1,AMB0043,ACCEPTED,0
REQ02976,AMB0064,TIMEOUT,2,AMB0067,ACCEPTED,15
REQ02977,AMB0069,REJECTED,2,AMB0094,ACCEPTED,15
REQ02978,AMB0093,ACCEPTED,1,AMB0093,ACCEPTED,0
REQ02979,AMB0049,ACCEPTED,1,AMB0049,ACCEPTED,0
REQ02980,AMB0113,ACCEPTED,1,AMB0113,ACCEPTED,0
REQ02981,AMB0120,ACCEPTED,1,AMB0120,ACCEPTED,0
REQ02982,AMB0110,TIMEOUT,2,AMB0109,ACCEPTED,15
REQ02983,AMB0118,ACCEPTED,1,AMB0118,ACCEPTED,0
REQ02984,AMB0072,ACCEPTED,1,AMB0072,ACCEPTED,0
REQ02985,AMB0048,ACCEPTED,1,AMB0048,ACCEPTED,0
REQ02986,AMB0107,ACCEPTED,1,AMB0107,ACCEPTED,0
REQ02987,AMB0118,ACCEPTED,1,AMB0118,ACCEPTED,0
REQ02988,AMB0118,ACCEPTED,1,AMB0118,ACCEPTED,0
REQ02989,AMB0055,ACCEPTED,1,AMB0055,ACCEPTED,0
REQ02990,AMB0059,ACCEPTED,1,AMB0059,ACCEPTED,0
REQ02991,AMB0079,ACCEPTED,1,AMB0079,ACCEPTED,0
REQ02992,AMB0113,ACCEPTED,1,AMB0113,ACCEPTED,0
REQ02993,AMB0065,ACCEPTED,1,AMB0065,ACCEPTED,0
REQ02994,AMB0026,TIMEOUT,3,AMB0028,ACCEPTED,30
REQ02995,AMB0099,ACCEPTED,1,AMB0099,ACCEPTED,0
REQ02996,AMB0064,ACCEPTED,1,AMB0064,ACCEPTED,0
REQ02997,AMB0083,ACCEPTED,1,AMB0083,ACCEPTED,0
REQ02998,AMB0096,ACCEPTED,1,AMB0096,ACCEPTED,0
REQ02999,AMB0120,REJECTED,2,AMB0125,ACCEPTED,15
REQ03000,AMB0065,TIMEOUT,4,AMB0064,ACCEPTED,45