emergency_id,emergency_type,selected_hospital_id,selected_hospital_name,candidate_count,selected_distance_km,selected_eta_min,icu_available,general_available
REQ00001,Trauma,H028,"Kauvery Hospital Alwarpet",22,1.7,3,1,34
REQ00002,Cardiac,H026,"CSI Rainy Multispeciality Hospital",18,7,13,8,11
REQ00003,Cardiac,H019,"Dr. Kamakshi Memorial Hospital",18,5.2,10,18,34
REQ00004,Accident,H006,"Institute of Child Health and Hospital for Children",22,1.4,3,20,12
REQ00005,Other,H023,"ESIC Medical College and Hospital",30,0.2,2,5,32
REQ00006,Unconscious,H004,"Government Royapettah Hospital",30,0.8,2,13,11
REQ00007,Cardiac,H019,"Dr. Kamakshi Memorial Hospital",18,0.5,2,18,34
REQ00008,Cardiac,H021,"Hindu Mission Hospital",18,1.1,2,16,6
REQ00009,Accident,H011,"Madras Medical Mission",22,7.9,15,5,4
REQ00010,Cardiac,H016,"Apollo Speciality Hospital OMR",18,0.9,2,19,2
REQ00011,Cardiac,H026,"CSI Rainy Multispeciality Hospital",18,6.8,13,8,11
REQ00012,General Medical,H010,"Sri Ramachandra Medical Centre",30,6.5,12,1,10
REQ00013,Trauma,H023,"ESIC Medical College and Hospital",22,1,2,5,32
REQ00014,Accident,H014,"Vijaya Hospital",22,1.2,2,10,12
REQ00015,General Medical,H021,"Hindu Mission Hospital",30,1.4,3,16,6
REQ00016,Trauma,H025,"Apollo Hospitals Tondiarpet",22,4.2,8,9,9
REQ00017,Trauma,H003,"Government Kilpauk Medical College Hospital",22,1.7,3,1,9
REQ00018,Accident,H019,"Dr. Kamakshi Memorial Hospital",22,5.8,11,18,34
REQ00019,Breathing,H017,"Gleneagles HealthCity Chennai",30,3.7,7,25,26
REQ00020,Unconscious,H008,"Fortis Malar Hospital",30,1.4,3,4,34
REQ00021,Stroke,H021,"Hindu Mission Hospital",18,3.7,7,16,6
REQ00022,General Medical,H011,"Madras Medical Mission",30,2.2,4,5,4
REQ00023,Unconscious,H011,"Madras Medical Mission",30,1.6,3,5,4
REQ00024,General Medical,H024,"Billroth Hospitals",30,1.9,3,4,32
REQ00025,General Medical,H010,"Sri Ramachandra Medical Centre",30,0.3,2,1,10
REQ00026,General Medical,H010,"Sri Ramachandra Medical Centre",30,1.5,3,1,10
REQ00027,Stroke,H019,"Dr. Kamakshi Memorial Hospital",18,4.5,8,18,34
REQ00028,Accident,H025,"Apollo Hospitals Tondiarpet",22,12.4,23,9,9
REQ00029,Stroke,H013,"SIMS Hospital",18,0.9,2,5,3
REQ00030,General Medical,H025,"Apollo Hospitals Tondiarpet",30,1.9,4,9,9
REQ00031,Cardiac,H016,"Apollo Speciality Hospital OMR",18,1.5,3,19,2
REQ00032,Trauma,H023,"ESIC Medical College and Hospital",22,0.9,2,5,32
REQ00033,Accident,H001,"Rajiv Gandhi Government General Hospital",22,1.1,2,6,32
REQ00034,Burn,H020,"Prashanth Super Speciality Hospital",30,2.4,5,2,14
REQ00035,Unconscious,H013,"SIMS Hospital",30,1.6,3,5,3
REQ00036,Cardiac,H019,"Dr. Kamakshi Memorial Hospital",18,5,9,18,34
REQ00037,Breathing,H023,"ESIC Medical College and Hospital",30,1.5,3,5,32
REQ00038,Accident,H019,"Dr. Kamakshi Memorial Hospital",22,1.5,3,18,34
REQ00039,Breathing,H027,"MGM Healthcare",30,1.2,2,5,16
REQ00040,Stroke,H029,"Adyar Cancer Institute",18,0.9,2,2,46
REQ00041,Breathing,H025,"Apollo Hospitals Tondiarpet",30,1.1,2,9,9
REQ00042,Accident,H011,"Madras Medical Mission",22,12.3,23,5,4
REQ00043,Breathing,H007,"Apollo Hospitals Greams Road",30,1.6,3,4,24
REQ00044,Accident,H027,"MGM Healthcare",22,1.1,2,5,16
REQ00045,Unconscious,H011,"Madras Medical Mission",30,3.8,7,5,4
REQ00046,Breathing,H028,"Kauvery Hospital Alwarpet",30,2.7,5,1,34
REQ00047,Trauma,H015,"Kauvery Hospital",22,1.2,2,19,7
REQ00048,Stroke,H019,"Dr. Kamakshi Memorial Hospital",18,16.9,32,18,34
REQ00049,General Medical,H025,"Apollo Hospitals Tondiarpet",30,6.4,12,9,9
REQ00050,Unconscious,H009,"MIOT International",30,1.8,3,8,26
REQ00051,Cardiac,H002,"Government Stanley Medical College Hospital",18,1.2,2,7,39
REQ00052,General Medical,H004,"Government Royapettah Hospital",30,0.7,2,13,11
REQ00053,Unconscious,H019,"Dr. Kamakshi Memorial Hospital",30,1.1,2,18,34
REQ00054,Breathing,H012,"Sundaram Medical Foundation",30,0.5,2,4,33
REQ00055,Unconscious,H008,"Fortis Malar Hospital",30,1.5,3,4,34
REQ00056,Unconscious,H016,"Apollo Speciality Hospital OMR",30,3.6,7,19,2
REQ00057,Accident,H003,"Government Kilpauk Medical College Hospital",22,0.9,2,1,9
REQ00058,Accident,H005,"Government Omandurar Medical College Hospital",22,1.8,3,19,5
REQ00059,Cardiac,H029,"Adyar Cancer Institute",18,1.5,3,2,46
REQ00060,Accident,H011,"Madras Medical Mission",22,7.3,14,5,4
REQ00061,Accident,H007,"Apollo Hospitals Greams Road",22,2.5,5,4,24
REQ00062,Cardiac,H021,"Hindu Mission Hospital",18,0.1,2,16,6
REQ00063,Accident,H011,"Madras Medical Mission",22,10.7,20,5,4
REQ00064,Breathing,H025,"Apollo Hospitals Tondiarpet",30,6.1,11,9,9
REQ00065,Trauma,H019,"Dr. Kamakshi Memorial Hospital",22,4.2,8,18,34
REQ00066,Cardiac,H019,"Dr. Kamakshi Memorial Hospital",18,1.3,3,18,34
REQ00067,Stroke,H021,"Hindu Mission Hospital",18,1.6,3,16,6
REQ00068,Unconscious,H016,"Apollo Speciality Hospital OMR",30,2.1,4,19,2
REQ00069,Cardiac,H006,"Institute of Child Health and Hospital for Children",18,1.8,3,20,12
REQ00070,Accident,H007,"Apollo Hospitals Greams Road",22,0.2,2,4,24
REQ00071,Unconscious,H027,"MGM Healthcare",30,1.3,2,5,16
REQ00072,Accident,H019,"Dr. Kamakshi Memorial Hospital",22,0.9,2,18,34
REQ00073,Accident,H011,"Madras Medical Mission",22,8.2,15,5,4
REQ00074,General Medical,H024,"Billroth Hospitals",30,0.3,2,4,32
REQ00075,Accident,H018,"Chettinad Hospital and Research Institute",22,2.6,5,4,14
REQ00076,Unconscious,H025,"Apollo Hospitals Tondiarpet",30,7.2,13,9,9
REQ00077,Cardiac,H026,"CSI Rainy Multispeciality Hospital",18,4.7,9,8,11
REQ00078,General Medical,H018,"Chettinad Hospital and Research Institute",30,2.2,4,4,14
REQ00079,Breathing,H002,"Government Stanley Medical College Hospital",30,1.4,3,7,39
REQ00080,Accident,H023,"ESIC Medical College and Hospital",22,1.5,3,5,32
REQ00081,Other,H004,"Government Royapettah Hospital",30,1.6,3,13,11
REQ00082,Trauma,H019,"Dr. Kamakshi Memorial Hospital",22,5,9,18,34
REQ00083,General Medical,H002,"Government Stanley Medical College Hospital",30,4.9,9,7,39
REQ00084,Trauma,H023,"ESIC Medical College and Hospital",22,0.9,2,5,32
REQ00085,Trauma,H001,"Rajiv Gandhi Government General Hospital",22,1.8,3,6,32
REQ00086,Accident,H001,"Rajiv Gandhi Government General Hospital",22,1,2,6,32
REQ00087,Burn,H013,"SIMS Hospital",30,0.5,2,5,3
REQ00088,Cardiac,H011,"Madras Medical Mission",18,0.2,2,5,4
REQ00089,Accident,H019,"Dr. Kamakshi Memorial Hospital",22,4.9,9,18,34
REQ00090,Trauma,H008,"Fortis Malar Hospital",22,0.2,2,4,34
REQ00091,Cardiac,H001,"Rajiv Gandhi Government General Hospital",18,1.1,2,6,32
REQ00092,General Medical,H019,"Dr. Kamakshi Memorial Hospital",30,1.5,3,18,34
REQ00093,Accident,H007,"Apollo Hospitals Greams Road",22,1.2,2,4,24
REQ00094,Breathing,H008,"Fortis Malar Hospital",30,1.5,3,4,34
REQ00095,Trauma,H011,"Madras Medical Mission",22,5.1,10,5,4
REQ00096,General Medical,H013,"SIMS Hospital",30,1.6,3,5,3
REQ00097,Accident,H018,"Chettinad Hospital and Research Institute",22,2.8,5,4,14
REQ00098,Accident,H006,"Institute of Child Health and Hospital for Children",22,0.7,2,20,12
REQ00099,Unconscious,H023,"ESIC Medical College and Hospital",30,0.6,2,5,32
REQ00100,Accident,H020,"Prashanth Super Speciality Hospital",22,1.6,3,2,14
REQ00101,Accident,H008,"Fortis Malar Hospital",22,2,4,4,34
REQ00102,Unconscious,H023,"ESIC Medical College and Hospital",30,1.8,3,5,32
REQ00103,Accident,H028,"Kauvery Hospital Alwarpet",22,1.6,3,1,34
REQ00104,Breathing,H020,"Prashanth Super Speciality Hospital",30,1.6,3,2,14
REQ00105,Other,H010,"Sri Ramachandra Medical Centre",30,8.6,16,1,10
REQ00106,Accident,H023,"ESIC Medical College and Hospital",22,1.4,3,5,32
REQ00107,Unconscious,H020,"Prashanth Super Speciality Hospital",30,1.8,3,2,14
REQ00108,Breathing,H016,"Apollo Speciality Hospital OMR",30,1,2,19,2
REQ00109,Cardiac,H029,"Adyar Cancer Institute",18,2.1,4,2,46
REQ00110,Unconscious,H019,"Dr. Kamakshi Memorial Hospital",30,1.6,3,18,34
REQ00111,Breathing,H001,"Rajiv Gandhi Government General Hospital",30,0.4,2,6,32
REQ00112,Accident,H009,"MIOT International",22,8.5,16,8,26
REQ00113,Accident,H028,"Kauvery Hospital Alwarpet",22,2.8,5,1,34
REQ00114,Cardiac,H005,"Government Omandurar Medical College Hospital",18,1.9,4,19,5
REQ00115,Accident,H027,"MGM Healthcare",22,1.8,3,5,16
REQ00116,Cardiac,H011,"Madras Medical Mission",18,6,11,5,4
REQ00117,Breathing,H019,"Dr. Kamakshi Memorial Hospital",30,1.5,3,18,34
REQ00118,Trauma,H018,"Chettinad Hospital and Research Institute",22,2.1,4,4,14
REQ00119,Cardiac,H009,"MIOT International",18,3.2,6,8,26
REQ00120,Trauma,H011,"Madras Medical Mission",22,10.6,20,5,4
REQ00121,Accident,H009,"MIOT International",22,5.6,11,8,26
REQ00122,Breathing,H011,"Madras Medical Mission",30,6.3,12,5,4
REQ00123,Unconscious,H012,"Sundaram Medical Foundation",30,1.7,3,4,33
REQ00124,Trauma,H030,"Government Hospital of Thoracic Medicine",22,2.1,4,8,23
REQ00125,Breathing,H019,"Dr. Kamakshi Memorial Hospital",30,1.4,3,18,34
REQ00126,Burn,H004,"Government Royapettah Hospital",30,1,2,13,11
REQ00127,General Medical,H006,"Institute of Child Health and Hospital for Children",30,1.4,3,20,12
REQ00128,Breathing,H025,"Apollo Hospitals Tondiarpet",30,2.9,5,9,9
REQ00129,Burn,H006,"Institute of Child Health and Hospital for Children",30,0.2,2,20,12
REQ00130,Trauma,H019,"Dr. Kamakshi Memorial Hospital",22,7.1,13,18,34
REQ00131,General Medical,H004,"Government Royapettah Hospital",30,3.3,6,13,11
REQ00132,Cardiac,H011,"Madras Medical Mission",18,2.1,4,5,4
REQ00133,Breathing,H012,"Sundaram Medical Foundation",30,2.1,4,4,33
REQ00134,Accident,H009,"MIOT International",22,0.6,2,8,26
REQ00135,Trauma,H014,"Vijaya Hospital",22,2.3,4,10,12
REQ00136,Unconscious,H023,"ESIC Medical College and Hospital",30,2.9,6,5,32
REQ00137,Accident,H030,"Government Hospital of Thoracic Medicine",22,1,2,8,23
REQ00138,General Medical,H027,"MGM Healthcare",30,1.1,2,5,16
REQ00139,General Medical,H028,"Kauvery Hospital Alwarpet",30,1.7,3,1,34
REQ00140,Trauma,H025,"Apollo Hospitals Tondiarpet",22,7,13,9,9
REQ00141,Unconscious,H013,"SIMS Hospital",30,0.3,2,5,3
REQ00142,Trauma,H014,"Vijaya Hospital",22,1.1,2,10,12
REQ00143,Trauma,H023,"ESIC Medical College and Hospital",22,0.2,2,5,32
REQ00144,Trauma,H018,"Chettinad Hospital and Research Institute",22,1.4,3,4,14
REQ00145,Accident,H021,"Hindu Mission Hospital",22,2,4,16,6
REQ00146,Burn,H017,"Gleneagles HealthCity Chennai",30,1.8,3,25,26
REQ00147,Stroke,H029,"Adyar Cancer Institute",18,1.2,2,2,46
REQ00148,Stroke,H011,"Madras Medical Mission",18,7.1,13,5,4
REQ00149,Breathing,H010,"Sri Ramachandra Medical Centre",30,1.8,3,1,10
REQ00150,Cardiac,H012,"Sundaram Medical Foundation",18,3.1,6,4,33
REQ00151,Accident,H025,"Apollo Hospitals Tondiarpet",22,2.3,4,9,9
REQ00152,Unconscious,H019,"Dr. Kamakshi Memorial Hospital",30,1.1,2,18,34
REQ00153,Cardiac,H026,"CSI Rainy Multispeciality Hospital",18,3.1,6,8,11
REQ00154,General Medical,H008,"Fortis Malar Hospital",30,1.1,2,4,34
REQ00155,General Medical,H002,"Government Stanley Medical College Hospital",30,1.2,2,7,39
REQ00156,Other,H008,"Fortis Malar Hospital",30,2.9,5,4,34
REQ00157,Accident,H001,"Rajiv Gandhi Government General Hospital",22,1.5,3,6,32
REQ00158,Unconscious,H004,"Government Royapettah Hospital",30,1.2,2,13,11
REQ00159,Cardiac,H029,"Adyar Cancer Institute",18,0.3,2,2,46
REQ00160,General Medical,H030,"Government Hospital of Thoracic Medicine",30,1.1,2,8,23
REQ00161,Breathing,H018,"Chettinad Hospital and Research Institute",30,1,2,4,14
REQ00162,Cardiac,H029,"Adyar Cancer Institute",18,2.9,6,2,46
REQ00163,Breathing,H010,"Sri Ramachandra Medical Centre",30,1.2,2,1,10
REQ00164,Trauma,H005,"Government Omandurar Medical College Hospital",22,0.5,2,19,5
REQ00165,Breathing,H025,"Apollo Hospitals Tondiarpet",30,9.9,18,9,9
REQ00166,Accident,H019,"Dr. Kamakshi Memorial Hospital",22,6.4,12,18,34
REQ00167,Breathing,H009,"MIOT International",30,2.5,5,8,26
REQ00168,Cardiac,H011,"Madras Medical Mission",18,0.6,2,5,4
REQ00169,Unconscious,H006,"Institute of Child Health and Hospital for Children",30,1.3,3,20,12
REQ00170,Unconscious,H010,"Sri Ramachandra Medical Centre",30,4.6,9,1,10
REQ00171,Unconscious,H002,"Government Stanley Medical College Hospital",30,2.5,5,7,39
REQ00172,Accident,H011,"Madras Medical Mission",22,9.1,17,5,4
REQ00173,Accident,H009,"MIOT International",22,4.5,8,8,26
REQ00174,Trauma,H014,"Vijaya Hospital",22,1,2,10,12
REQ00175,Trauma,H001,"Rajiv Gandhi Government General Hospital",22,1.8,3,6,32
REQ00176,Breathing,H014,"Vijaya Hospital",30,1.7,3,10,12
REQ00177,Accident,H025,"Apollo Hospitals Tondiarpet",22,0.4,2,9,9
REQ00178,Breathing,H025,"Apollo Hospitals Tondiarpet",30,3.9,7,9,9
REQ00179,Unconscious,H007,"Apollo Hospitals Greams Road",30,0.8,2,4,24
REQ00180,Cardiac,H021,"Hindu Mission Hospital",18,6.1,11,16,6
REQ00181,Unconscious,H013,"SIMS Hospital",30,1.2,2,5,3
REQ00182,Stroke,H019,"Dr. Kamakshi Memorial Hospital",18,6.2,12,18,34
REQ00183,Trauma,H026,"CSI Rainy Multispeciality Hospital",22,2,4,8,11
REQ00184,Unconscious,H024,"Billroth Hospitals",30,1.1,2,4,32
REQ00185,Unconscious,H004,"Government Royapettah Hospital",30,1.7,3,13,11
REQ00186,Cardiac,H005,"Government Omandurar Medical College Hospital",18,2.4,5,19,5
REQ00187,Cardiac,H029,"Adyar Cancer Institute",18,2.2,4,2,46
REQ00188,Burn,H009,"MIOT International",30,1.5,3,8,26
REQ00189,Unconscious,H030,"Government Hospital of Thoracic Medicine",30,0.5,2,8,23
REQ00190,Trauma,H025,"Apollo Hospitals Tondiarpet",22,1.5,3,9,9
REQ00191,Breathing,H018,"Chettinad Hospital and Research Institute",30,0.7,2,4,14
REQ00192,Accident,H019,"Dr. Kamakshi Memorial Hospital",22,0.2,2,18,34
REQ00193,Other,H002,"Government Stanley Medical College Hospital",30,2.5,5,7,39
REQ00194,Other,H011,"Madras Medical Mission",30,8.7,16,5,4
REQ00195,Unconscious,H023,"ESIC Medical College and Hospital",30,1.5,3,5,32
REQ00196,Trauma,H025,"Apollo Hospitals Tondiarpet",22,2,4,9,9
REQ00197,Accident,H030,"Government Hospital of Thoracic Medicine",22,1.5,3,8,23
REQ00198,General Medical,H019,"Dr. Kamakshi Memorial Hospital",30,1.8,3,18,34
REQ00199,Unconscious,H013,"SIMS Hospital",30,1.1,2,5,3
REQ00200,Unconscious,H010,"Sri Ramachandra Medical Centre",30,7.7,14,1,10
REQ00201,Accident,H005,"Government Omandurar Medical College Hospital",22,0.2,2,19,5
REQ00202,Accident,H011,"Madras Medical Mission",22,2.3,4,5,4
REQ00203,Accident,H011,"Madras Medical Mission",22,1.5,3,5,4
REQ00204,Trauma,H014,"Vijaya Hospital",22,1.1,2,10,12
REQ00205,Accident,H029,"Adyar Cancer Institute",22,2.4,4,2,46
REQ00206,General Medical,H021,"Hindu Mission Hospital",30,1.1,2,16,6
REQ00207,Breathing,H010,"Sri Ramachandra Medical Centre",30,6.8,13,1,10
REQ00208,Accident,H006,"Institute of Child Health and Hospital for Children",22,2.1,4,20,12
REQ00209,Trauma,H019,"Dr. Kamakshi Memorial Hospital",22,2.5,5,18,34
REQ00210,Accident,H025,"Apollo Hospitals Tondiarpet",22,6.1,11,9,9
REQ00211,Cardiac,H029,"Adyar Cancer Institute",18,1.5,3,2,46
REQ00212,General Medical,H030,"Government Hospital of Thoracic Medicine",30,1.5,3,8,23
REQ00213,Breathing,H012,"Sundaram Medical Foundation",30,1.1,2,4,33
REQ00214,Trauma,H009,"MIOT International",22,2.6,5,8,26
REQ00215,Trauma,H019,"Dr. Kamakshi Memorial Hospital",22,1.8,3,18,34
REQ00216,Cardiac,H026,"CSI Rainy Multispeciality Hospital",18,0.8,2,8,11
REQ00217,General Medical,H027,"MGM Healthcare",30,0.9,2,5,16
REQ00218,Unconscious,H019,"Dr. Kamakshi Memorial Hospital",30,1.5,3,18,34
REQ00219,Burn,H025,"Apollo Hospitals Tondiarpet",30,8.4,16,9,9
REQ00220,Burn,H011,"Madras Medical Mission",30,2.2,4,5,4
REQ00221,Breathing,H025,"Apollo Hospitals Tondiarpet",30,1.8,3,9,9
REQ00222,Cardiac,H009,"MIOT International",18,0.8,2,8,26
REQ00223,Accident,H025,"Apollo Hospitals Tondiarpet",22,1.7,3,9,9
REQ00224,Breathing,H004,"Government Royapettah Hospital",30,1.1,2,13,11
REQ00225,General Medical,H012,"Sundaram Medical Foundation",30,1.1,2,4,33
REQ00226,Unconscious,H007,"Apollo Hospitals Greams Road",30,0.3,2,4,24
REQ00227,General Medical,H001,"Rajiv Gandhi Government General Hospital",30,1.3,2,6,32
REQ00228,General Medical,H030,"Government Hospital of Thoracic Medicine",30,4.5,8,8,23
REQ00229,Accident,H026,"CSI Rainy Multispeciality Hospital",22,1.2,2,8,11
REQ00230,Stroke,H001,"Rajiv Gandhi Government General Hospital",18,1.1,2,6,32
REQ00231,Stroke,H005,"Government Omandurar Medical College Hospital",18,1.4,3,19,5
REQ00232,General Medical,H011,"Madras Medical Mission",30,2.6,5,5,4
REQ00233,Stroke,H024,"Billroth Hospitals",18,0.9,2,4,32
REQ00234,Accident,H011,"Madras Medical Mission",22,1.9,4,5,4
REQ00235,General Medical,H020,"Prashanth Super Speciality Hospital",30,1.8,3,2,14
REQ00236,Trauma,H026,"CSI Rainy Multispeciality Hospital",22,1.7,3,8,11
REQ00237,Other,H003,"Government Kilpauk Medical College Hospital",30,1.2,2,1,9
REQ00238,Stroke,H012,"Sundaram Medical Foundation",18,0.3,2,4,33
REQ00239,Trauma,H009,"MIOT International",22,4.5,9,8,26
REQ00240,Accident,H026,"CSI Rainy Multispeciality Hospital",22,1.9,4,8,11
REQ00241,Breathing,H021,"Hindu Mission Hospital",30,2,4,16,6
REQ00242,Burn,H011,"Madras Medical Mission",30,2.4,4,5,4
REQ00243,Unconscious,H004,"Government Royapettah Hospital",30,1.3,2,13,11
REQ00244,Burn,H016,"Apollo Speciality Hospital OMR",30,2,4,19,2
REQ00245,Unconscious,H016,"Apollo Speciality Hospital OMR",30,0.2,2,19,2
REQ00246,Breathing,H012,"Sundaram Medical Foundation",30,8.7,16,4,33
REQ00247,Accident,H025,"Apollo Hospitals Tondiarpet",22,1.2,2,9,9
REQ00248,Unconscious,H019,"Dr. Kamakshi Memorial Hospital",30,2.3,4,18,34
REQ00249,Cardiac,H015,"Kauvery Hospital",18,1.8,3,19,7
REQ00250,General Medical,H011,"Madras Medical Mission",30,0.5,2,5,4
REQ00251,Burn,H012,"Sundaram Medical Foundation",30,0.7,2,4,33
REQ00252,Stroke,H012,"Sundaram Medical Foundation",18,9.6,18,4,33
REQ00253,Accident,H022,"Government Hospital Tambaram",22,1.7,3,6,22
REQ00254,Accident,H019,"Dr. Kamakshi Memorial Hospital",22,5.4,10,18,34
REQ00255,Unconscious,H028,"Kauvery Hospital Alwarpet",30,0.9,2,1,34
REQ00256,Cardiac,H011,"Madras Medical Mission",18,4.8,9,5,4
REQ00257,Other,H017,"Gleneagles HealthCity Chennai",30,2.2,4,25,26
REQ00258,General Medical,H007,"Apollo Hospitals Greams Road",30,0.4,2,4,24
REQ00259,Cardiac,H007,"Apollo Hospitals Greams Road",18,2.3,4,4,24
REQ00260,Cardiac,H021,"Hindu Mission Hospital",18,0.8,2,16,6
REQ00261,Unconscious,H020,"Prashanth Super Speciality Hospital",30,1.4,3,2,14
REQ00262,Trauma,H027,"MGM Healthcare",22,5.4,10,5,16
REQ00263,Stroke,H026,"CSI Rainy Multispeciality Hospital",18,7.8,15,8,11
REQ00264,Cardiac,H016,"Apollo Speciality Hospital OMR",18,1.2,2,19,2
REQ00265,Stroke,H019,"Dr. Kamakshi Memorial Hospital",18,2.2,4,18,34
REQ00266,Accident,H003,"Government Kilpauk Medical College Hospital",22,0.5,2,1,9
REQ00267,Breathing,H018,"Chettinad Hospital and Research Institute",30,1.7,3,4,14
REQ00268,Unconscious,H008,"Fortis Malar Hospital",30,1.8,3,4,34
REQ00269,Breathing,H017,"Gleneagles HealthCity Chennai",30,3.7,7,25,26
REQ00270,Trauma,H019,"Dr. Kamakshi Memorial Hospital",22,6.9,13,18,34
REQ00271,Accident,H030,"Government Hospital of Thoracic Medicine",22,0.9,2,8,23
REQ00272,Breathing,H013,"SIMS Hospital",30,0.9,2,5,3
REQ00273,Other,H025,"Apollo Hospitals Tondiarpet",30,1.6,3,9,9
REQ00274,Unconscious,H025,"Apollo Hospitals Tondiarpet",30,3.5,7,9,9
REQ00275,Cardiac,H026,"CSI Rainy Multispeciality Hospital",18,2.4,4,8,11
REQ00276,Accident,H005,"Government Omandurar Medical College Hospital",22,1.3,2,19,5
REQ00277,Breathing,H020,"Prashanth Super Speciality Hospital",30,2,4,2,14
REQ00278,Trauma,H027,"MGM Healthcare",22,1.7,3,5,16
REQ00279,Stroke,H011,"Madras Medical Mission",18,1.5,3,5,4
REQ00280,Accident,H025,"Apollo Hospitals Tondiarpet",22,12.2,23,9,9
REQ00281,Trauma,H018,"Chettinad Hospital and Research Institute",22,2.1,4,4,14
REQ00282,Breathing,H006,"Institute of Child Health and Hospital for Children",30,0.6,2,20,12
REQ00283,Stroke,H009,"MIOT International",18,4.6,9,8,26
REQ00284,Burn,H011,"Madras Medical Mission",30,2.3,4,5,4
REQ00285,Unconscious,H028,"Kauvery Hospital Alwarpet",30,0.8,2,1,34
REQ00286,Cardiac,H009,"MIOT International",18,4.3,8,8,26
REQ00287,Stroke,H005,"Government Omandurar Medical College Hospital",18,2.1,4,19,5
REQ00288,Cardiac,H011,"Madras Medical Mission",18,1.8,3,5,4
REQ00289,Unconscious,H005,"Government Omandurar Medical College Hospital",30,1.3,2,19,5
REQ00290,General Medical,H025,"Apollo Hospitals Tondiarpet",30,5.6,11,9,9
REQ00291,General Medical,H012,"Sundaram Medical Foundation",30,4.7,9,4,33
REQ00292,Breathing,H002,"Government Stanley Medical College Hospital",30,2.8,5,7,39
REQ00293,Stroke,H012,"Sundaram Medical Foundation",18,0.5,2,4,33
REQ00294,Stroke,H013,"SIMS Hospital",18,0.8,2,5,3
REQ00295,Stroke,H011,"Madras Medical Mission",18,2.2,4,5,4
REQ00296,Accident,H019,"Dr. Kamakshi Memorial Hospital",22,3,6,18,34
REQ00297,Stroke,H019,"Dr. Kamakshi Memorial Hospital",18,18.4,34,18,34
REQ00298,General Medical,H021,"Hindu Mission Hospital",30,2.7,5,16,6
REQ00299,Stroke,H019,"Dr. Kamakshi Memorial Hospital",18,17.2,32,18,34
REQ00300,Breathing,H016,"Apollo Speciality Hospital OMR",30,1.6,3,19,2
REQ00301,Burn,H004,"Government Royapettah Hospital",30,0.3,2,13,11
REQ00302,Cardiac,H023,"ESIC Medical College and Hospital",18,0.8,2,5,32
REQ00303,Cardiac,H007,"Apollo Hospitals Greams Road",18,4.2,8,4,24
REQ00304,Unconscious,H021,"Hindu Mission Hospital",30,2.8,5,16,6
REQ00305,Burn,H013,"SIMS Hospital",30,0.1,2,5,3
REQ00306,Accident,H021,"Hindu Mission Hospital",22,1.6,3,16,6
REQ00307,Breathing,H006,"Institute of Child Health and Hospital for Children",30,2.4,5,20,12
REQ00308,Accident,H007,"Apollo Hospitals Greams Road",22,0.4,2,4,24
REQ00309,General Medical,H009,"MIOT International",30,1.3,2,8,26
REQ00310,Breathing,H013,"SIMS Hospital",30,2.3,4,5,3
REQ00311,General Medical,H018,"Chettinad Hospital and Research Institute",30,1.7,3,4,14
REQ00312,Burn,H019,"Dr. Kamakshi Memorial Hospital",30,1.4,3,18,34
REQ00313,Accident,H030,"Government Hospital of Thoracic Medicine",22,2.6,5,8,23
REQ00314,Trauma,H020,"Prashanth Super Speciality Hospital",22,3.1,6,2,14
REQ00315,Trauma,H025,"Apollo Hospitals Tondiarpet",22,7.7,14,9,9
REQ00316,Stroke,H023,"ESIC Medical College and Hospital",18,0.6,2,5,32
REQ00317,Trauma,H020,"Prashanth Super Speciality Hospital",22,2.8,5,2,14
REQ00318,Trauma,H028,"Kauvery Hospital Alwarpet",22,1.2,2,1,34
REQ00319,Breathing,H023,"ESIC Medical College and Hospital",30,1.2,2,5,32
REQ00320,Breathing,H023,"ESIC Medical College and Hospital",30,0.7,2,5,32
REQ00321,Other,H030,"Government Hospital of Thoracic Medicine",30,0.9,2,8,23
REQ00322,General Medical,H004,"Government Royapettah Hospital",30,1.3,2,13,11
REQ00323,General Medical,H011,"Madras Medical Mission",30,3.3,6,5,4
REQ00324,General Medical,H013,"SIMS Hospital",30,0.1,2,5,3
REQ00325,Unconscious,H023,"ESIC Medical College and Hospital",30,2.5,5,5,32
REQ00326,Stroke,H002,"Government Stanley Medical College Hospital",18,6,11,7,39
REQ00327,Accident,H011,"Madras Medical Mission",22,6.6,12,5,4
REQ00328,Accident,H003,"Government Kilpauk Medical College Hospital",22,2.4,4,1,9
REQ00329,Unconscious,H025,"Apollo Hospitals Tondiarpet",30,5.2,10,9,9
REQ00330,General Medical,H018,"Chettinad Hospital and Research Institute",30,1.7,3,4,14
REQ00331,Breathing,H024,"Billroth Hospitals",30,2.8,5,4,32
REQ00332,Breathing,H018,"Chettinad Hospital and Research Institute",30,3.3,6,4,14
REQ00333,Accident,H027,"MGM Healthcare",22,1.7,3,5,16
REQ00334,Accident,H019,"Dr. Kamakshi Memorial Hospital",22,6,11,18,34
REQ00335,Trauma,H030,"Government Hospital of Thoracic Medicine",22,1.7,3,8,23
REQ00336,Stroke,H001,"Rajiv Gandhi Government General Hospital",18,1.7,3,6,32
REQ00337,Breathing,H007,"Apollo Hospitals Greams Road",30,0.7,2,4,24
REQ00338,Breathing,H025,"Apollo Hospitals Tondiarpet",30,5.3,10,9,9
REQ00339,Cardiac,H002,"Government Stanley Medical College Hospital",18,1.6,3,7,39
REQ00340,Trauma,H022,"Government Hospital Tambaram",22,2,4,6,22
REQ00341,Accident,H006,"Institute of Child Health and Hospital for Children",22,1.2,2,20,12
REQ00342,Accident,H009,"MIOT International",22,5.3,10,8,26
REQ00343,Cardiac,H013,"SIMS Hospital",18,0.9,2,5,3
REQ00344,Stroke,H012,"Sundaram Medical Foundation",18,7.6,14,4,33
REQ00345,Breathing,H022,"Government Hospital Tambaram",30,2.2,4,6,22
REQ00346,Unconscious,H018,"Chettinad Hospital and Research Institute",30,2.6,5,4,14
REQ00347,Cardiac,H012,"Sundaram Medical Foundation",18,0.6,2,4,33
REQ00348,Stroke,H016,"Apollo Speciality Hospital OMR",18,3.4,6,19,2
REQ00349,Unconscious,H013,"SIMS Hospital",30,2.2,4,5,3
REQ00350,Breathing,H011,"Madras Medical Mission",30,1.2,2,5,4
REQ00351,Trauma,H018,"Chettinad Hospital and Research Institute",22,1.1,2,4,14
REQ00352,Unconscious,H027,"MGM Healthcare",30,0.9,2,5,16
REQ00353,Stroke,H011,"Madras Medical Mission",18,0.6,2,5,4
REQ00354,General Medical,H008,"Fortis Malar Hospital",30,1.1,2,4,34
REQ00355,Trauma,H025,"Apollo Hospitals Tondiarpet",22,4.6,9,9,9
REQ00356,Cardiac,H016,"Apollo Speciality Hospital OMR",18,2.2,4,19,2
REQ00357,Trauma,H001,"Rajiv Gandhi Government General Hospital",22,1.4,3,6,32
REQ00358,Trauma,H006,"Institute of Child Health and Hospital for Children",22,2,4,20,12
REQ00359,Accident,H021,"Hindu Mission Hospital",22,0.8,2,16,6
REQ00360,Cardiac,H016,"Apollo Speciality Hospital OMR",18,2.3,4,19,2
REQ00361,Accident,H006,"Institute of Child Health and Hospital for Children",22,0.3,2,20,12
REQ00362,Accident,H025,"Apollo Hospitals Tondiarpet",22,1.7,3,9,9
REQ00363,Accident,H001,"Rajiv Gandhi Government General Hospital",22,1.2,2,6,32
REQ00364,Accident,H020,"Prashanth Super Speciality Hospital",22,3.5,7,2,14
REQ00365,Trauma,H009,"MIOT International",22,2.8,5,8,26
REQ00366,Breathing,H016,"Apollo Speciality Hospital OMR",30,0.8,2,19,2
REQ00367,Breathing,H016,"Apollo Speciality Hospital OMR",30,2.4,4,19,2
REQ00368,Accident,H008,"Fortis Malar Hospital",22,1.8,3,4,34
REQ00369,Breathing,H030,"Government Hospital of Thoracic Medicine",30,1.4,3,8,23
REQ00370,General Medical,H013,"SIMS Hospital",30,1.1,2,5,3
REQ00371,General Medical,H011,"Madras Medical Mission",30,1.2,2,5,4
REQ00372,Breathing,H007,"Apollo Hospitals Greams Road",30,2.2,4,4,24
REQ00373,Other,H011,"Madras Medical Mission",30,0.7,2,5,4
REQ00374,Burn,H001,"Rajiv Gandhi Government General Hospital",30,1.5,3,6,32
REQ00375,General Medical,H019,"Dr. Kamakshi Memorial Hospital",30,1.8,3,18,34
REQ00376,Trauma,H007,"Apollo Hospitals Greams Road",22,1.3,2,4,24
REQ00377,Cardiac,H013,"SIMS Hospital",18,1,2,5,3
REQ00378,Breathing,H013,"SIMS Hospital",30,2.4,5,5,3
REQ00379,Unconscious,H001,"Rajiv Gandhi Government General Hospital",30,0.8,2,6,32
REQ00380,Stroke,H009,"MIOT International",18,1.1,2,8,26
REQ00381,Unconscious,H007,"Apollo Hospitals Greams Road",30,1.1,2,4,24
REQ00382,Accident,H006,"Institute of Child Health and Hospital for Children",22,1.7,3,20,12
REQ00383,Breathing,H013,"SIMS Hospital",30,0.8,2,5,3
REQ00384,Accident,H023,"ESIC Medical College and Hospital",22,3.3,6,5,32
REQ00385,Stroke,H026,"CSI Rainy Multispeciality Hospital",18,8,15,8,11
REQ00386,Unconscious,H016,"Apollo Speciality Hospital OMR",30,2.9,6,19,2
REQ00387,Breathing,H022,"Government Hospital Tambaram",30,1.2,2,6,22
REQ00388,General Medical,H004,"Government Royapettah Hospital",30,1,2,13,11
REQ00389,Accident,H027,"MGM Healthcare",22,1.3,2,5,16
REQ00390,Accident,H006,"Institute of Child Health and Hospital for Children",22,1.1,2,20,12
REQ00391,General Medical,H025,"Apollo Hospitals Tondiarpet",30,13.1,25,9,9
REQ00392,Unconscious,H002,"Government Stanley Medical College Hospital",30,1.1,2,7,39
REQ00393,Accident,H030,"Government Hospital of Thoracic Medicine",22,0.5,2,8,23
REQ00394,General Medical,H018,"Chettinad Hospital and Research Institute",30,1.4,3,4,14
REQ00395,Breathing,H019,"Dr. Kamakshi Memorial Hospital",30,0.7,2,18,34
REQ00396,Stroke,H019,"Dr. Kamakshi Memorial Hospital",18,1.5,3,18,34
REQ00397,Breathing,H020,"Prashanth Super Speciality Hospital",30,2.1,4,2,14
REQ00398,Breathing,H030,"Government Hospital of Thoracic Medicine",30,1,2,8,23
REQ00399,General Medical,H016,"Apollo Speciality Hospital OMR",30,1.5,3,19,2
REQ00400,Accident,H025,"Apollo Hospitals Tondiarpet",22,2.2,4,9,9
REQ00401,Breathing,H001,"Rajiv Gandhi Government General Hospital",30,0.5,2,6,32
REQ00402,Trauma,H001,"Rajiv Gandhi Government General Hospital",22,1.3,2,6,32
REQ00403,Trauma,H028,"Kauvery Hospital Alwarpet",22,1.1,2,1,34
REQ00404,Accident,H019,"Dr. Kamakshi Memorial Hospital",22,0.7,2,18,34
REQ00405,Unconscious,H004,"Government Royapettah Hospital",30,0.4,2,13,11
REQ00406,Accident,H021,"Hindu Mission Hospital",22,1.9,4,16,6
REQ00407,Accident,H021,"Hindu Mission Hospital",22,3,6,16,6
REQ00408,Stroke,H021,"Hindu Mission Hospital",18,2.2,4,16,6
REQ00409,General Medical,H019,"Dr. Kamakshi Memorial Hospital",30,2.9,5,18,34
REQ00410,Breathing,H025,"Apollo Hospitals Tondiarpet",30,9.4,18,9,9
REQ00411,Cardiac,H013,"SIMS Hospital",18,0.4,2,5,3
REQ00412,Breathing,H013,"SIMS Hospital",30,1.7,3,5,3
REQ00413,Accident,H014,"Vijaya Hospital",22,0.7,2,10,12
REQ00414,General Medical,H010,"Sri Ramachandra Medical Centre",30,1.2,2,1,10
REQ00415,Unconscious,H012,"Sundaram Medical Foundation",30,1.1,2,4,33
REQ00416,Trauma,H006,"Institute of Child Health and Hospital for Children",22,1.2,2,20,12
REQ00417,Breathing,H030,"Government Hospital of Thoracic Medicine",30,2.3,4,8,23
REQ00418,Unconscious,H023,"ESIC Medical College and Hospital",30,0.8,2,5,32
REQ00419,Accident,H001,"Rajiv Gandhi Government General Hospital",22,2.7,5,6,32
REQ00420,Unconscious,H023,"ESIC Medical College and Hospital",30,2,4,5,32
REQ00421,Breathing,H016,"Apollo Speciality Hospital OMR",30,1.5,3,19,2
REQ00422,Burn,H006,"Institute of Child Health and Hospital for Children",30,1.4,3,20,12
REQ00423,Stroke,H021,"Hindu Mission Hospital",18,1.1,2,16,6
REQ00424,Accident,H028,"Kauvery Hospital Alwarpet",22,1.3,2,1,34
REQ00425,Accident,H025,"Apollo Hospitals Tondiarpet",22,0.6,2,9,9
REQ00426,Accident,H001,"Rajiv Gandhi Government General Hospital",22,2,4,6,32
REQ00427,General Medical,H007,"Apollo Hospitals Greams Road",30,2.5,5,4,24
REQ00428,Accident,H027,"MGM Healthcare",22,1.8,3,5,16
REQ00429,Cardiac,H011,"Madras Medical Mission",18,6.5,12,5,4
REQ00430,Breathing,H002,"Government Stanley Medical College Hospital",30,1.2,2,7,39
REQ00431,Breathing,H007,"Apollo Hospitals Greams Road",30,2.6,5,4,24
REQ00432,Stroke,H011,"Madras Medical Mission",18,8.5,16,5,4
REQ00433,Cardiac,H016,"Apollo Speciality Hospital OMR",18,1.2,2,19,2
REQ00434,Cardiac,H024,"Billroth Hospitals",18,1.1,2,4,32
REQ00435,Burn,H025,"Apollo Hospitals Tondiarpet",30,1.1,2,9,9
REQ00436,Breathing,H002,"Government Stanley Medical College Hospital",30,2.1,4,7,39
REQ00437,Accident,H009,"MIOT International",22,10.3,19,8,26
REQ00438,Trauma,H019,"Dr. Kamakshi Memorial Hospital",22,4.3,8,18,34
REQ00439,Cardiac,H007,"Apollo Hospitals Greams Road",18,1,2,4,24
REQ00440,Trauma,H019,"Dr. Kamakshi Memorial Hospital",22,0.7,2,18,34
REQ00441,Breathing,H025,"Apollo Hospitals Tondiarpet",30,0.9,2,9,9
REQ00442,Burn,H008,"Fortis Malar Hospital",30,0.6,2,4,34
REQ00443,Trauma,H025,"Apollo Hospitals Tondiarpet",22,10.2,19,9,9
REQ00444,Other,H025,"Apollo Hospitals Tondiarpet",30,1.5,3,9,9
REQ00445,Unconscious,H004,"Government Royapettah Hospital",30,1.2,2,13,11
REQ00446,Trauma,H009,"MIOT International",22,3.2,6,8,26
REQ00447,Breathing,H017,"Gleneagles HealthCity Chennai",30,1.6,3,25,26
REQ00448,Breathing,H023,"ESIC Medical College and Hospital",30,0.8,2,5,32
REQ00449,Stroke,H019,"Dr. Kamakshi Memorial Hospital",18,5,9,18,34
REQ00450,Breathing,H001,"Rajiv Gandhi Government General Hospital",30,1.8,3,6,32
REQ00451,Stroke,H012,"Sundaram Medical Foundation",18,2.8,5,4,33
REQ00452,Cardiac,H007,"Apollo Hospitals Greams Road",18,1.1,2,4,24
REQ00453,Breathing,H026,"CSI Rainy Multispeciality Hospital",30,0.9,2,8,11
REQ00454,Accident,H025,"Apollo Hospitals Tondiarpet",22,8.2,15,9,9
REQ00455,Trauma,H020,"Prashanth Super Speciality Hospital",22,1.9,3,2,14
REQ00456,Trauma,H011,"Madras Medical Mission",22,4.6,9,5,4
REQ00457,Breathing,H016,"Apollo Speciality Hospital OMR",30,3.3,6,19,2
REQ00458,Unconscious,H006,"Institute of Child Health and Hospital for Children",30,0.7,2,20,12
REQ00459,Trauma,H011,"Madras Medical Mission",22,7.4,14,5,4
REQ00460,Unconscious,H025,"Apollo Hospitals Tondiarpet",30,0.8,2,9,9
REQ00461,Cardiac,H013,"SIMS Hospital",18,0.8,2,5,3
REQ00462,Cardiac,H007,"Apollo Hospitals Greams Road",18,1.6,3,4,24
REQ00463,General Medical,H024,"Billroth Hospitals",30,2,4,4,32
REQ00464,Cardiac,H009,"MIOT International",18,2.9,5,8,26
REQ00465,Other,H008,"Fortis Malar Hospital",30,1.7,3,4,34
REQ00466,General Medical,H013,"SIMS Hospital",30,2.2,4,5,3
REQ00467,Cardiac,H026,"CSI Rainy Multispeciality Hospital",18,8.8,17,8,11
REQ00468,Trauma,H011,"Madras Medical Mission",22,3.3,6,5,4
REQ00469,General Medical,H009,"MIOT International",30,2.2,4,8,26
REQ00470,Stroke,H024,"Billroth Hospitals",18,0.1,2,4,32
REQ00471,Accident,H007,"Apollo Hospitals Greams Road",22,0.9,2,4,24
REQ00472,Cardiac,H021,"Hindu Mission Hospital",18,18.9,35,16,6
REQ00473,Unconscious,H009,"MIOT International",30,2.9,5,8,26
REQ00474,Accident,H030,"Government Hospital of Thoracic Medicine",22,3.9,7,8,23
REQ00475,Cardiac,H006,"Institute of Child Health and Hospital for Children",18,0.4,2,20,12
REQ00476,Cardiac,H013,"SIMS Hospital",18,1.4,3,5,3
REQ00477,Breathing,H002,"Government Stanley Medical College Hospital",30,1.4,3,7,39
REQ00478,Trauma,H006,"Institute of Child Health and Hospital for Children",22,0.8,2,20,12
REQ00479,Trauma,H005,"Government Omandurar Medical College Hospital",22,1.2,2,19,5
REQ00480,Cardiac,H002,"Government Stanley Medical College Hospital",18,2.2,4,7,39
REQ00481,General Medical,H023,"ESIC Medical College and Hospital",30,2.1,4,5,32
REQ00482,General Medical,H006,"Institute of Child Health and Hospital for Children",30,1.2,2,20,12
REQ00483,Trauma,H015,"Kauvery Hospital",22,1.2,2,19,7
REQ00484,Stroke,H013,"SIMS Hospital",18,2.3,4,5,3
REQ00485,Accident,H009,"MIOT International",22,0.8,2,8,26
REQ00486,Trauma,H027,"MGM Healthcare",22,0.8,2,5,16
REQ00487,Trauma,H019,"Dr. Kamakshi Memorial Hospital",22,3.6,7,18,34
REQ00488,Cardiac,H011,"Madras Medical Mission",18,6.7,13,5,4
REQ00489,Accident,H008,"Fortis Malar Hospital",22,1.7,3,4,34
REQ00490,Stroke,H007,"Apollo Hospitals Greams Road",18,2.4,5,4,24
REQ00491,Stroke,H029,"Adyar Cancer Institute",18,1.9,4,2,46
REQ00492,Trauma,H014,"Vijaya Hospital",22,1.2,2,10,12
REQ00493,Breathing,H027,"MGM Healthcare",30,0.9,2,5,16
REQ00494,Unconscious,H018,"Chettinad Hospital and Research Institute",30,1.7,3,4,14
REQ00495,Breathing,H012,"Sundaram Medical Foundation",30,0.9,2,4,33
REQ00496,Accident,H011,"Madras Medical Mission",22,1.1,2,5,4
REQ00497,Cardiac,H009,"MIOT International",18,1.2,2,8,26
REQ00498,Trauma,H027,"MGM Healthcare",22,1.6,3,5,16
REQ00499,Unconscious,H009,"MIOT International",30,0.2,2,8,26
REQ00500,Accident,H009,"MIOT International",22,2.2,4,8,26
REQ00501,Accident,H014,"Vijaya Hospital",22,1.1,2,10,12
REQ00502,Cardiac,H011,"Madras Medical Mission",18,3.7,7,5,4
REQ00503,Unconscious,H012,"Sundaram Medical Foundation",30,0.8,2,4,33
REQ00504,Other,H017,"Gleneagles HealthCity Chennai",30,2,4,25,26
REQ00505,Accident,H028,"Kauvery Hospital Alwarpet",22,1.1,2,1,34
REQ00506,Accident,H019,"Dr. Kamakshi Memorial Hospital",22,1.9,4,18,34
REQ00507,Accident,H003,"Government Kilpauk Medical College Hospital",22,1.6,3,1,9
REQ00508,Other,H020,"Prashanth Super Speciality Hospital",30,1.5,3,2,14
REQ00509,Breathing,H025,"Apollo Hospitals Tondiarpet",30,5,9,9,9
REQ00510,Trauma,H019,"Dr. Kamakshi Memorial Hospital",22,2.4,4,18,34
REQ00511,Stroke,H029,"Adyar Cancer Institute",18,0.9,2,2,46
REQ00512,Breathing,H012,"Sundaram Medical Foundation",30,2.2,4,4,33
REQ00513,Other,H010,"Sri Ramachandra Medical Centre",30,1.7,3,1,10
REQ00514,Unconscious,H023,"ESIC Medical College and Hospital",30,2.8,5,5,32
REQ00515,General Medical,H012,"Sundaram Medical Foundation",30,1.8,3,4,33
REQ00516,Burn,H011,"Madras Medical Mission",30,7.9,15,5,4
REQ00517,Cardiac,H002,"Government Stanley Medical College Hospital",18,2.6,5,7,39
REQ00518,General Medical,H020,"Prashanth Super Speciality Hospital",30,1.6,3,2,14
REQ00519,Trauma,H019,"Dr. Kamakshi Memorial Hospital",22,3.2,6,18,34
REQ00520,Cardiac,H016,"Apollo Speciality Hospital OMR",18,1.2,2,19,2
REQ00521,Breathing,H021,"Hindu Mission Hospital",30,2.1,4,16,6
REQ00522,Accident,H027,"MGM Healthcare",22,2.1,4,5,16
REQ00523,Accident,H014,"Vijaya Hospital",22,1.5,3,10,12
REQ00524,Breathing,H021,"Hindu Mission Hospital",30,2.3,4,16,6
REQ00525,Trauma,H014,"Vijaya Hospital",22,1.9,3,10,12
REQ00526,Cardiac,H009,"MIOT International",18,6.2,12,8,26
REQ00527,Stroke,H006,"Institute of Child Health and Hospital for Children",18,0.8,2,20,12
REQ00528,Cardiac,H007,"Apollo Hospitals Greams Road",18,2.1,4,4,24
REQ00529,Accident,H027,"MGM Healthcare",22,1.1,2,5,16
REQ00530,Breathing,H025,"Apollo Hospitals Tondiarpet",30,2.1,4,9,9
REQ00531,Breathing,H002,"Government Stanley Medical College Hospital",30,0.9,2,7,39
REQ00532,General Medical,H019,"Dr. Kamakshi Memorial Hospital",30,2.9,5,18,34
REQ00533,Breathing,H007,"Apollo Hospitals Greams Road",30,1.2,2,4,24
REQ00534,Stroke,H006,"Institute of Child Health and Hospital for Children",18,1.9,3,20,12
REQ00535,Stroke,H007,"Apollo Hospitals Greams Road",18,1.2,2,4,24
REQ00536,Cardiac,H016,"Apollo Speciality Hospital OMR",18,0.9,2,19,2
REQ00537,Other,H022,"Government Hospital Tambaram",30,2.8,5,6,22
REQ00538,Stroke,H026,"CSI Rainy Multispeciality Hospital",18,3.1,6,8,11
REQ00539,Accident,H005,"Government Omandurar Medical College Hospital",22,1.9,4,19,5
REQ00540,Trauma,H027,"MGM Healthcare",22,1.2,2,5,16
REQ00541,Accident,H015,"Kauvery Hospital",22,1.2,2,19,7
REQ00542,General Medical,H011,"Madras Medical Mission",30,1.6,3,5,4
REQ00543,Trauma,H029,"Adyar Cancer Institute",22,2.2,4,2,46
REQ00544,General Medical,H016,"Apollo Speciality Hospital OMR",30,1,2,19,2
REQ00545,Breathing,H027,"MGM Healthcare",30,1.7,3,5,16
REQ00546,Other,H004,"Government Royapettah Hospital",30,1.3,2,13,11
REQ00547,Accident,H025,"Apollo Hospitals Tondiarpet",22,11.1,21,9,9
REQ00548,Breathing,H009,"MIOT International",30,2,4,8,26
REQ00549,Burn,H013,"SIMS Hospital",30,2.2,4,5,3
REQ00550,Accident,H009,"MIOT International",22,8.7,16,8,26
REQ00551,Breathing,H012,"Sundaram Medical Foundation",30,1,2,4,33
REQ00552,Accident,H009,"MIOT International",22,5.6,11,8,26
REQ00553,Accident,H027,"MGM Healthcare",22,2.6,5,5,16
REQ00554,Cardiac,H016,"Apollo Speciality Hospital OMR",18,3,6,19,2
REQ00555,Trauma,H026,"CSI Rainy Multispeciality Hospital",22,2,4,8,11
REQ00556,Burn,H025,"Apollo Hospitals Tondiarpet",30,9.5,18,9,9
REQ00557,Accident,H005,"Government Omandurar Medical College Hospital",22,1.7,3,19,5
REQ00558,General Medical,H020,"Prashanth Super Speciality Hospital",30,1.2,2,2,14
REQ00559,Stroke,H024,"Billroth Hospitals",18,0.2,2,4,32
REQ00560,Stroke,H019,"Dr. Kamakshi Memorial Hospital",18,5.4,10,18,34
REQ00561,Trauma,H025,"Apollo Hospitals Tondiarpet",22,11.9,22,9,9
REQ00562,Accident,H014,"Vijaya Hospital",22,2,4,10,12
REQ00563,Cardiac,H029,"Adyar Cancer Institute",18,2.8,5,2,46
REQ00564,General Medical,H025,"Apollo Hospitals Tondiarpet",30,9.1,17,9,9
REQ00565,Stroke,H001,"Rajiv Gandhi Government General Hospital",18,1.1,2,6,32
REQ00566,Cardiac,H029,"Adyar Cancer Institute",18,1.8,3,2,46
REQ00567,Trauma,H027,"MGM Healthcare",22,2.5,5,5,16
REQ00568,Unconscious,H024,"Billroth Hospitals",30,0.3,2,4,32
REQ00569,General Medical,H006,"Institute of Child Health and Hospital for Children",30,0.1,2,20,12
REQ00570,Accident,H014,"Vijaya Hospital",22,1.6,3,10,12
REQ00571,General Medical,H011,"Madras Medical Mission",30,1.4,3,5,4
REQ00572,Trauma,H011,"Madras Medical Mission",22,2.4,4,5,4
REQ00573,Accident,H019,"Dr. Kamakshi Memorial Hospital",22,4.1,8,18,34
REQ00574,Breathing,H011,"Madras Medical Mission",30,7.3,14,5,4
REQ00575,Breathing,H023,"ESIC Medical College and Hospital",30,1.8,3,5,32
REQ00576,Accident,H008,"Fortis Malar Hospital",22,1.9,4,4,34
REQ00577,Accident,H009,"MIOT International",22,6.1,11,8,26
REQ00578,Trauma,H007,"Apollo Hospitals Greams Road",22,1.6,3,4,24
REQ00579,Accident,H025,"Apollo Hospitals Tondiarpet",22,6.3,12,9,9
REQ00580,Trauma,H001,"Rajiv Gandhi Government General Hospital",22,2.2,4,6,32
REQ00581,Stroke,H012,"Sundaram Medical Foundation",18,7.4,14,4,33
REQ00582,Accident,H020,"Prashanth Super Speciality Hospital",22,1.8,3,2,14
REQ00583,Cardiac,H019,"Dr. Kamakshi Memorial Hospital",18,7.6,14,18,34
REQ00584,Accident,H027,"MGM Healthcare",22,2.1,4,5,16
REQ00585,Trauma,H001,"Rajiv Gandhi Government General Hospital",22,0.3,2,6,32
REQ00586,Cardiac,H016,"Apollo Speciality Hospital OMR",18,0.6,2,19,2
REQ00587,Accident,H011,"Madras Medical Mission",22,8.5,16,5,4
REQ00588,Stroke,H019,"Dr. Kamakshi Memorial Hospital",18,6.2,12,18,34
REQ00589,Accident,H025,"Apollo Hospitals Tondiarpet",22,3.3,6,9,9
REQ00590,Accident,H020,"Prashanth Super Speciality Hospital",22,1.7,3,2,14
REQ00591,Breathing,H013,"SIMS Hospital",30,0.1,2,5,3
REQ00592,Unconscious,H024,"Billroth Hospitals",30,0.4,2,4,32
REQ00593,General Medical,H030,"Government Hospital of Thoracic Medicine",30,2.5,5,8,23
REQ00594,Cardiac,H002,"Government Stanley Medical College Hospital",18,1.8,3,7,39
REQ00595,Cardiac,H013,"SIMS Hospital",18,1,2,5,3
REQ00596,Unconscious,H013,"SIMS Hospital",30,0.8,2,5,3
REQ00597,Stroke,H009,"MIOT International",18,1.1,2,8,26
REQ00598,Trauma,H019,"Dr. Kamakshi Memorial Hospital",22,5.4,10,18,34
REQ00599,Unconscious,H016,"Apollo Speciality Hospital OMR",30,1.5,3,19,2
REQ00600,Unconscious,H026,"CSI Rainy Multispeciality Hospital",30,1.8,3,8,11
REQ00601,Cardiac,H016,"Apollo Speciality Hospital OMR",18,2.6,5,19,2
REQ00602,Breathing,H016,"Apollo Speciality Hospital OMR",30,1.5,3,19,2
REQ00603,Other,H010,"Sri Ramachandra Medical Centre",30,4.7,9,1,10
REQ00604,Breathing,H016,"Apollo Speciality Hospital OMR",30,2.3,4,19,2
REQ00605,Cardiac,H007,"Apollo Hospitals Greams Road",18,2.3,4,4,24
REQ00606,Unconscious,H030,"Government Hospital of Thoracic Medicine",30,0.4,2,8,23
REQ00607,Accident,H005,"Government Omandurar Medical College Hospital",22,1.6,3,19,5
REQ00608,Trauma,H019,"Dr. Kamakshi Memorial Hospital",22,2.2,4,18,34
REQ00609,Accident,H006,"Institute of Child Health and Hospital for Children",22,2.1,4,20,12
REQ00610,Accident,H011,"Madras Medical Mission",22,0.9,2,5,4
REQ00611,Unconscious,H025,"Apollo Hospitals Tondiarpet",30,9.3,17,9,9
REQ00612,Cardiac,H024,"Billroth Hospitals",18,0.8,2,4,32
REQ00613,Cardiac,H021,"Hindu Mission Hospital",18,1.4,3,16,6
REQ00614,Trauma,H026,"CSI Rainy Multispeciality Hospital",22,0.5,2,8,11
REQ00615,Accident,H023,"ESIC Medical College and Hospital",22,0.9,2,5,32
REQ00616,Stroke,H007,"Apollo Hospitals Greams Road",18,2.4,4,4,24
REQ00617,Stroke,H011,"Madras Medical Mission",18,1.3,2,5,4
REQ00618,General Medical,H028,"Kauvery Hospital Alwarpet",30,2.2,4,1,34
REQ00619,Cardiac,H024,"Billroth Hospitals",18,2.2,4,4,32
REQ00620,Cardiac,H029,"Adyar Cancer Institute",18,1.9,3,2,46
REQ00621,Accident,H019,"Dr. Kamakshi Memorial Hospital",22,5.3,10,18,34
REQ00622,Cardiac,H019,"Dr. Kamakshi Memorial Hospital",18,17.7,33,18,34
REQ00623,Stroke,H011,"Madras Medical Mission",18,8.6,16,5,4
REQ00624,Burn,H016,"Apollo Speciality Hospital OMR",30,0.5,2,19,2
REQ00625,Cardiac,H026,"CSI Rainy Multispeciality Hospital",18,3.8,7,8,11
REQ00626,Breathing,H010,"Sri Ramachandra Medical Centre",30,2.3,4,1,10
REQ00627,Stroke,H026,"CSI Rainy Multispeciality Hospital",18,6.8,13,8,11
REQ00628,Accident,H020,"Prashanth Super Speciality Hospital",22,1.7,3,2,14
REQ00629,Breathing,H011,"Madras Medical Mission",30,2.1,4,5,4
REQ00630,Trauma,H014,"Vijaya Hospital",22,0.7,2,10,12
REQ00631,General Medical,H012,"Sundaram Medical Foundation",30,1.6,3,4,33
REQ00632,Trauma,H011,"Madras Medical Mission",22,1.7,3,5,4
REQ00633,Trauma,H006,"Institute of Child Health and Hospital for Children",22,1.9,4,20,12
REQ00634,Stroke,H026,"CSI Rainy Multispeciality Hospital",18,2.9,5,8,11
REQ00635,Accident,H011,"Madras Medical Mission",22,1.5,3,5,4
REQ00636,Burn,H016,"Apollo Speciality Hospital OMR",30,2.6,5,19,2
REQ00637,Trauma,H027,"MGM Healthcare",22,0.4,2,5,16
REQ00638,Stroke,H024,"Billroth Hospitals",18,1.3,2,4,32
REQ00639,Trauma,H008,"Fortis Malar Hospital",22,0.9,2,4,34
REQ00640,Breathing,H006,"Institute of Child Health and Hospital for Children",30,0.6,2,20,12
REQ00641,Cardiac,H013,"SIMS Hospital",18,1.2,2,5,3
REQ00642,Trauma,H014,"Vijaya Hospital",22,1,2,10,12
REQ00643,Breathing,H019,"Dr. Kamakshi Memorial Hospital",30,2.2,4,18,34
REQ00644,Accident,H011,"Madras Medical Mission",22,5.6,11,5,4
REQ00645,Breathing,H007,"Apollo Hospitals Greams Road",30,1.2,2,4,24
REQ00646,General Medical,H018,"Chettinad Hospital and Research Institute",30,2.4,4,4,14
REQ00647,Accident,H025,"Apollo Hospitals Tondiarpet",22,7,13,9,9
REQ00648,Unconscious,H018,"Chettinad Hospital and Research Institute",30,2.3,4,4,14
REQ00649,Burn,H004,"Government Royapettah Hospital",30,1.3,2,13,11
REQ00650,Trauma,H027,"MGM Healthcare",22,1.6,3,5,16
REQ00651,Breathing,H006,"Institute of Child Health and Hospital for Children",30,2.1,4,20,12
REQ00652,Accident,H019,"Dr. Kamakshi Memorial Hospital",22,3.3,6,18,34
REQ00653,Breathing,H025,"Apollo Hospitals Tondiarpet",30,0.3,2,9,9
REQ00654,Unconscious,H017,"Gleneagles HealthCity Chennai",30,2,4,25,26
REQ00655,Unconscious,H016,"Apollo Speciality Hospital OMR",30,2.4,4,19,2
REQ00656,Stroke,H007,"Apollo Hospitals Greams Road",18,1.6,3,4,24
REQ00657,General Medical,H023,"ESIC Medical College and Hospital",30,0.9,2,5,32
REQ00658,Cardiac,H009,"MIOT International",18,3.7,7,8,26
REQ00659,Trauma,H005,"Government Omandurar Medical College Hospital",22,1.4,3,19,5
REQ00660,Cardiac,H009,"MIOT International",18,4.9,9,8,26
REQ00661,Stroke,H005,"Government Omandurar Medical College Hospital",18,1.8,3,19,5
REQ00662,Breathing,H013,"SIMS Hospital",30,0.7,2,5,3
REQ00663,Accident,H026,"CSI Rainy Multispeciality Hospital",22,0.9,2,8,11
REQ00664,Breathing,H011,"Madras Medical Mission",30,0.9,2,5,4
REQ00665,Stroke,H021,"Hindu Mission Hospital",18,2.1,4,16,6
REQ00666,Breathing,H011,"Madras Medical Mission",30,8.2,15,5,4
REQ00667,Accident,H019,"Dr. Kamakshi Memorial Hospital",22,2,4,18,34
REQ00668,General Medical,H011,"Madras Medical Mission",30,2.1,4,5,4
REQ00669,Cardiac,H012,"Sundaram Medical Foundation",18,1.5,3,4,33
REQ00670,Trauma,H025,"Apollo Hospitals Tondiarpet",22,10.7,20,9,9
REQ00671,Breathing,H010,"Sri Ramachandra Medical Centre",30,8.4,16,1,10
REQ00672,Burn,H002,"Government Stanley Medical College Hospital",30,1.3,2,7,39
REQ00673,General Medical,H011,"Madras Medical Mission",30,9.2,17,5,4
REQ00674,General Medical,H027,"MGM Healthcare",30,0.9,2,5,16
REQ00675,Other,H002,"Government Stanley Medical College Hospital",30,0.9,2,7,39
REQ00676,Breathing,H025,"Apollo Hospitals Tondiarpet",30,1.8,3,9,9
REQ00677,Accident,H019,"Dr. Kamakshi Memorial Hospital",22,2,4,18,34
REQ00678,Unconscious,H013,"SIMS Hospital",30,0,2,5,3
REQ00679,Accident,H028,"Kauvery Hospital Alwarpet",22,2.7,5,1,34
REQ00680,Cardiac,H006,"Institute of Child Health and Hospital for Children",18,1.1,2,20,12
REQ00681,Trauma,H005,"Government Omandurar Medical College Hospital",22,1,2,19,5
REQ00682,Accident,H023,"ESIC Medical College and Hospital",22,1,2,5,32
REQ00683,Accident,H025,"Apollo Hospitals Tondiarpet",22,2.5,5,9,9
REQ00684,General Medical,H002,"Government Stanley Medical College Hospital",30,1.2,2,7,39
REQ00685,Other,H004,"Government Royapettah Hospital",30,2.1,4,13,11
REQ00686,Trauma,H027,"MGM Healthcare",22,0.1,2,5,16
REQ00687,Breathing,H023,"ESIC Medical College and Hospital",30,1.3,2,5,32
REQ00688,Accident,H011,"Madras Medical Mission",22,10.2,19,5,4
REQ00689,General Medical,H029,"Adyar Cancer Institute",30,1.4,3,2,46
REQ00690,General Medical,H028,"Kauvery Hospital Alwarpet",30,0.4,2,1,34
REQ00691,Cardiac,H023,"ESIC Medical College and Hospital",18,2.2,4,5,32
REQ00692,General Medical,H022,"Government Hospital Tambaram",30,1.2,2,6,22
REQ00693,Accident,H019,"Dr. Kamakshi Memorial Hospital",22,6.4,12,18,34
REQ00694,Other,H001,"Rajiv Gandhi Government General Hospital",30,0.4,2,6,32
REQ00695,Cardiac,H026,"CSI Rainy Multispeciality Hospital",18,6.3,12,8,11
REQ00696,Stroke,H011,"Madras Medical Mission",18,4.8,9,5,4
REQ00697,Trauma,H009,"MIOT International",22,7.8,15,8,26
REQ00698,General Medical,H025,"Apollo Hospitals Tondiarpet",30,1.7,3,9,9
REQ00699,Accident,H020,"Prashanth Super Speciality Hospital",22,0.9,2,2,14
REQ00700,Trauma,H008,"Fortis Malar Hospital",22,4.6,9,4,34
REQ00701,Breathing,H018,"Chettinad Hospital and Research Institute",30,1.3,2,4,14
REQ00702,Accident,H025,"Apollo Hospitals Tondiarpet",22,2,4,9,9
REQ00703,Cardiac,H002,"Government Stanley Medical College Hospital",18,1.7,3,7,39
REQ00704,Trauma,H030,"Government Hospital of Thoracic Medicine",22,4.6,9,8,23
REQ00705,Trauma,H025,"Apollo Hospitals Tondiarpet",22,0.9,2,9,9
REQ00706,Trauma,H009,"MIOT International",22,2.1,4,8,26
REQ00707,Accident,H025,"Apollo Hospitals Tondiarpet",22,2,4,9,9
REQ00708,Accident,H007,"Apollo Hospitals Greams Road",22,1,2,4,24
REQ00709,Other,H007,"Apollo Hospitals Greams Road",30,1.7,3,4,24
REQ00710,Stroke,H006,"Institute of Child Health and Hospital for Children",18,2.8,5,20,12
REQ00711,Unconscious,H009,"MIOT International",30,0.9,2,8,26
REQ00712,Trauma,H022,"Government Hospital Tambaram",22,1.2,2,6,22
REQ00713,General Medical,H017,"Gleneagles HealthCity Chennai",30,2.1,4,25,26
REQ00714,Unconscious,H012,"Sundaram Medical Foundation",30,1.8,3,4,33
REQ00715,Unconscious,H011,"Madras Medical Mission",30,1.5,3,5,4
REQ00716,Cardiac,H006,"Institute of Child Health and Hospital for Children",18,1.6,3,20,12
REQ00717,Trauma,H014,"Vijaya Hospital",22,1.2,2,10,12
REQ00718,Accident,H009,"MIOT International",22,3.3,6,8,26
REQ00719,Stroke,H011,"Madras Medical Mission",18,2.3,4,5,4
REQ00720,Accident,H003,"Government Kilpauk Medical College Hospital",22,1.2,2,1,9
REQ00721,Unconscious,H008,"Fortis Malar Hospital",30,1,2,4,34
REQ00722,Trauma,H019,"Dr. Kamakshi Memorial Hospital",22,3.6,7,18,34
REQ00723,Accident,H007,"Apollo Hospitals Greams Road",22,1.5,3,4,24
REQ00724,Trauma,H011,"Madras Medical Mission",22,4.8,9,5,4
REQ00725,General Medical,H012,"Sundaram Medical Foundation",30,1.5,3,4,33
REQ00726,Other,H022,"Government Hospital Tambaram",30,2.1,4,6,22
REQ00727,General Medical,H021,"Hindu Mission Hospital",30,1.5,3,16,6
REQ00728,Accident,H027,"MGM Healthcare",22,1,2,5,16
REQ00729,Trauma,H021,"Hindu Mission Hospital",22,1.5,3,16,6
REQ00730,Breathing,H012,"Sundaram Medical Foundation",30,0.3,2,4,33
REQ00731,Breathing,H002,"Government Stanley Medical College Hospital",30,2.3,4,7,39
REQ00732,Trauma,H014,"Vijaya Hospital",22,1.5,3,10,12
REQ00733,Stroke,H001,"Rajiv Gandhi Government General Hospital",18,1.5,3,6,32
REQ00734,Trauma,H011,"Madras Medical Mission",22,10.1,19,5,4
REQ00735,Stroke,H011,"Madras Medical Mission",18,1.1,2,5,4
REQ00736,Burn,H018,"Chettinad Hospital and Research Institute",30,2.7,5,4,14
REQ00737,Cardiac,H016,"Apollo Speciality Hospital OMR",18,3.4,6,19,2
REQ00738,Stroke,H024,"Billroth Hospitals",18,1.1,2,4,32
REQ00739,Breathing,H029,"Adyar Cancer Institute",30,2.1,4,2,46
REQ00740,Other,H017,"Gleneagles HealthCity Chennai",30,4,8,25,26
REQ00741,General Medical,H013,"SIMS Hospital",30,0.3,2,5,3
REQ00742,Accident,H028,"Kauvery Hospital Alwarpet",22,2.7,5,1,34
REQ00743,Accident,H018,"Chettinad Hospital and Research Institute",22,2,4,4,14
REQ00744,Breathing,H009,"MIOT International",30,0.8,2,8,26
REQ00745,Accident,H023,"ESIC Medical College and Hospital",22,1.1,2,5,32
REQ00746,Breathing,H001,"Rajiv Gandhi Government General Hospital",30,1.9,3,6,32
REQ00747,Breathing,H012,"Sundaram Medical Foundation",30,0.5,2,4,33
REQ00748,Cardiac,H005,"Government Omandurar Medical College Hospital",18,1.3,2,19,5
REQ00749,Breathing,H005,"Government Omandurar Medical College Hospital",30,0.9,2,19,5
REQ00750,Stroke,H007,"Apollo Hospitals Greams Road",18,0.6,2,4,24
REQ00751,Accident,H014,"Vijaya Hospital",22,0.2,2,10,12
REQ00752,Accident,H029,"Adyar Cancer Institute",22,2.5,5,2,46
REQ00753,Unconscious,H007,"Apollo Hospitals Greams Road",30,1.1,2,4,24
REQ00754,Unconscious,H019,"Dr. Kamakshi Memorial Hospital",30,1.9,3,18,34
REQ00755,Other,H019,"Dr. Kamakshi Memorial Hospital",30,2.2,4,18,34
REQ00756,Accident,H011,"Madras Medical Mission",22,0.8,2,5,4
REQ00757,Unconscious,H006,"Institute of Child Health and Hospital for Children",30,0.3,2,20,12
REQ00758,Breathing,H016,"Apollo Speciality Hospital OMR",30,2.4,4,19,2
REQ00759,Cardiac,H006,"Institute of Child Health and Hospital for Children",18,1.8,3,20,12
REQ00760,Stroke,H024,"Billroth Hospitals",18,1,2,4,32
REQ00761,Cardiac,H016,"Apollo Speciality Hospital OMR",18,2.7,5,19,2
REQ00762,Accident,H009,"MIOT International",22,2.1,4,8,26
REQ00763,Cardiac,H016,"Apollo Speciality Hospital OMR",18,0.6,2,19,2
REQ00764,Breathing,H012,"Sundaram Medical Foundation",30,5,9,4,33
REQ00765,Cardiac,H024,"Billroth Hospitals",18,0.5,2,4,32
REQ00766,Accident,H007,"Apollo Hospitals Greams Road",22,0.8,2,4,24
REQ00767,Breathing,H025,"Apollo Hospitals Tondiarpet",30,5.4,10,9,9
REQ00768,Burn,H013,"SIMS Hospital",30,0.8,2,5,3
REQ00769,Cardiac,H026,"CSI Rainy Multispeciality Hospital",18,3.3,6,8,11
REQ00770,Other,H012,"Sundaram Medical Foundation",30,6.6,12,4,33
REQ00771,Trauma,H019,"Dr. Kamakshi Memorial Hospital",22,4.9,9,18,34
REQ00772,Accident,H025,"Apollo Hospitals Tondiarpet",22,8.5,16,9,9
REQ00773,Accident,H028,"Kauvery Hospital Alwarpet",22,0.3,2,1,34
REQ00774,Unconscious,H004,"Government Royapettah Hospital",30,1.2,2,13,11
REQ00775,General Medical,H011,"Madras Medical Mission",30,10.4,19,5,4
REQ00776,Unconscious,H001,"Rajiv Gandhi Government General Hospital",30,0.9,2,6,32
REQ00777,General Medical,H002,"Government Stanley Medical College Hospital",30,1.2,2,7,39
REQ00778,Trauma,H019,"Dr. Kamakshi Memorial Hospital",22,5,9,18,34
REQ00779,General Medical,H030,"Government Hospital of Thoracic Medicine",30,1.8,3,8,23
REQ00780,Trauma,H018,"Chettinad Hospital and Research Institute",22,2,4,4,14
REQ00781,Accident,H018,"Chettinad Hospital and Research Institute",22,1.6,3,4,14
REQ00782,General Medical,H002,"Government Stanley Medical College Hospital",30,1.3,2,7,39
REQ00783,Accident,H008,"Fortis Malar Hospital",22,1,2,4,34
REQ00784,Cardiac,H012,"Sundaram Medical Foundation",18,0.8,2,4,33
REQ00785,Cardiac,H013,"SIMS Hospital",18,0.9,2,5,3
REQ00786,Cardiac,H011,"Madras Medical Mission",18,12.3,23,5,4
REQ00787,Breathing,H022,"Government Hospital Tambaram",30,0.9,2,6,22
REQ00788,Stroke,H005,"Government Omandurar Medical College Hospital",18,4.2,8,19,5
REQ00789,Trauma,H025,"Apollo Hospitals Tondiarpet",22,9.1,17,9,9
REQ00790,Cardiac,H026,"CSI Rainy Multispeciality Hospital",18,6.3,12,8,11
REQ00791,Breathing,H009,"MIOT International",30,1.3,2,8,26
REQ00792,Cardiac,H019,"Dr. Kamakshi Memorial Hospital",18,2.2,4,18,34
REQ00793,Trauma,H007,"Apollo Hospitals Greams Road",22,2.2,4,4,24
REQ00794,Cardiac,H012,"Sundaram Medical Foundation",18,7.6,14,4,33
REQ00795,Accident,H028,"Kauvery Hospital Alwarpet",22,1.3,3,1,34
REQ00796,Burn,H026,"CSI Rainy Multispeciality Hospital",30,1.2,2,8,11
REQ00797,Cardiac,H026,"CSI Rainy Multispeciality Hospital",18,12.2,23,8,11
REQ00798,Accident,H026,"CSI Rainy Multispeciality Hospital",22,0.2,2,8,11
REQ00799,General Medical,H019,"Dr. Kamakshi Memorial Hospital",30,1.3,3,18,34
REQ00800,Breathing,H012,"Sundaram Medical Foundation",30,2.1,4,4,33
REQ00801,Other,H025,"Apollo Hospitals Tondiarpet",30,1.8,3,9,9
REQ00802,Trauma,H008,"Fortis Malar Hospital",22,5.3,10,4,34
REQ00803,General Medical,H014,"Vijaya Hospital",30,1.9,3,10,12
REQ00804,Accident,H011,"Madras Medical Mission",22,7.1,13,5,4
REQ00805,Accident,H025,"Apollo Hospitals Tondiarpet",22,2.1,4,9,9
REQ00806,Trauma,H007,"Apollo Hospitals Greams Road",22,2.1,4,4,24
REQ00807,Breathing,H025,"Apollo Hospitals Tondiarpet",30,1.7,3,9,9
REQ00808,Breathing,H013,"SIMS Hospital",30,1.2,2,5,3
REQ00809,Trauma,H007,"Apollo Hospitals Greams Road",22,0.6,2,4,24
REQ00810,Accident,H023,"ESIC Medical College and Hospital",22,1.4,3,5,32
REQ00811,Other,H002,"Government Stanley Medical College Hospital",30,1.6,3,7,39
REQ00812,Stroke,H002,"Government Stanley Medical College Hospital",18,0.7,2,7,39
REQ00813,General Medical,H012,"Sundaram Medical Foundation",30,1.1,2,4,33
REQ00814,Accident,H011,"Madras Medical Mission",22,1.3,2,5,4
REQ00815,Cardiac,H011,"Madras Medical Mission",18,8.6,16,5,4
REQ00816,Accident,H008,"Fortis Malar Hospital",22,2.4,4,4,34
REQ00817,Cardiac,H007,"Apollo Hospitals Greams Road",18,2.1,4,4,24
REQ00818,Breathing,H011,"Madras Medical Mission",30,1.8,3,5,4
REQ00819,Unconscious,H002,"Government Stanley Medical College Hospital",30,2.5,5,7,39
REQ00820,Cardiac,H009,"MIOT International",18,4.1,8,8,26
REQ00821,Other,H009,"MIOT International",30,1.7,3,8,26
REQ00822,Stroke,H009,"MIOT International",18,1.5,3,8,26
REQ00823,Breathing,H017,"Gleneagles HealthCity Chennai",30,0.3,2,25,26
REQ00824,Accident,H029,"Adyar Cancer Institute",22,1.5,3,2,46
REQ00825,Burn,H011,"Madras Medical Mission",30,3.2,6,5,4
REQ00826,Cardiac,H012,"Sundaram Medical Foundation",18,0.7,2,4,33
REQ00827,General Medical,H004,"Government Royapettah Hospital",30,0.8,2,13,11
REQ00828,Trauma,H009,"MIOT International",22,2.7,5,8,26
REQ00829,Cardiac,H019,"Dr. Kamakshi Memorial Hospital",18,3.1,6,18,34
REQ00830,Accident,H022,"Government Hospital Tambaram",22,2.1,4,6,22
REQ00831,Trauma,H021,"Hindu Mission Hospital",22,2,4,16,6
REQ00832,Burn,H010,"Sri Ramachandra Medical Centre",30,1.4,3,1,10
REQ00833,Accident,H026,"CSI Rainy Multispeciality Hospital",22,1.5,3,8,11
REQ00834,Unconscious,H028,"Kauvery Hospital Alwarpet",30,1.2,2,1,34
REQ00835,General Medical,H001,"Rajiv Gandhi Government General Hospital",30,0.8,2,6,32
REQ00836,Unconscious,H004,"Government Royapettah Hospital",30,0.7,2,13,11
REQ00837,Trauma,H014,"Vijaya Hospital",22,1.1,2,10,12
REQ00838,Unconscious,H016,"Apollo Speciality Hospital OMR",30,2.2,4,19,2
REQ00839,Cardiac,H009,"MIOT International",18,4.7,9,8,26
REQ00840,Breathing,H001,"Rajiv Gandhi Government General Hospital",30,1.1,2,6,32
REQ00841,Stroke,H013,"SIMS Hospital",18,2.1,4,5,3
REQ00842,Accident,H027,"MGM Healthcare",22,3.6,7,5,16
REQ00843,Cardiac,H026,"CSI Rainy Multispeciality Hospital",18,7.8,15,8,11
REQ00844,Trauma,H019,"Dr. Kamakshi Memorial Hospital",22,5.6,10,18,34
REQ00845,Cardiac,H001,"Rajiv Gandhi Government General Hospital",18,1.2,2,6,32
REQ00846,Trauma,H007,"Apollo Hospitals Greams Road",22,1.1,2,4,24
REQ00847,Accident,H011,"Madras Medical Mission",22,2.2,4,5,4
REQ00848,Unconscious,H020,"Prashanth Super Speciality Hospital",30,1.6,3,2,14
REQ00849,Accident,H007,"Apollo Hospitals Greams Road",22,0.5,2,4,24
REQ00850,Accident,H025,"Apollo Hospitals Tondiarpet",22,7.2,13,9,9
REQ00851,Accident,H011,"Madras Medical Mission",22,6.3,12,5,4
REQ00852,Breathing,H021,"Hindu Mission Hospital",30,2.1,4,16,6
REQ00853,Trauma,H019,"Dr. Kamakshi Memorial Hospital",22,2.2,4,18,34
REQ00854,Unconscious,H007,"Apollo Hospitals Greams Road",30,1.5,3,4,24
REQ00855,Accident,H025,"Apollo Hospitals Tondiarpet",22,0.4,2,9,9
REQ00856,General Medical,H002,"Government Stanley Medical College Hospital",30,0.8,2,7,39
REQ00857,Cardiac,H007,"Apollo Hospitals Greams Road",18,1,2,4,24
REQ00858,Breathing,H021,"Hindu Mission Hospital",30,0.5,2,16,6
REQ00859,Stroke,H023,"ESIC Medical College and Hospital",18,1.3,3,5,32
REQ00860,Breathing,H001,"Rajiv Gandhi Government General Hospital",30,1.3,2,6,32
REQ00861,Stroke,H011,"Madras Medical Mission",18,5.5,10,5,4
REQ00862,Cardiac,H002,"Government Stanley Medical College Hospital",18,1.5,3,7,39
REQ00863,General Medical,H027,"MGM Healthcare",30,1.2,2,5,16
REQ00864,General Medical,H025,"Apollo Hospitals Tondiarpet",30,0.7,2,9,9
REQ00865,Trauma,H006,"Institute of Child Health and Hospital for Children",22,0.3,2,20,12
REQ00866,Cardiac,H012,"Sundaram Medical Foundation",18,8.6,16,4,33
REQ00867,Cardiac,H019,"Dr. Kamakshi Memorial Hospital",18,16.3,30,18,34
REQ00868,Unconscious,H025,"Apollo Hospitals Tondiarpet",30,10.6,20,9,9
REQ00869,Cardiac,H007,"Apollo Hospitals Greams Road",18,2.1,4,4,24
REQ00870,General Medical,H002,"Government Stanley Medical College Hospital",30,0.7,2,7,39
REQ00871,Trauma,H028,"Kauvery Hospital Alwarpet",22,1.1,2,1,34
REQ00872,Cardiac,H006,"Institute of Child Health and Hospital for Children",18,2.2,4,20,12
REQ00873,Cardiac,H019,"Dr. Kamakshi Memorial Hospital",18,20.3,38,18,34
REQ00874,Unconscious,H023,"ESIC Medical College and Hospital",30,2.9,5,5,32
REQ00875,Trauma,H027,"MGM Healthcare",22,1.3,2,5,16
REQ00876,Stroke,H023,"ESIC Medical College and Hospital",18,2,4,5,32
REQ00877,Accident,H019,"Dr. Kamakshi Memorial Hospital",22,3.7,7,18,34
REQ00878,Cardiac,H011,"Madras Medical Mission",18,9.3,17,5,4
REQ00879,Accident,H030,"Government Hospital of Thoracic Medicine",22,0.3,2,8,23
REQ00880,Accident,H019,"Dr. Kamakshi Memorial Hospital",22,2.1,4,18,34
REQ00881,Accident,H009,"MIOT International",22,0.7,2,8,26
REQ00882,Accident,H009,"MIOT International",22,4.2,8,8,26
REQ00883,Trauma,H025,"Apollo Hospitals Tondiarpet",22,1.6,3,9,9
REQ00884,General Medical,H001,"Rajiv Gandhi Government General Hospital",30,2.1,4,6,32
REQ00885,Accident,H014,"Vijaya Hospital",22,1.7,3,10,12
REQ00886,General Medical,H007,"Apollo Hospitals Greams Road",30,1,2,4,24
REQ00887,Unconscious,H004,"Government Royapettah Hospital",30,1.9,4,13,11
REQ00888,Accident,H027,"MGM Healthcare",22,1.2,2,5,16
REQ00889,General Medical,H010,"Sri Ramachandra Medical Centre",30,1.3,2,1,10
REQ00890,Cardiac,H016,"Apollo Speciality Hospital OMR",18,2.2,4,19,2
REQ00891,Accident,H025,"Apollo Hospitals Tondiarpet",22,1.3,2,9,9
REQ00892,Unconscious,H012,"Sundaram Medical Foundation",30,0.8,2,4,33
REQ00893,Stroke,H011,"Madras Medical Mission",18,1.8,3,5,4
REQ00894,Breathing,H017,"Gleneagles HealthCity Chennai",30,5.6,10,25,26
REQ00895,Trauma,H009,"MIOT International",22,3,6,8,26
REQ00896,Cardiac,H029,"Adyar Cancer Institute",18,1.9,4,2,46
REQ00897,Cardiac,H005,"Government Omandurar Medical College Hospital",18,2,4,19,5
REQ00898,Breathing,H012,"Sundaram Medical Foundation",30,2.6,5,4,33
REQ00899,Cardiac,H023,"ESIC Medical College and Hospital",18,1.1,2,5,32
REQ00900,Stroke,H007,"Apollo Hospitals Greams Road",18,1.7,3,4,24
REQ00901,General Medical,H005,"Government Omandurar Medical College Hospital",30,0.6,2,19,5
REQ00902,Accident,H027,"MGM Healthcare",22,0.1,2,5,16
REQ00903,Accident,H026,"CSI Rainy Multispeciality Hospital",22,2.1,4,8,11
REQ00904,Cardiac,H012,"Sundaram Medical Foundation",18,5.8,11,4,33
REQ00905,Cardiac,H011,"Madras Medical Mission",18,7,13,5,4
REQ00906,Accident,H019,"Dr. Kamakshi Memorial Hospital",22,1.9,4,18,34
REQ00907,General Medical,H010,"Sri Ramachandra Medical Centre",30,4,7,1,10
REQ00908,Accident,H023,"ESIC Medical College and Hospital",22,1.2,2,5,32
REQ00909,Breathing,H026,"CSI Rainy Multispeciality Hospital",30,1.7,3,8,11
REQ00910,Unconscious,H011,"Madras Medical Mission",30,2.7,5,5,4
REQ00911,Accident,H021,"Hindu Mission Hospital",22,1.3,2,16,6
REQ00912,Accident,H001,"Rajiv Gandhi Government General Hospital",22,0.8,2,6,32
REQ00913,Breathing,H020,"Prashanth Super Speciality Hospital",30,2.2,4,2,14
REQ00914,Cardiac,H011,"Madras Medical Mission",18,9,17,5,4
REQ00915,Accident,H009,"MIOT International",22,10.6,20,8,26
REQ00916,Stroke,H012,"Sundaram Medical Foundation",18,1.1,2,4,33
REQ00917,Trauma,H001,"Rajiv Gandhi Government General Hospital",22,1.3,2,6,32
REQ00918,Stroke,H006,"Institute of Child Health and Hospital for Children",18,0.1,2,20,12
REQ00919,Trauma,H006,"Institute of Child Health and Hospital for Children",22,3.3,6,20,12
REQ00920,Burn,H012,"Sundaram Medical Foundation",30,2.2,4,4,33
REQ00921,Cardiac,H016,"Apollo Speciality Hospital OMR",18,1.3,2,19,2
REQ00922,Accident,H020,"Prashanth Super Speciality Hospital",22,1.2,2,2,14
REQ00923,Trauma,H030,"Government Hospital of Thoracic Medicine",22,1.3,2,8,23
REQ00924,Unconscious,H024,"Billroth Hospitals",30,2.1,4,4,32
REQ00925,Unconscious,H006,"Institute of Child Health and Hospital for Children",30,1,2,20,12
REQ00926,Stroke,H012,"Sundaram Medical Foundation",18,1.6,3,4,33
REQ00927,Unconscious,H002,"Government Stanley Medical College Hospital",30,1.2,2,7,39
REQ00928,Accident,H011,"Madras Medical Mission",22,10.8,20,5,4
REQ00929,Breathing,H030,"Government Hospital of Thoracic Medicine",30,0.5,2,8,23
REQ00930,Unconscious,H002,"Government Stanley Medical College Hospital",30,3.7,7,7,39
REQ00931,Breathing,H030,"Government Hospital of Thoracic Medicine",30,2.8,5,8,23
REQ00932,Stroke,H021,"Hindu Mission Hospital",18,1.4,3,16,6
REQ00933,Cardiac,H026,"CSI Rainy Multispeciality Hospital",18,10.9,20,8,11
REQ00934,Unconscious,H023,"ESIC Medical College and Hospital",30,3.2,6,5,32
REQ00935,Accident,H026,"CSI Rainy Multispeciality Hospital",22,1.4,3,8,11
REQ00936,General Medical,H004,"Government Royapettah Hospital",30,0.9,2,13,11
REQ00937,Accident,H009,"MIOT International",22,3.6,7,8,26
REQ00938,Cardiac,H019,"Dr. Kamakshi Memorial Hospital",18,15.7,29,18,34
REQ00939,Accident,H007,"Apollo Hospitals Greams Road",22,0.9,2,4,24
REQ00940,Trauma,H026,"CSI Rainy Multispeciality Hospital",22,2.3,4,8,11
REQ00941,Accident,H029,"Adyar Cancer Institute",22,1.7,3,2,46
REQ00942,Stroke,H012,"Sundaram Medical Foundation",18,2,4,4,33
REQ00943,General Medical,H004,"Government Royapettah Hospital",30,1.2,2,13,11
REQ00944,Trauma,H006,"Institute of Child Health and Hospital for Children",22,1.8,3,20,12
REQ00945,Trauma,H008,"Fortis Malar Hospital",22,2.4,5,4,34
REQ00946,Cardiac,H007,"Apollo Hospitals Greams Road",18,1.3,2,4,24
REQ00947,Breathing,H013,"SIMS Hospital",30,0.9,2,5,3
REQ00948,Cardiac,H016,"Apollo Speciality Hospital OMR",18,3.7,7,19,2
REQ00949,Trauma,H005,"Government Omandurar Medical College Hospital",22,0.9,2,19,5
REQ00950,Accident,H018,"Chettinad Hospital and Research Institute",22,2.6,5,4,14
REQ00951,Accident,H025,"Apollo Hospitals Tondiarpet",22,3.8,7,9,9
REQ00952,Breathing,H011,"Madras Medical Mission",30,2.1,4,5,4
REQ00953,Burn,H001,"Rajiv Gandhi Government General Hospital",30,1,2,6,32
REQ00954,Trauma,H014,"Vijaya Hospital",22,2.3,4,10,12
REQ00955,General Medical,H010,"Sri Ramachandra Medical Centre",30,4.4,8,1,10
REQ00956,Breathing,H025,"Apollo Hospitals Tondiarpet",30,6.9,13,9,9
REQ00957,Breathing,H008,"Fortis Malar Hospital",30,1.4,3,4,34
REQ00958,Accident,H005,"Government Omandurar Medical College Hospital",22,1.8,3,19,5
REQ00959,Accident,H018,"Chettinad Hospital and Research Institute",22,2,4,4,14
REQ00960,Trauma,H001,"Rajiv Gandhi Government General Hospital",22,1.8,3,6,32
REQ00961,General Medical,H011,"Madras Medical Mission",30,8.5,16,5,4
REQ00962,Cardiac,H009,"MIOT International",18,1.1,2,8,26
REQ00963,Trauma,H028,"Kauvery Hospital Alwarpet",22,0.2,2,1,34
REQ00964,Breathing,H012,"Sundaram Medical Foundation",30,9.1,17,4,33
REQ00965,Unconscious,H021,"Hindu Mission Hospital",30,3.3,6,16,6
REQ00966,Trauma,H005,"Government Omandurar Medical College Hospital",22,2.5,5,19,5
REQ00967,Accident,H007,"Apollo Hospitals Greams Road",22,2.5,5,4,24
REQ00968,Accident,H011,"Madras Medical Mission",22,6.5,12,5,4
REQ00969,Stroke,H029,"Adyar Cancer Institute",18,2.2,4,2,46
REQ00970,Breathing,H020,"Prashanth Super Speciality Hospital",30,0.9,2,2,14
REQ00971,Stroke,H013,"SIMS Hospital",18,2.7,5,5,3
REQ00972,Stroke,H019,"Dr. Kamakshi Memorial Hospital",18,6,11,18,34
REQ00973,Accident,H019,"Dr. Kamakshi Memorial Hospital",22,7.2,14,18,34
REQ00974,Accident,H023,"ESIC Medical College and Hospital",22,1.6,3,5,32
REQ00975,General Medical,H023,"ESIC Medical College and Hospital",30,1,2,5,32
REQ00976,Trauma,H009,"MIOT International",22,2.6,5,8,26
REQ00977,Accident,H011,"Madras Medical Mission",22,0.8,2,5,4
REQ00978,Stroke,H009,"MIOT International",18,9.4,18,8,26
REQ00979,Accident,H001,"Rajiv Gandhi Government General Hospital",22,0.7,2,6,32
REQ00980,Breathing,H030,"Government Hospital of Thoracic Medicine",30,1.1,2,8,23
REQ00981,Accident,H001,"Rajiv Gandhi Government General Hospital",22,0.3,2,6,32
REQ00982,Accident,H023,"ESIC Medical College and Hospital",22,1.2,2,5,32
REQ00983,Burn,H027,"MGM Healthcare",30,0.6,2,5,16
REQ00984,Accident,H018,"Chettinad Hospital and Research Institute",22,1.7,3,4,14
REQ00985,Burn,H017,"Gleneagles HealthCity Chennai",30,1.7,3,25,26
REQ00986,Stroke,H019,"Dr. Kamakshi Memorial Hospital",18,14.9,28,18,34
REQ00987,Unconscious,H012,"Sundaram Medical Foundation",30,1.1,2,4,33
REQ00988,Accident,H030,"Government Hospital of Thoracic Medicine",22,4.2,8,8,23
REQ00989,Cardiac,H002,"Government Stanley Medical College Hospital",18,1.6,3,7,39
REQ00990,Accident,H029,"Adyar Cancer Institute",22,1.5,3,2,46
REQ00991,General Medical,H025,"Apollo Hospitals Tondiarpet",30,10.9,20,9,9
REQ00992,Stroke,H011,"Madras Medical Mission",18,10.9,20,5,4
REQ00993,Unconscious,H009,"MIOT International",30,2.3,4,8,26
REQ00994,Accident,H020,"Prashanth Super Speciality Hospital",22,3.9,7,2,14
REQ00995,Accident,H027,"MGM Healthcare",22,1.6,3,5,16
REQ00996,Stroke,H006,"Institute of Child Health and Hospital for Children",18,0.9,2,20,12
REQ00997,Unconscious,H017,"Gleneagles HealthCity Chennai",30,2.1,4,25,26
REQ00998,Trauma,H007,"Apollo Hospitals Greams Road",22,0.6,2,4,24
REQ00999,Cardiac,H023,"ESIC Medical College and Hospital",18,0.9,2,5,32
REQ01000,Unconscious,H016,"Apollo Speciality Hospital OMR",30,2.2,4,19,2
REQ01001,Trauma,H027,"MGM Healthcare",22,0.8,2,5,16
REQ01002,Breathing,H018,"Chettinad Hospital and Research Institute",30,1.7,3,4,14
REQ01003,Trauma,H003,"Government Kilpauk Medical College Hospital",22,0.9,2,1,9
REQ01004,Cardiac,H026,"CSI Rainy Multispeciality Hospital",18,2.6,5,8,11
REQ01005,Accident,H018,"Chettinad Hospital and Research Institute",22,0.3,2,4,14
REQ01006,Accident,H027,"MGM Healthcare",22,0.7,2,5,16
REQ01007,Trauma,H028,"Kauvery Hospital Alwarpet",22,1.4,3,1,34
REQ01008,Accident,H005,"Government Omandurar Medical College Hospital",22,0.8,2,19,5
REQ01009,Other,H025,"Apollo Hospitals Tondiarpet",30,9.9,19,9,9
REQ01010,Accident,H014,"Vijaya Hospital",22,1.3,2,10,12
REQ01011,Breathing,H017,"Gleneagles HealthCity Chennai",30,2.3,4,25,26
REQ01012,General Medical,H025,"Apollo Hospitals Tondiarpet",30,4.3,8,9,9
REQ01013,Trauma,H003,"Government Kilpauk Medical College Hospital",22,0.7,2,1,9
REQ01014,Accident,H018,"Chettinad Hospital and Research Institute",22,1.8,3,4,14
REQ01015,Breathing,H002,"Government Stanley Medical College Hospital",30,1.7,3,7,39
REQ01016,General Medical,H029,"Adyar Cancer Institute",30,2.2,4,2,46
REQ01017,Cardiac,H005,"Government Omandurar Medical College Hospital",18,2.1,4,19,5
REQ01018,General Medical,H017,"Gleneagles HealthCity Chennai",30,1.4,3,25,26
REQ01019,Stroke,H019,"Dr. Kamakshi Memorial Hospital",18,2.6,5,18,34
REQ01020,Trauma,H005,"Government Omandurar Medical College Hospital",22,1.7,3,19,5
REQ01021,Accident,H025,"Apollo Hospitals Tondiarpet",22,10.4,19,9,9
REQ01022,Trauma,H005,"Government Omandurar Medical College Hospital",22,2,4,19,5
REQ01023,Accident,H020,"Prashanth Super Speciality Hospital",22,3.2,6,2,14
REQ01024,General Medical,H028,"Kauvery Hospital Alwarpet",30,1.7,3,1,34
REQ01025,Trauma,H026,"CSI Rainy Multispeciality Hospital",22,0.8,2,8,11
REQ01026,Other,H016,"Apollo Speciality Hospital OMR",30,2.4,4,19,2
REQ01027,Cardiac,H029,"Adyar Cancer Institute",18,0.5,2,2,46
REQ01028,Unconscious,H017,"Gleneagles HealthCity Chennai",30,2.4,4,25,26
REQ01029,Accident,H025,"Apollo Hospitals Tondiarpet",22,1.2,2,9,9
REQ01030,Unconscious,H027,"MGM Healthcare",30,1,2,5,16
REQ01031,Trauma,H011,"Madras Medical Mission",22,6.4,12,5,4
REQ01032,Burn,H001,"Rajiv Gandhi Government General Hospital",30,0.9,2,6,32
REQ01033,Stroke,H011,"Madras Medical Mission",18,1.7,3,5,4
REQ01034,General Medical,H012,"Sundaram Medical Foundation",30,1.9,3,4,33
REQ01035,Accident,H027,"MGM Healthcare",22,0.9,2,5,16
REQ01036,Accident,H027,"MGM Healthcare",22,4.2,8,5,16
REQ01037,Accident,H022,"Government Hospital Tambaram",22,2.5,5,6,22
REQ01038,Stroke,H002,"Government Stanley Medical College Hospital",18,1.8,3,7,39
REQ01039,Trauma,H008,"Fortis Malar Hospital",22,4.1,8,4,34
REQ01040,Trauma,H006,"Institute of Child Health and Hospital for Children",22,1.2,2,20,12
REQ01041,Breathing,H010,"Sri Ramachandra Medical Centre",30,8.3,16,1,10
REQ01042,Unconscious,H020,"Prashanth Super Speciality Hospital",30,2.2,4,2,14
REQ01043,Cardiac,H019,"Dr. Kamakshi Memorial Hospital",18,5.8,11,18,34
REQ01044,Stroke,H019,"Dr. Kamakshi Memorial Hospital",18,5,9,18,34
REQ01045,Cardiac,H019,"Dr. Kamakshi Memorial Hospital",18,1.4,3,18,34
REQ01046,Burn,H025,"Apollo Hospitals Tondiarpet",30,11.7,22,9,9
REQ01047,Burn,H020,"Prashanth Super Speciality Hospital",30,0.9,2,2,14
REQ01048,Burn,H017,"Gleneagles HealthCity Chennai",30,2.1,4,25,26
REQ01049,Breathing,H010,"Sri Ramachandra Medical Centre",30,1,2,1,10
REQ01050,Trauma,H001,"Rajiv Gandhi Government General Hospital",22,1.2,2,6,32
REQ01051,Burn,H007,"Apollo Hospitals Greams Road",30,0.5,2,4,24
REQ01052,Accident,H021,"Hindu Mission Hospital",22,0.5,2,16,6
REQ01053,Cardiac,H001,"Rajiv Gandhi Government General Hospital",18,1.5,3,6,32
REQ01054,General Medical,H007,"Apollo Hospitals Greams Road",30,1.4,3,4,24
REQ01055,Trauma,H020,"Prashanth Super Speciality Hospital",22,2.9,5,2,14
REQ01056,Accident,H025,"Apollo Hospitals Tondiarpet",22,5,9,9,9
REQ01057,Accident,H014,"Vijaya Hospital",22,1.1,2,10,12
REQ01058,Accident,H001,"Rajiv Gandhi Government General Hospital",22,1.2,2,6,32
REQ01059,General Medical,H017,"Gleneagles HealthCity Chennai",30,1.3,2,25,26
REQ01060,Unconscious,H008,"Fortis Malar Hospital",30,2.2,4,4,34
REQ01061,Accident,H011,"Madras Medical Mission",22,0.9,2,5,4
REQ01062,Other,H011,"Madras Medical Mission",30,1.5,3,5,4
REQ01063,Stroke,H007,"Apollo Hospitals Greams Road",18,0.6,2,4,24
REQ01064,Trauma,H027,"MGM Healthcare",22,1.7,3,5,16
REQ01065,Accident,H007,"Apollo Hospitals Greams Road",22,1.4,3,4,24
REQ01066,Accident,H027,"MGM Healthcare",22,2.2,4,5,16
REQ01067,Unconscious,H017,"Gleneagles HealthCity Chennai",30,1.9,4,25,26
REQ01068,Stroke,H011,"Madras Medical Mission",18,2.7,5,5,4
REQ01069,Breathing,H022,"Government Hospital Tambaram",30,0.6,2,6,22
REQ01070,Accident,H019,"Dr. Kamakshi Memorial Hospital",22,6.7,13,18,34
REQ01071,Accident,H028,"Kauvery Hospital Alwarpet",22,0.8,2,1,34
REQ01072,Trauma,H006,"Institute of Child Health and Hospital for Children",22,0.2,2,20,12
REQ01073,Unconscious,H009,"MIOT International",30,1.5,3,8,26
REQ01074,Trauma,H023,"ESIC Medical College and Hospital",22,0.6,2,5,32
REQ01075,Cardiac,H024,"Billroth Hospitals",18,1.3,2,4,32
REQ01076,General Medical,H004,"Government Royapettah Hospital",30,1.2,2,13,11
REQ01077,Trauma,H027,"MGM Healthcare",22,1,2,5,16
REQ01078,General Medical,H013,"SIMS Hospital",30,0.9,2,5,3
REQ01079,Trauma,H009,"MIOT International",22,3,6,8,26
REQ01080,Trauma,H019,"Dr. Kamakshi Memorial Hospital",22,6.8,13,18,34
REQ01081,Trauma,H005,"Government Omandurar Medical College Hospital",22,0.6,2,19,5
REQ01082,Stroke,H013,"SIMS Hospital",18,1.1,2,5,3
REQ01083,Unconscious,H010,"Sri Ramachandra Medical Centre",30,0.9,2,1,10
REQ01084,Accident,H025,"Apollo Hospitals Tondiarpet",22,1.3,2,9,9
REQ01085,Stroke,H021,"Hindu Mission Hospital",18,0.9,2,16,6
REQ01086,Breathing,H007,"Apollo Hospitals Greams Road",30,1.7,3,4,24
REQ01087,Breathing,H030,"Government Hospital of Thoracic Medicine",30,3.6,7,8,23
REQ01088,Trauma,H008,"Fortis Malar Hospital",22,4.6,9,4,34
REQ01089,Trauma,H014,"Vijaya Hospital",22,1.1,2,10,12
REQ01090,Breathing,H030,"Government Hospital of Thoracic Medicine",30,4,8,8,23
REQ01091,Breathing,H016,"Apollo Speciality Hospital OMR",30,1.7,3,19,2
REQ01092,Breathing,H025,"Apollo Hospitals Tondiarpet",30,3.3,6,9,9
REQ01093,Accident,H009,"MIOT International",22,2.4,5,8,26
REQ01094,Cardiac,H007,"Apollo Hospitals Greams Road",18,1,2,4,24
REQ01095,Trauma,H019,"Dr. Kamakshi Memorial Hospital",22,1.7,3,18,34
REQ01096,Unconscious,H028,"Kauvery Hospital Alwarpet",30,1.4,3,1,34
REQ01097,Trauma,H001,"Rajiv Gandhi Government General Hospital",22,1.4,3,6,32
REQ01098,Accident,H027,"MGM Healthcare",22,0.9,2,5,16
REQ01099,Stroke,H029,"Adyar Cancer Institute",18,2.5,5,2,46
REQ01100,Accident,H030,"Government Hospital of Thoracic Medicine",22,2.8,5,8,23
REQ01101,Stroke,H021,"Hindu Mission Hospital",18,1.6,3,16,6
REQ01102,Unconscious,H029,"Adyar Cancer Institute",30,2.3,4,2,46
REQ01103,Unconscious,H004,"Government Royapettah Hospital",30,2.4,4,13,11
REQ01104,Trauma,H026,"CSI Rainy Multispeciality Hospital",22,1.6,3,8,11
REQ01105,Accident,H007,"Apollo Hospitals Greams Road",22,0.9,2,4,24
REQ01106,Breathing,H006,"Institute of Child Health and Hospital for Children",30,1.3,3,20,12
REQ01107,Stroke,H016,"Apollo Speciality Hospital OMR",18,3.7,7,19,2
REQ01108,Trauma,H020,"Prashanth Super Speciality Hospital",22,1.7,3,2,14
REQ01109,Unconscious,H030,"Government Hospital of Thoracic Medicine",30,3.6,7,8,23
REQ01110,Accident,H009,"MIOT International",22,1.6,3,8,26
REQ01111,Stroke,H006,"Institute of Child Health and Hospital for Children",18,1.7,3,20,12
REQ01112,Accident,H023,"ESIC Medical College and Hospital",22,0.8,2,5,32
REQ01113,Stroke,H009,"MIOT International",18,1.1,2,8,26
REQ01114,General Medical,H025,"Apollo Hospitals Tondiarpet",30,1.6,3,9,9
REQ01115,General Medical,H012,"Sundaram Medical Foundation",30,0.8,2,4,33
REQ01116,Accident,H029,"Adyar Cancer Institute",22,2.2,4,2,46
REQ01117,Accident,H025,"Apollo Hospitals Tondiarpet",22,0.3,2,9,9
REQ01118,General Medical,H005,"Government Omandurar Medical College Hospital",30,1.7,3,19,5
REQ01119,Accident,H014,"Vijaya Hospital",22,1.1,2,10,12
REQ01120,General Medical,H029,"Adyar Cancer Institute",30,2.1,4,2,46
REQ01121,General Medical,H002,"Government Stanley Medical College Hospital",30,0.8,2,7,39
REQ01122,Accident,H008,"Fortis Malar Hospital",22,3.3,6,4,34
REQ01123,Trauma,H025,"Apollo Hospitals Tondiarpet",22,4.7,9,9,9
REQ01124,Unconscious,H001,"Rajiv Gandhi Government General Hospital",30,1.6,3,6,32
REQ01125,Accident,H025,"Apollo Hospitals Tondiarpet",22,2,4,9,9
REQ01126,Trauma,H020,"Prashanth Super Speciality Hospital",22,2.6,5,2,14
REQ01127,Cardiac,H009,"MIOT International",18,4.5,8,8,26
REQ01128,Accident,H014,"Vijaya Hospital",22,2.3,4,10,12
REQ01129,Accident,H007,"Apollo Hospitals Greams Road",22,3.2,6,4,24
REQ01130,General Medical,H009,"MIOT International",30,1.7,3,8,26
REQ01131,Cardiac,H026,"CSI Rainy Multispeciality Hospital",18,4.9,9,8,11
REQ01132,Stroke,H019,"Dr. Kamakshi Memorial Hospital",18,6.2,12,18,34
REQ01133,Unconscious,H025,"Apollo Hospitals Tondiarpet",30,2.4,5,9,9
REQ01134,General Medical,H017,"Gleneagles HealthCity Chennai",30,0.9,2,25,26
REQ01135,Accident,H025,"Apollo Hospitals Tondiarpet",22,2.5,5,9,9
REQ01136,Stroke,H007,"Apollo Hospitals Greams Road",18,1.7,3,4,24
REQ01137,Cardiac,H024,"Billroth Hospitals",18,1.7,3,4,32
REQ01138,Other,H011,"Madras Medical Mission",30,2.4,5,5,4
REQ01139,Other,H017,"Gleneagles HealthCity Chennai",30,1.9,3,25,26
REQ01140,Stroke,H021,"Hindu Mission Hospital",18,1.3,2,16,6
REQ01141,General Medical,H030,"Government Hospital of Thoracic Medicine",30,3.4,6,8,23
REQ01142,General Medical,H022,"Government Hospital Tambaram",30,1.7,3,6,22
REQ01143,Cardiac,H007,"Apollo Hospitals Greams Road",18,4.4,8,4,24
REQ01144,Trauma,H005,"Government Omandurar Medical College Hospital",22,1.2,2,19,5
REQ01145,Accident,H025,"Apollo Hospitals Tondiarpet",22,3.2,6,9,9
REQ01146,Trauma,H018,"Chettinad Hospital and Research Institute",22,2.4,4,4,14
REQ01147,Trauma,H020,"Prashanth Super Speciality Hospital",22,3.6,7,2,14
REQ01148,Burn,H016,"Apollo Speciality Hospital OMR",30,0.8,2,19,2
REQ01149,Cardiac,H021,"Hindu Mission Hospital",18,2.9,5,16,6
REQ01150,Cardiac,H013,"SIMS Hospital",18,0.8,2,5,3
REQ01151,Accident,H025,"Apollo Hospitals Tondiarpet",22,1.9,4,9,9
REQ01152,Cardiac,H016,"Apollo Speciality Hospital OMR",18,1.1,2,19,2
REQ01153,Breathing,H006,"Institute of Child Health and Hospital for Children",30,1.1,2,20,12
REQ01154,Breathing,H020,"Prashanth Super Speciality Hospital",30,1.6,3,2,14
REQ01155,Stroke,H023,"ESIC Medical College and Hospital",18,2.8,5,5,32
REQ01156,Trauma,H007,"Apollo Hospitals Greams Road",22,1.5,3,4,24
REQ01157,Cardiac,H011,"Madras Medical Mission",18,11,21,5,4
REQ01158,Trauma,H022,"Government Hospital Tambaram",22,1.3,2,6,22
REQ01159,Cardiac,H012,"Sundaram Medical Foundation",18,0.9,2,4,33
REQ01160,Trauma,H019,"Dr. Kamakshi Memorial Hospital",22,5.7,11,18,34
REQ01161,General Medical,H021,"Hindu Mission Hospital",30,2.2,4,16,6
REQ01162,Unconscious,H016,"Apollo Speciality Hospital OMR",30,3.3,6,19,2
REQ01163,Cardiac,H019,"Dr. Kamakshi Memorial Hospital",18,1,2,18,34
REQ01164,Cardiac,H026,"CSI Rainy Multispeciality Hospital",18,3.8,7,8,11
REQ01165,Trauma,H019,"Dr. Kamakshi Memorial Hospital",22,7.2,13,18,34
REQ01166,Other,H003,"Government Kilpauk Medical College Hospital",30,1.6,3,1,9
REQ01167,Stroke,H005,"Government Omandurar Medical College Hospital",18,3.6,7,19,5
REQ01168,General Medical,H012,"Sundaram Medical Foundation",30,0.2,2,4,33
REQ01169,Breathing,H025,"Apollo Hospitals Tondiarpet",30,5.2,10,9,9
REQ01170,Breathing,H011,"Madras Medical Mission",30,5,9,5,4
REQ01171,Unconscious,H010,"Sri Ramachandra Medical Centre",30,3,6,1,10
REQ01172,Unconscious,H009,"MIOT International",30,2,4,8,26
REQ01173,Unconscious,H018,"Chettinad Hospital and Research Institute",30,2.5,5,4,14
REQ01174,Other,H007,"Apollo Hospitals Greams Road",30,2.4,5,4,24
REQ01175,Other,H010,"Sri Ramachandra Medical Centre",30,0.5,2,1,10
REQ01176,General Medical,H004,"Government Royapettah Hospital",30,0.7,2,13,11
REQ01177,Accident,H007,"Apollo Hospitals Greams Road",22,2,4,4,24
REQ01178,Accident,H027,"MGM Healthcare",22,1.1,2,5,16
REQ01179,General Medical,H007,"Apollo Hospitals Greams Road",30,2.4,4,4,24
REQ01180,Unconscious,H005,"Government Omandurar Medical College Hospital",30,1,2,19,5
REQ01181,General Medical,H027,"MGM Healthcare",30,0.8,2,5,16
REQ01182,General Medical,H020,"Prashanth Super Speciality Hospital",30,1.4,3,2,14
REQ01183,Breathing,H011,"Madras Medical Mission",30,5,9,5,4
REQ01184,Accident,H005,"Government Omandurar Medical College Hospital",22,2,4,19,5
REQ01185,Burn,H008,"Fortis Malar Hospital",30,1.1,2,4,34
REQ01186,Breathing,H003,"Government Kilpauk Medical College Hospital",30,1.8,3,1,9
REQ01187,Trauma,H026,"CSI Rainy Multispeciality Hospital",22,1.1,2,8,11
REQ01188,Breathing,H028,"Kauvery Hospital Alwarpet",30,1.4,3,1,34
REQ01189,General Medical,H018,"Chettinad Hospital and Research Institute",30,2.7,5,4,14
REQ01190,Unconscious,H010,"Sri Ramachandra Medical Centre",30,5.3,10,1,10
REQ01191,Unconscious,H029,"Adyar Cancer Institute",30,2.1,4,2,46
REQ01192,Burn,H011,"Madras Medical Mission",30,1.9,4,5,4
REQ01193,Breathing,H012,"Sundaram Medical Foundation",30,1.8,3,4,33
REQ01194,Trauma,H001,"Rajiv Gandhi Government General Hospital",22,2,4,6,32
REQ01195,Trauma,H019,"Dr. Kamakshi Memorial Hospital",22,1.7,3,18,34
REQ01196,Accident,H014,"Vijaya Hospital",22,1.8,3,10,12
REQ01197,Cardiac,H007,"Apollo Hospitals Greams Road",18,0.7,2,4,24
REQ01198,Cardiac,H019,"Dr. Kamakshi Memorial Hospital",18,7,13,18,34
REQ01199,Breathing,H009,"MIOT International",30,1.3,2,8,26
REQ01200,Accident,H025,"Apollo Hospitals Tondiarpet",22,1.5,3,9,9
REQ01201,Cardiac,H026,"CSI Rainy Multispeciality Hospital",18,2.6,5,8,11
REQ01202,Breathing,H020,"Prashanth Super Speciality Hospital",30,0.9,2,2,14
REQ01203,Trauma,H009,"MIOT International",22,0.4,2,8,26
REQ01204,Accident,H014,"Vijaya Hospital",22,1.7,3,10,12
REQ01205,Trauma,H020,"Prashanth Super Speciality Hospital",22,2.1,4,2,14
REQ01206,General Medical,H011,"Madras Medical Mission",30,6,11,5,4
REQ01207,Stroke,H005,"Government Omandurar Medical College Hospital",18,1.3,2,19,5
REQ01208,General Medical,H018,"Chettinad Hospital and Research Institute",30,2.1,4,4,14
REQ01209,Cardiac,H023,"ESIC Medical College and Hospital",18,2.2,4,5,32
REQ01210,Stroke,H026,"CSI Rainy Multispeciality Hospital",18,3.8,7,8,11
REQ01211,General Medical,H019,"Dr. Kamakshi Memorial Hospital",30,0.2,2,18,34
REQ01212,General Medical,H011,"Madras Medical Mission",30,2.8,5,5,4
REQ01213,Breathing,H023,"ESIC Medical College and Hospital",30,1.5,3,5,32
REQ01214,Stroke,H026,"CSI Rainy Multispeciality Hospital",18,6.8,13,8,11
REQ01215,Cardiac,H013,"SIMS Hospital",18,2.2,4,5,3
REQ01216,Trauma,H007,"Apollo Hospitals Greams Road",22,2.3,4,4,24
REQ01217,Breathing,H021,"Hindu Mission Hospital",30,2.3,4,16,6
REQ01218,Trauma,H025,"Apollo Hospitals Tondiarpet",22,2,4,9,9
REQ01219,General Medical,H004,"Government Royapettah Hospital",30,1.3,2,13,11
REQ01220,Cardiac,H016,"Apollo Speciality Hospital OMR",18,2,4,19,2
REQ01221,Unconscious,H016,"Apollo Speciality Hospital OMR",30,1,2,19,2
REQ01222,Accident,H019,"Dr. Kamakshi Memorial Hospital",22,8.4,16,18,34
REQ01223,Accident,H005,"Government Omandurar Medical College Hospital",22,1.8,3,19,5
REQ01224,Breathing,H008,"Fortis Malar Hospital",30,1,2,4,34
REQ01225,Accident,H020,"Prashanth Super Speciality Hospital",22,2.3,4,2,14
REQ01226,Accident,H011,"Madras Medical Mission",22,2.7,5,5,4
REQ01227,Cardiac,H001,"Rajiv Gandhi Government General Hospital",18,0.7,2,6,32
REQ01228,Stroke,H026,"CSI Rainy Multispeciality Hospital",18,13.6,25,8,11
REQ01229,Unconscious,H008,"Fortis Malar Hospital",30,0.9,2,4,34
REQ01230,Cardiac,H011,"Madras Medical Mission",18,1.2,2,5,4
REQ01231,Trauma,H020,"Prashanth Super Speciality Hospital",22,1.7,3,2,14
REQ01232,General Medical,H020,"Prashanth Super Speciality Hospital",30,2.7,5,2,14
REQ01233,Burn,H009,"MIOT International",30,2.7,5,8,26
REQ01234,General Medical,H028,"Kauvery Hospital Alwarpet",30,1.4,3,1,34
REQ01235,Trauma,H008,"Fortis Malar Hospital",22,2.1,4,4,34
REQ01236,Unconscious,H024,"Billroth Hospitals",30,0.4,2,4,32
REQ01237,Trauma,H009,"MIOT International",22,1.5,3,8,26
REQ01238,Stroke,H021,"Hindu Mission Hospital",18,2.3,4,16,6
REQ01239,Cardiac,H016,"Apollo Speciality Hospital OMR",18,2.6,5,19,2
REQ01240,Accident,H028,"Kauvery Hospital Alwarpet",22,1.2,2,1,34
REQ01241,Accident,H001,"Rajiv Gandhi Government General Hospital",22,1.5,3,6,32
REQ01242,Unconscious,H021,"Hindu Mission Hospital",30,0.7,2,16,6
REQ01243,Accident,H019,"Dr. Kamakshi Memorial Hospital",22,4.4,8,18,34
REQ01244,Accident,H019,"Dr. Kamakshi Memorial Hospital",22,5,9,18,34
REQ01245,General Medical,H023,"ESIC Medical College and Hospital",30,2.2,4,5,32
REQ01246,Accident,H027,"MGM Healthcare",22,2.4,4,5,16
REQ01247,Trauma,H008,"Fortis Malar Hospital",22,4.9,9,4,34
REQ01248,Stroke,H029,"Adyar Cancer Institute",18,3.2,6,2,46
REQ01249,Breathing,H008,"Fortis Malar Hospital",30,1.2,2,4,34
REQ01250,Unconscious,H016,"Apollo Speciality Hospital OMR",30,2.2,4,19,2
REQ01251,Trauma,H029,"Adyar Cancer Institute",22,1.3,2,2,46
REQ01252,Stroke,H013,"SIMS Hospital",18,1.1,2,5,3
REQ01253,Accident,H021,"Hindu Mission Hospital",22,1.2,2,16,6
REQ01254,Cardiac,H012,"Sundaram Medical Foundation",18,2.3,4,4,33
REQ01255,Cardiac,H009,"MIOT International",18,10.2,19,8,26
REQ01256,Cardiac,H021,"Hindu Mission Hospital",18,2,4,16,6
REQ01257,Accident,H025,"Apollo Hospitals Tondiarpet",22,8.4,16,9,9
REQ01258,Burn,H023,"ESIC Medical College and Hospital",30,0.8,2,5,32
REQ01259,Burn,H012,"Sundaram Medical Foundation",30,5.8,11,4,33
REQ01260,Trauma,H030,"Government Hospital of Thoracic Medicine",22,2.8,5,8,23
REQ01261,Accident,H026,"CSI Rainy Multispeciality Hospital",22,5,9,8,11
REQ01262,Accident,H011,"Madras Medical Mission",22,5.1,10,5,4
REQ01263,Stroke,H002,"Government Stanley Medical College Hospital",18,0.4,2,7,39
REQ01264,Unconscious,H007,"Apollo Hospitals Greams Road",30,0.9,2,4,24
REQ01265,Stroke,H007,"Apollo Hospitals Greams Road",18,1.6,3,4,24
REQ01266,Burn,H006,"Institute of Child Health and Hospital for Children",30,2.6,5,20,12
REQ01267,Other,H012,"Sundaram Medical Foundation",30,1,2,4,33
REQ01268,General Medical,H025,"Apollo Hospitals Tondiarpet",30,1.3,2,9,9
REQ01269,Cardiac,H026,"CSI Rainy Multispeciality Hospital",18,3.5,7,8,11
REQ01270,General Medical,H023,"ESIC Medical College and Hospital",30,0.5,2,5,32
REQ01271,Cardiac,H013,"SIMS Hospital",18,1.8,3,5,3
REQ01272,Accident,H011,"Madras Medical Mission",22,7.5,14,5,4
REQ01273,Cardiac,H019,"Dr. Kamakshi Memorial Hospital",18,6,11,18,34
REQ01274,General Medical,H025,"Apollo Hospitals Tondiarpet",30,1,2,9,9
REQ01275,Stroke,H001,"Rajiv Gandhi Government General Hospital",18,0.9,2,6,32
REQ01276,Unconscious,H012,"Sundaram Medical Foundation",30,0.5,2,4,33
REQ01277,Accident,H011,"Madras Medical Mission",22,4.2,8,5,4
REQ01278,Cardiac,H019,"Dr. Kamakshi Memorial Hospital",18,18.8,35,18,34
REQ01279,General Medical,H018,"Chettinad Hospital and Research Institute",30,1.6,3,4,14
REQ01280,Burn,H021,"Hindu Mission Hospital",30,1.6,3,16,6
REQ01281,Accident,H030,"Government Hospital of Thoracic Medicine",22,1,2,8,23
REQ01282,Stroke,H013,"SIMS Hospital",18,0.4,2,5,3
REQ01283,Stroke,H029,"Adyar Cancer Institute",18,2.1,4,2,46
REQ01284,Breathing,H010,"Sri Ramachandra Medical Centre",30,1.2,2,1,10
REQ01285,General Medical,H007,"Apollo Hospitals Greams Road",30,0.3,2,4,24
REQ01286,General Medical,H001,"Rajiv Gandhi Government General Hospital",30,2,4,6,32
REQ01287,Stroke,H005,"Government Omandurar Medical College Hospital",18,0.6,2,19,5
REQ01288,Stroke,H011,"Madras Medical Mission",18,5.8,11,5,4
REQ01289,Accident,H025,"Apollo Hospitals Tondiarpet",22,5.2,10,9,9
REQ01290,General Medical,H009,"MIOT International",30,1.4,3,8,26
REQ01291,Breathing,H017,"Gleneagles HealthCity Chennai",30,4.9,9,25,26
REQ01292,Breathing,H030,"Government Hospital of Thoracic Medicine",30,4.8,9,8,23
REQ01293,Stroke,H009,"MIOT International",18,4.2,8,8,26
REQ01294,Trauma,H003,"Government Kilpauk Medical College Hospital",22,1.2,2,1,9
REQ01295,Trauma,H018,"Chettinad Hospital and Research Institute",22,2.6,5,4,14
REQ01296,Breathing,H013,"SIMS Hospital",30,1.7,3,5,3
REQ01297,Accident,H011,"Madras Medical Mission",22,9.9,19,5,4
REQ01298,Trauma,H018,"Chettinad Hospital and Research Institute",22,2,4,4,14
REQ01299,Cardiac,H019,"Dr. Kamakshi Memorial Hospital",18,15.9,30,18,34
REQ01300,Accident,H026,"CSI Rainy Multispeciality Hospital",22,3.1,6,8,11
REQ01301,General Medical,H007,"Apollo Hospitals Greams Road",30,0.7,2,4,24
REQ01302,Burn,H010,"Sri Ramachandra Medical Centre",30,1.1,2,1,10
REQ01303,Burn,H024,"Billroth Hospitals",30,1.1,2,4,32
REQ01304,Accident,H021,"Hindu Mission Hospital",22,1.9,4,16,6
REQ01305,Accident,H009,"MIOT International",22,0.9,2,8,26
REQ01306,Breathing,H011,"Madras Medical Mission",30,1.6,3,5,4
REQ01307,Breathing,H018,"Chettinad Hospital and Research Institute",30,1.8,3,4,14
REQ01308,Accident,H025,"Apollo Hospitals Tondiarpet",22,1.3,2,9,9
REQ01309,Cardiac,H007,"Apollo Hospitals Greams Road",18,1.8,3,4,24
REQ01310,Accident,H011,"Madras Medical Mission",22,1.4,3,5,4
REQ01311,Stroke,H024,"Billroth Hospitals",18,0.5,2,4,32
REQ01312,General Medical,H029,"Adyar Cancer Institute",30,0.9,2,2,46
REQ01313,Breathing,H025,"Apollo Hospitals Tondiarpet",30,1.7,3,9,9
REQ01314,Trauma,H006,"Institute of Child Health and Hospital for Children",22,1.3,2,20,12
REQ01315,Cardiac,H007,"Apollo Hospitals Greams Road",18,2.8,5,4,24
REQ01316,Unconscious,H001,"Rajiv Gandhi Government General Hospital",30,1.8,3,6,32
REQ01317,Breathing,H011,"Madras Medical Mission",30,10,19,5,4
REQ01318,Breathing,H028,"Kauvery Hospital Alwarpet",30,0.5,2,1,34
REQ01319,Accident,H025,"Apollo Hospitals Tondiarpet",22,5.2,10,9,9
REQ01320,Cardiac,H001,"Rajiv Gandhi Government General Hospital",18,1.5,3,6,32
REQ01321,Accident,H007,"Apollo Hospitals Greams Road",22,1.7,3,4,24
REQ01322,Trauma,H011,"Madras Medical Mission",22,1.6,3,5,4
REQ01323,Accident,H007,"Apollo Hospitals Greams Road",22,1.3,2,4,24
REQ01324,Cardiac,H029,"Adyar Cancer Institute",18,2.8,5,2,46
REQ01325,Accident,H015,"Kauvery Hospital",22,2.4,4,19,7
REQ01326,Breathing,H019,"Dr. Kamakshi Memorial Hospital",30,2,4,18,34
REQ01327,Breathing,H007,"Apollo Hospitals Greams Road",30,2.1,4,4,24
REQ01328,Accident,H020,"Prashanth Super Speciality Hospital",22,1.8,3,2,14
REQ01329,General Medical,H004,"Government Royapettah Hospital",30,0.8,2,13,11
REQ01330,Accident,H026,"CSI Rainy Multispeciality Hospital",22,1.9,4,8,11
REQ01331,Accident,H023,"ESIC Medical College and Hospital",22,2.4,5,5,32
REQ01332,Accident,H029,"Adyar Cancer Institute",22,0.9,2,2,46
REQ01333,Unconscious,H016,"Apollo Speciality Hospital OMR",30,1.7,3,19,2
REQ01334,Breathing,H001,"Rajiv Gandhi Government General Hospital",30,1,2,6,32
REQ01335,Trauma,H030,"Government Hospital of Thoracic Medicine",22,3.4,6,8,23
REQ01336,Trauma,H007,"Apollo Hospitals Greams Road",22,1.4,3,4,24
REQ01337,Stroke,H026,"CSI Rainy Multispeciality Hospital",18,1.7,3,8,11
REQ01338,Trauma,H025,"Apollo Hospitals Tondiarpet",22,3.7,7,9,9
REQ01339,Accident,H014,"Vijaya Hospital",22,2.1,4,10,12
REQ01340,General Medical,H010,"Sri Ramachandra Medical Centre",30,6,11,1,10
REQ01341,Unconscious,H025,"Apollo Hospitals Tondiarpet",30,0.8,2,9,9
REQ01342,Breathing,H030,"Government Hospital of Thoracic Medicine",30,2.9,6,8,23
REQ01343,Stroke,H016,"Apollo Speciality Hospital OMR",18,2,4,19,2
REQ01344,Accident,H020,"Prashanth Super Speciality Hospital",22,2,4,2,14
REQ01345,Accident,H007,"Apollo Hospitals Greams Road",22,1.7,3,4,24
REQ01346,General Medical,H020,"Prashanth Super Speciality Hospital",30,0.4,2,2,14
REQ01347,Trauma,H008,"Fortis Malar Hospital",22,1.3,2,4,34
REQ01348,Burn,H020,"Prashanth Super Speciality Hospital",30,2.6,5,2,14
REQ01349,Trauma,H030,"Government Hospital of Thoracic Medicine",22,5,9,8,23
REQ01350,Breathing,H008,"Fortis Malar Hospital",30,2.1,4,4,34
REQ01351,Stroke,H029,"Adyar Cancer Institute",18,2.8,5,2,46
REQ01352,Cardiac,H021,"Hindu Mission Hospital",18,2,4,16,6
REQ01353,Other,H004,"Government Royapettah Hospital",30,0.9,2,13,11
REQ01354,Accident,H009,"MIOT International",22,11,21,8,26
REQ01355,Other,H001,"Rajiv Gandhi Government General Hospital",30,1.5,3,6,32
REQ01356,Cardiac,H012,"Sundaram Medical Foundation",18,1,2,4,33
REQ01357,Burn,H011,"Madras Medical Mission",30,2.2,4,5,4
REQ01358,General Medical,H022,"Government Hospital Tambaram",30,2.8,5,6,22
REQ01359,Unconscious,H017,"Gleneagles HealthCity Chennai",30,0.7,2,25,26
REQ01360,Accident,H021,"Hindu Mission Hospital",22,1.1,2,16,6
REQ01361,General Medical,H025,"Apollo Hospitals Tondiarpet",30,10.5,20,9,9
REQ01362,Trauma,H009,"MIOT International",22,5,9,8,26
REQ01363,Accident,H026,"CSI Rainy Multispeciality Hospital",22,2.9,5,8,11
REQ01364,Unconscious,H025,"Apollo Hospitals Tondiarpet",30,4.4,8,9,9
REQ01365,General Medical,H009,"MIOT International",30,2.3,4,8,26
REQ01366,General Medical,H024,"Billroth Hospitals",30,0.9,2,4,32
REQ01367,Trauma,H026,"CSI Rainy Multispeciality Hospital",22,1,2,8,11
REQ01368,General Medical,H012,"Sundaram Medical Foundation",30,1.7,3,4,33
REQ01369,Breathing,H010,"Sri Ramachandra Medical Centre",30,4.5,9,1,10
REQ01370,Trauma,H027,"MGM Healthcare",22,1.1,2,5,16
REQ01371,General Medical,H003,"Government Kilpauk Medical College Hospital",30,1.2,2,1,9
REQ01372,Accident,H007,"Apollo Hospitals Greams Road",22,1.7,3,4,24
REQ01373,General Medical,H025,"Apollo Hospitals Tondiarpet",30,1.8,3,9,9
REQ01374,Stroke,H007,"Apollo Hospitals Greams Road",18,0.3,2,4,24
REQ01375,Accident,H027,"MGM Healthcare",22,0.6,2,5,16
REQ01376,Trauma,H011,"Madras Medical Mission",22,6.7,13,5,4
REQ01377,Other,H002,"Government Stanley Medical College Hospital",30,1,2,7,39
REQ01378,Trauma,H025,"Apollo Hospitals Tondiarpet",22,9,17,9,9
REQ01379,Cardiac,H029,"Adyar Cancer Institute",18,2.5,5,2,46
REQ01380,Accident,H025,"Apollo Hospitals Tondiarpet",22,5.6,11,9,9
REQ01381,Stroke,H011,"Madras Medical Mission",18,2.2,4,5,4
REQ01382,Unconscious,H019,"Dr. Kamakshi Memorial Hospital",30,1.6,3,18,34
REQ01383,Cardiac,H007,"Apollo Hospitals Greams Road",18,1.2,2,4,24
REQ01384,Burn,H011,"Madras Medical Mission",30,0.6,2,5,4
REQ01385,Cardiac,H019,"Dr. Kamakshi Memorial Hospital",18,17.2,32,18,34
REQ01386,Cardiac,H026,"CSI Rainy Multispeciality Hospital",18,5.3,10,8,11
REQ01387,Other,H025,"Apollo Hospitals Tondiarpet",30,5.5,10,9,9
REQ01388,Cardiac,H006,"Institute of Child Health and Hospital for Children",18,2.9,5,20,12
REQ01389,Cardiac,H013,"SIMS Hospital",18,1.9,3,5,3
REQ01390,Cardiac,H007,"Apollo Hospitals Greams Road",18,1.8,3,4,24
REQ01391,Stroke,H019,"Dr. Kamakshi Memorial Hospital",18,19,36,18,34
REQ01392,Cardiac,H011,"Madras Medical Mission",18,1.2,2,5,4
REQ01393,Accident,H018,"Chettinad Hospital and Research Institute",22,3.2,6,4,14
REQ01394,General Medical,H006,"Institute of Child Health and Hospital for Children",30,1,2,20,12
REQ01395,Cardiac,H009,"MIOT International",18,5.2,10,8,26
REQ01396,Accident,H030,"Government Hospital of Thoracic Medicine",22,0.3,2,8,23
REQ01397,Accident,H023,"ESIC Medical College and Hospital",22,1.1,2,5,32
REQ01398,Cardiac,H016,"Apollo Speciality Hospital OMR",18,2.3,4,19,2
REQ01399,Unconscious,H025,"Apollo Hospitals Tondiarpet",30,2.1,4,9,9
REQ01400,Unconscious,H019,"Dr. Kamakshi Memorial Hospital",30,1.6,3,18,34
REQ01401,Trauma,H019,"Dr. Kamakshi Memorial Hospital",22,1.5,3,18,34
REQ01402,Accident,H008,"Fortis Malar Hospital",22,1.1,2,4,34
REQ01403,Unconscious,H020,"Prashanth Super Speciality Hospital",30,1.5,3,2,14
REQ01404,Cardiac,H019,"Dr. Kamakshi Memorial Hospital",18,2.3,4,18,34
REQ01405,Accident,H021,"Hindu Mission Hospital",22,3,6,16,6
REQ01406,Accident,H006,"Institute of Child Health and Hospital for Children",22,2,4,20,12
REQ01407,Accident,H030,"Government Hospital of Thoracic Medicine",22,3.8,7,8,23
REQ01408,Accident,H006,"Institute of Child Health and Hospital for Children",22,0.9,2,20,12
REQ01409,General Medical,H010,"Sri Ramachandra Medical Centre",30,7.5,14,1,10
REQ01410,Breathing,H017,"Gleneagles HealthCity Chennai",30,2.6,5,25,26
REQ01411,Trauma,H008,"Fortis Malar Hospital",22,3.7,7,4,34
REQ01412,Unconscious,H023,"ESIC Medical College and Hospital",30,1.5,3,5,32
REQ01413,Breathing,H025,"Apollo Hospitals Tondiarpet",30,10.4,19,9,9
REQ01414,Stroke,H019,"Dr. Kamakshi Memorial Hospital",18,19.7,37,18,34
REQ01415,Accident,H030,"Government Hospital of Thoracic Medicine",22,2.1,4,8,23
REQ01416,Accident,H027,"MGM Healthcare",22,0.9,2,5,16
REQ01417,Breathing,H013,"SIMS Hospital",30,0.9,2,5,3
REQ01418,Unconscious,H012,"Sundaram Medical Foundation",30,1.2,2,4,33
REQ01419,Accident,H022,"Government Hospital Tambaram",22,0.6,2,6,22
REQ01420,General Medical,H022,"Government Hospital Tambaram",30,1,2,6,22
REQ01421,General Medical,H009,"MIOT International",30,2.7,5,8,26
REQ01422,Trauma,H025,"Apollo Hospitals Tondiarpet",22,1,2,9,9
REQ01423,Breathing,H013,"SIMS Hospital",30,2,4,5,3
REQ01424,Cardiac,H019,"Dr. Kamakshi Memorial Hospital",18,19,36,18,34
REQ01425,Accident,H019,"Dr. Kamakshi Memorial Hospital",22,4.7,9,18,34
REQ01426,Trauma,H007,"Apollo Hospitals Greams Road",22,2.3,4,4,24
REQ01427,Cardiac,H006,"Institute of Child Health and Hospital for Children",18,1.2,2,20,12
REQ01428,Accident,H007,"Apollo Hospitals Greams Road",22,0.7,2,4,24
REQ01429,Other,H016,"Apollo Speciality Hospital OMR",30,0.6,2,19,2
REQ01430,Burn,H019,"Dr. Kamakshi Memorial Hospital",30,3,6,18,34
REQ01431,Accident,H020,"Prashanth Super Speciality Hospital",22,4.4,8,2,14
REQ01432,Unconscious,H006,"Institute of Child Health and Hospital for Children",30,0.1,2,20,12
REQ01433,Breathing,H012,"Sundaram Medical Foundation",30,0.6,2,4,33
REQ01434,Accident,H030,"Government Hospital of Thoracic Medicine",22,2.3,4,8,23
REQ01435,General Medical,H003,"Government Kilpauk Medical College Hospital",30,0,2,1,9
REQ01436,Cardiac,H006,"Institute of Child Health and Hospital for Children",18,1.9,4,20,12
REQ01437,Accident,H025,"Apollo Hospitals Tondiarpet",22,7.7,14,9,9
REQ01438,Stroke,H016,"Apollo Speciality Hospital OMR",18,2.7,5,19,2
REQ01439,Unconscious,H020,"Prashanth Super Speciality Hospital",30,1.7,3,2,14
REQ01440,Cardiac,H006,"Institute of Child Health and Hospital for Children",18,0.5,2,20,12
REQ01441,Burn,H013,"SIMS Hospital",30,1.7,3,5,3
REQ01442,Stroke,H011,"Madras Medical Mission",18,11.1,21,5,4
REQ01443,Trauma,H003,"Government Kilpauk Medical College Hospital",22,0.9,2,1,9
REQ01444,Accident,H030,"Government Hospital of Thoracic Medicine",22,3.9,7,8,23
REQ01445,Cardiac,H002,"Government Stanley Medical College Hospital",18,2.8,5,7,39
REQ01446,Burn,H028,"Kauvery Hospital Alwarpet",30,1.3,2,1,34
REQ01447,Unconscious,H016,"Apollo Speciality Hospital OMR",30,1.3,2,19,2
REQ01448,Unconscious,H016,"Apollo Speciality Hospital OMR",30,0.5,2,19,2
REQ01449,General Medical,H012,"Sundaram Medical Foundation",30,2.1,4,4,33
REQ01450,Unconscious,H012,"Sundaram Medical Foundation",30,2.3,4,4,33
REQ01451,Stroke,H024,"Billroth Hospitals",18,2,4,4,32
REQ01452,Accident,H001,"Rajiv Gandhi Government General Hospital",22,1.8,3,6,32
REQ01453,Stroke,H013,"SIMS Hospital",18,1,2,5,3
REQ01454,Accident,H009,"MIOT International",22,4.1,8,8,26
REQ01455,Unconscious,H004,"Government Royapettah Hospital",30,1.2,2,13,11
REQ01456,Accident,H009,"MIOT International",22,5.2,10,8,26
REQ01457,Stroke,H019,"Dr. Kamakshi Memorial Hospital",18,5.1,10,18,34
REQ01458,Stroke,H011,"Madras Medical Mission",18,9.2,17,5,4
REQ01459,General Medical,H025,"Apollo Hospitals Tondiarpet",30,2.5,5,9,9
REQ01460,Accident,H020,"Prashanth Super Speciality Hospital",22,2,4,2,14
REQ01461,Trauma,H021,"Hindu Mission Hospital",22,1.7,3,16,6
REQ01462,Accident,H003,"Government Kilpauk Medical College Hospital",22,1.6,3,1,9
REQ01463,General Medical,H009,"MIOT International",30,1.4,3,8,26
REQ01464,Trauma,H028,"Kauvery Hospital Alwarpet",22,1.3,2,1,34
REQ01465,Accident,H019,"Dr. Kamakshi Memorial Hospital",22,4.5,8,18,34
REQ01466,Stroke,H021,"Hindu Mission Hospital",18,2,4,16,6
REQ01467,Unconscious,H025,"Apollo Hospitals Tondiarpet",30,5.4,10,9,9
REQ01468,Accident,H003,"Government Kilpauk Medical College Hospital",22,2.8,5,1,9
REQ01469,Cardiac,H019,"Dr. Kamakshi Memorial Hospital",18,2.5,5,18,34
REQ01470,Breathing,H019,"Dr. Kamakshi Memorial Hospital",30,1.3,2,18,34
REQ01471,Stroke,H016,"Apollo Speciality Hospital OMR",18,0.4,2,19,2
REQ01472,General Medical,H030,"Government Hospital of Thoracic Medicine",30,3.5,7,8,23
REQ01473,Unconscious,H001,"Rajiv Gandhi Government General Hospital",30,2.1,4,6,32
REQ01474,Accident,H009,"MIOT International",22,9.2,17,8,26
REQ01475,Trauma,H027,"MGM Healthcare",22,1.8,3,5,16
REQ01476,Stroke,H019,"Dr. Kamakshi Memorial Hospital",18,1.8,3,18,34
REQ01477,General Medical,H018,"Chettinad Hospital and Research Institute",30,2.7,5,4,14
REQ01478,General Medical,H008,"Fortis Malar Hospital",30,2.3,4,4,34
REQ01479,General Medical,H007,"Apollo Hospitals Greams Road",30,1.8,3,4,24
REQ01480,Cardiac,H021,"Hindu Mission Hospital",18,4.3,8,16,6
REQ01481,Breathing,H013,"SIMS Hospital",30,0.6,2,5,3
REQ01482,Accident,H011,"Madras Medical Mission",22,6.2,12,5,4
REQ01483,Cardiac,H007,"Apollo Hospitals Greams Road",18,1.8,3,4,24
REQ01484,Breathing,H029,"Adyar Cancer Institute",30,1.9,4,2,46
REQ01485,Accident,H030,"Government Hospital of Thoracic Medicine",22,1.9,4,8,23
REQ01486,General Medical,H022,"Government Hospital Tambaram",30,2.2,4,6,22
REQ01487,Accident,H021,"Hindu Mission Hospital",22,0.8,2,16,6
REQ01488,Accident,H006,"Institute of Child Health and Hospital for Children",22,1.7,3,20,12
REQ01489,Cardiac,H006,"Institute of Child Health and Hospital for Children",18,0.3,2,20,12
REQ01490,Unconscious,H013,"SIMS Hospital",30,1,2,5,3
REQ01491,General Medical,H020,"Prashanth Super Speciality Hospital",30,1.5,3,2,14
REQ01492,Accident,H029,"Adyar Cancer Institute",22,3.4,6,2,46
REQ01493,Trauma,H011,"Madras Medical Mission",22,1.5,3,5,4
REQ01494,Accident,H014,"Vijaya Hospital",22,2.2,4,10,12
REQ01495,Cardiac,H019,"Dr. Kamakshi Memorial Hospital",18,17.1,32,18,34
REQ01496,Trauma,H030,"Government Hospital of Thoracic Medicine",22,4,8,8,23
REQ01497,General Medical,H029,"Adyar Cancer Institute",30,0.9,2,2,46
REQ01498,Cardiac,H009,"MIOT International",18,2.1,4,8,26
REQ01499,Breathing,H018,"Chettinad Hospital and Research Institute",30,0.9,2,4,14
REQ01500,General Medical,H018,"Chettinad Hospital and Research Institute",30,2.1,4,4,14
REQ01501,Trauma,H030,"Government Hospital of Thoracic Medicine",22,0.7,2,8,23
REQ01502,Cardiac,H011,"Madras Medical Mission",18,1.5,3,5,4
REQ01503,Breathing,H001,"Rajiv Gandhi Government General Hospital",30,0.7,2,6,32
REQ01504,General Medical,H027,"MGM Healthcare",30,1.5,3,5,16
REQ01505,Breathing,H017,"Gleneagles HealthCity Chennai",30,0.1,2,25,26
REQ01506,Unconscious,H017,"Gleneagles HealthCity Chennai",30,0.9,2,25,26
REQ01507,General Medical,H024,"Billroth Hospitals",30,1.5,3,4,32
REQ01508,Unconscious,H007,"Apollo Hospitals Greams Road",30,1,2,4,24
REQ01509,Breathing,H011,"Madras Medical Mission",30,2.6,5,5,4
REQ01510,Breathing,H012,"Sundaram Medical Foundation",30,2.7,5,4,33
REQ01511,Accident,H025,"Apollo Hospitals Tondiarpet",22,1.8,3,9,9
REQ01512,Trauma,H008,"Fortis Malar Hospital",22,5.4,10,4,34
REQ01513,Trauma,H029,"Adyar Cancer Institute",22,2,4,2,46
REQ01514,General Medical,H007,"Apollo Hospitals Greams Road",30,0.7,2,4,24
REQ01515,Accident,H020,"Prashanth Super Speciality Hospital",22,2,4,2,14
REQ01516,Cardiac,H009,"MIOT International",18,7,13,8,26
REQ01517,Cardiac,H011,"Madras Medical Mission",18,9.3,18,5,4
REQ01518,Burn,H002,"Government Stanley Medical College Hospital",30,1.4,3,7,39
REQ01519,Accident,H025,"Apollo Hospitals Tondiarpet",22,11.5,22,9,9
REQ01520,Accident,H014,"Vijaya Hospital",22,1.5,3,10,12
REQ01521,Accident,H030,"Government Hospital of Thoracic Medicine",22,0.8,2,8,23
REQ01522,Stroke,H011,"Madras Medical Mission",18,3.3,6,5,4
REQ01523,General Medical,H017,"Gleneagles HealthCity Chennai",30,3,6,25,26
REQ01524,General Medical,H025,"Apollo Hospitals Tondiarpet",30,0.7,2,9,9
REQ01525,Trauma,H019,"Dr. Kamakshi Memorial Hospital",22,5.2,10,18,34
REQ01526,Unconscious,H004,"Government Royapettah Hospital",30,1,2,13,11
REQ01527,Accident,H027,"MGM Healthcare",22,1,2,5,16
REQ01528,Trauma,H027,"MGM Healthcare",22,1.7,3,5,16
REQ01529,Unconscious,H017,"Gleneagles HealthCity Chennai",30,1.7,3,25,26
REQ01530,General Medical,H020,"Prashanth Super Speciality Hospital",30,1.9,4,2,14
REQ01531,Accident,H007,"Apollo Hospitals Greams Road",22,0.6,2,4,24
REQ01532,General Medical,H001,"Rajiv Gandhi Government General Hospital",30,0.8,2,6,32
REQ01533,Trauma,H027,"MGM Healthcare",22,1,2,5,16
REQ01534,Breathing,H012,"Sundaram Medical Foundation",30,1.8,3,4,33
REQ01535,Trauma,H005,"Government Omandurar Medical College Hospital",22,0.9,2,19,5
REQ01536,Accident,H007,"Apollo Hospitals Greams Road",22,1.4,3,4,24
REQ01537,Accident,H007,"Apollo Hospitals Greams Road",22,1.7,3,4,24
REQ01538,Breathing,H004,"Government Royapettah Hospital",30,1.2,2,13,11
REQ01539,Breathing,H025,"Apollo Hospitals Tondiarpet",30,11.8,22,9,9
REQ01540,Trauma,H006,"Institute of Child Health and Hospital for Children",22,0.2,2,20,12
REQ01541,Trauma,H027,"MGM Healthcare",22,1.6,3,5,16
REQ01542,Accident,H020,"Prashanth Super Speciality Hospital",22,0.8,2,2,14
REQ01543,General Medical,H017,"Gleneagles HealthCity Chennai",30,1.4,3,25,26
REQ01544,Cardiac,H023,"ESIC Medical College and Hospital",18,0.1,2,5,32
REQ01545,Accident,H008,"Fortis Malar Hospital",22,2.4,4,4,34
REQ01546,Stroke,H021,"Hindu Mission Hospital",18,2.6,5,16,6
REQ01547,Unconscious,H004,"Government Royapettah Hospital",30,1.5,3,13,11
REQ01548,Breathing,H013,"SIMS Hospital",30,0.5,2,5,3
REQ01549,Cardiac,H021,"Hindu Mission Hospital",18,2.8,5,16,6
REQ01550,Other,H021,"Hindu Mission Hospital",30,1.6,3,16,6
REQ01551,Accident,H023,"ESIC Medical College and Hospital",22,1.1,2,5,32
REQ01552,Stroke,H029,"Adyar Cancer Institute",18,1.8,3,2,46
REQ01553,Trauma,H023,"ESIC Medical College and Hospital",22,0.6,2,5,32
REQ01554,Accident,H023,"ESIC Medical College and Hospital",22,1.6,3,5,32
REQ01555,Stroke,H014,"Vijaya Hospital",18,1.8,3,10,12
REQ01556,Accident,H007,"Apollo Hospitals Greams Road",22,1.7,3,4,24
REQ01557,Burn,H003,"Government Kilpauk Medical College Hospital",30,1.6,3,1,9
REQ01558,Breathing,H007,"Apollo Hospitals Greams Road",30,1.1,2,4,24
REQ01559,Breathing,H029,"Adyar Cancer Institute",30,1.7,3,2,46
REQ01560,General Medical,H007,"Apollo Hospitals Greams Road",30,0.3,2,4,24
REQ01561,Trauma,H030,"Government Hospital of Thoracic Medicine",22,1,2,8,23
REQ01562,Cardiac,H024,"Billroth Hospitals",18,0.6,2,4,32
REQ01563,Cardiac,H005,"Government Omandurar Medical College Hospital",18,1.2,2,19,5
REQ01564,Stroke,H019,"Dr. Kamakshi Memorial Hospital",18,6,11,18,34
REQ01565,Burn,H011,"Madras Medical Mission",30,4.6,9,5,4
REQ01566,Accident,H005,"Government Omandurar Medical College Hospital",22,0.7,2,19,5
REQ01567,Breathing,H021,"Hindu Mission Hospital",30,1.3,2,16,6
REQ01568,Unconscious,H011,"Madras Medical Mission",30,2.1,4,5,4
REQ01569,Burn,H009,"MIOT International",30,2.7,5,8,26
REQ01570,Cardiac,H016,"Apollo Speciality Hospital OMR",18,1.5,3,19,2
REQ01571,Cardiac,H021,"Hindu Mission Hospital",18,5.1,9,16,6
REQ01572,General Medical,H026,"CSI Rainy Multispeciality Hospital",30,1.6,3,8,11
REQ01573,Other,H009,"MIOT International",30,1.4,3,8,26
REQ01574,Breathing,H011,"Madras Medical Mission",30,0.7,2,5,4
REQ01575,Cardiac,H024,"Billroth Hospitals",18,1.4,3,4,32
REQ01576,Cardiac,H011,"Madras Medical Mission",18,8.4,16,5,4
REQ01577,Breathing,H002,"Government Stanley Medical College Hospital",30,1.2,2,7,39
REQ01578,Stroke,H029,"Adyar Cancer Institute",18,2.6,5,2,46
REQ01579,Accident,H020,"Prashanth Super Speciality Hospital",22,1.6,3,2,14
REQ01580,Accident,H027,"MGM Healthcare",22,1.2,2,5,16
REQ01581,Burn,H002,"Government Stanley Medical College Hospital",30,2.4,4,7,39
REQ01582,Trauma,H007,"Apollo Hospitals Greams Road",22,1.4,3,4,24
REQ01583,Unconscious,H025,"Apollo Hospitals Tondiarpet",30,4.4,8,9,9
REQ01584,Burn,H023,"ESIC Medical College and Hospital",30,1,2,5,32
REQ01585,General Medical,H021,"Hindu Mission Hospital",30,2.1,4,16,6
REQ01586,Accident,H023,"ESIC Medical College and Hospital",22,1.1,2,5,32
REQ01587,Trauma,H026,"CSI Rainy Multispeciality Hospital",22,1.9,4,8,11
REQ01588,Cardiac,H012,"Sundaram Medical Foundation",18,1.3,2,4,33
REQ01589,Breathing,H017,"Gleneagles HealthCity Chennai",30,0.4,2,25,26
REQ01590,Unconscious,H019,"Dr. Kamakshi Memorial Hospital",30,2.1,4,18,34
REQ01591,Accident,H009,"MIOT International",22,2.5,5,8,26
REQ01592,General Medical,H029,"Adyar Cancer Institute",30,0.9,2,2,46
REQ01593,Breathing,H001,"Rajiv Gandhi Government General Hospital",30,0.9,2,6,32
REQ01594,Breathing,H011,"Madras Medical Mission",30,7.9,15,5,4
REQ01595,Cardiac,H011,"Madras Medical Mission",18,11.2,21,5,4
REQ01596,General Medical,H029,"Adyar Cancer Institute",30,1.1,2,2,46
REQ01597,Cardiac,H021,"Hindu Mission Hospital",18,4.8,9,16,6
REQ01598,Other,H025,"Apollo Hospitals Tondiarpet",30,3.9,7,9,9
REQ01599,Cardiac,H007,"Apollo Hospitals Greams Road",18,1.4,3,4,24
REQ01600,Stroke,H012,"Sundaram Medical Foundation",18,1.5,3,4,33
REQ01601,Cardiac,H009,"MIOT International",18,4.3,8,8,26
REQ01602,Accident,H020,"Prashanth Super Speciality Hospital",22,1.8,3,2,14
REQ01603,Breathing,H018,"Chettinad Hospital and Research Institute",30,1.9,4,4,14
REQ01604,General Medical,H030,"Government Hospital of Thoracic Medicine",30,4.3,8,8,23
REQ01605,Breathing,H016,"Apollo Speciality Hospital OMR",30,3.3,6,19,2
REQ01606,Cardiac,H012,"Sundaram Medical Foundation",18,0.9,2,4,33
REQ01607,Cardiac,H019,"Dr. Kamakshi Memorial Hospital",18,2.4,5,18,34
REQ01608,Accident,H030,"Government Hospital of Thoracic Medicine",22,1.5,3,8,23
REQ01609,Cardiac,H021,"Hindu Mission Hospital",18,2.2,4,16,6
REQ01610,General Medical,H018,"Chettinad Hospital and Research Institute",30,2.2,4,4,14
REQ01611,Cardiac,H009,"MIOT International",18,9.9,19,8,26
REQ01612,Stroke,H011,"Madras Medical Mission",18,2,4,5,4
REQ01613,Accident,H019,"Dr. Kamakshi Memorial Hospital",22,4.6,9,18,34
REQ01614,Unconscious,H012,"Sundaram Medical Foundation",30,1,2,4,33
REQ01615,Accident,H026,"CSI Rainy Multispeciality Hospital",22,0.8,2,8,11
REQ01616,Breathing,H019,"Dr. Kamakshi Memorial Hospital",30,0.8,2,18,34
REQ01617,Breathing,H014,"Vijaya Hospital",30,2.3,4,10,12
REQ01618,Trauma,H019,"Dr. Kamakshi Memorial Hospital",22,5.7,11,18,34
REQ01619,Other,H011,"Madras Medical Mission",30,8.7,16,5,4
REQ01620,Accident,H009,"MIOT International",22,1.2,2,8,26
REQ01621,Breathing,H010,"Sri Ramachandra Medical Centre",30,4.6,9,1,10
REQ01622,Unconscious,H025,"Apollo Hospitals Tondiarpet",30,8.8,16,9,9
REQ01623,Accident,H011,"Madras Medical Mission",22,6.6,12,5,4
REQ01624,Unconscious,H025,"Apollo Hospitals Tondiarpet",30,2.2,4,9,9
REQ01625,Stroke,H016,"Apollo Speciality Hospital OMR",18,1,2,19,2
REQ01626,Accident,H021,"Hindu Mission Hospital",22,0.5,2,16,6
REQ01627,Cardiac,H019,"Dr. Kamakshi Memorial Hospital",18,20.2,38,18,34
REQ01628,Accident,H030,"Government Hospital of Thoracic Medicine",22,0.8,2,8,23
REQ01629,Accident,H014,"Vijaya Hospital",22,0.9,2,10,12
REQ01630,Cardiac,H023,"ESIC Medical College and Hospital",18,1.4,3,5,32
REQ01631,Cardiac,H009,"MIOT International",18,0.5,2,8,26
REQ01632,Breathing,H006,"Institute of Child Health and Hospital for Children",30,1.6,3,20,12
REQ01633,Accident,H009,"MIOT International",22,4.3,8,8,26
REQ01634,Cardiac,H019,"Dr. Kamakshi Memorial Hospital",18,2.3,4,18,34
REQ01635,Unconscious,H024,"Billroth Hospitals",30,1.2,2,4,32
REQ01636,General Medical,H023,"ESIC Medical College and Hospital",30,0.9,2,5,32
REQ01637,General Medical,H023,"ESIC Medical College and Hospital",30,0.1,2,5,32
REQ01638,Breathing,H001,"Rajiv Gandhi Government General Hospital",30,1.5,3,6,32
REQ01639,Trauma,H005,"Government Omandurar Medical College Hospital",22,1.8,3,19,5
REQ01640,Breathing,H013,"SIMS Hospital",30,1.7,3,5,3
REQ01641,Stroke,H011,"Madras Medical Mission",18,1.2,2,5,4
REQ01642,Cardiac,H001,"Rajiv Gandhi Government General Hospital",18,2.1,4,6,32
REQ01643,Trauma,H007,"Apollo Hospitals Greams Road",22,0.7,2,4,24
REQ01644,Cardiac,H001,"Rajiv Gandhi Government General Hospital",18,1.1,2,6,32
REQ01645,Trauma,H027,"MGM Healthcare",22,2.4,5,5,16
REQ01646,Stroke,H011,"Madras Medical Mission",18,9.4,18,5,4
REQ01647,Accident,H027,"MGM Healthcare",22,5.4,10,5,16
REQ01648,Other,H018,"Chettinad Hospital and Research Institute",30,1.4,3,4,14
REQ01649,Burn,H013,"SIMS Hospital",30,0.5,2,5,3
REQ01650,Stroke,H026,"CSI Rainy Multispeciality Hospital",18,11.1,21,8,11
REQ01651,Stroke,H024,"Billroth Hospitals",18,1,2,4,32
REQ01652,Trauma,H009,"MIOT International",22,5.7,11,8,26
REQ01653,Stroke,H016,"Apollo Speciality Hospital OMR",18,0.9,2,19,2
REQ01654,General Medical,H004,"Government Royapettah Hospital",30,0.5,2,13,11
REQ01655,Accident,H025,"Apollo Hospitals Tondiarpet",22,7.6,14,9,9
REQ01656,Burn,H006,"Institute of Child Health and Hospital for Children",30,0.3,2,20,12
REQ01657,General Medical,H012,"Sundaram Medical Foundation",30,2,4,4,33
REQ01658,General Medical,H007,"Apollo Hospitals Greams Road",30,0.3,2,4,24
REQ01659,Breathing,H002,"Government Stanley Medical College Hospital",30,1.5,3,7,39
REQ01660,Stroke,H012,"Sundaram Medical Foundation",18,1.7,3,4,33
REQ01661,Trauma,H011,"Madras Medical Mission",22,5.9,11,5,4
REQ01662,Stroke,H024,"Billroth Hospitals",18,1.2,2,4,32
REQ01663,Cardiac,H029,"Adyar Cancer Institute",18,3.5,7,2,46
REQ01664,Accident,H019,"Dr. Kamakshi Memorial Hospital",22,1.4,3,18,34
REQ01665,Accident,H019,"Dr. Kamakshi Memorial Hospital",22,1.3,2,18,34
REQ01666,Stroke,H026,"CSI Rainy Multispeciality Hospital",18,3.9,7,8,11
REQ01667,Cardiac,H001,"Rajiv Gandhi Government General Hospital",18,2.3,4,6,32
REQ01668,Stroke,H029,"Adyar Cancer Institute",18,2,4,2,46
REQ01669,General Medical,H025,"Apollo Hospitals Tondiarpet",30,10.4,20,9,9
REQ01670,Trauma,H009,"MIOT International",22,1.4,3,8,26
REQ01671,Breathing,H030,"Government Hospital of Thoracic Medicine",30,2.2,4,8,23
REQ01672,Cardiac,H026,"CSI Rainy Multispeciality Hospital",18,2.4,5,8,11
REQ01673,Trauma,H026,"CSI Rainy Multispeciality Hospital",22,0.4,2,8,11
REQ01674,Trauma,H011,"Madras Medical Mission",22,2.4,4,5,4
REQ01675,Unconscious,H019,"Dr. Kamakshi Memorial Hospital",30,1.2,2,18,34
REQ01676,Accident,H014,"Vijaya Hospital",22,2.2,4,10,12
REQ01677,Cardiac,H029,"Adyar Cancer Institute",18,2.8,5,2,46
REQ01678,General Medical,H007,"Apollo Hospitals Greams Road",30,2.5,5,4,24
REQ01679,Cardiac,H026,"CSI Rainy Multispeciality Hospital",18,5.6,10,8,11
REQ01680,Unconscious,H025,"Apollo Hospitals Tondiarpet",30,1.5,3,9,9
REQ01681,General Medical,H030,"Government Hospital of Thoracic Medicine",30,1.6,3,8,23
REQ01682,Cardiac,H002,"Government Stanley Medical College Hospital",18,2.2,4,7,39
REQ01683,General Medical,H002,"Government Stanley Medical College Hospital",30,1.6,3,7,39
REQ01684,Cardiac,H011,"Madras Medical Mission",18,6.3,12,5,4
REQ01685,General Medical,H016,"Apollo Speciality Hospital OMR",30,0.4,2,19,2
REQ01686,Other,H007,"Apollo Hospitals Greams Road",30,0.7,2,4,24
REQ01687,General Medical,H007,"Apollo Hospitals Greams Road",30,1.2,2,4,24
REQ01688,Accident,H020,"Prashanth Super Speciality Hospital",22,4.5,8,2,14
REQ01689,Cardiac,H007,"Apollo Hospitals Greams Road",18,1,2,4,24
REQ01690,Accident,H027,"MGM Healthcare",22,1.6,3,5,16
REQ01691,Accident,H001,"Rajiv Gandhi Government General Hospital",22,1,2,6,32
REQ01692,Trauma,H014,"Vijaya Hospital",22,1.6,3,10,12
REQ01693,Other,H025,"Apollo Hospitals Tondiarpet",30,0.3,2,9,9
REQ01694,Trauma,H027,"MGM Healthcare",22,1.2,2,5,16
REQ01695,Breathing,H013,"SIMS Hospital",30,1,2,5,3
REQ01696,Accident,H006,"Institute of Child Health and Hospital for Children",22,1.8,3,20,12
REQ01697,Breathing,H027,"MGM Healthcare",30,1.3,2,5,16
REQ01698,Accident,H030,"Government Hospital of Thoracic Medicine",22,3,6,8,23
REQ01699,Breathing,H010,"Sri Ramachandra Medical Centre",30,5.6,10,1,10
REQ01700,Unconscious,H020,"Prashanth Super Speciality Hospital",30,1.4,3,2,14
REQ01701,Other,H019,"Dr. Kamakshi Memorial Hospital",30,1.3,2,18,34
REQ01702,General Medical,H020,"Prashanth Super Speciality Hospital",30,1.6,3,2,14
REQ01703,Breathing,H019,"Dr. Kamakshi Memorial Hospital",30,2.5,5,18,34
REQ01704,Accident,H019,"Dr. Kamakshi Memorial Hospital",22,1.5,3,18,34
REQ01705,Accident,H007,"Apollo Hospitals Greams Road",22,2.2,4,4,24
REQ01706,Unconscious,H002,"Government Stanley Medical College Hospital",30,1.8,3,7,39
REQ01707,Accident,H019,"Dr. Kamakshi Memorial Hospital",22,7.1,13,18,34
REQ01708,Unconscious,H009,"MIOT International",30,1.4,3,8,26
REQ01709,Breathing,H030,"Government Hospital of Thoracic Medicine",30,2,4,8,23
REQ01710,Burn,H006,"Institute of Child Health and Hospital for Children",30,1.2,2,20,12
REQ01711,Cardiac,H006,"Institute of Child Health and Hospital for Children",18,2.2,4,20,12
REQ01712,Stroke,H002,"Government Stanley Medical College Hospital",18,0.4,2,7,39
REQ01713,Trauma,H019,"Dr. Kamakshi Memorial Hospital",22,6,11,18,34
REQ01714,Trauma,H030,"Government Hospital of Thoracic Medicine",22,2.1,4,8,23
REQ01715,Accident,H025,"Apollo Hospitals Tondiarpet",22,6.4,12,9,9
REQ01716,Cardiac,H011,"Madras Medical Mission",18,3,6,5,4
REQ01717,Unconscious,H016,"Apollo Speciality Hospital OMR",30,2.7,5,19,2
REQ01718,General Medical,H024,"Billroth Hospitals",30,1.3,2,4,32
REQ01719,Accident,H027,"MGM Healthcare",22,1.3,2,5,16
REQ01720,Unconscious,H007,"Apollo Hospitals Greams Road",30,2.2,4,4,24
REQ01721,Accident,H027,"MGM Healthcare",22,2.7,5,5,16
REQ01722,Trauma,H025,"Apollo Hospitals Tondiarpet",22,8.9,17,9,9
REQ01723,Accident,H008,"Fortis Malar Hospital",22,1.2,2,4,34
REQ01724,Trauma,H025,"Apollo Hospitals Tondiarpet",22,8.6,16,9,9
REQ01725,Trauma,H006,"Institute of Child Health and Hospital for Children",22,1.8,3,20,12
REQ01726,Burn,H002,"Government Stanley Medical College Hospital",30,1,2,7,39
REQ01727,Breathing,H011,"Madras Medical Mission",30,2.4,4,5,4
REQ01728,Stroke,H026,"CSI Rainy Multispeciality Hospital",18,10.5,20,8,11
REQ01729,Accident,H020,"Prashanth Super Speciality Hospital",22,1.9,3,2,14
REQ01730,Cardiac,H013,"SIMS Hospital",18,1,2,5,3
REQ01731,Unconscious,H008,"Fortis Malar Hospital",30,2.2,4,4,34
REQ01732,Cardiac,H021,"Hindu Mission Hospital",18,1.7,3,16,6
REQ01733,Trauma,H011,"Madras Medical Mission",22,1.6,3,5,4
REQ01734,Unconscious,H017,"Gleneagles HealthCity Chennai",30,2.5,5,25,26
REQ01735,Trauma,H019,"Dr. Kamakshi Memorial Hospital",22,1.3,2,18,34
REQ01736,Burn,H023,"ESIC Medical College and Hospital",30,1.2,2,5,32
REQ01737,Accident,H014,"Vijaya Hospital",22,0.6,2,10,12
REQ01738,Breathing,H005,"Government Omandurar Medical College Hospital",30,0.1,2,19,5
REQ01739,Cardiac,H007,"Apollo Hospitals Greams Road",18,0.9,2,4,24
REQ01740,Breathing,H020,"Prashanth Super Speciality Hospital",30,0.5,2,2,14
REQ01741,General Medical,H017,"Gleneagles HealthCity Chennai",30,2.2,4,25,26
REQ01742,Cardiac,H029,"Adyar Cancer Institute",18,3,6,2,46
REQ01743,Trauma,H029,"Adyar Cancer Institute",22,1.7,3,2,46
REQ01744,Trauma,H007,"Apollo Hospitals Greams Road",22,0.3,2,4,24
REQ01745,Cardiac,H002,"Government Stanley Medical College Hospital",18,1.8,3,7,39
REQ01746,Cardiac,H029,"Adyar Cancer Institute",18,1.8,3,2,46
REQ01747,Trauma,H009,"MIOT International",22,9.3,17,8,26
REQ01748,Unconscious,H024,"Billroth Hospitals",30,2.2,4,4,32
REQ01749,Unconscious,H025,"Apollo Hospitals Tondiarpet",30,7.7,15,9,9
REQ01750,Cardiac,H011,"Madras Medical Mission",18,10.4,20,5,4
REQ01751,Trauma,H019,"Dr. Kamakshi Memorial Hospital",22,2,4,18,34
REQ01752,Unconscious,H001,"Rajiv Gandhi Government General Hospital",30,0.8,2,6,32
REQ01753,Unconscious,H029,"Adyar Cancer Institute",30,1.9,3,2,46
REQ01754,Accident,H011,"Madras Medical Mission",22,2.3,4,5,4
REQ01755,Stroke,H009,"MIOT International",18,0.7,2,8,26
REQ01756,Breathing,H012,"Sundaram Medical Foundation",30,0.6,2,4,33
REQ01757,Cardiac,H006,"Institute of Child Health and Hospital for Children",18,2.2,4,20,12
REQ01758,Unconscious,H011,"Madras Medical Mission",30,1.8,3,5,4
REQ01759,Accident,H008,"Fortis Malar Hospital",22,0.5,2,4,34
REQ01760,Breathing,H027,"MGM Healthcare",30,1.2,2,5,16
REQ01761,General Medical,H023,"ESIC Medical College and Hospital",30,1.6,3,5,32
REQ01762,Unconscious,H012,"Sundaram Medical Foundation",30,0.8,2,4,33
REQ01763,Cardiac,H016,"Apollo Speciality Hospital OMR",18,2.2,4,19,2
REQ01764,Cardiac,H002,"Government Stanley Medical College Hospital",18,1.2,2,7,39
REQ01765,Breathing,H001,"Rajiv Gandhi Government General Hospital",30,1.1,2,6,32
REQ01766,Accident,H011,"Madras Medical Mission",22,1.3,2,5,4
REQ01767,Other,H006,"Institute of Child Health and Hospital for Children",30,0.9,2,20,12
REQ01768,Breathing,H020,"Prashanth Super Speciality Hospital",30,2,4,2,14
REQ01769,Accident,H014,"Vijaya Hospital",22,1.1,2,10,12
REQ01770,Breathing,H006,"Institute of Child Health and Hospital for Children",30,2.1,4,20,12
REQ01771,Stroke,H007,"Apollo Hospitals Greams Road",18,0.7,2,4,24
REQ01772,Trauma,H029,"Adyar Cancer Institute",22,1.4,3,2,46
REQ01773,Accident,H025,"Apollo Hospitals Tondiarpet",22,6.1,11,9,9
REQ01774,Cardiac,H006,"Institute of Child Health and Hospital for Children",18,1.4,3,20,12
REQ01775,Unconscious,H019,"Dr. Kamakshi Memorial Hospital",30,1.6,3,18,34
REQ01776,Cardiac,H023,"ESIC Medical College and Hospital",18,1.1,2,5,32
REQ01777,Unconscious,H019,"Dr. Kamakshi Memorial Hospital",30,1.9,4,18,34
REQ01778,Accident,H019,"Dr. Kamakshi Memorial Hospital",22,3.4,6,18,34
REQ01779,Stroke,H019,"Dr. Kamakshi Memorial Hospital",18,1.6,3,18,34
REQ01780,Trauma,H008,"Fortis Malar Hospital",22,3.2,6,4,34
REQ01781,Breathing,H020,"Prashanth Super Speciality Hospital",30,2.2,4,2,14
REQ01782,Cardiac,H001,"Rajiv Gandhi Government General Hospital",18,1,2,6,32
REQ01783,Stroke,H013,"SIMS Hospital",18,1.3,2,5,3
REQ01784,Unconscious,H012,"Sundaram Medical Foundation",30,3.1,6,4,33
REQ01785,General Medical,H004,"Government Royapettah Hospital",30,1.3,2,13,11
REQ01786,Stroke,H019,"Dr. Kamakshi Memorial Hospital",18,1,2,18,34
REQ01787,Accident,H001,"Rajiv Gandhi Government General Hospital",22,1.8,3,6,32
REQ01788,Trauma,H011,"Madras Medical Mission",22,0.6,2,5,4
REQ01789,Cardiac,H021,"Hindu Mission Hospital",18,2.1,4,16,6
REQ01790,Accident,H014,"Vijaya Hospital",22,2.1,4,10,12
REQ01791,Cardiac,H009,"MIOT International",18,4,7,8,26
REQ01792,Accident,H005,"Government Omandurar Medical College Hospital",22,0.8,2,19,5
REQ01793,General Medical,H012,"Sundaram Medical Foundation",30,8.5,16,4,33
REQ01794,Stroke,H029,"Adyar Cancer Institute",18,3.3,6,2,46
REQ01795,Unconscious,H017,"Gleneagles HealthCity Chennai",30,1.9,4,25,26
REQ01796,Trauma,H008,"Fortis Malar Hospital",22,2.7,5,4,34
REQ01797,Breathing,H012,"Sundaram Medical Foundation",30,1.3,2,4,33
REQ01798,Breathing,H019,"Dr. Kamakshi Memorial Hospital",30,1.8,3,18,34
REQ01799,Cardiac,H007,"Apollo Hospitals Greams Road",18,0.8,2,4,24
REQ01800,Breathing,H010,"Sri Ramachandra Medical Centre",30,2.2,4,1,10
REQ01801,Other,H013,"SIMS Hospital",30,0.3,2,5,3
REQ01802,Cardiac,H019,"Dr. Kamakshi Memorial Hospital",18,1.8,3,18,34
REQ01803,Accident,H014,"Vijaya Hospital",22,1,2,10,12
REQ01804,Accident,H025,"Apollo Hospitals Tondiarpet",22,2.7,5,9,9
REQ01805,Stroke,H024,"Billroth Hospitals",18,1.3,2,4,32
REQ01806,Breathing,H012,"Sundaram Medical Foundation",30,3.6,7,4,33
REQ01807,Trauma,H011,"Madras Medical Mission",22,8.5,16,5,4
REQ01808,General Medical,H004,"Government Royapettah Hospital",30,0.9,2,13,11
REQ01809,Stroke,H006,"Institute of Child Health and Hospital for Children",18,1.1,2,20,12
REQ01810,Breathing,H009,"MIOT International",30,2.3,4,8,26
REQ01811,General Medical,H021,"Hindu Mission Hospital",30,1.8,3,16,6
REQ01812,Accident,H005,"Government Omandurar Medical College Hospital",22,0.9,2,19,5
REQ01813,Cardiac,H013,"SIMS Hospital",18,0.3,2,5,3
REQ01814,Stroke,H011,"Madras Medical Mission",18,3.2,6,5,4
REQ01815,Cardiac,H029,"Adyar Cancer Institute",18,1.7,3,2,46
REQ01816,Accident,H026,"CSI Rainy Multispeciality Hospital",22,3.9,7,8,11
REQ01817,Accident,H028,"Kauvery Hospital Alwarpet",22,1.2,2,1,34
REQ01818,General Medical,H018,"Chettinad Hospital and Research Institute",30,1.7,3,4,14
REQ01819,Trauma,H019,"Dr. Kamakshi Memorial Hospital",22,1.4,3,18,34
REQ01820,Cardiac,H016,"Apollo Speciality Hospital OMR",18,1.1,2,19,2
REQ01821,Accident,H009,"MIOT International",22,1.4,3,8,26
REQ01822,Unconscious,H013,"SIMS Hospital",30,0.9,2,5,3
REQ01823,Unconscious,H020,"Prashanth Super Speciality Hospital",30,1.5,3,2,14
REQ01824,Cardiac,H013,"SIMS Hospital",18,2.2,4,5,3
REQ01825,Breathing,H005,"Government Omandurar Medical College Hospital",30,1.2,2,19,5
REQ01826,Breathing,H006,"Institute of Child Health and Hospital for Children",30,1.6,3,20,12
REQ01827,Trauma,H014,"Vijaya Hospital",22,0.4,2,10,12
REQ01828,General Medical,H010,"Sri Ramachandra Medical Centre",30,4.5,8,1,10
REQ01829,Cardiac,H015,"Kauvery Hospital",18,1.3,2,19,7
REQ01830,General Medical,H028,"Kauvery Hospital Alwarpet",30,1.8,3,1,34
REQ01831,Cardiac,H019,"Dr. Kamakshi Memorial Hospital",18,4,7,18,34
REQ01832,Breathing,H011,"Madras Medical Mission",30,6.1,12,5,4
REQ01833,Cardiac,H006,"Institute of Child Health and Hospital for Children",18,0.3,2,20,12
REQ01834,Unconscious,H022,"Government Hospital Tambaram",30,2.8,5,6,22
REQ01835,Unconscious,H008,"Fortis Malar Hospital",30,3,6,4,34
REQ01836,Accident,H019,"Dr. Kamakshi Memorial Hospital",22,5.6,10,18,34
REQ01837,Accident,H020,"Prashanth Super Speciality Hospital",22,1,2,2,14
REQ01838,General Medical,H024,"Billroth Hospitals",30,1.3,2,4,32
REQ01839,Cardiac,H009,"MIOT International",18,11.8,22,8,26
REQ01840,Stroke,H019,"Dr. Kamakshi Memorial Hospital",18,2.3,4,18,34
REQ01841,Accident,H001,"Rajiv Gandhi Government General Hospital",22,0.5,2,6,32
REQ01842,Burn,H028,"Kauvery Hospital Alwarpet",30,3.5,6,1,34
REQ01843,Breathing,H008,"Fortis Malar Hospital",30,0.6,2,4,34
REQ01844,Unconscious,H016,"Apollo Speciality Hospital OMR",30,3.3,6,19,2
REQ01845,General Medical,H022,"Government Hospital Tambaram",30,2.4,4,6,22
REQ01846,Accident,H008,"Fortis Malar Hospital",22,2.2,4,4,34
REQ01847,Unconscious,H018,"Chettinad Hospital and Research Institute",30,1.6,3,4,14
REQ01848,Other,H020,"Prashanth Super Speciality Hospital",30,1.5,3,2,14
REQ01849,Unconscious,H011,"Madras Medical Mission",30,2,4,5,4
REQ01850,Breathing,H010,"Sri Ramachandra Medical Centre",30,10.7,20,1,10
REQ01851,Cardiac,H019,"Dr. Kamakshi Memorial Hospital",18,17.6,33,18,34
REQ01852,Stroke,H016,"Apollo Speciality Hospital OMR",18,1.5,3,19,2
REQ01853,General Medical,H021,"Hindu Mission Hospital",30,1.3,2,16,6
REQ01854,Trauma,H009,"MIOT International",22,1.9,4,8,26
REQ01855,Trauma,H011,"Madras Medical Mission",22,5.2,10,5,4
REQ01856,Accident,H001,"Rajiv Gandhi Government General Hospital",22,2.1,4,6,32
REQ01857,Accident,H025,"Apollo Hospitals Tondiarpet",22,0.8,2,9,9
REQ01858,Unconscious,H008,"Fortis Malar Hospital",30,1.1,2,4,34
REQ01859,General Medical,H029,"Adyar Cancer Institute",30,2.2,4,2,46
REQ01860,Breathing,H019,"Dr. Kamakshi Memorial Hospital",30,0.6,2,18,34
REQ01861,Unconscious,H024,"Billroth Hospitals",30,1.5,3,4,32
REQ01862,Breathing,H007,"Apollo Hospitals Greams Road",30,1.5,3,4,24
REQ01863,Trauma,H030,"Government Hospital of Thoracic Medicine",22,2.5,5,8,23
REQ01864,General Medical,H028,"Kauvery Hospital Alwarpet",30,1.7,3,1,34
REQ01865,Accident,H019,"Dr. Kamakshi Memorial Hospital",22,3,6,18,34
REQ01866,Trauma,H019,"Dr. Kamakshi Memorial Hospital",22,2.1,4,18,34
REQ01867,Trauma,H009,"MIOT International",22,4.3,8,8,26
REQ01868,Burn,H011,"Madras Medical Mission",30,10.5,20,5,4
REQ01869,Accident,H027,"MGM Healthcare",22,1.4,3,5,16
REQ01870,Trauma,H021,"Hindu Mission Hospital",22,2.4,5,16,6
REQ01871,Breathing,H019,"Dr. Kamakshi Memorial Hospital",30,0.6,2,18,34
REQ01872,Trauma,H028,"Kauvery Hospital Alwarpet",22,1.4,3,1,34
REQ01873,Trauma,H006,"Institute of Child Health and Hospital for Children",22,1.9,4,20,12
REQ01874,Breathing,H011,"Madras Medical Mission",30,1.8,3,5,4
REQ01875,General Medical,H025,"Apollo Hospitals Tondiarpet",30,1,2,9,9
REQ01876,Unconscious,H013,"SIMS Hospital",30,0.5,2,5,3
REQ01877,Breathing,H011,"Madras Medical Mission",30,2.3,4,5,4
REQ01878,General Medical,H010,"Sri Ramachandra Medical Centre",30,1.7,3,1,10
REQ01879,Stroke,H012,"Sundaram Medical Foundation",18,1.1,2,4,33
REQ01880,Unconscious,H021,"Hindu Mission Hospital",30,0.5,2,16,6
REQ01881,Other,H010,"Sri Ramachandra Medical Centre",30,7.1,13,1,10
REQ01882,Unconscious,H011,"Madras Medical Mission",30,0.4,2,5,4
REQ01883,Cardiac,H021,"Hindu Mission Hospital",18,1.9,4,16,6
REQ01884,Stroke,H029,"Adyar Cancer Institute",18,1.5,3,2,46
REQ01885,Cardiac,H005,"Government Omandurar Medical College Hospital",18,1.2,2,19,5
REQ01886,General Medical,H016,"Apollo Speciality Hospital OMR",30,3.3,6,19,2
REQ01887,Unconscious,H008,"Fortis Malar Hospital",30,1.1,2,4,34
REQ01888,General Medical,H001,"Rajiv Gandhi Government General Hospital",30,1.3,2,6,32
REQ01889,Unconscious,H008,"Fortis Malar Hospital",30,1.8,3,4,34
REQ01890,Burn,H008,"Fortis Malar Hospital",30,1.1,2,4,34
REQ01891,Accident,H009,"MIOT International",22,1.9,4,8,26
REQ01892,Unconscious,H023,"ESIC Medical College and Hospital",30,0.1,2,5,32
REQ01893,Unconscious,H024,"Billroth Hospitals",30,1.6,3,4,32
REQ01894,Unconscious,H023,"ESIC Medical College and Hospital",30,0.5,2,5,32
REQ01895,Burn,H008,"Fortis Malar Hospital",30,0.6,2,4,34
REQ01896,Trauma,H011,"Madras Medical Mission",22,1.8,3,5,4
REQ01897,Accident,H003,"Government Kilpauk Medical College Hospital",22,1.1,2,1,9
REQ01898,Stroke,H021,"Hindu Mission Hospital",18,3.8,7,16,6
REQ01899,Trauma,H006,"Institute of Child Health and Hospital for Children",22,1.2,2,20,12
REQ01900,Trauma,H014,"Vijaya Hospital",22,2.1,4,10,12
REQ01901,Cardiac,H002,"Government Stanley Medical College Hospital",18,2.4,5,7,39
REQ01902,General Medical,H005,"Government Omandurar Medical College Hospital",30,2.3,4,19,5
REQ01903,Stroke,H011,"Madras Medical Mission",18,11.8,22,5,4
REQ01904,Burn,H002,"Government Stanley Medical College Hospital",30,0.7,2,7,39
REQ01905,Cardiac,H019,"Dr. Kamakshi Memorial Hospital",18,5.6,10,18,34
REQ01906,Cardiac,H011,"Madras Medical Mission",18,1.1,2,5,4
REQ01907,Accident,H019,"Dr. Kamakshi Memorial Hospital",22,5.7,11,18,34
REQ01908,Cardiac,H009,"MIOT International",18,3.1,6,8,26
REQ01909,Accident,H020,"Prashanth Super Speciality Hospital",22,1.6,3,2,14
REQ01910,Cardiac,H019,"Dr. Kamakshi Memorial Hospital",18,2.5,5,18,34
REQ01911,Cardiac,H015,"Kauvery Hospital",18,1.8,3,19,7
REQ01912,Stroke,H007,"Apollo Hospitals Greams Road",18,2.4,4,4,24
REQ01913,Cardiac,H019,"Dr. Kamakshi Memorial Hospital",18,18.9,35,18,34
REQ01914,Trauma,H014,"Vijaya Hospital",22,1.7,3,10,12
REQ01915,Burn,H006,"Institute of Child Health and Hospital for Children",30,0.3,2,20,12
REQ01916,Burn,H010,"Sri Ramachandra Medical Centre",30,0.7,2,1,10
REQ01917,Stroke,H007,"Apollo Hospitals Greams Road",18,1.1,2,4,24
REQ01918,Accident,H025,"Apollo Hospitals Tondiarpet",22,5.2,10,9,9
REQ01919,General Medical,H019,"Dr. Kamakshi Memorial Hospital",30,1.9,3,18,34
REQ01920,Trauma,H027,"MGM Healthcare",22,1.8,3,5,16
REQ01921,Unconscious,H010,"Sri Ramachandra Medical Centre",30,9,17,1,10
REQ01922,Cardiac,H019,"Dr. Kamakshi Memorial Hospital",18,18,34,18,34
REQ01923,Trauma,H007,"Apollo Hospitals Greams Road",22,2.2,4,4,24
REQ01924,General Medical,H016,"Apollo Speciality Hospital OMR",30,0.7,2,19,2
REQ01925,Trauma,H006,"Institute of Child Health and Hospital for Children",22,0.8,2,20,12
REQ01926,Burn,H011,"Madras Medical Mission",30,2.2,4,5,4
REQ01927,General Medical,H028,"Kauvery Hospital Alwarpet",30,2.4,4,1,34
REQ01928,Trauma,H021,"Hindu Mission Hospital",22,1.3,2,16,6
REQ01929,Accident,H006,"Institute of Child Health and Hospital for Children",22,1.7,3,20,12
REQ01930,Cardiac,H002,"Government Stanley Medical College Hospital",18,1,2,7,39
REQ01931,Breathing,H028,"Kauvery Hospital Alwarpet",30,1.8,3,1,34
REQ01932,Stroke,H019,"Dr. Kamakshi Memorial Hospital",18,1.8,3,18,34
REQ01933,Breathing,H017,"Gleneagles HealthCity Chennai",30,1.8,3,25,26
REQ01934,General Medical,H002,"Government Stanley Medical College Hospital",30,1,2,7,39
REQ01935,Other,H012,"Sundaram Medical Foundation",30,6.5,12,4,33
REQ01936,Cardiac,H016,"Apollo Speciality Hospital OMR",18,2,4,19,2
REQ01937,Accident,H014,"Vijaya Hospital",22,1.3,2,10,12
REQ01938,Cardiac,H001,"Rajiv Gandhi Government General Hospital",18,1,2,6,32
REQ01939,Cardiac,H026,"CSI Rainy Multispeciality Hospital",18,5.2,10,8,11
REQ01940,Accident,H006,"Institute of Child Health and Hospital for Children",22,2.2,4,20,12
REQ01941,Accident,H025,"Apollo Hospitals Tondiarpet",22,1.1,2,9,9
REQ01942,Accident,H018,"Chettinad Hospital and Research Institute",22,1.3,2,4,14
REQ01943,Unconscious,H013,"SIMS Hospital",30,1.8,3,5,3
REQ01944,Accident,H009,"MIOT International",22,1.4,3,8,26
REQ01945,Cardiac,H029,"Adyar Cancer Institute",18,0.8,2,2,46
REQ01946,Breathing,H029,"Adyar Cancer Institute",30,2.1,4,2,46
REQ01947,Cardiac,H024,"Billroth Hospitals",18,1.3,2,4,32
REQ01948,Cardiac,H026,"CSI Rainy Multispeciality Hospital",18,5.8,11,8,11
REQ01949,Accident,H026,"CSI Rainy Multispeciality Hospital",22,1.8,3,8,11
REQ01950,Breathing,H012,"Sundaram Medical Foundation",30,0.7,2,4,33
REQ01951,Burn,H021,"Hindu Mission Hospital",30,1.7,3,16,6
REQ01952,Stroke,H001,"Rajiv Gandhi Government General Hospital",18,1.5,3,6,32
REQ01953,Trauma,H009,"MIOT International",22,5.3,10,8,26
REQ01954,Accident,H020,"Prashanth Super Speciality Hospital",22,2.1,4,2,14
REQ01955,Accident,H021,"Hindu Mission Hospital",22,1.4,3,16,6
REQ01956,Cardiac,H013,"SIMS Hospital",18,0.4,2,5,3
REQ01957,Unconscious,H010,"Sri Ramachandra Medical Centre",30,8.4,16,1,10
REQ01958,Cardiac,H016,"Apollo Speciality Hospital OMR",18,2,4,19,2
REQ01959,General Medical,H010,"Sri Ramachandra Medical Centre",30,1.7,3,1,10
REQ01960,General Medical,H025,"Apollo Hospitals Tondiarpet",30,0.5,2,9,9
REQ01961,Stroke,H007,"Apollo Hospitals Greams Road",18,1.8,3,4,24
REQ01962,Trauma,H007,"Apollo Hospitals Greams Road",22,1.2,2,4,24
REQ01963,Accident,H019,"Dr. Kamakshi Memorial Hospital",22,4,8,18,34
REQ01964,General Medical,H028,"Kauvery Hospital Alwarpet",30,0.8,2,1,34
REQ01965,Cardiac,H019,"Dr. Kamakshi Memorial Hospital",18,4.9,9,18,34
REQ01966,Cardiac,H029,"Adyar Cancer Institute",18,2.2,4,2,46
REQ01967,Accident,H030,"Government Hospital of Thoracic Medicine",22,1.3,3,8,23
REQ01968,Burn,H016,"Apollo Speciality Hospital OMR",30,2.8,5,19,2
REQ01969,Cardiac,H029,"Adyar Cancer Institute",18,2.1,4,2,46
REQ01970,Stroke,H009,"MIOT International",18,3.6,7,8,26
REQ01971,Trauma,H020,"Prashanth Super Speciality Hospital",22,3.4,6,2,14
REQ01972,Trauma,H026,"CSI Rainy Multispeciality Hospital",22,1.6,3,8,11
REQ01973,General Medical,H025,"Apollo Hospitals Tondiarpet",30,6.7,13,9,9
REQ01974,Trauma,H001,"Rajiv Gandhi Government General Hospital",22,0.8,2,6,32
REQ01975,Accident,H023,"ESIC Medical College and Hospital",22,2.9,5,5,32
REQ01976,Burn,H019,"Dr. Kamakshi Memorial Hospital",30,2.7,5,18,34
REQ01977,Accident,H029,"Adyar Cancer Institute",22,2.1,4,2,46
REQ01978,Trauma,H008,"Fortis Malar Hospital",22,4.8,9,4,34
REQ01979,Cardiac,H009,"MIOT International",18,2.2,4,8,26
REQ01980,Unconscious,H012,"Sundaram Medical Foundation",30,0.9,2,4,33
REQ01981,Burn,H012,"Sundaram Medical Foundation",30,1.2,2,4,33
REQ01982,General Medical,H012,"Sundaram Medical Foundation",30,8.3,15,4,33
REQ01983,Cardiac,H006,"Institute of Child Health and Hospital for Children",18,1.6,3,20,12
REQ01984,Accident,H018,"Chettinad Hospital and Research Institute",22,1.3,2,4,14
REQ01985,Trauma,H001,"Rajiv Gandhi Government General Hospital",22,0.6,2,6,32
REQ01986,Accident,H015,"Kauvery Hospital",22,1.2,2,19,7
REQ01987,Other,H019,"Dr. Kamakshi Memorial Hospital",30,4.5,8,18,34
REQ01988,Accident,H029,"Adyar Cancer Institute",22,1.3,2,2,46
REQ01989,Breathing,H019,"Dr. Kamakshi Memorial Hospital",30,2.3,4,18,34
REQ01990,Burn,H030,"Government Hospital of Thoracic Medicine",30,0.6,2,8,23
REQ01991,Trauma,H018,"Chettinad Hospital and Research Institute",22,2.3,4,4,14
REQ01992,Cardiac,H011,"Madras Medical Mission",18,1.9,3,5,4
REQ01993,Stroke,H019,"Dr. Kamakshi Memorial Hospital",18,2.6,5,18,34
REQ01994,Accident,H022,"Government Hospital Tambaram",22,1.2,2,6,22
REQ01995,Trauma,H019,"Dr. Kamakshi Memorial Hospital",22,0.4,2,18,34
REQ01996,Trauma,H027,"MGM Healthcare",22,0.5,2,5,16
REQ01997,Burn,H010,"Sri Ramachandra Medical Centre",30,1.6,3,1,10
REQ01998,General Medical,H017,"Gleneagles HealthCity Chennai",30,1.3,2,25,26
REQ01999,General Medical,H008,"Fortis Malar Hospital",30,1.4,3,4,34
REQ02000,Breathing,H021,"Hindu Mission Hospital",30,0.6,2,16,6
REQ02001,Stroke,H024,"Billroth Hospitals",18,1.8,3,4,32
REQ02002,Accident,H001,"Rajiv Gandhi Government General Hospital",22,3.2,6,6,32
REQ02003,Trauma,H009,"MIOT International",22,3,6,8,26
REQ02004,Accident,H011,"Madras Medical Mission",22,0.9,2,5,4
REQ02005,Stroke,H006,"Institute of Child Health and Hospital for Children",18,1.2,2,20,12
REQ02006,Accident,H018,"Chettinad Hospital and Research Institute",22,2.4,4,4,14
REQ02007,Unconscious,H004,"Government Royapettah Hospital",30,2,4,13,11
REQ02008,Cardiac,H012,"Sundaram Medical Foundation",18,1.5,3,4,33
REQ02009,Burn,H017,"Gleneagles HealthCity Chennai",30,1.7,3,25,26
REQ02010,Breathing,H011,"Madras Medical Mission",30,10.3,19,5,4
REQ02011,Stroke,H019,"Dr. Kamakshi Memorial Hospital",18,18.5,35,18,34
REQ02012,Accident,H025,"Apollo Hospitals Tondiarpet",22,2.2,4,9,9
REQ02013,Breathing,H026,"CSI Rainy Multispeciality Hospital",30,2.7,5,8,11
REQ02014,Accident,H011,"Madras Medical Mission",22,6.9,13,5,4
REQ02015,Accident,H027,"MGM Healthcare",22,1.1,2,5,16
REQ02016,Accident,H005,"Government Omandurar Medical College Hospital",22,1.3,2,19,5
REQ02017,Breathing,H025,"Apollo Hospitals Tondiarpet",30,2.3,4,9,9
REQ02018,Cardiac,H016,"Apollo Speciality Hospital OMR",18,1.1,2,19,2
REQ02019,Cardiac,H005,"Government Omandurar Medical College Hospital",18,2.6,5,19,5
REQ02020,Cardiac,H019,"Dr. Kamakshi Memorial Hospital",18,0.4,2,18,34
REQ02021,Breathing,H024,"Billroth Hospitals",30,1,2,4,32
REQ02022,General Medical,H013,"SIMS Hospital",30,1.2,2,5,3
REQ02023,Breathing,H028,"Kauvery Hospital Alwarpet",30,1.1,2,1,34
REQ02024,Cardiac,H006,"Institute of Child Health and Hospital for Children",18,1.2,2,20,12
REQ02025,Accident,H011,"Madras Medical Mission",22,8.8,16,5,4
REQ02026,Trauma,H014,"Vijaya Hospital",22,1.1,2,10,12
REQ02027,Breathing,H017,"Gleneagles HealthCity Chennai",30,1.2,2,25,26
REQ02028,General Medical,H003,"Government Kilpauk Medical College Hospital",30,0.9,2,1,9
REQ02029,Accident,H005,"Government Omandurar Medical College Hospital",22,0.9,2,19,5
REQ02030,Unconscious,H010,"Sri Ramachandra Medical Centre",30,6.6,12,1,10
REQ02031,Accident,H030,"Government Hospital of Thoracic Medicine",22,3,6,8,23
REQ02032,Trauma,H009,"MIOT International",22,10,19,8,26
REQ02033,Stroke,H021,"Hindu Mission Hospital",18,3.5,6,16,6
REQ02034,Unconscious,H011,"Madras Medical Mission",30,5.3,10,5,4
REQ02035,General Medical,H002,"Government Stanley Medical College Hospital",30,1.6,3,7,39
REQ02036,Breathing,H021,"Hindu Mission Hospital",30,1.5,3,16,6
REQ02037,Cardiac,H007,"Apollo Hospitals Greams Road",18,2.4,5,4,24
REQ02038,Burn,H004,"Government Royapettah Hospital",30,2.3,4,13,11
REQ02039,Stroke,H009,"MIOT International",18,3,6,8,26
REQ02040,Unconscious,H016,"Apollo Speciality Hospital OMR",30,3.5,7,19,2
REQ02041,General Medical,H020,"Prashanth Super Speciality Hospital",30,2.2,4,2,14
REQ02042,General Medical,H010,"Sri Ramachandra Medical Centre",30,6.1,11,1,10
REQ02043,General Medical,H023,"ESIC Medical College and Hospital",30,1.4,3,5,32
REQ02044,General Medical,H025,"Apollo Hospitals Tondiarpet",30,2,4,9,9
REQ02045,Accident,H028,"Kauvery Hospital Alwarpet",22,1,2,1,34
REQ02046,Accident,H019,"Dr. Kamakshi Memorial Hospital",22,4.9,9,18,34
REQ02047,Accident,H001,"Rajiv Gandhi Government General Hospital",22,0.6,2,6,32
REQ02048,Cardiac,H019,"Dr. Kamakshi Memorial Hospital",18,5.4,10,18,34
REQ02049,Accident,H011,"Madras Medical Mission",22,9.2,17,5,4
REQ02050,Accident,H007,"Apollo Hospitals Greams Road",22,0.1,2,4,24
REQ02051,Accident,H018,"Chettinad Hospital and Research Institute",22,0.5,2,4,14
REQ02052,Accident,H025,"Apollo Hospitals Tondiarpet",22,2.4,5,9,9
REQ02053,Breathing,H023,"ESIC Medical College and Hospital",30,2.1,4,5,32
REQ02054,Burn,H019,"Dr. Kamakshi Memorial Hospital",30,1.1,2,18,34
REQ02055,Cardiac,H029,"Adyar Cancer Institute",18,2.4,5,2,46
REQ02056,General Medical,H011,"Madras Medical Mission",30,6.6,12,5,4
REQ02057,Breathing,H009,"MIOT International",30,1.1,2,8,26
REQ02058,Breathing,H009,"MIOT International",30,0.9,2,8,26
REQ02059,Trauma,H028,"Kauvery Hospital Alwarpet",22,1.8,3,1,34
REQ02060,Trauma,H020,"Prashanth Super Speciality Hospital",22,2,4,2,14
REQ02061,Accident,H028,"Kauvery Hospital Alwarpet",22,2.6,5,1,34
REQ02062,Trauma,H025,"Apollo Hospitals Tondiarpet",22,1.3,3,9,9
REQ02063,Unconscious,H005,"Government Omandurar Medical College Hospital",30,0.4,2,19,5
REQ02064,Stroke,H019,"Dr. Kamakshi Memorial Hospital",18,2.4,5,18,34
REQ02065,Accident,H001,"Rajiv Gandhi Government General Hospital",22,3.4,6,6,32
REQ02066,Accident,H009,"MIOT International",22,5,9,8,26
REQ02067,Breathing,H022,"Government Hospital Tambaram",30,0.6,2,6,22
REQ02068,Breathing,H011,"Madras Medical Mission",30,0.8,2,5,4
REQ02069,General Medical,H012,"Sundaram Medical Foundation",30,0.3,2,4,33
REQ02070,Unconscious,H025,"Apollo Hospitals Tondiarpet",30,5.9,11,9,9
REQ02071,Breathing,H011,"Madras Medical Mission",30,1.6,3,5,4
REQ02072,Accident,H014,"Vijaya Hospital",22,2,4,10,12
REQ02073,Stroke,H019,"Dr. Kamakshi Memorial Hospital",18,5,9,18,34
REQ02074,Cardiac,H019,"Dr. Kamakshi Memorial Hospital",18,1.5,3,18,34
REQ02075,General Medical,H024,"Billroth Hospitals",30,1,2,4,32
REQ02076,Unconscious,H028,"Kauvery Hospital Alwarpet",30,0.6,2,1,34
REQ02077,General Medical,H005,"Government Omandurar Medical College Hospital",30,0.1,2,19,5
REQ02078,Breathing,H009,"MIOT International",30,2.1,4,8,26
REQ02079,Unconscious,H021,"Hindu Mission Hospital",30,0.5,2,16,6
REQ02080,Trauma,H027,"MGM Healthcare",22,1.8,3,5,16
REQ02081,General Medical,H008,"Fortis Malar Hospital",30,2.3,4,4,34
REQ02082,Cardiac,H007,"Apollo Hospitals Greams Road",18,1.9,3,4,24
REQ02083,General Medical,H016,"Apollo Speciality Hospital OMR",30,0.6,2,19,2
REQ02084,Burn,H027,"MGM Healthcare",30,1.1,2,5,16
REQ02085,General Medical,H025,"Apollo Hospitals Tondiarpet",30,4.1,8,9,9
REQ02086,General Medical,H020,"Prashanth Super Speciality Hospital",30,2,4,2,14
REQ02087,Stroke,H029,"Adyar Cancer Institute",18,1,2,2,46
REQ02088,Cardiac,H005,"Government Omandurar Medical College Hospital",18,0.8,2,19,5
REQ02089,General Medical,H025,"Apollo Hospitals Tondiarpet",30,2.2,4,9,9
REQ02090,Trauma,H009,"MIOT International",22,2.4,5,8,26
REQ02091,Accident,H005,"Government Omandurar Medical College Hospital",22,1.4,3,19,5
REQ02092,General Medical,H016,"Apollo Speciality Hospital OMR",30,2.6,5,19,2
REQ02093,General Medical,H013,"SIMS Hospital",30,1.2,2,5,3
REQ02094,Accident,H025,"Apollo Hospitals Tondiarpet",22,1.8,3,9,9
REQ02095,Trauma,H025,"Apollo Hospitals Tondiarpet",22,3.4,6,9,9
REQ02096,Breathing,H010,"Sri Ramachandra Medical Centre",30,6.8,13,1,10
REQ02097,Breathing,H025,"Apollo Hospitals Tondiarpet",30,1.9,3,9,9
REQ02098,Trauma,H001,"Rajiv Gandhi Government General Hospital",22,2,4,6,32
REQ02099,Stroke,H009,"MIOT International",18,2.2,4,8,26
REQ02100,Burn,H024,"Billroth Hospitals",30,0.7,2,4,32
REQ02101,Stroke,H009,"MIOT International",18,8.5,16,8,26
REQ02102,Accident,H027,"MGM Healthcare",22,2,4,5,16
REQ02103,General Medical,H009,"MIOT International",30,1.3,2,8,26
REQ02104,Trauma,H018,"Chettinad Hospital and Research Institute",22,2.2,4,4,14
REQ02105,Cardiac,H013,"SIMS Hospital",18,0.8,2,5,3
REQ02106,Stroke,H029,"Adyar Cancer Institute",18,3.1,6,2,46
REQ02107,Accident,H006,"Institute of Child Health and Hospital for Children",22,2.2,4,20,12
REQ02108,Trauma,H019,"Dr. Kamakshi Memorial Hospital",22,6.8,13,18,34
REQ02109,Breathing,H004,"Government Royapettah Hospital",30,1.2,2,13,11
REQ02110,Trauma,H026,"CSI Rainy Multispeciality Hospital",22,1.2,2,8,11
REQ02111,Stroke,H009,"MIOT International",18,8.1,15,8,26
REQ02112,Breathing,H001,"Rajiv Gandhi Government General Hospital",30,0.9,2,6,32
REQ02113,Cardiac,H011,"Madras Medical Mission",18,8.9,17,5,4
REQ02114,Stroke,H009,"MIOT International",18,5.2,10,8,26
REQ02115,Breathing,H009,"MIOT International",30,1.5,3,8,26
REQ02116,Stroke,H019,"Dr. Kamakshi Memorial Hospital",18,1.3,2,18,34
REQ02117,Unconscious,H018,"Chettinad Hospital and Research Institute",30,3,6,4,14
REQ02118,Accident,H027,"MGM Healthcare",22,0.6,2,5,16
REQ02119,Breathing,H025,"Apollo Hospitals Tondiarpet",30,1.1,2,9,9
REQ02120,Breathing,H011,"Madras Medical Mission",30,2.1,4,5,4
REQ02121,Accident,H009,"MIOT International",22,0.8,2,8,26
REQ02122,Breathing,H010,"Sri Ramachandra Medical Centre",30,5.1,9,1,10
REQ02123,Accident,H027,"MGM Healthcare",22,1.7,3,5,16
REQ02124,Accident,H023,"ESIC Medical College and Hospital",22,0.9,2,5,32
REQ02125,Unconscious,H013,"SIMS Hospital",30,0.5,2,5,3
REQ02126,Accident,H020,"Prashanth Super Speciality Hospital",22,1,2,2,14
REQ02127,Cardiac,H016,"Apollo Speciality Hospital OMR",18,2.3,4,19,2
REQ02128,Other,H011,"Madras Medical Mission",30,1.2,2,5,4
REQ02129,Cardiac,H024,"Billroth Hospitals",18,1.4,3,4,32
REQ02130,General Medical,H009,"MIOT International",30,2.9,5,8,26
REQ02131,General Medical,H025,"Apollo Hospitals Tondiarpet",30,9.5,18,9,9
REQ02132,Breathing,H002,"Government Stanley Medical College Hospital",30,0.7,2,7,39
REQ02133,Unconscious,H007,"Apollo Hospitals Greams Road",30,0.5,2,4,24
REQ02134,Accident,H008,"Fortis Malar Hospital",22,1.6,3,4,34
REQ02135,General Medical,H010,"Sri Ramachandra Medical Centre",30,3.6,7,1,10
REQ02136,Stroke,H012,"Sundaram Medical Foundation",18,10.3,19,4,33
REQ02137,Cardiac,H011,"Madras Medical Mission",18,1.5,3,5,4
REQ02138,Accident,H030,"Government Hospital of Thoracic Medicine",22,3.6,7,8,23
REQ02139,Cardiac,H016,"Apollo Speciality Hospital OMR",18,0,2,19,2
REQ02140,General Medical,H018,"Chettinad Hospital and Research Institute",30,0.9,2,4,14
REQ02141,Cardiac,H024,"Billroth Hospitals",18,2.2,4,4,32
REQ02142,Cardiac,H029,"Adyar Cancer Institute",18,2.6,5,2,46
REQ02143,Breathing,H029,"Adyar Cancer Institute",30,0.9,2,2,46
REQ02144,Burn,H006,"Institute of Child Health and Hospital for Children",30,1.2,2,20,12
REQ02145,Unconscious,H007,"Apollo Hospitals Greams Road",30,0.8,2,4,24
REQ02146,General Medical,H002,"Government Stanley Medical College Hospital",30,2.3,4,7,39
REQ02147,Trauma,H019,"Dr. Kamakshi Memorial Hospital",22,7,13,18,34
REQ02148,General Medical,H020,"Prashanth Super Speciality Hospital",30,1.8,3,2,14
REQ02149,Burn,H004,"Government Royapettah Hospital",30,0.5,2,13,11
REQ02150,Accident,H018,"Chettinad Hospital and Research Institute",22,2.5,5,4,14
REQ02151,Breathing,H030,"Government Hospital of Thoracic Medicine",30,0.7,2,8,23
REQ02152,Accident,H025,"Apollo Hospitals Tondiarpet",22,11.1,21,9,9
REQ02153,Accident,H027,"MGM Healthcare",22,1.6,3,5,16
REQ02154,Cardiac,H019,"Dr. Kamakshi Memorial Hospital",18,18.3,34,18,34
REQ02155,General Medical,H024,"Billroth Hospitals",30,2,4,4,32
REQ02156,Burn,H009,"MIOT International",30,2.4,4,8,26
REQ02157,Trauma,H020,"Prashanth Super Speciality Hospital",22,1.8,3,2,14
REQ02158,Stroke,H019,"Dr. Kamakshi Memorial Hospital",18,4.8,9,18,34
REQ02159,Accident,H014,"Vijaya Hospital",22,2.4,4,10,12
REQ02160,Cardiac,H011,"Madras Medical Mission",18,2.2,4,5,4
REQ02161,Trauma,H009,"MIOT International",22,8.5,16,8,26
REQ02162,Accident,H009,"MIOT International",22,12.1,23,8,26
REQ02163,Breathing,H004,"Government Royapettah Hospital",30,2,4,13,11
REQ02164,Unconscious,H007,"Apollo Hospitals Greams Road",30,1.7,3,4,24
REQ02165,Stroke,H009,"MIOT International",18,2.5,5,8,26
REQ02166,Stroke,H002,"Government Stanley Medical College Hospital",18,2.4,4,7,39
REQ02167,Accident,H007,"Apollo Hospitals Greams Road",22,2.3,4,4,24
REQ02168,General Medical,H010,"Sri Ramachandra Medical Centre",30,1.9,4,1,10
REQ02169,Burn,H012,"Sundaram Medical Foundation",30,1.2,2,4,33
REQ02170,Trauma,H019,"Dr. Kamakshi Memorial Hospital",22,7.1,13,18,34
REQ02171,Unconscious,H017,"Gleneagles HealthCity Chennai",30,2.7,5,25,26
REQ02172,Accident,H003,"Government Kilpauk Medical College Hospital",22,2.6,5,1,9
REQ02173,Trauma,H001,"Rajiv Gandhi Government General Hospital",22,2,4,6,32
REQ02174,Breathing,H029,"Adyar Cancer Institute",30,3,6,2,46
REQ02175,Cardiac,H029,"Adyar Cancer Institute",18,4,8,2,46
REQ02176,Unconscious,H017,"Gleneagles HealthCity Chennai",30,2.2,4,25,26
REQ02177,Other,H030,"Government Hospital of Thoracic Medicine",30,4.9,9,8,23
REQ02178,Trauma,H005,"Government Omandurar Medical College Hospital",22,0.8,2,19,5
REQ02179,Accident,H011,"Madras Medical Mission",22,10.2,19,5,4
REQ02180,Burn,H021,"Hindu Mission Hospital",30,1.6,3,16,6
REQ02181,Stroke,H009,"MIOT International",18,1.1,2,8,26
REQ02182,Breathing,H006,"Institute of Child Health and Hospital for Children",30,1.9,4,20,12
REQ02183,Stroke,H012,"Sundaram Medical Foundation",18,1,2,4,33
REQ02184,Trauma,H026,"CSI Rainy Multispeciality Hospital",22,0.4,2,8,11
REQ02185,Accident,H019,"Dr. Kamakshi Memorial Hospital",22,2.9,5,18,34
REQ02186,Trauma,H006,"Institute of Child Health and Hospital for Children",22,1.8,3,20,12
REQ02187,Cardiac,H006,"Institute of Child Health and Hospital for Children",18,1.4,3,20,12
REQ02188,Accident,H005,"Government Omandurar Medical College Hospital",22,1.3,2,19,5
REQ02189,Accident,H030,"Government Hospital of Thoracic Medicine",22,2.2,4,8,23
REQ02190,Trauma,H025,"Apollo Hospitals Tondiarpet",22,2.1,4,9,9
REQ02191,Breathing,H012,"Sundaram Medical Foundation",30,1.3,2,4,33
REQ02192,Cardiac,H021,"Hindu Mission Hospital",18,6.3,12,16,6
REQ02193,Accident,H005,"Government Omandurar Medical College Hospital",22,0.9,2,19,5
REQ02194,Stroke,H009,"MIOT International",18,1.6,3,8,26
REQ02195,Trauma,H030,"Government Hospital of Thoracic Medicine",22,4,8,8,23
REQ02196,Trauma,H027,"MGM Healthcare",22,1.2,2,5,16
REQ02197,Burn,H011,"Madras Medical Mission",30,1.2,2,5,4
REQ02198,Trauma,H029,"Adyar Cancer Institute",22,1.2,2,2,46
REQ02199,Stroke,H021,"Hindu Mission Hospital",18,3.6,7,16,6
REQ02200,Other,H018,"Chettinad Hospital and Research Institute",30,0.6,2,4,14
REQ02201,Other,H020,"Prashanth Super Speciality Hospital",30,2.8,5,2,14
REQ02202,Breathing,H001,"Rajiv Gandhi Government General Hospital",30,1,2,6,32
REQ02203,Breathing,H002,"Government Stanley Medical College Hospital",30,1.2,2,7,39
REQ02204,Cardiac,H024,"Billroth Hospitals",18,1.5,3,4,32
REQ02205,Accident,H027,"MGM Healthcare",22,0.3,2,5,16
REQ02206,Burn,H020,"Prashanth Super Speciality Hospital",30,2,4,2,14
REQ02207,Burn,H004,"Government Royapettah Hospital",30,0.7,2,13,11
REQ02208,Breathing,H017,"Gleneagles HealthCity Chennai",30,1.7,3,25,26
REQ02209,General Medical,H021,"Hindu Mission Hospital",30,0.8,2,16,6
REQ02210,Other,H006,"Institute of Child Health and Hospital for Children",30,1.5,3,20,12
REQ02211,Accident,H020,"Prashanth Super Speciality Hospital",22,4.5,8,2,14
REQ02212,Breathing,H001,"Rajiv Gandhi Government General Hospital",30,1.1,2,6,32
REQ02213,Other,H030,"Government Hospital of Thoracic Medicine",30,4,8,8,23
REQ02214,Cardiac,H009,"MIOT International",18,0.9,2,8,26
REQ02215,Breathing,H024,"Billroth Hospitals",30,1.6,3,4,32
REQ02216,Breathing,H010,"Sri Ramachandra Medical Centre",30,1.1,2,1,10
REQ02217,Accident,H026,"CSI Rainy Multispeciality Hospital",22,1,2,8,11
REQ02218,Cardiac,H021,"Hindu Mission Hospital",18,3.7,7,16,6
REQ02219,General Medical,H007,"Apollo Hospitals Greams Road",30,0.9,2,4,24
REQ02220,Stroke,H019,"Dr. Kamakshi Memorial Hospital",18,1.4,3,18,34
REQ02221,Accident,H027,"MGM Healthcare",22,1.8,3,5,16
REQ02222,Trauma,H023,"ESIC Medical College and Hospital",22,0.4,2,5,32
REQ02223,Accident,H001,"Rajiv Gandhi Government General Hospital",22,1.8,3,6,32
REQ02224,General Medical,H018,"Chettinad Hospital and Research Institute",30,2.8,5,4,14
REQ02225,Cardiac,H011,"Madras Medical Mission",18,3.6,7,5,4
REQ02226,Trauma,H025,"Apollo Hospitals Tondiarpet",22,1.2,2,9,9
REQ02227,Breathing,H024,"Billroth Hospitals",30,1.1,2,4,32
REQ02228,Unconscious,H025,"Apollo Hospitals Tondiarpet",30,12.7,24,9,9
REQ02229,Trauma,H007,"Apollo Hospitals Greams Road",22,1.4,3,4,24
REQ02230,General Medical,H013,"SIMS Hospital",30,1.6,3,5,3
REQ02231,Accident,H018,"Chettinad Hospital and Research Institute",22,2,4,4,14
REQ02232,Trauma,H003,"Government Kilpauk Medical College Hospital",22,0.3,2,1,9
REQ02233,Cardiac,H009,"MIOT International",18,0.9,2,8,26
REQ02234,Accident,H011,"Madras Medical Mission",22,4.5,8,5,4
REQ02235,Breathing,H028,"Kauvery Hospital Alwarpet",30,0.4,2,1,34
REQ02236,Trauma,H027,"MGM Healthcare",22,0.8,2,5,16
REQ02237,Stroke,H005,"Government Omandurar Medical College Hospital",18,1.7,3,19,5
REQ02238,Accident,H003,"Government Kilpauk Medical College Hospital",22,1.3,2,1,9
REQ02239,Accident,H019,"Dr. Kamakshi Memorial Hospital",22,3.4,6,18,34
REQ02240,Cardiac,H011,"Madras Medical Mission",18,0.6,2,5,4
REQ02241,Unconscious,H030,"Government Hospital of Thoracic Medicine",30,4.4,8,8,23
REQ02242,Unconscious,H020,"Prashanth Super Speciality Hospital",30,3,6,2,14
REQ02243,Accident,H019,"Dr. Kamakshi Memorial Hospital",22,4.2,8,18,34
REQ02244,Cardiac,H016,"Apollo Speciality Hospital OMR",18,2.6,5,19,2
REQ02245,Trauma,H030,"Government Hospital of Thoracic Medicine",22,1.1,2,8,23
REQ02246,General Medical,H009,"MIOT International",30,3.4,6,8,26
REQ02247,Accident,H007,"Apollo Hospitals Greams Road",22,1.6,3,4,24
REQ02248,Cardiac,H006,"Institute of Child Health and Hospital for Children",18,1.3,2,20,12
REQ02249,Breathing,H019,"Dr. Kamakshi Memorial Hospital",30,2.3,4,18,34
REQ02250,Cardiac,H026,"CSI Rainy Multispeciality Hospital",18,4.7,9,8,11
REQ02251,Cardiac,H019,"Dr. Kamakshi Memorial Hospital",18,6.4,12,18,34
REQ02252,Breathing,H010,"Sri Ramachandra Medical Centre",30,2.1,4,1,10
REQ02253,Breathing,H019,"Dr. Kamakshi Memorial Hospital",30,4.8,9,18,34
REQ02254,Stroke,H012,"Sundaram Medical Foundation",18,1.9,4,4,33
REQ02255,Cardiac,H012,"Sundaram Medical Foundation",18,7.7,14,4,33
REQ02256,Breathing,H008,"Fortis Malar Hospital",30,0.6,2,4,34
REQ02257,Other,H030,"Government Hospital of Thoracic Medicine",30,1.6,3,8,23
REQ02258,Accident,H009,"MIOT International",22,1.5,3,8,26
REQ02259,Burn,H023,"ESIC Medical College and Hospital",30,1.3,3,5,32
REQ02260,Accident,H011,"Madras Medical Mission",22,10,19,5,4
REQ02261,Stroke,H016,"Apollo Speciality Hospital OMR",18,4.9,9,19,2
REQ02262,Cardiac,H007,"Apollo Hospitals Greams Road",18,0.6,2,4,24
REQ02263,Accident,H014,"Vijaya Hospital",22,0.7,2,10,12
REQ02264,Breathing,H009,"MIOT International",30,1.9,4,8,26
REQ02265,Unconscious,H018,"Chettinad Hospital and Research Institute",30,1.9,4,4,14
REQ02266,Trauma,H021,"Hindu Mission Hospital",22,0.9,2,16,6
REQ02267,Trauma,H022,"Government Hospital Tambaram",22,1.7,3,6,22
REQ02268,Other,H018,"Chettinad Hospital and Research Institute",30,1.1,2,4,14
REQ02269,Other,H020,"Prashanth Super Speciality Hospital",30,2.6,5,2,14
REQ02270,Cardiac,H011,"Madras Medical Mission",18,6.4,12,5,4
REQ02271,Unconscious,H001,"Rajiv Gandhi Government General Hospital",30,1.1,2,6,32
REQ02272,Other,H004,"Government Royapettah Hospital",30,1.2,2,13,11
REQ02273,Accident,H028,"Kauvery Hospital Alwarpet",22,0.9,2,1,34
REQ02274,Cardiac,H026,"CSI Rainy Multispeciality Hospital",18,5.5,10,8,11
REQ02275,General Medical,H020,"Prashanth Super Speciality Hospital",30,2.1,4,2,14
REQ02276,Trauma,H018,"Chettinad Hospital and Research Institute",22,1.1,2,4,14
REQ02277,Breathing,H018,"Chettinad Hospital and Research Institute",30,3,6,4,14
REQ02278,Burn,H001,"Rajiv Gandhi Government General Hospital",30,1.9,4,6,32
REQ02279,Accident,H018,"Chettinad Hospital and Research Institute",22,1.5,3,4,14
REQ02280,General Medical,H025,"Apollo Hospitals Tondiarpet",30,5.7,11,9,9
REQ02281,Breathing,H009,"MIOT International",30,2.3,4,8,26
REQ02282,General Medical,H024,"Billroth Hospitals",30,1.2,2,4,32
REQ02283,Accident,H003,"Government Kilpauk Medical College Hospital",22,2.4,4,1,9
REQ02284,Accident,H027,"MGM Healthcare",22,3.3,6,5,16
REQ02285,Accident,H007,"Apollo Hospitals Greams Road",22,1.2,2,4,24
REQ02286,Other,H011,"Madras Medical Mission",30,2.1,4,5,4
REQ02287,Accident,H025,"Apollo Hospitals Tondiarpet",22,4.3,8,9,9
REQ02288,Burn,H010,"Sri Ramachandra Medical Centre",30,7.1,13,1,10
REQ02289,Accident,H019,"Dr. Kamakshi Memorial Hospital",22,5.7,11,18,34
REQ02290,Accident,H018,"Chettinad Hospital and Research Institute",22,0.8,2,4,14
REQ02291,Stroke,H007,"Apollo Hospitals Greams Road",18,2.8,5,4,24
REQ02292,General Medical,H028,"Kauvery Hospital Alwarpet",30,1.5,3,1,34
REQ02293,Accident,H020,"Prashanth Super Speciality Hospital",22,1.7,3,2,14
REQ02294,Cardiac,H012,"Sundaram Medical Foundation",18,0.9,2,4,33
REQ02295,Cardiac,H013,"SIMS Hospital",18,1.8,3,5,3
REQ02296,Breathing,H007,"Apollo Hospitals Greams Road",30,1.4,3,4,24
REQ02297,Breathing,H013,"SIMS Hospital",30,2.4,4,5,3
REQ02298,Other,H016,"Apollo Speciality Hospital OMR",30,2.2,4,19,2
REQ02299,Cardiac,H015,"Kauvery Hospital",18,1.8,3,19,7
REQ02300,General Medical,H025,"Apollo Hospitals Tondiarpet",30,3.1,6,9,9
REQ02301,Unconscious,H017,"Gleneagles HealthCity Chennai",30,2.8,5,25,26
REQ02302,Breathing,H006,"Institute of Child Health and Hospital for Children",30,0.5,2,20,12
REQ02303,Breathing,H025,"Apollo Hospitals Tondiarpet",30,1.5,3,9,9
REQ02304,Trauma,H014,"Vijaya Hospital",22,2.4,4,10,12
REQ02305,Trauma,H023,"ESIC Medical College and Hospital",22,1.8,3,5,32
REQ02306,Unconscious,H004,"Government Royapettah Hospital",30,1.4,3,13,11
REQ02307,Breathing,H029,"Adyar Cancer Institute",30,1.8,3,2,46
REQ02308,Stroke,H011,"Madras Medical Mission",18,5.5,10,5,4
REQ02309,Unconscious,H001,"Rajiv Gandhi Government General Hospital",30,1.6,3,6,32
REQ02310,Trauma,H018,"Chettinad Hospital and Research Institute",22,1.5,3,4,14
REQ02311,Accident,H007,"Apollo Hospitals Greams Road",22,1.4,3,4,24
REQ02312,Trauma,H029,"Adyar Cancer Institute",22,1.6,3,2,46
REQ02313,General Medical,H004,"Government Royapettah Hospital",30,1.2,2,13,11
REQ02314,Cardiac,H019,"Dr. Kamakshi Memorial Hospital",18,2.3,4,18,34
REQ02315,Breathing,H024,"Billroth Hospitals",30,0.4,2,4,32
REQ02316,Accident,H005,"Government Omandurar Medical College Hospital",22,2.2,4,19,5
REQ02317,Accident,H008,"Fortis Malar Hospital",22,2.3,4,4,34
REQ02318,Cardiac,H016,"Apollo Speciality Hospital OMR",18,0.7,2,19,2
REQ02319,Burn,H011,"Madras Medical Mission",30,0.9,2,5,4
REQ02320,Trauma,H014,"Vijaya Hospital",22,1.5,3,10,12
REQ02321,Burn,H001,"Rajiv Gandhi Government General Hospital",30,2.2,4,6,32
REQ02322,Cardiac,H011,"Madras Medical Mission",18,11.2,21,5,4
REQ02323,Unconscious,H008,"Fortis Malar Hospital",30,0.7,2,4,34
REQ02324,Unconscious,H023,"ESIC Medical College and Hospital",30,1.2,2,5,32
REQ02325,General Medical,H011,"Madras Medical Mission",30,11.4,21,5,4
REQ02326,Trauma,H008,"Fortis Malar Hospital",22,1.8,3,4,34
REQ02327,Stroke,H007,"Apollo Hospitals Greams Road",18,0.9,2,4,24
REQ02328,Trauma,H027,"MGM Healthcare",22,0.6,2,5,16
REQ02329,Burn,H009,"MIOT International",30,0.7,2,8,26
REQ02330,Unconscious,H010,"Sri Ramachandra Medical Centre",30,1.4,3,1,10
REQ02331,Accident,H020,"Prashanth Super Speciality Hospital",22,1,2,2,14
REQ02332,Breathing,H018,"Chettinad Hospital and Research Institute",30,2.3,4,4,14
REQ02333,Cardiac,H019,"Dr. Kamakshi Memorial Hospital",18,7.3,14,18,34
REQ02334,Cardiac,H011,"Madras Medical Mission",18,2.6,5,5,4
REQ02335,Accident,H025,"Apollo Hospitals Tondiarpet",22,6.2,12,9,9
REQ02336,Accident,H025,"Apollo Hospitals Tondiarpet",22,5.6,10,9,9
REQ02337,Burn,H030,"Government Hospital of Thoracic Medicine",30,0.7,2,8,23
REQ02338,Cardiac,H012,"Sundaram Medical Foundation",18,3.2,6,4,33
REQ02339,Accident,H028,"Kauvery Hospital Alwarpet",22,1.5,3,1,34
REQ02340,Accident,H025,"Apollo Hospitals Tondiarpet",22,6.7,12,9,9
REQ02341,Breathing,H016,"Apollo Speciality Hospital OMR",30,2.2,4,19,2
REQ02342,Stroke,H011,"Madras Medical Mission",18,1.8,3,5,4
REQ02343,Accident,H030,"Government Hospital of Thoracic Medicine",22,1.4,3,8,23
REQ02344,Stroke,H014,"Vijaya Hospital",18,1.8,3,10,12
REQ02345,General Medical,H001,"Rajiv Gandhi Government General Hospital",30,1.2,2,6,32
REQ02346,Trauma,H007,"Apollo Hospitals Greams Road",22,1.3,2,4,24
REQ02347,Breathing,H019,"Dr. Kamakshi Memorial Hospital",30,1.8,3,18,34
REQ02348,Trauma,H005,"Government Omandurar Medical College Hospital",22,1.8,3,19,5
REQ02349,Burn,H030,"Government Hospital of Thoracic Medicine",30,2.4,4,8,23
REQ02350,Stroke,H019,"Dr. Kamakshi Memorial Hospital",18,4.9,9,18,34
REQ02351,Trauma,H028,"Kauvery Hospital Alwarpet",22,0.4,2,1,34
REQ02352,Accident,H019,"Dr. Kamakshi Memorial Hospital",22,5.1,10,18,34
REQ02353,Trauma,H009,"MIOT International",22,9.8,18,8,26
REQ02354,Trauma,H026,"CSI Rainy Multispeciality Hospital",22,0.9,2,8,11
REQ02355,Stroke,H009,"MIOT International",18,4.9,9,8,26
REQ02356,Unconscious,H029,"Adyar Cancer Institute",30,1.4,3,2,46
REQ02357,Trauma,H009,"MIOT International",22,2.7,5,8,26
REQ02358,Accident,H027,"MGM Healthcare",22,0.7,2,5,16
REQ02359,Accident,H001,"Rajiv Gandhi Government General Hospital",22,2.2,4,6,32
REQ02360,Trauma,H009,"MIOT International",22,2,4,8,26
REQ02361,Trauma,H030,"Government Hospital of Thoracic Medicine",22,3.1,6,8,23
REQ02362,Burn,H030,"Government Hospital of Thoracic Medicine",30,4.9,9,8,23
REQ02363,Unconscious,H026,"CSI Rainy Multispeciality Hospital",30,1.6,3,8,11
REQ02364,Trauma,H027,"MGM Healthcare",22,1.2,2,5,16
REQ02365,Stroke,H012,"Sundaram Medical Foundation",18,0.5,2,4,33
REQ02366,Cardiac,H019,"Dr. Kamakshi Memorial Hospital",18,2.5,5,18,34
REQ02367,Stroke,H009,"MIOT International",18,2.5,5,8,26
REQ02368,Breathing,H021,"Hindu Mission Hospital",30,1.8,3,16,6
REQ02369,Breathing,H027,"MGM Healthcare",30,0.8,2,5,16
REQ02370,Breathing,H001,"Rajiv Gandhi Government General Hospital",30,1.4,3,6,32
REQ02371,Trauma,H008,"Fortis Malar Hospital",22,1.6,3,4,34
REQ02372,Trauma,H019,"Dr. Kamakshi Memorial Hospital",22,5.3,10,18,34
REQ02373,Cardiac,H011,"Madras Medical Mission",18,2.5,5,5,4
REQ02374,Breathing,H007,"Apollo Hospitals Greams Road",30,1,2,4,24
REQ02375,Unconscious,H016,"Apollo Speciality Hospital OMR",30,0.9,2,19,2
REQ02376,Accident,H029,"Adyar Cancer Institute",22,1.4,3,2,46
REQ02377,Unconscious,H013,"SIMS Hospital",30,0.4,2,5,3
REQ02378,Unconscious,H013,"SIMS Hospital",30,1.4,3,5,3
REQ02379,Breathing,H025,"Apollo Hospitals Tondiarpet",30,4.1,8,9,9
REQ02380,Trauma,H023,"ESIC Medical College and Hospital",22,0.5,2,5,32
REQ02381,Breathing,H024,"Billroth Hospitals",30,1.3,2,4,32
REQ02382,Accident,H019,"Dr. Kamakshi Memorial Hospital",22,3.7,7,18,34
REQ02383,General Medical,H028,"Kauvery Hospital Alwarpet",30,1,2,1,34
REQ02384,Unconscious,H007,"Apollo Hospitals Greams Road",30,1.5,3,4,24
REQ02385,Unconscious,H001,"Rajiv Gandhi Government General Hospital",30,0.9,2,6,32
REQ02386,Stroke,H019,"Dr. Kamakshi Memorial Hospital",18,2.2,4,18,34
REQ02387,Accident,H011,"Madras Medical Mission",22,1.2,2,5,4
REQ02388,Stroke,H026,"CSI Rainy Multispeciality Hospital",18,11,21,8,11
REQ02389,Breathing,H029,"Adyar Cancer Institute",30,2.4,4,2,46
REQ02390,Unconscious,H001,"Rajiv Gandhi Government General Hospital",30,1.6,3,6,32
REQ02391,Cardiac,H009,"MIOT International",18,1.8,3,8,26
REQ02392,Trauma,H008,"Fortis Malar Hospital",22,1.1,2,4,34
REQ02393,General Medical,H011,"Madras Medical Mission",30,2.2,4,5,4
REQ02394,Other,H025,"Apollo Hospitals Tondiarpet",30,5.9,11,9,9
REQ02395,General Medical,H028,"Kauvery Hospital Alwarpet",30,1.3,2,1,34
REQ02396,Unconscious,H018,"Chettinad Hospital and Research Institute",30,1.8,3,4,14
REQ02397,Trauma,H011,"Madras Medical Mission",22,9.1,17,5,4
REQ02398,Trauma,H006,"Institute of Child Health and Hospital for Children",22,1.4,3,20,12
REQ02399,General Medical,H010,"Sri Ramachandra Medical Centre",30,6.6,12,1,10
REQ02400,Unconscious,H010,"Sri Ramachandra Medical Centre",30,3.6,7,1,10
REQ02401,Breathing,H004,"Government Royapettah Hospital",30,2.3,4,13,11
REQ02402,Breathing,H025,"Apollo Hospitals Tondiarpet",30,11.7,22,9,9
REQ02403,Breathing,H017,"Gleneagles HealthCity Chennai",30,2.4,4,25,26
REQ02404,Breathing,H024,"Billroth Hospitals",30,2.8,5,4,32
REQ02405,Cardiac,H011,"Madras Medical Mission",18,11.1,21,5,4
REQ02406,Accident,H005,"Government Omandurar Medical College Hospital",22,1.8,3,19,5
REQ02407,Breathing,H009,"MIOT International",30,1.7,3,8,26
REQ02408,Cardiac,H006,"Institute of Child Health and Hospital for Children",18,1.5,3,20,12
REQ02409,Breathing,H002,"Government Stanley Medical College Hospital",30,1.6,3,7,39
REQ02410,Trauma,H025,"Apollo Hospitals Tondiarpet",22,1.3,2,9,9
REQ02411,Unconscious,H001,"Rajiv Gandhi Government General Hospital",30,1.6,3,6,32
REQ02412,Accident,H009,"MIOT International",22,0.7,2,8,26
REQ02413,Unconscious,H025,"Apollo Hospitals Tondiarpet",30,2.2,4,9,9
REQ02414,General Medical,H018,"Chettinad Hospital and Research Institute",30,1.4,3,4,14
REQ02415,Accident,H006,"Institute of Child Health and Hospital for Children",22,0.8,2,20,12
REQ02416,Unconscious,H012,"Sundaram Medical Foundation",30,8.2,15,4,33
REQ02417,Accident,H030,"Government Hospital of Thoracic Medicine",22,0.5,2,8,23
REQ02418,Accident,H008,"Fortis Malar Hospital",22,0.2,2,4,34
REQ02419,Trauma,H028,"Kauvery Hospital Alwarpet",22,1,2,1,34
REQ02420,Accident,H011,"Madras Medical Mission",22,8.7,16,5,4
REQ02421,Accident,H028,"Kauvery Hospital Alwarpet",22,2.4,4,1,34
REQ02422,Accident,H006,"Institute of Child Health and Hospital for Children",22,0.9,2,20,12
REQ02423,Breathing,H001,"Rajiv Gandhi Government General Hospital",30,2.2,4,6,32
REQ02424,Accident,H001,"Rajiv Gandhi Government General Hospital",22,1.1,2,6,32
REQ02425,Breathing,H025,"Apollo Hospitals Tondiarpet",30,6.5,12,9,9
REQ02426,Other,H023,"ESIC Medical College and Hospital",30,0.4,2,5,32
REQ02427,Accident,H025,"Apollo Hospitals Tondiarpet",22,6.6,12,9,9
REQ02428,General Medical,H030,"Government Hospital of Thoracic Medicine",30,2.9,5,8,23
REQ02429,General Medical,H011,"Madras Medical Mission",30,0.8,2,5,4
REQ02430,Breathing,H008,"Fortis Malar Hospital",30,0.8,2,4,34
REQ02431,Burn,H025,"Apollo Hospitals Tondiarpet",30,4.1,8,9,9
REQ02432,Cardiac,H021,"Hindu Mission Hospital",18,1.2,2,16,6
REQ02433,Cardiac,H009,"MIOT International",18,3.2,6,8,26
REQ02434,General Medical,H025,"Apollo Hospitals Tondiarpet",30,12.2,23,9,9
REQ02435,Stroke,H019,"Dr. Kamakshi Memorial Hospital",18,19.8,37,18,34
REQ02436,Trauma,H030,"Government Hospital of Thoracic Medicine",22,1.5,3,8,23
REQ02437,Cardiac,H019,"Dr. Kamakshi Memorial Hospital",18,1.5,3,18,34
REQ02438,Trauma,H025,"Apollo Hospitals Tondiarpet",22,8.3,16,9,9
REQ02439,General Medical,H011,"Madras Medical Mission",30,1.1,2,5,4
REQ02440,Unconscious,H025,"Apollo Hospitals Tondiarpet",30,3.8,7,9,9
REQ02441,Unconscious,H019,"Dr. Kamakshi Memorial Hospital",30,1.8,3,18,34
REQ02442,Accident,H019,"Dr. Kamakshi Memorial Hospital",22,6.3,12,18,34
REQ02443,Accident,H011,"Madras Medical Mission",22,1.5,3,5,4
REQ02444,Cardiac,H009,"MIOT International",18,5.4,10,8,26
REQ02445,Stroke,H009,"MIOT International",18,0.3,2,8,26
REQ02446,Stroke,H029,"Adyar Cancer Institute",18,1,2,2,46
REQ02447,Accident,H019,"Dr. Kamakshi Memorial Hospital",22,5.2,10,18,34
REQ02448,Stroke,H009,"MIOT International",18,2.2,4,8,26
REQ02449,Cardiac,H029,"Adyar Cancer Institute",18,0.9,2,2,46
REQ02450,Cardiac,H009,"MIOT International",18,4.5,9,8,26
REQ02451,Accident,H007,"Apollo Hospitals Greams Road",22,0.7,2,4,24
REQ02452,General Medical,H023,"ESIC Medical College and Hospital",30,2.1,4,5,32
REQ02453,Unconscious,H028,"Kauvery Hospital Alwarpet",30,1.1,2,1,34
REQ02454,Unconscious,H025,"Apollo Hospitals Tondiarpet",30,5,9,9,9
REQ02455,Stroke,H007,"Apollo Hospitals Greams Road",18,1.2,2,4,24
REQ02456,Burn,H010,"Sri Ramachandra Medical Centre",30,4.7,9,1,10
REQ02457,Stroke,H021,"Hindu Mission Hospital",18,5.3,10,16,6
REQ02458,Breathing,H020,"Prashanth Super Speciality Hospital",30,1.6,3,2,14
REQ02459,Cardiac,H009,"MIOT International",18,1.7,3,8,26
REQ02460,General Medical,H018,"Chettinad Hospital and Research Institute",30,1.6,3,4,14
REQ02461,Other,H002,"Government Stanley Medical College Hospital",30,1.7,3,7,39
REQ02462,General Medical,H025,"Apollo Hospitals Tondiarpet",30,2.7,5,9,9
REQ02463,Cardiac,H001,"Rajiv Gandhi Government General Hospital",18,1.2,2,6,32
REQ02464,Trauma,H027,"MGM Healthcare",22,1,2,5,16
REQ02465,General Medical,H025,"Apollo Hospitals Tondiarpet",30,5.5,10,9,9
REQ02466,General Medical,H021,"Hindu Mission Hospital",30,0.7,2,16,6
REQ02467,General Medical,H011,"Madras Medical Mission",30,1.2,2,5,4
REQ02468,Cardiac,H021,"Hindu Mission Hospital",18,0.4,2,16,6
REQ02469,Accident,H019,"Dr. Kamakshi Memorial Hospital",22,1.8,3,18,34
REQ02470,Burn,H016,"Apollo Speciality Hospital OMR",30,3.7,7,19,2
REQ02471,Trauma,H030,"Government Hospital of Thoracic Medicine",22,5,9,8,23
REQ02472,Stroke,H019,"Dr. Kamakshi Memorial Hospital",18,18.7,35,18,34
REQ02473,Accident,H008,"Fortis Malar Hospital",22,6.2,12,4,34
REQ02474,Accident,H006,"Institute of Child Health and Hospital for Children",22,1.2,2,20,12
REQ02475,Accident,H009,"MIOT International",22,1.7,3,8,26
REQ02476,Unconscious,H009,"MIOT International",30,2.7,5,8,26
REQ02477,Unconscious,H030,"Government Hospital of Thoracic Medicine",30,3.1,6,8,23
REQ02478,Stroke,H011,"Madras Medical Mission",18,3.2,6,5,4
REQ02479,Cardiac,H026,"CSI Rainy Multispeciality Hospital",18,10.3,19,8,11
REQ02480,Trauma,H008,"Fortis Malar Hospital",22,1.4,3,4,34
REQ02481,Breathing,H013,"SIMS Hospital",30,0.7,2,5,3
REQ02482,Stroke,H026,"CSI Rainy Multispeciality Hospital",18,3.8,7,8,11
REQ02483,General Medical,H009,"MIOT International",30,1.7,3,8,26
REQ02484,Other,H025,"Apollo Hospitals Tondiarpet",30,6.1,12,9,9
REQ02485,Burn,H018,"Chettinad Hospital and Research Institute",30,1.6,3,4,14
REQ02486,General Medical,H023,"ESIC Medical College and Hospital",30,0.9,2,5,32
REQ02487,Accident,H011,"Madras Medical Mission",22,1.2,2,5,4
REQ02488,Trauma,H025,"Apollo Hospitals Tondiarpet",22,2.7,5,9,9
REQ02489,Trauma,H027,"MGM Healthcare",22,1.7,3,5,16
REQ02490,Accident,H018,"Chettinad Hospital and Research Institute",22,1.8,3,4,14
REQ02491,General Medical,H011,"Madras Medical Mission",30,6.7,12,5,4
REQ02492,Accident,H001,"Rajiv Gandhi Government General Hospital",22,1.6,3,6,32
REQ02493,Accident,H007,"Apollo Hospitals Greams Road",22,0.7,2,4,24
REQ02494,Cardiac,H016,"Apollo Speciality Hospital OMR",18,0.8,2,19,2
REQ02495,Accident,H011,"Madras Medical Mission",22,3.8,7,5,4
REQ02496,Cardiac,H012,"Sundaram Medical Foundation",18,1,2,4,33
REQ02497,Breathing,H002,"Government Stanley Medical College Hospital",30,0.8,2,7,39
REQ02498,Breathing,H019,"Dr. Kamakshi Memorial Hospital",30,0.8,2,18,34
REQ02499,Breathing,H016,"Apollo Speciality Hospital OMR",30,2.4,5,19,2
REQ02500,Cardiac,H021,"Hindu Mission Hospital",18,3.4,6,16,6
REQ02501,Breathing,H026,"CSI Rainy Multispeciality Hospital",30,1.1,2,8,11
REQ02502,Accident,H027,"MGM Healthcare",22,0.4,2,5,16
REQ02503,General Medical,H002,"Government Stanley Medical College Hospital",30,0.8,2,7,39
REQ02504,General Medical,H027,"MGM Healthcare",30,1.6,3,5,16
REQ02505,Accident,H014,"Vijaya Hospital",22,1.8,3,10,12
REQ02506,Trauma,H009,"MIOT International",22,3.5,7,8,26
REQ02507,Cardiac,H021,"Hindu Mission Hospital",18,3.9,7,16,6
REQ02508,General Medical,H025,"Apollo Hospitals Tondiarpet",30,1.1,2,9,9
REQ02509,General Medical,H012,"Sundaram Medical Foundation",30,7.1,13,4,33
REQ02510,General Medical,H007,"Apollo Hospitals Greams Road",30,2.1,4,4,24
REQ02511,Accident,H009,"MIOT International",22,1.9,4,8,26
REQ02512,Accident,H009,"MIOT International",22,3.8,7,8,26
REQ02513,Cardiac,H012,"Sundaram Medical Foundation",18,0.9,2,4,33
REQ02514,General Medical,H006,"Institute of Child Health and Hospital for Children",30,1.4,3,20,12
REQ02515,Unconscious,H025,"Apollo Hospitals Tondiarpet",30,6.5,12,9,9
REQ02516,Unconscious,H019,"Dr. Kamakshi Memorial Hospital",30,1.9,3,18,34
REQ02517,Cardiac,H016,"Apollo Speciality Hospital OMR",18,1.5,3,19,2
REQ02518,Unconscious,H002,"Government Stanley Medical College Hospital",30,2.2,4,7,39
REQ02519,Trauma,H011,"Madras Medical Mission",22,2.8,5,5,4
REQ02520,General Medical,H013,"SIMS Hospital",30,0.3,2,5,3
REQ02521,General Medical,H019,"Dr. Kamakshi Memorial Hospital",30,1.6,3,18,34
REQ02522,Trauma,H026,"CSI Rainy Multispeciality Hospital",22,1.8,3,8,11
REQ02523,Trauma,H009,"MIOT International",22,6.3,12,8,26
REQ02524,Accident,H023,"ESIC Medical College and Hospital",22,1.3,2,5,32
REQ02525,Cardiac,H019,"Dr. Kamakshi Memorial Hospital",18,17.7,33,18,34
REQ02526,Unconscious,H016,"Apollo Speciality Hospital OMR",30,1.8,3,19,2
REQ02527,Stroke,H012,"Sundaram Medical Foundation",18,1.7,3,4,33
REQ02528,Accident,H025,"Apollo Hospitals Tondiarpet",22,10.2,19,9,9
REQ02529,Cardiac,H016,"Apollo Speciality Hospital OMR",18,2.3,4,19,2
REQ02530,Breathing,H013,"SIMS Hospital",30,1.6,3,5,3
REQ02531,Accident,H007,"Apollo Hospitals Greams Road",22,1.7,3,4,24
REQ02532,Cardiac,H009,"MIOT International",18,3,6,8,26
REQ02533,Stroke,H026,"CSI Rainy Multispeciality Hospital",18,2.1,4,8,11
REQ02534,Trauma,H011,"Madras Medical Mission",22,1,2,5,4
REQ02535,General Medical,H011,"Madras Medical Mission",30,2.5,5,5,4
REQ02536,Stroke,H001,"Rajiv Gandhi Government General Hospital",18,1.1,2,6,32
REQ02537,Unconscious,H008,"Fortis Malar Hospital",30,1.4,3,4,34
REQ02538,Breathing,H028,"Kauvery Hospital Alwarpet",30,1.9,4,1,34
REQ02539,Accident,H021,"Hindu Mission Hospital",22,0.3,2,16,6
REQ02540,Accident,H025,"Apollo Hospitals Tondiarpet",22,10.7,20,9,9
REQ02541,Burn,H004,"Government Royapettah Hospital",30,0.9,2,13,11
REQ02542,Accident,H021,"Hindu Mission Hospital",22,1.3,2,16,6
REQ02543,Burn,H030,"Government Hospital of Thoracic Medicine",30,1.3,2,8,23
REQ02544,Accident,H007,"Apollo Hospitals Greams Road",22,0.7,2,4,24
REQ02545,General Medical,H002,"Government Stanley Medical College Hospital",30,0.4,2,7,39
REQ02546,Accident,H011,"Madras Medical Mission",22,3.5,7,5,4
REQ02547,Accident,H008,"Fortis Malar Hospital",22,1.4,3,4,34
REQ02548,General Medical,H013,"SIMS Hospital",30,0.7,2,5,3
REQ02549,General Medical,H012,"Sundaram Medical Foundation",30,1,2,4,33
REQ02550,Cardiac,H012,"Sundaram Medical Foundation",18,6,11,4,33
REQ02551,Accident,H025,"Apollo Hospitals Tondiarpet",22,12.8,24,9,9
REQ02552,Cardiac,H012,"Sundaram Medical Foundation",18,2,4,4,33
REQ02553,Accident,H006,"Institute of Child Health and Hospital for Children",22,2.3,4,20,12
REQ02554,Accident,H027,"MGM Healthcare",22,0.8,2,5,16
REQ02555,Breathing,H010,"Sri Ramachandra Medical Centre",30,3.7,7,1,10
REQ02556,Cardiac,H007,"Apollo Hospitals Greams Road",18,1.7,3,4,24
REQ02557,Breathing,H007,"Apollo Hospitals Greams Road",30,2.5,5,4,24
REQ02558,Cardiac,H021,"Hindu Mission Hospital",18,4.2,8,16,6
REQ02559,Trauma,H019,"Dr. Kamakshi Memorial Hospital",22,6.5,12,18,34
REQ02560,Breathing,H024,"Billroth Hospitals",30,0.1,2,4,32
REQ02561,Cardiac,H011,"Madras Medical Mission",18,6.1,11,5,4
REQ02562,Breathing,H017,"Gleneagles HealthCity Chennai",30,2.8,5,25,26
REQ02563,Accident,H008,"Fortis Malar Hospital",22,1.3,2,4,34
REQ02564,General Medical,H021,"Hindu Mission Hospital",30,1.7,3,16,6
REQ02565,Stroke,H006,"Institute of Child Health and Hospital for Children",18,2.2,4,20,12
REQ02566,Cardiac,H007,"Apollo Hospitals Greams Road",18,2.7,5,4,24
REQ02567,General Medical,H017,"Gleneagles HealthCity Chennai",30,4.5,8,25,26
REQ02568,Trauma,H018,"Chettinad Hospital and Research Institute",22,1.3,2,4,14
REQ02569,General Medical,H025,"Apollo Hospitals Tondiarpet",30,8.4,16,9,9
REQ02570,Accident,H027,"MGM Healthcare",22,0.9,2,5,16
REQ02571,Accident,H011,"Madras Medical Mission",22,1.2,2,5,4
REQ02572,Accident,H019,"Dr. Kamakshi Memorial Hospital",22,5.1,10,18,34
REQ02573,Trauma,H019,"Dr. Kamakshi Memorial Hospital",22,5.2,10,18,34
REQ02574,Cardiac,H007,"Apollo Hospitals Greams Road",18,1.1,2,4,24
REQ02575,Stroke,H026,"CSI Rainy Multispeciality Hospital",18,7.8,15,8,11
REQ02576,General Medical,H020,"Prashanth Super Speciality Hospital",30,1.5,3,2,14
REQ02577,Accident,H001,"Rajiv Gandhi Government General Hospital",22,2,4,6,32
REQ02578,Unconscious,H016,"Apollo Speciality Hospital OMR",30,2.3,4,19,2
REQ02579,Accident,H027,"MGM Healthcare",22,2.3,4,5,16
REQ02580,Unconscious,H010,"Sri Ramachandra Medical Centre",30,10.5,20,1,10
REQ02581,Cardiac,H019,"Dr. Kamakshi Memorial Hospital",18,3.3,6,18,34
REQ02582,Stroke,H019,"Dr. Kamakshi Memorial Hospital",18,5.3,10,18,34
REQ02583,Stroke,H019,"Dr. Kamakshi Memorial Hospital",18,5.9,11,18,34
REQ02584,Accident,H001,"Rajiv Gandhi Government General Hospital",22,1.8,3,6,32
REQ02585,Trauma,H027,"MGM Healthcare",22,0.7,2,5,16
REQ02586,Cardiac,H006,"Institute of Child Health and Hospital for Children",18,1.5,3,20,12
REQ02587,Breathing,H028,"Kauvery Hospital Alwarpet",30,1.1,2,1,34
REQ02588,Stroke,H006,"Institute of Child Health and Hospital for Children",18,1.2,2,20,12
REQ02589,Breathing,H012,"Sundaram Medical Foundation",30,1.7,3,4,33
REQ02590,Accident,H011,"Madras Medical Mission",22,5.1,9,5,4
REQ02591,Trauma,H025,"Apollo Hospitals Tondiarpet",22,9.5,18,9,9
REQ02592,Breathing,H001,"Rajiv Gandhi Government General Hospital",30,3.8,7,6,32
REQ02593,General Medical,H020,"Prashanth Super Speciality Hospital",30,1.5,3,2,14
REQ02594,Accident,H028,"Kauvery Hospital Alwarpet",22,1.6,3,1,34
REQ02595,Breathing,H023,"ESIC Medical College and Hospital",30,2.1,4,5,32
REQ02596,Breathing,H006,"Institute of Child Health and Hospital for Children",30,2.1,4,20,12
REQ02597,Accident,H008,"Fortis Malar Hospital",22,0.5,2,4,34
REQ02598,Breathing,H011,"Madras Medical Mission",30,3.4,6,5,4
REQ02599,Trauma,H011,"Madras Medical Mission",22,1.5,3,5,4
REQ02600,Accident,H014,"Vijaya Hospital",22,1.6,3,10,12
REQ02601,Accident,H019,"Dr. Kamakshi Memorial Hospital",22,5.3,10,18,34
REQ02602,Accident,H028,"Kauvery Hospital Alwarpet",22,1.6,3,1,34
REQ02603,Trauma,H007,"Apollo Hospitals Greams Road",22,1.8,3,4,24
REQ02604,Cardiac,H026,"CSI Rainy Multispeciality Hospital",18,13,24,8,11
REQ02605,Unconscious,H011,"Madras Medical Mission",30,3.1,6,5,4
REQ02606,Cardiac,H013,"SIMS Hospital",18,0.6,2,5,3
REQ02607,Cardiac,H011,"Madras Medical Mission",18,4.3,8,5,4
REQ02608,Accident,H030,"Government Hospital of Thoracic Medicine",22,2.3,4,8,23
REQ02609,Stroke,H001,"Rajiv Gandhi Government General Hospital",18,2.5,5,6,32
REQ02610,Stroke,H026,"CSI Rainy Multispeciality Hospital",18,7.6,14,8,11
REQ02611,Trauma,H011,"Madras Medical Mission",22,5.2,10,5,4
REQ02612,Trauma,H019,"Dr. Kamakshi Memorial Hospital",22,2.7,5,18,34
REQ02613,Unconscious,H023,"ESIC Medical College and Hospital",30,1.6,3,5,32
REQ02614,Accident,H014,"Vijaya Hospital",22,1.7,3,10,12
REQ02615,Unconscious,H025,"Apollo Hospitals Tondiarpet",30,11.4,21,9,9
REQ02616,Trauma,H025,"Apollo Hospitals Tondiarpet",22,10,19,9,9
REQ02617,Burn,H016,"Apollo Speciality Hospital OMR",30,3.6,7,19,2
REQ02618,Accident,H026,"CSI Rainy Multispeciality Hospital",22,0.5,2,8,11
REQ02619,Burn,H008,"Fortis Malar Hospital",30,0.9,2,4,34
REQ02620,Trauma,H006,"Institute of Child Health and Hospital for Children",22,1.1,2,20,12
REQ02621,Breathing,H010,"Sri Ramachandra Medical Centre",30,5.4,10,1,10
REQ02622,Stroke,H023,"ESIC Medical College and Hospital",18,1.5,3,5,32
REQ02623,General Medical,H007,"Apollo Hospitals Greams Road",30,0.8,2,4,24
REQ02624,Breathing,H021,"Hindu Mission Hospital",30,0.8,2,16,6
REQ02625,Accident,H020,"Prashanth Super Speciality Hospital",22,1.8,3,2,14
REQ02626,Cardiac,H013,"SIMS Hospital",18,1.6,3,5,3
REQ02627,Unconscious,H011,"Madras Medical Mission",30,2.7,5,5,4
REQ02628,Accident,H018,"Chettinad Hospital and Research Institute",22,2.9,5,4,14
REQ02629,Accident,H019,"Dr. Kamakshi Memorial Hospital",22,3.6,7,18,34
REQ02630,General Medical,H029,"Adyar Cancer Institute",30,2.1,4,2,46
REQ02631,Cardiac,H005,"Government Omandurar Medical College Hospital",18,1.3,2,19,5
REQ02632,Cardiac,H019,"Dr. Kamakshi Memorial Hospital",18,19.3,36,18,34
REQ02633,Breathing,H009,"MIOT International",30,1.1,2,8,26
REQ02634,Burn,H013,"SIMS Hospital",30,1.5,3,5,3
REQ02635,Cardiac,H007,"Apollo Hospitals Greams Road",18,2.9,5,4,24
REQ02636,Unconscious,H030,"Government Hospital of Thoracic Medicine",30,2.1,4,8,23
REQ02637,Unconscious,H017,"Gleneagles HealthCity Chennai",30,1,2,25,26
REQ02638,General Medical,H007,"Apollo Hospitals Greams Road",30,2.1,4,4,24
REQ02639,General Medical,H025,"Apollo Hospitals Tondiarpet",30,1.7,3,9,9
REQ02640,Trauma,H023,"ESIC Medical College and Hospital",22,1.7,3,5,32
REQ02641,Burn,H022,"Government Hospital Tambaram",30,2.4,4,6,22
REQ02642,Accident,H001,"Rajiv Gandhi Government General Hospital",22,0.5,2,6,32
REQ02643,Stroke,H011,"Madras Medical Mission",18,2.4,4,5,4
REQ02644,Breathing,H012,"Sundaram Medical Foundation",30,0.7,2,4,33
REQ02645,Accident,H008,"Fortis Malar Hospital",22,2.6,5,4,34
REQ02646,General Medical,H006,"Institute of Child Health and Hospital for Children",30,1.3,2,20,12
REQ02647,Breathing,H006,"Institute of Child Health and Hospital for Children",30,2.3,4,20,12
REQ02648,General Medical,H010,"Sri Ramachandra Medical Centre",30,7.6,14,1,10
REQ02649,Trauma,H008,"Fortis Malar Hospital",22,1.1,2,4,34
REQ02650,Other,H013,"SIMS Hospital",30,0.5,2,5,3
REQ02651,Breathing,H013,"SIMS Hospital",30,1.5,3,5,3
REQ02652,Accident,H007,"Apollo Hospitals Greams Road",22,1.1,2,4,24
REQ02653,Cardiac,H012,"Sundaram Medical Foundation",18,0.8,2,4,33
REQ02654,Accident,H020,"Prashanth Super Speciality Hospital",22,1.4,3,2,14
REQ02655,Accident,H008,"Fortis Malar Hospital",22,1.6,3,4,34
REQ02656,Stroke,H002,"Government Stanley Medical College Hospital",18,1.2,2,7,39
REQ02657,Cardiac,H024,"Billroth Hospitals",18,2.7,5,4,32
REQ02658,Cardiac,H029,"Adyar Cancer Institute",18,2.4,4,2,46
REQ02659,Stroke,H023,"ESIC Medical College and Hospital",18,2.3,4,5,32
REQ02660,Breathing,H011,"Madras Medical Mission",30,2,4,5,4
REQ02661,Accident,H007,"Apollo Hospitals Greams Road",22,0.1,2,4,24
REQ02662,Cardiac,H019,"Dr. Kamakshi Memorial Hospital",18,1.3,2,18,34
REQ02663,Trauma,H006,"Institute of Child Health and Hospital for Children",22,1.2,2,20,12
REQ02664,Cardiac,H016,"Apollo Speciality Hospital OMR",18,0.9,2,19,2
REQ02665,Burn,H001,"Rajiv Gandhi Government General Hospital",30,1.3,2,6,32
REQ02666,Stroke,H011,"Madras Medical Mission",18,3.2,6,5,4
REQ02667,Trauma,H001,"Rajiv Gandhi Government General Hospital",22,1.8,3,6,32
REQ02668,General Medical,H004,"Government Royapettah Hospital",30,1.6,3,13,11
REQ02669,Cardiac,H021,"Hindu Mission Hospital",18,4.7,9,16,6
REQ02670,Unconscious,H006,"Institute of Child Health and Hospital for Children",30,0.8,2,20,12
REQ02671,Unconscious,H019,"Dr. Kamakshi Memorial Hospital",30,2.2,4,18,34
REQ02672,Breathing,H011,"Madras Medical Mission",30,0.7,2,5,4
REQ02673,Cardiac,H026,"CSI Rainy Multispeciality Hospital",18,2.7,5,8,11
REQ02674,Stroke,H006,"Institute of Child Health and Hospital for Children",18,0.2,2,20,12
REQ02675,Breathing,H016,"Apollo Speciality Hospital OMR",30,0.9,2,19,2
REQ02676,Accident,H029,"Adyar Cancer Institute",22,1.7,3,2,46
REQ02677,Cardiac,H007,"Apollo Hospitals Greams Road",18,2.5,5,4,24
REQ02678,General Medical,H011,"Madras Medical Mission",30,1.6,3,5,4
REQ02679,Cardiac,H007,"Apollo Hospitals Greams Road",18,2.4,4,4,24
REQ02680,Accident,H022,"Government Hospital Tambaram",22,0.5,2,6,22
REQ02681,Other,H013,"SIMS Hospital",30,1.1,2,5,3
REQ02682,Accident,H019,"Dr. Kamakshi Memorial Hospital",22,6,11,18,34
REQ02683,General Medical,H020,"Prashanth Super Speciality Hospital",30,2.1,4,2,14
REQ02684,Cardiac,H007,"Apollo Hospitals Greams Road",18,2.1,4,4,24
REQ02685,General Medical,H011,"Madras Medical Mission",30,1.7,3,5,4
REQ02686,Accident,H001,"Rajiv Gandhi Government General Hospital",22,2.1,4,6,32
REQ02687,General Medical,H018,"Chettinad Hospital and Research Institute",30,3,6,4,14
REQ02688,Unconscious,H010,"Sri Ramachandra Medical Centre",30,5.5,10,1,10
REQ02689,Accident,H029,"Adyar Cancer Institute",22,2.3,4,2,46
REQ02690,Cardiac,H009,"MIOT International",18,5.1,10,8,26
REQ02691,General Medical,H024,"Billroth Hospitals",30,0.7,2,4,32
REQ02692,Trauma,H026,"CSI Rainy Multispeciality Hospital",22,0.4,2,8,11
REQ02693,Stroke,H019,"Dr. Kamakshi Memorial Hospital",18,18.7,35,18,34
REQ02694,Cardiac,H011,"Madras Medical Mission",18,10.2,19,5,4
REQ02695,General Medical,H029,"Adyar Cancer Institute",30,1.5,3,2,46
REQ02696,Accident,H026,"CSI Rainy Multispeciality Hospital",22,0.2,2,8,11
REQ02697,Burn,H009,"MIOT International",30,1.9,4,8,26
REQ02698,Cardiac,H013,"SIMS Hospital",18,1.2,2,5,3
REQ02699,Unconscious,H022,"Government Hospital Tambaram",30,1.9,4,6,22
REQ02700,Cardiac,H002,"Government Stanley Medical College Hospital",18,0.9,2,7,39
REQ02701,Unconscious,H001,"Rajiv Gandhi Government General Hospital",30,0.9,2,6,32
REQ02702,Cardiac,H002,"Government Stanley Medical College Hospital",18,0.8,2,7,39
REQ02703,Accident,H011,"Madras Medical Mission",22,0.4,2,5,4
REQ02704,Accident,H026,"CSI Rainy Multispeciality Hospital",22,1.1,2,8,11
REQ02705,Accident,H008,"Fortis Malar Hospital",22,2,4,4,34
REQ02706,Accident,H007,"Apollo Hospitals Greams Road",22,1.4,3,4,24
REQ02707,Accident,H019,"Dr. Kamakshi Memorial Hospital",22,6.3,12,18,34
REQ02708,Cardiac,H019,"Dr. Kamakshi Memorial Hospital",18,6.1,11,18,34
REQ02709,Accident,H005,"Government Omandurar Medical College Hospital",22,1.6,3,19,5
REQ02710,Accident,H026,"CSI Rainy Multispeciality Hospital",22,2.1,4,8,11
REQ02711,Cardiac,H021,"Hindu Mission Hospital",18,3.7,7,16,6
REQ02712,Breathing,H011,"Madras Medical Mission",30,6.5,12,5,4
REQ02713,General Medical,H020,"Prashanth Super Speciality Hospital",30,1.6,3,2,14
REQ02714,Burn,H021,"Hindu Mission Hospital",30,3.1,6,16,6
REQ02715,Accident,H009,"MIOT International",22,3.7,7,8,26
REQ02716,Unconscious,H010,"Sri Ramachandra Medical Centre",30,1.2,2,1,10
REQ02717,General Medical,H009,"MIOT International",30,1.8,3,8,26
REQ02718,Burn,H004,"Government Royapettah Hospital",30,0.6,2,13,11
REQ02719,Accident,H021,"Hindu Mission Hospital",22,1.2,2,16,6
REQ02720,Stroke,H026,"CSI Rainy Multispeciality Hospital",18,5.4,10,8,11
REQ02721,Breathing,H013,"SIMS Hospital",30,2.8,5,5,3
REQ02722,Unconscious,H021,"Hindu Mission Hospital",30,1.5,3,16,6
REQ02723,Accident,H027,"MGM Healthcare",22,1.6,3,5,16
REQ02724,Stroke,H019,"Dr. Kamakshi Memorial Hospital",18,5.7,11,18,34
REQ02725,Trauma,H023,"ESIC Medical College and Hospital",22,0.3,2,5,32
REQ02726,Trauma,H001,"Rajiv Gandhi Government General Hospital",22,1.1,2,6,32
REQ02727,Breathing,H023,"ESIC Medical College and Hospital",30,0.3,2,5,32
REQ02728,Accident,H025,"Apollo Hospitals Tondiarpet",22,5.6,10,9,9
REQ02729,Accident,H011,"Madras Medical Mission",22,3.6,7,5,4
REQ02730,Trauma,H025,"Apollo Hospitals Tondiarpet",22,7.9,15,9,9
REQ02731,Cardiac,H013,"SIMS Hospital",18,0.9,2,5,3
REQ02732,Other,H012,"Sundaram Medical Foundation",30,3,6,4,33
REQ02733,Trauma,H027,"MGM Healthcare",22,0.3,2,5,16
REQ02734,Unconscious,H025,"Apollo Hospitals Tondiarpet",30,0.9,2,9,9
REQ02735,Other,H004,"Government Royapettah Hospital",30,1.2,2,13,11
REQ02736,Trauma,H014,"Vijaya Hospital",22,2.3,4,10,12
REQ02737,Cardiac,H007,"Apollo Hospitals Greams Road",18,1.6,3,4,24
REQ02738,Other,H002,"Government Stanley Medical College Hospital",30,1.4,3,7,39
REQ02739,General Medical,H030,"Government Hospital of Thoracic Medicine",30,3,6,8,23
REQ02740,Stroke,H002,"Government Stanley Medical College Hospital",18,0.8,2,7,39
REQ02741,Breathing,H030,"Government Hospital of Thoracic Medicine",30,3.3,6,8,23
REQ02742,Accident,H018,"Chettinad Hospital and Research Institute",22,0.5,2,4,14
REQ02743,Accident,H020,"Prashanth Super Speciality Hospital",22,1.1,2,2,14
REQ02744,Accident,H006,"Institute of Child Health and Hospital for Children",22,2.2,4,20,12
REQ02745,Cardiac,H026,"CSI Rainy Multispeciality Hospital",18,7.5,14,8,11
REQ02746,Stroke,H012,"Sundaram Medical Foundation",18,1.7,3,4,33
REQ02747,Trauma,H006,"Institute of Child Health and Hospital for Children",22,1.4,3,20,12
REQ02748,Breathing,H004,"Government Royapettah Hospital",30,2.3,4,13,11
REQ02749,Accident,H007,"Apollo Hospitals Greams Road",22,2.1,4,4,24
REQ02750,Breathing,H001,"Rajiv Gandhi Government General Hospital",30,0.9,2,6,32
REQ02751,Cardiac,H007,"Apollo Hospitals Greams Road",18,0.9,2,4,24
REQ02752,Other,H007,"Apollo Hospitals Greams Road",30,1.3,2,4,24
REQ02753,Breathing,H011,"Madras Medical Mission",30,6,11,5,4
REQ02754,Accident,H021,"Hindu Mission Hospital",22,0.9,2,16,6
REQ02755,Stroke,H009,"MIOT International",18,4.6,9,8,26
REQ02756,Burn,H005,"Government Omandurar Medical College Hospital",30,0.4,2,19,5
REQ02757,Cardiac,H024,"Billroth Hospitals",18,0.4,2,4,32
REQ02758,Trauma,H025,"Apollo Hospitals Tondiarpet",22,6.5,12,9,9
REQ02759,Accident,H011,"Madras Medical Mission",22,8.3,16,5,4
REQ02760,General Medical,H029,"Adyar Cancer Institute",30,2,4,2,46
REQ02761,Cardiac,H026,"CSI Rainy Multispeciality Hospital",18,1.9,4,8,11
REQ02762,General Medical,H009,"MIOT International",30,3.1,6,8,26
REQ02763,Accident,H011,"Madras Medical Mission",22,9.5,18,5,4
REQ02764,Other,H004,"Government Royapettah Hospital",30,1.5,3,13,11
REQ02765,Stroke,H021,"Hindu Mission Hospital",18,3.7,7,16,6
REQ02766,Unconscious,H011,"Madras Medical Mission",30,4.4,8,5,4
REQ02767,Unconscious,H002,"Government Stanley Medical College Hospital",30,1,2,7,39
REQ02768,Breathing,H011,"Madras Medical Mission",30,6.2,12,5,4
REQ02769,Accident,H008,"Fortis Malar Hospital",22,1.2,2,4,34
REQ02770,Unconscious,H007,"Apollo Hospitals Greams Road",30,2,4,4,24
REQ02771,Trauma,H019,"Dr. Kamakshi Memorial Hospital",22,7.2,14,18,34
REQ02772,Breathing,H013,"SIMS Hospital",30,1.2,2,5,3
REQ02773,Accident,H027,"MGM Healthcare",22,0.2,2,5,16
REQ02774,Cardiac,H019,"Dr. Kamakshi Memorial Hospital",18,16,30,18,34
REQ02775,General Medical,H009,"MIOT International",30,1.6,3,8,26
REQ02776,Trauma,H011,"Madras Medical Mission",22,1.5,3,5,4
REQ02777,Stroke,H021,"Hindu Mission Hospital",18,1.9,4,16,6
REQ02778,Unconscious,H002,"Government Stanley Medical College Hospital",30,2.2,4,7,39
REQ02779,Unconscious,H028,"Kauvery Hospital Alwarpet",30,0.1,2,1,34
REQ02780,Trauma,H008,"Fortis Malar Hospital",22,0.9,2,4,34
REQ02781,Cardiac,H019,"Dr. Kamakshi Memorial Hospital",18,5.3,10,18,34
REQ02782,Trauma,H019,"Dr. Kamakshi Memorial Hospital",22,0.8,2,18,34
REQ02783,Trauma,H025,"Apollo Hospitals Tondiarpet",22,9.6,18,9,9
REQ02784,General Medical,H009,"MIOT International",30,1.4,3,8,26
REQ02785,Accident,H008,"Fortis Malar Hospital",22,2.3,4,4,34
REQ02786,Unconscious,H030,"Government Hospital of Thoracic Medicine",30,0.9,2,8,23
REQ02787,Other,H009,"MIOT International",30,3,6,8,26
REQ02788,Accident,H029,"Adyar Cancer Institute",22,2.3,4,2,46
REQ02789,Unconscious,H011,"Madras Medical Mission",30,4.5,9,5,4
REQ02790,Unconscious,H007,"Apollo Hospitals Greams Road",30,1.6,3,4,24
REQ02791,Accident,H021,"Hindu Mission Hospital",22,1.8,3,16,6
REQ02792,Stroke,H005,"Government Omandurar Medical College Hospital",18,0.5,2,19,5
REQ02793,Accident,H026,"CSI Rainy Multispeciality Hospital",22,0.8,2,8,11
REQ02794,Other,H009,"MIOT International",30,2.1,4,8,26
REQ02795,Trauma,H030,"Government Hospital of Thoracic Medicine",22,4,7,8,23
REQ02796,Trauma,H021,"Hindu Mission Hospital",22,2.4,5,16,6
REQ02797,Breathing,H019,"Dr. Kamakshi Memorial Hospital",30,1.5,3,18,34
REQ02798,Accident,H023,"ESIC Medical College and Hospital",22,0.9,2,5,32
REQ02799,Cardiac,H012,"Sundaram Medical Foundation",18,4,8,4,33
REQ02800,Accident,H018,"Chettinad Hospital and Research Institute",22,1.9,3,4,14
REQ02801,Unconscious,H007,"Apollo Hospitals Greams Road",30,0.3,2,4,24
REQ02802,Cardiac,H001,"Rajiv Gandhi Government General Hospital",18,1.2,2,6,32
REQ02803,Cardiac,H006,"Institute of Child Health and Hospital for Children",18,2.1,4,20,12
REQ02804,Stroke,H026,"CSI Rainy Multispeciality Hospital",18,2.5,5,8,11
REQ02805,Unconscious,H019,"Dr. Kamakshi Memorial Hospital",30,1.6,3,18,34
REQ02806,Cardiac,H009,"MIOT International",18,2.2,4,8,26
REQ02807,Breathing,H025,"Apollo Hospitals Tondiarpet",30,6,11,9,9
REQ02808,Cardiac,H011,"Madras Medical Mission",18,0.8,2,5,4
REQ02809,Burn,H001,"Rajiv Gandhi Government General Hospital",30,1,2,6,32
REQ02810,Accident,H023,"ESIC Medical College and Hospital",22,2,4,5,32
REQ02811,Burn,H022,"Government Hospital Tambaram",30,1.6,3,6,22
REQ02812,Accident,H001,"Rajiv Gandhi Government General Hospital",22,1.7,3,6,32
REQ02813,Accident,H026,"CSI Rainy Multispeciality Hospital",22,2,4,8,11
REQ02814,Trauma,H009,"MIOT International",22,10.3,19,8,26
REQ02815,Trauma,H027,"MGM Healthcare",22,2.8,5,5,16
REQ02816,Other,H018,"Chettinad Hospital and Research Institute",30,1.9,4,4,14
REQ02817,Stroke,H012,"Sundaram Medical Foundation",18,4.8,9,4,33
REQ02818,Accident,H011,"Madras Medical Mission",22,2.2,4,5,4
REQ02819,Breathing,H019,"Dr. Kamakshi Memorial Hospital",30,1.1,2,18,34
REQ02820,General Medical,H029,"Adyar Cancer Institute",30,1.2,2,2,46
REQ02821,Trauma,H030,"Government Hospital of Thoracic Medicine",22,3.6,7,8,23
REQ02822,Accident,H030,"Government Hospital of Thoracic Medicine",22,4.4,8,8,23
REQ02823,Unconscious,H019,"Dr. Kamakshi Memorial Hospital",30,1.5,3,18,34
REQ02824,General Medical,H008,"Fortis Malar Hospital",30,1.4,3,4,34
REQ02825,General Medical,H021,"Hindu Mission Hospital",30,0.9,2,16,6
REQ02826,Breathing,H002,"Government Stanley Medical College Hospital",30,0.7,2,7,39
REQ02827,Burn,H026,"CSI Rainy Multispeciality Hospital",30,2.4,4,8,11
REQ02828,Accident,H021,"Hindu Mission Hospital",22,1,2,16,6
REQ02829,Unconscious,H028,"Kauvery Hospital Alwarpet",30,2,4,1,34
REQ02830,General Medical,H007,"Apollo Hospitals Greams Road",30,0.5,2,4,24
REQ02831,Breathing,H017,"Gleneagles HealthCity Chennai",30,1.4,3,25,26
REQ02832,Unconscious,H001,"Rajiv Gandhi Government General Hospital",30,2.1,4,6,32
REQ02833,Unconscious,H028,"Kauvery Hospital Alwarpet",30,1.4,3,1,34
REQ02834,Accident,H021,"Hindu Mission Hospital",22,2,4,16,6
REQ02835,Cardiac,H019,"Dr. Kamakshi Memorial Hospital",18,3.2,6,18,34
REQ02836,Unconscious,H007,"Apollo Hospitals Greams Road",30,0.3,2,4,24
REQ02837,Trauma,H011,"Madras Medical Mission",22,7.9,15,5,4
REQ02838,Trauma,H001,"Rajiv Gandhi Government General Hospital",22,1.1,2,6,32
REQ02839,Accident,H006,"Institute of Child Health and Hospital for Children",22,0.4,2,20,12
REQ02840,Accident,H020,"Prashanth Super Speciality Hospital",22,2.5,5,2,14
REQ02841,Trauma,H019,"Dr. Kamakshi Memorial Hospital",22,1.3,2,18,34
REQ02842,Cardiac,H029,"Adyar Cancer Institute",18,3.3,6,2,46
REQ02843,Burn,H010,"Sri Ramachandra Medical Centre",30,9.4,18,1,10
REQ02844,Stroke,H007,"Apollo Hospitals Greams Road",18,2.9,5,4,24
REQ02845,Breathing,H008,"Fortis Malar Hospital",30,2.3,4,4,34
REQ02846,Unconscious,H030,"Government Hospital of Thoracic Medicine",30,3.5,7,8,23
REQ02847,Cardiac,H009,"MIOT International",18,3.8,7,8,26
REQ02848,Trauma,H008,"Fortis Malar Hospital",22,2.9,5,4,34
REQ02849,Breathing,H023,"ESIC Medical College and Hospital",30,1.1,2,5,32
REQ02850,Accident,H014,"Vijaya Hospital",22,1.1,2,10,12
REQ02851,Cardiac,H009,"MIOT International",18,6.4,12,8,26
REQ02852,Cardiac,H021,"Hindu Mission Hospital",18,1.5,3,16,6
REQ02853,Trauma,H027,"MGM Healthcare",22,1.8,3,5,16
REQ02854,Burn,H019,"Dr. Kamakshi Memorial Hospital",30,2.4,4,18,34
REQ02855,Unconscious,H022,"Government Hospital Tambaram",30,0.5,2,6,22
REQ02856,Burn,H011,"Madras Medical Mission",30,8,15,5,4
REQ02857,Accident,H020,"Prashanth Super Speciality Hospital",22,1.5,3,2,14
REQ02858,Trauma,H019,"Dr. Kamakshi Memorial Hospital",22,5.2,10,18,34
REQ02859,Accident,H027,"MGM Healthcare",22,0.8,2,5,16
REQ02860,Unconscious,H018,"Chettinad Hospital and Research Institute",30,2.1,4,4,14
REQ02861,Cardiac,H001,"Rajiv Gandhi Government General Hospital",18,1.7,3,6,32
REQ02862,General Medical,H002,"Government Stanley Medical College Hospital",30,2.3,4,7,39
REQ02863,Other,H008,"Fortis Malar Hospital",30,2.3,4,4,34
REQ02864,Breathing,H013,"SIMS Hospital",30,1.2,2,5,3
REQ02865,Breathing,H024,"Billroth Hospitals",30,0.1,2,4,32
REQ02866,General Medical,H023,"ESIC Medical College and Hospital",30,1.4,3,5,32
REQ02867,Trauma,H008,"Fortis Malar Hospital",22,0.6,2,4,34
REQ02868,Burn,H011,"Madras Medical Mission",30,1.1,2,5,4
REQ02869,Trauma,H014,"Vijaya Hospital",22,1,2,10,12
REQ02870,Accident,H022,"Government Hospital Tambaram",22,0.9,2,6,22
REQ02871,Trauma,H020,"Prashanth Super Speciality Hospital",22,0.5,2,2,14
REQ02872,Accident,H030,"Government Hospital of Thoracic Medicine",22,1.7,3,8,23
REQ02873,Cardiac,H012,"Sundaram Medical Foundation",18,7.8,15,4,33
REQ02874,Stroke,H013,"SIMS Hospital",18,0.1,2,5,3
REQ02875,Trauma,H009,"MIOT International",22,3.9,7,8,26
REQ02876,Trauma,H001,"Rajiv Gandhi Government General Hospital",22,1.7,3,6,32
REQ02877,Breathing,H002,"Government Stanley Medical College Hospital",30,2.1,4,7,39
REQ02878,Accident,H011,"Madras Medical Mission",22,2.7,5,5,4
REQ02879,Stroke,H009,"MIOT International",18,10.3,19,8,26
REQ02880,Unconscious,H028,"Kauvery Hospital Alwarpet",30,1.2,2,1,34
REQ02881,Breathing,H006,"Institute of Child Health and Hospital for Children",30,1.1,2,20,12
REQ02882,Breathing,H029,"Adyar Cancer Institute",30,1.2,2,2,46
REQ02883,Cardiac,H023,"ESIC Medical College and Hospital",18,1.2,2,5,32
REQ02884,Cardiac,H009,"MIOT International",18,4.6,9,8,26
REQ02885,Accident,H025,"Apollo Hospitals Tondiarpet",22,5.8,11,9,9
REQ02886,Trauma,H019,"Dr. Kamakshi Memorial Hospital",22,2,4,18,34
REQ02887,General Medical,H011,"Madras Medical Mission",30,7.4,14,5,4
REQ02888,Accident,H008,"Fortis Malar Hospital",22,0.4,2,4,34
REQ02889,Other,H009,"MIOT International",30,2.4,5,8,26
REQ02890,Accident,H001,"Rajiv Gandhi Government General Hospital",22,2.2,4,6,32
REQ02891,Burn,H025,"Apollo Hospitals Tondiarpet",30,5.9,11,9,9
REQ02892,General Medical,H019,"Dr. Kamakshi Memorial Hospital",30,0.6,2,18,34
REQ02893,Cardiac,H019,"Dr. Kamakshi Memorial Hospital",18,16.2,30,18,34
REQ02894,Trauma,H003,"Government Kilpauk Medical College Hospital",22,1.5,3,1,9
REQ02895,Unconscious,H023,"ESIC Medical College and Hospital",30,1.5,3,5,32
REQ02896,Accident,H011,"Madras Medical Mission",22,8.4,16,5,4
REQ02897,Unconscious,H016,"Apollo Speciality Hospital OMR",30,1.2,2,19,2
REQ02898,Accident,H021,"Hindu Mission Hospital",22,2.6,5,16,6
REQ02899,Breathing,H030,"Government Hospital of Thoracic Medicine",30,1.4,3,8,23
REQ02900,Accident,H025,"Apollo Hospitals Tondiarpet",22,8,15,9,9
REQ02901,Accident,H008,"Fortis Malar Hospital",22,4.2,8,4,34
REQ02902,Accident,H018,"Chettinad Hospital and Research Institute",22,1.9,4,4,14
REQ02903,General Medical,H010,"Sri Ramachandra Medical Centre",30,5.7,11,1,10
REQ02904,Trauma,H018,"Chettinad Hospital and Research Institute",22,1.2,2,4,14
REQ02905,Accident,H001,"Rajiv Gandhi Government General Hospital",22,1.8,3,6,32
REQ02906,Accident,H027,"MGM Healthcare",22,1.8,3,5,16
REQ02907,Cardiac,H013,"SIMS Hospital",18,0.6,2,5,3
REQ02908,Breathing,H004,"Government Royapettah Hospital",30,0.6,2,13,11
REQ02909,Burn,H008,"Fortis Malar Hospital",30,1,2,4,34
REQ02910,Accident,H021,"Hindu Mission Hospital",22,2.4,4,16,6
REQ02911,Cardiac,H007,"Apollo Hospitals Greams Road",18,2.5,5,4,24
REQ02912,Trauma,H009,"MIOT International",22,0.7,2,8,26
REQ02913,General Medical,H011,"Madras Medical Mission",30,3.5,7,5,4
REQ02914,Breathing,H013,"SIMS Hospital",30,0.8,2,5,3
REQ02915,Breathing,H020,"Prashanth Super Speciality Hospital",30,1.1,2,2,14
REQ02916,Unconscious,H025,"Apollo Hospitals Tondiarpet",30,2,4,9,9
REQ02917,Cardiac,H007,"Apollo Hospitals Greams Road",18,2.3,4,4,24
REQ02918,Cardiac,H007,"Apollo Hospitals Greams Road",18,2,4,4,24
REQ02919,Accident,H006,"Institute of Child Health and Hospital for Children",22,0.6,2,20,12
REQ02920,Stroke,H029,"Adyar Cancer Institute",18,2.4,5,2,46
REQ02921,Accident,H009,"MIOT International",22,10.4,19,8,26
REQ02922,Accident,H011,"Madras Medical Mission",22,1.7,3,5,4
REQ02923,Breathing,H011,"Madras Medical Mission",30,0.9,2,5,4
REQ02924,Cardiac,H019,"Dr. Kamakshi Memorial Hospital",18,4.7,9,18,34
REQ02925,General Medical,H017,"Gleneagles HealthCity Chennai",30,2.8,5,25,26
REQ02926,Accident,H014,"Vijaya Hospital",22,0.9,2,10,12
REQ02927,Stroke,H005,"Government Omandurar Medical College Hospital",18,2.2,4,19,5
REQ02928,General Medical,H011,"Madras Medical Mission",30,1,2,5,4
REQ02929,Stroke,H026,"CSI Rainy Multispeciality Hospital",18,2.2,4,8,11
REQ02930,Accident,H027,"MGM Healthcare",22,2.9,6,5,16
REQ02931,Stroke,H005,"Government Omandurar Medical College Hospital",18,2.7,5,19,5
REQ02932,Accident,H029,"Adyar Cancer Institute",22,2.4,4,2,46
REQ02933,Breathing,H025,"Apollo Hospitals Tondiarpet",30,6.5,12,9,9
REQ02934,Burn,H008,"Fortis Malar Hospital",30,2.7,5,4,34
REQ02935,Cardiac,H021,"Hindu Mission Hospital",18,3.2,6,16,6
REQ02936,Breathing,H022,"Government Hospital Tambaram",30,0.7,2,6,22
REQ02937,General Medical,H011,"Madras Medical Mission",30,3.4,6,5,4
REQ02938,Accident,H025,"Apollo Hospitals Tondiarpet",22,2.2,4,9,9
REQ02939,General Medical,H004,"Government Royapettah Hospital",30,1.2,2,13,11
REQ02940,Burn,H024,"Billroth Hospitals",30,1.2,2,4,32
REQ02941,Breathing,H022,"Government Hospital Tambaram",30,2.1,4,6,22
REQ02942,Accident,H030,"Government Hospital of Thoracic Medicine",22,3.1,6,8,23
REQ02943,Trauma,H008,"Fortis Malar Hospital",22,2.4,4,4,34
REQ02944,Unconscious,H019,"Dr. Kamakshi Memorial Hospital",30,4.5,8,18,34
REQ02945,Trauma,H025,"Apollo Hospitals Tondiarpet",22,1.2,2,9,9
REQ02946,Accident,H025,"Apollo Hospitals Tondiarpet",22,0.7,2,9,9
REQ02947,Stroke,H016,"Apollo Speciality Hospital OMR",18,1.6,3,19,2
REQ02948,Burn,H007,"Apollo Hospitals Greams Road",30,1.3,3,4,24
REQ02949,Accident,H019,"Dr. Kamakshi Memorial Hospital",22,5.5,10,18,34
REQ02950,Accident,H001,"Rajiv Gandhi Government General Hospital",22,1.5,3,6,32
REQ02951,Cardiac,H011,"Madras Medical Mission",18,2.1,4,5,4
REQ02952,Breathing,H004,"Government Royapettah Hospital",30,0.7,2,13,11
REQ02953,Cardiac,H001,"Rajiv Gandhi Government General Hospital",18,1.3,2,6,32
REQ02954,Trauma,H011,"Madras Medical Mission",22,1.8,3,5,4
REQ02955,General Medical,H012,"Sundaram Medical Foundation",30,1.7,3,4,33
REQ02956,Stroke,H012,"Sundaram Medical Foundation",18,6.6,12,4,33
REQ02957,Cardiac,H019,"Dr. Kamakshi Memorial Hospital",18,19.8,37,18,34
REQ02958,Breathing,H004,"Government Royapettah Hospital",30,0.5,2,13,11
REQ02959,Accident,H011,"Madras Medical Mission",22,1.2,2,5,4
REQ02960,Other,H025,"Apollo Hospitals Tondiarpet",30,6.5,12,9,9
REQ02961,Trauma,H011,"Madras Medical Mission",22,8.7,16,5,4
REQ02962,Cardiac,H024,"Billroth Hospitals",18,1.2,2,4,32
REQ02963,General Medical,H020,"Prashanth Super Speciality Hospital",30,2.1,4,2,14
REQ02964,Unconscious,H030,"Government Hospital of Thoracic Medicine",30,1.4,3,8,23
REQ02965,General Medical,H025,"Apollo Hospitals Tondiarpet",30,5.3,10,9,9
REQ02966,Breathing,H007,"Apollo Hospitals Greams Road",30,1.1,2,4,24
REQ02967,General Medical,H020,"Prashanth Super Speciality Hospital",30,2.8,5,2,14
REQ02968,Stroke,H016,"Apollo Speciality Hospital OMR",18,1.6,3,19,2
REQ02969,Burn,H011,"Madras Medical Mission",30,2.4,5,5,4
REQ02970,Accident,H001,"Rajiv Gandhi Government General Hospital",22,3.2,6,6,32
REQ02971,Breathing,H006,"Institute of Child Health and Hospital for Children",30,1.2,2,20,12
REQ02972,Cardiac,H021,"Hindu Mission Hospital",18,0.7,2,16,6
REQ02973,Accident,H025,"Apollo Hospitals Tondiarpet",22,1,2,9,9
REQ02974,General Medical,H002,"Government Stanley Medical College Hospital",30,3.4,6,7,39
REQ02975,Trauma,H011,"Madras Medical Mission",22,4.9,9,5,4
REQ02976,Cardiac,H007,"Apollo Hospitals Greams Road",18,2.5,5,4,24
REQ02977,Cardiac,H007,"Apollo Hospitals Greams Road",18,2.3,4,4,24
REQ02978,General Medical,H008,"Fortis Malar Hospital",30,1.1,2,4,34
REQ02979,Trauma,H011,"Madras Medical Mission",22,1.9,4,5,4
REQ02980,Accident,H019,"Dr. Kamakshi Memorial Hospital",22,4.8,9,18,34
REQ02981,Trauma,H009,"MIOT International",22,4.5,8,8,26
REQ02982,Unconscious,H017,"Gleneagles HealthCity Chennai",30,2.1,4,25,26
REQ02983,Stroke,H021,"Hindu Mission Hospital",18,2,4,16,6
REQ02984,Accident,H007,"Apollo Hospitals Greams Road",22,2.1,4,4,24
REQ02985,Other,H011,"Madras Medical Mission",30,2.1,4,5,4
REQ02986,Burn,H016,"Apollo Speciality Hospital OMR",30,1.9,4,19,2
REQ02987,Cardiac,H021,"Hindu Mission Hospital",18,2.1,4,16,6
REQ02988,Unconscious,H021,"Hindu Mission Hospital",30,1.8,3,16,6
REQ02989,Trauma,H015,"Kauvery Hospital",22,1.2,2,19,7
REQ02990,Accident,H007,"Apollo Hospitals Greams Road",22,0.3,2,4,24
REQ02991,General Medical,H009,"MIOT International",30,2.4,4,8,26
REQ02992,Other,H017,"Gleneagles HealthCity Chennai",30,2.2,4,25,26
REQ02993,General Medical,H004,"Government Royapettah Hospital",30,0.8,2,13,11
REQ02994,Accident,H001,"Rajiv Gandhi Government General Hospital",22,1.1,2,6,32
REQ02995,Accident,H020,"Prashanth Super Speciality Hospital",22,1.1,2,2,14
REQ02996,Stroke,H007,"Apollo Hospitals Greams Road",18,2.9,5,4,24
REQ02997,Unconscious,H010,"Sri Ramachandra Medical Centre",30,2.9,5,1,10
REQ02998,Accident,H008,"Fortis Malar Hospital",22,4.3,8,4,34
REQ02999,Breathing,H030,"Government Hospital of Thoracic Medicine",30,1.7,3,8,23
REQ03000,General Medical,H004,"Government Royapettah Hospital",30,1,2,13,11