emergency_id,baseline_route_distance,baseline_route_eta,uk_route_distance,uk_route_eta,traffic_conditions,selected_route
REQ00001,0.7,3,0.7,2,HEAVY,ROUTE-PRIMARY
REQ00002,2.1,5,2.1,5,NORMAL,ROUTE-PRIMARY
REQ00003,1,3,1,3,MODERATE,ROUTE-PRIMARY
REQ00004,5.2,15,5.2,15,NORMAL,ROUTE-PRIMARY
REQ00005,3.2,7,3.2,7,MODERATE,ROUTE-PRIMARY
REQ00006,1.4,4,1.4,4,NORMAL,ROUTE-PRIMARY
REQ00007,0.6,2,0.6,2,NORMAL,ROUTE-PRIMARY
REQ00008,2.8,8,2.8,8,MODERATE,ROUTE-PRIMARY
REQ00009,0.9,2,0.9,2,MODERATE,ROUTE-PRIMARY
REQ00010,0.8,2,0.8,2,NORMAL,ROUTE-PRIMARY
REQ00011,1.8,4,1.8,4,NORMAL,ROUTE-PRIMARY
REQ00012,3,6,3,6,NORMAL,ROUTE-PRIMARY
REQ00013,3.1,7,3.1,7,NORMAL,ROUTE-PRIMARY
REQ00014,1.3,5,1.3,5,NORMAL,ROUTE-PRIMARY
REQ00015,1.3,4,1.3,4,MODERATE,ROUTE-PRIMARY
REQ00016,2,5,2,5,NORMAL,ROUTE-PRIMARY
REQ00017,2,7,2,7,MODERATE,ROUTE-PRIMARY
REQ00018,2.2,5,2.2,5,NORMAL,ROUTE-PRIMARY
REQ00019,1.1,2,1.1,2,NORMAL,ROUTE-PRIMARY
REQ00020,1.5,6,1.5,6,NORMAL,ROUTE-PRIMARY
REQ00021,3.8,9,3.8,9,MODERATE,ROUTE-PRIMARY
REQ00022,0.5,2,0.5,1,HEAVY,ROUTE-PRIMARY
REQ00023,0.4,2,0.4,1,MODERATE,ROUTE-PRIMARY
REQ00024,1.7,6,1.7,6,NORMAL,ROUTE-PRIMARY
REQ00025,5.6,9,5.6,9,NORMAL,ROUTE-PRIMARY
REQ00026,13.7,23,13.7,23,MODERATE,ROUTE-PRIMARY
REQ00027,2.1,5,2.1,5,NORMAL,ROUTE-PRIMARY
REQ00028,2.5,9,2.5,9,NORMAL,ROUTE-PRIMARY
REQ00029,0.7,2,0.7,2,MODERATE,ROUTE-PRIMARY
REQ00030,2.4,6,2.4,6,NORMAL,ROUTE-PRIMARY
REQ00031,0.2,2,0.2,1,NORMAL,ROUTE-PRIMARY
REQ00032,1.4,3,1.4,3,NORMAL,ROUTE-PRIMARY
REQ00033,1.2,3,1.2,3,NORMAL,ROUTE-PRIMARY
REQ00034,4.8,15,4.8,15,NORMAL,ROUTE-PRIMARY
REQ00035,0.9,2,0.9,2,NORMAL,ROUTE-PRIMARY
REQ00036,2.9,7,2.9,7,MODERATE,ROUTE-PRIMARY
REQ00037,7.6,18,7.6,18,HEAVY,ROUTE-PRIMARY
REQ00038,1.4,4,1.4,4,MODERATE,ROUTE-PRIMARY
REQ00039,1.6,5,1.6,5,NORMAL,ROUTE-PRIMARY
REQ00040,0.3,2,0.3,1,NORMAL,ROUTE-PRIMARY
REQ00041,1.2,3,1.2,2,MODERATE,ROUTE-PRIMARY
REQ00042,2.7,10,2.7,10,MODERATE,ROUTE-PRIMARY
REQ00043,1,4,1,4,HEAVY,ROUTE-PRIMARY
REQ00044,1.1,4,1.1,4,MODERATE,ROUTE-PRIMARY
REQ00045,1.7,5,1.7,5,MODERATE,ROUTE-PRIMARY
REQ00046,1.7,6,1.7,6,NORMAL,ROUTE-PRIMARY
REQ00047,1.5,4,1.5,4,MODERATE,ROUTE-PRIMARY
REQ00048,1.6,3,1.6,3,NORMAL,ROUTE-PRIMARY
REQ00049,2.3,6,2.3,5,HEAVY,ROUTE-PRIMARY
REQ00050,1.9,7,1.9,7,NORMAL,ROUTE-PRIMARY
REQ00051,2.5,6,2.5,6,MODERATE,ROUTE-PRIMARY
REQ00052,1.1,3,1.1,3,HEAVY,ROUTE-PRIMARY
REQ00053,1.6,4,1.6,4,NORMAL,ROUTE-PRIMARY
REQ00054,0.9,3,0.9,3,NORMAL,ROUTE-PRIMARY
REQ00055,2,6,2,6,NORMAL,ROUTE-PRIMARY
REQ00056,2.4,8,2.4,8,MODERATE,ROUTE-PRIMARY
REQ00057,1.1,4,1.1,4,MODERATE,ROUTE-PRIMARY
REQ00058,1.1,4,1.1,3,HEAVY,ROUTE-PRIMARY
REQ00059,1.6,4,1.6,4,NORMAL,ROUTE-PRIMARY
REQ00060,3.4,11,3.4,11,NORMAL,ROUTE-PRIMARY
REQ00061,1.4,5,1.4,5,NORMAL,ROUTE-PRIMARY
REQ00062,1.3,3,1.3,3,MODERATE,ROUTE-PRIMARY
REQ00063,3.1,8,3.1,8,MODERATE,ROUTE-PRIMARY
REQ00064,1.9,4,1.9,4,NORMAL,ROUTE-PRIMARY
REQ00065,0.6,2,0.6,2,NORMAL,ROUTE-PRIMARY
REQ00066,1.9,5,1.9,5,NORMAL,ROUTE-PRIMARY
REQ00067,3.3,10,3.3,10,NORMAL,ROUTE-PRIMARY
REQ00068,0.7,2,0.7,2,NORMAL,ROUTE-PRIMARY
REQ00069,1.8,6,1.8,6,MODERATE,ROUTE-PRIMARY
REQ00070,0.7,2,0.7,2,HEAVY,ROUTE-PRIMARY
REQ00071,2.3,7,2.3,7,NORMAL,ROUTE-PRIMARY
REQ00072,1.4,4,1.4,4,NORMAL,ROUTE-PRIMARY
REQ00073,1,2,1,2,HEAVY,ROUTE-PRIMARY
REQ00074,1.6,6,1.6,6,MODERATE,ROUTE-PRIMARY
REQ00075,2.4,9,2.4,9,NORMAL,ROUTE-PRIMARY
REQ00076,2.5,7,2.5,7,HEAVY,ROUTE-PRIMARY
REQ00077,3.5,11,3.5,11,MODERATE,ROUTE-PRIMARY
REQ00078,1.3,5,1.3,5,NORMAL,ROUTE-PRIMARY
REQ00079,1.4,5,1.4,5,HEAVY,ROUTE-PRIMARY
REQ00080,3.1,9,3.1,9,NORMAL,ROUTE-PRIMARY
REQ00081,2.6,8,2.6,8,MODERATE,ROUTE-PRIMARY
REQ00082,1.6,6,1.6,6,HEAVY,ROUTE-PRIMARY
REQ00083,1.5,5,1.5,5,MODERATE,ROUTE-PRIMARY
REQ00084,1.4,3,1.4,3,NORMAL,ROUTE-PRIMARY
REQ00085,1.3,5,1.3,5,NORMAL,ROUTE-PRIMARY
REQ00086,1.2,4,1.2,4,MODERATE,ROUTE-PRIMARY
REQ00087,1,3,1,3,MODERATE,ROUTE-PRIMARY
REQ00088,1.9,5,1.9,5,NORMAL,ROUTE-PRIMARY
REQ00089,2,7,2,7,MODERATE,ROUTE-PRIMARY
REQ00090,0.1,2,0.1,1,MODERATE,ROUTE-PRIMARY
REQ00091,1.3,4,1.3,4,NORMAL,ROUTE-PRIMARY
REQ00092,2,4,2,4,MODERATE,ROUTE-PRIMARY
REQ00093,1,3,1,3,NORMAL,ROUTE-PRIMARY
REQ00094,2,5,2,5,NORMAL,ROUTE-PRIMARY
REQ00095,5.1,10,5.1,9,NORMAL,ROUTE-PRIMARY
REQ00096,2.7,8,2.7,7,MODERATE,ROUTE-PRIMARY
REQ00097,2.2,9,2.2,9,NORMAL,ROUTE-PRIMARY
REQ00098,1.2,4,1.2,4,NORMAL,ROUTE-PRIMARY
REQ00099,1.2,4,1.2,4,NORMAL,ROUTE-PRIMARY
REQ00100,3,9,3,9,NORMAL,ROUTE-PRIMARY
REQ00101,2.5,9,2.5,9,MODERATE,ROUTE-PRIMARY
REQ00102,2.6,8,2.6,7,NORMAL,ROUTE-PRIMARY
REQ00103,0.5,2,0.5,2,HEAVY,ROUTE-PRIMARY
REQ00104,1.5,4,1.5,4,NORMAL,ROUTE-PRIMARY
REQ00105,1.6,4,1.6,4,MODERATE,ROUTE-PRIMARY
REQ00106,2.2,6,2.2,6,NORMAL,ROUTE-PRIMARY
REQ00107,2.3,7,2.3,7,NORMAL,ROUTE-PRIMARY
REQ00108,1.1,4,1.1,4,NORMAL,ROUTE-PRIMARY
REQ00109,1.7,6,1.7,6,NORMAL,ROUTE-PRIMARY
REQ00110,2.5,7,2.5,7,NORMAL,ROUTE-PRIMARY
REQ00111,0.4,2,0.4,1,NORMAL,ROUTE-PRIMARY
REQ00112,6.9,15,6.9,15,NORMAL,ROUTE-PRIMARY
REQ00113,4.2,12,4.2,12,MODERATE,ROUTE-PRIMARY
REQ00114,1.2,4,1.2,4,NORMAL,ROUTE-PRIMARY
REQ00115,3.1,8,3.1,8,NORMAL,ROUTE-PRIMARY
REQ00116,3.4,7,3.4,7,MODERATE,ROUTE-PRIMARY
REQ00117,2.3,6,2.3,6,NORMAL,ROUTE-PRIMARY
REQ00118,1.6,6,1.6,6,NORMAL,ROUTE-PRIMARY
REQ00119,3.4,9,3.4,9,NORMAL,ROUTE-PRIMARY
REQ00120,0.8,3,0.8,3,NORMAL,ROUTE-PRIMARY
REQ00121,6.1,13,6.1,13,NORMAL,ROUTE-PRIMARY
REQ00122,3,6,3,6,NORMAL,ROUTE-PRIMARY
REQ00123,3.2,8,3.2,8,NORMAL,ROUTE-PRIMARY
REQ00124,2,5,2,5,HEAVY,ROUTE-PRIMARY
REQ00125,1.8,6,1.8,6,NORMAL,ROUTE-PRIMARY
REQ00126,1.5,4,1.5,4,NORMAL,ROUTE-PRIMARY
REQ00127,1.5,4,1.5,4,HEAVY,ROUTE-PRIMARY
REQ00128,3.7,7,3.7,7,MODERATE,ROUTE-PRIMARY
REQ00129,0.3,2,0.3,1,MODERATE,ROUTE-PRIMARY
REQ00130,2.7,6,2.7,6,NORMAL,ROUTE-PRIMARY
REQ00131,2.1,8,2.1,8,MODERATE,ROUTE-PRIMARY
REQ00132,2.6,8,2.6,8,NORMAL,ROUTE-PRIMARY
REQ00133,3.1,9,3.1,9,NORMAL,ROUTE-PRIMARY
REQ00134,0.7,3,0.7,3,NORMAL,ROUTE-PRIMARY
REQ00135,0.9,3,0.9,3,MODERATE,ROUTE-PRIMARY
REQ00136,1.2,5,1.2,5,HEAVY,ROUTE-PRIMARY
REQ00137,3.6,8,3.6,8,NORMAL,ROUTE-PRIMARY
REQ00138,3.1,9,3.1,9,NORMAL,ROUTE-PRIMARY
REQ00139,3,8,3,8,HEAVY,ROUTE-PRIMARY
REQ00140,1.3,4,1.3,4,MODERATE,ROUTE-PRIMARY
REQ00141,0.7,2,0.7,2,MODERATE,ROUTE-PRIMARY
REQ00142,0.9,3,0.9,3,HEAVY,ROUTE-PRIMARY
REQ00143,0.7,2,0.7,2,NORMAL,ROUTE-PRIMARY
REQ00144,0.7,3,0.7,3,NORMAL,ROUTE-PRIMARY
REQ00145,2.7,9,2.7,9,HEAVY,ROUTE-PRIMARY
REQ00146,2.4,6,2.4,6,MODERATE,ROUTE-PRIMARY
REQ00147,2.2,5,2.2,5,NORMAL,ROUTE-PRIMARY
REQ00148,3.2,9,3.2,9,NORMAL,ROUTE-PRIMARY
REQ00149,7.3,13,7.3,13,NORMAL,ROUTE-PRIMARY
REQ00150,1.3,3,1.3,3,NORMAL,ROUTE-PRIMARY
REQ00151,2.2,5,2.2,5,NORMAL,ROUTE-PRIMARY
REQ00152,1.2,5,1.2,4,NORMAL,ROUTE-PRIMARY
REQ00153,3.3,9,3.3,9,MODERATE,ROUTE-PRIMARY
REQ00154,1.6,5,1.6,5,HEAVY,ROUTE-PRIMARY
REQ00155,1.3,5,1.3,5,NORMAL,ROUTE-PRIMARY
REQ00156,1.7,6,1.7,6,NORMAL,ROUTE-PRIMARY
REQ00157,1.6,6,1.6,6,NORMAL,ROUTE-PRIMARY
REQ00158,1.9,6,1.9,6,NORMAL,ROUTE-PRIMARY
REQ00159,1.1,2,1.1,2,NORMAL,ROUTE-PRIMARY
REQ00160,1.4,3,1.4,3,NORMAL,ROUTE-PRIMARY
REQ00161,2.7,6,2.7,6,MODERATE,ROUTE-PRIMARY
REQ00162,1.4,4,1.4,4,NORMAL,ROUTE-PRIMARY
REQ00163,6.5,10,6.5,10,HEAVY,ROUTE-PRIMARY
REQ00164,1.2,4,1.2,4,NORMAL,ROUTE-PRIMARY
REQ00165,2.1,6,2.1,5,MODERATE,ROUTE-PRIMARY
REQ00166,1.8,7,1.8,7,HEAVY,ROUTE-PRIMARY
REQ00167,18.6,35,18.6,35,NORMAL,ROUTE-PRIMARY
REQ00168,2.6,7,2.6,7,MODERATE,ROUTE-PRIMARY
REQ00169,0.9,2,0.9,2,HEAVY,ROUTE-PRIMARY
REQ00170,2.8,8,2.8,8,MODERATE,ROUTE-PRIMARY
REQ00171,3.3,12,3.3,12,NORMAL,ROUTE-PRIMARY
REQ00172,3,10,3,10,HEAVY,ROUTE-PRIMARY
REQ00173,2.3,8,2.3,8,MODERATE,ROUTE-PRIMARY
REQ00174,1,4,1,4,NORMAL,ROUTE-PRIMARY
REQ00175,2.5,9,2.5,9,NORMAL,ROUTE-PRIMARY
REQ00176,2.8,8,2.8,8,NORMAL,ROUTE-PRIMARY
REQ00177,0.8,3,0.8,3,MODERATE,ROUTE-PRIMARY
REQ00178,0.6,2,0.6,2,NORMAL,ROUTE-PRIMARY
REQ00179,2.1,6,2.1,6,MODERATE,ROUTE-PRIMARY
REQ00180,1.1,4,1.1,4,NORMAL,ROUTE-PRIMARY
REQ00181,2,5,2,5,NORMAL,ROUTE-PRIMARY
REQ00182,1.9,5,1.9,5,NORMAL,ROUTE-PRIMARY
REQ00183,2.6,9,2.6,9,NORMAL,ROUTE-PRIMARY
REQ00184,2,5,2,5,NORMAL,ROUTE-PRIMARY
REQ00185,2.7,10,2.7,9,MODERATE,ROUTE-PRIMARY
REQ00186,1.9,6,1.9,6,NORMAL,ROUTE-PRIMARY
REQ00187,1,3,1,3,NORMAL,ROUTE-PRIMARY
REQ00188,1.6,6,1.6,6,NORMAL,ROUTE-PRIMARY
REQ00189,2.9,6,2.9,6,MODERATE,ROUTE-PRIMARY
REQ00190,1.9,5,1.9,5,HEAVY,ROUTE-PRIMARY
REQ00191,1.6,4,1.6,4,NORMAL,ROUTE-PRIMARY
REQ00192,0.3,2,0.3,1,NORMAL,ROUTE-PRIMARY
REQ00193,2.1,8,2.1,8,HEAVY,ROUTE-PRIMARY
REQ00194,1.2,3,1.2,3,NORMAL,ROUTE-PRIMARY
REQ00195,4.3,12,4.3,12,MODERATE,ROUTE-PRIMARY
REQ00196,2.3,6,2.3,6,HEAVY,ROUTE-PRIMARY
REQ00197,2.5,6,2.5,6,NORMAL,ROUTE-PRIMARY
REQ00198,1.8,4,1.8,4,NORMAL,ROUTE-PRIMARY
REQ00199,1,4,1,3,NORMAL,ROUTE-PRIMARY
REQ00200,1.8,4,1.8,4,NORMAL,ROUTE-PRIMARY
REQ00201,1.6,5,1.6,5,NORMAL,ROUTE-PRIMARY
REQ00202,0.2,2,0.2,1,NORMAL,ROUTE-PRIMARY
REQ00203,1.3,3,1.3,3,NORMAL,ROUTE-PRIMARY
REQ00204,1.1,3,1.1,3,NORMAL,ROUTE-PRIMARY
REQ00205,2.7,8,2.7,8,HEAVY,ROUTE-PRIMARY
REQ00206,2.4,6,2.4,6,MODERATE,ROUTE-PRIMARY
REQ00207,2.6,10,2.6,10,NORMAL,ROUTE-PRIMARY
REQ00208,2.6,8,2.6,8,HEAVY,ROUTE-PRIMARY
REQ00209,3.2,8,3.2,8,MODERATE,ROUTE-PRIMARY
REQ00210,1.6,4,1.6,4,MODERATE,ROUTE-PRIMARY
REQ00211,2,5,2,5,NORMAL,ROUTE-PRIMARY
REQ00212,0.5,2,0.5,1,NORMAL,ROUTE-PRIMARY
REQ00213,1.5,4,1.5,4,MODERATE,ROUTE-PRIMARY
REQ00214,3.5,12,3.5,11,NORMAL,ROUTE-PRIMARY
REQ00215,2.4,8,2.4,8,NORMAL,ROUTE-PRIMARY
REQ00216,1.1,4,1.1,4,NORMAL,ROUTE-PRIMARY
REQ00217,2.2,7,2.2,7,HEAVY,ROUTE-PRIMARY
REQ00218,1.7,5,1.7,5,MODERATE,ROUTE-PRIMARY
REQ00219,2.8,6,2.8,6,MODERATE,ROUTE-PRIMARY
REQ00220,0.4,2,0.4,1,NORMAL,ROUTE-PRIMARY
REQ00221,2.8,8,2.8,8,NORMAL,ROUTE-PRIMARY
REQ00222,0.9,4,0.9,4,NORMAL,ROUTE-PRIMARY
REQ00223,2.6,7,2.6,7,NORMAL,ROUTE-PRIMARY
REQ00224,1.7,5,1.7,5,NORMAL,ROUTE-PRIMARY
REQ00225,1.1,3,1.1,3,MODERATE,ROUTE-PRIMARY
REQ00226,0.5,2,0.5,2,NORMAL,ROUTE-PRIMARY
REQ00227,1.6,5,1.6,5,NORMAL,ROUTE-PRIMARY
REQ00228,1.8,7,1.8,7,NORMAL,ROUTE-PRIMARY
REQ00229,0.6,2,0.6,2,HEAVY,ROUTE-PRIMARY
REQ00230,1.4,4,1.4,4,NORMAL,ROUTE-PRIMARY
REQ00231,3.6,11,3.6,10,NORMAL,ROUTE-PRIMARY
REQ00232,1.7,5,1.7,5,HEAVY,ROUTE-PRIMARY
REQ00233,1.9,7,1.9,7,NORMAL,ROUTE-PRIMARY
REQ00234,1.1,2,1.1,2,NORMAL,ROUTE-PRIMARY
REQ00235,2.2,6,2.2,6,HEAVY,ROUTE-PRIMARY
REQ00236,2,8,2,8,NORMAL,ROUTE-PRIMARY
REQ00237,1.6,5,1.6,5,MODERATE,ROUTE-PRIMARY
REQ00238,0.5,2,0.5,2,NORMAL,ROUTE-PRIMARY
REQ00239,2.8,9,2.8,9,MODERATE,ROUTE-PRIMARY
REQ00240,1.1,4,1.1,3,NORMAL,ROUTE-PRIMARY
REQ00241,2.9,10,2.9,10,MODERATE,ROUTE-PRIMARY
REQ00242,3.3,9,3.3,9,NORMAL,ROUTE-PRIMARY
REQ00243,1.7,4,1.7,4,NORMAL,ROUTE-PRIMARY
REQ00244,1,4,1,4,NORMAL,ROUTE-PRIMARY
REQ00245,0.6,2,0.6,2,NORMAL,ROUTE-PRIMARY
REQ00246,1.2,4,1.2,4,NORMAL,ROUTE-PRIMARY
REQ00247,2,6,2,6,HEAVY,ROUTE-PRIMARY
REQ00248,3.5,10,3.5,10,NORMAL,ROUTE-PRIMARY
REQ00249,1.9,5,1.9,5,MODERATE,ROUTE-PRIMARY
REQ00250,2.1,5,2.1,5,NORMAL,ROUTE-PRIMARY
REQ00251,1,3,1,3,NORMAL,ROUTE-PRIMARY
REQ00252,2.3,8,2.3,7,NORMAL,ROUTE-PRIMARY
REQ00253,5.1,14,5.1,13,HEAVY,ROUTE-PRIMARY
REQ00254,0.6,2,0.6,2,NORMAL,ROUTE-PRIMARY
REQ00255,2,5,2,5,NORMAL,ROUTE-PRIMARY
REQ00256,0.8,2,0.8,2,HEAVY,ROUTE-PRIMARY
REQ00257,2.7,7,2.7,7,MODERATE,ROUTE-PRIMARY
REQ00258,0.9,3,0.9,3,MODERATE,ROUTE-PRIMARY
REQ00259,0.8,3,0.8,3,HEAVY,ROUTE-PRIMARY
REQ00260,1.3,4,1.3,4,MODERATE,ROUTE-PRIMARY
REQ00261,2.8,8,2.8,8,NORMAL,ROUTE-PRIMARY
REQ00262,0.9,3,0.9,3,NORMAL,ROUTE-PRIMARY
REQ00263,2.1,6,2.1,6,NORMAL,ROUTE-PRIMARY
REQ00264,2.6,8,2.6,8,NORMAL,ROUTE-PRIMARY
REQ00265,1.7,5,1.7,5,NORMAL,ROUTE-PRIMARY
REQ00266,0.4,2,0.4,1,NORMAL,ROUTE-PRIMARY
REQ00267,0.9,4,0.9,3,MODERATE,ROUTE-PRIMARY
REQ00268,2.4,6,2.4,6,NORMAL,ROUTE-PRIMARY
REQ00269,1.1,3,1.1,3,MODERATE,ROUTE-PRIMARY
REQ00270,2.2,8,2.2,8,NORMAL,ROUTE-PRIMARY
REQ00271,3.6,9,3.6,9,NORMAL,ROUTE-PRIMARY
REQ00272,0.9,3,0.9,3,NORMAL,ROUTE-PRIMARY
REQ00273,2.1,6,2.1,6,MODERATE,ROUTE-PRIMARY
REQ00274,2.7,8,2.7,7,NORMAL,ROUTE-PRIMARY
REQ00275,2.7,8,2.7,8,NORMAL,ROUTE-PRIMARY
REQ00276,0.6,2,0.6,2,NORMAL,ROUTE-PRIMARY
REQ00277,1.3,4,1.3,3,MODERATE,ROUTE-PRIMARY
REQ00278,0.8,2,0.8,2,NORMAL,ROUTE-PRIMARY
REQ00279,1.2,4,1.2,4,NORMAL,ROUTE-PRIMARY
REQ00280,2.2,8,2.2,8,NORMAL,ROUTE-PRIMARY
REQ00281,3.4,10,3.4,10,MODERATE,ROUTE-PRIMARY
REQ00282,0.8,3,0.8,3,MODERATE,ROUTE-PRIMARY
REQ00283,4.1,14,4.1,14,HEAVY,ROUTE-PRIMARY
REQ00284,0.2,2,0.2,1,MODERATE,ROUTE-PRIMARY
REQ00285,2.1,7,2.1,6,MODERATE,ROUTE-PRIMARY
REQ00286,5.6,8,5.6,8,NORMAL,ROUTE-PRIMARY
REQ00287,0.5,2,0.5,2,NORMAL,ROUTE-PRIMARY
REQ00288,0.4,2,0.4,1,NORMAL,ROUTE-PRIMARY
REQ00289,2.4,9,2.4,8,NORMAL,ROUTE-PRIMARY
REQ00290,2,4,2,4,NORMAL,ROUTE-PRIMARY
REQ00291,1.8,5,1.8,5,NORMAL,ROUTE-PRIMARY
REQ00292,2.7,9,2.7,9,NORMAL,ROUTE-PRIMARY
REQ00293,0.6,2,0.6,2,NORMAL,ROUTE-PRIMARY
REQ00294,1,3,1,3,NORMAL,ROUTE-PRIMARY
REQ00295,2.7,9,2.7,9,HEAVY,ROUTE-PRIMARY
REQ00296,1.8,6,1.8,6,NORMAL,ROUTE-PRIMARY
REQ00297,1.4,5,1.4,5,MODERATE,ROUTE-PRIMARY
REQ00298,2.4,9,2.4,9,NORMAL,ROUTE-PRIMARY
REQ00299,2.5,7,2.5,7,NORMAL,ROUTE-PRIMARY
REQ00300,2.3,5,2.3,5,NORMAL,ROUTE-PRIMARY
REQ00301,0.8,3,0.8,3,NORMAL,ROUTE-PRIMARY
REQ00302,2.9,6,2.9,6,MODERATE,ROUTE-PRIMARY
REQ00303,2,7,2,7,NORMAL,ROUTE-PRIMARY
REQ00304,1.8,7,1.8,7,NORMAL,ROUTE-PRIMARY
REQ00305,0.6,2,0.6,2,MODERATE,ROUTE-PRIMARY
REQ00306,3,10,3,10,NORMAL,ROUTE-PRIMARY
REQ00307,2.5,9,2.5,8,NORMAL,ROUTE-PRIMARY
REQ00308,0.4,2,0.4,2,MODERATE,ROUTE-PRIMARY
REQ00309,1.4,5,1.4,5,NORMAL,ROUTE-PRIMARY
REQ00310,1.4,4,1.4,4,NORMAL,ROUTE-PRIMARY
REQ00311,3.4,9,3.4,9,NORMAL,ROUTE-PRIMARY
REQ00312,1.7,6,1.7,6,NORMAL,ROUTE-PRIMARY
REQ00313,5.4,16,5.4,16,HEAVY,ROUTE-PRIMARY
REQ00314,0.3,2,0.3,1,NORMAL,ROUTE-PRIMARY
REQ00315,2.7,6,2.7,6,MODERATE,ROUTE-PRIMARY
REQ00316,3.8,9,3.8,9,HEAVY,ROUTE-PRIMARY
REQ00317,2.7,8,2.7,8,NORMAL,ROUTE-PRIMARY
REQ00318,0.4,2,0.4,2,NORMAL,ROUTE-PRIMARY
REQ00319,1.8,4,1.8,4,NORMAL,ROUTE-PRIMARY
REQ00320,1.3,4,1.3,4,NORMAL,ROUTE-PRIMARY
REQ00321,1.6,4,1.6,4,NORMAL,ROUTE-PRIMARY
REQ00322,1.5,5,1.5,5,NORMAL,ROUTE-PRIMARY
REQ00323,2.3,6,2.3,6,MODERATE,ROUTE-PRIMARY
REQ00324,0.5,2,0.5,2,NORMAL,ROUTE-PRIMARY
REQ00325,2.9,10,2.9,10,HEAVY,ROUTE-PRIMARY
REQ00326,2,6,2,6,NORMAL,ROUTE-PRIMARY
REQ00327,3.4,9,3.4,9,NORMAL,ROUTE-PRIMARY
REQ00328,2.4,6,2.4,6,NORMAL,ROUTE-PRIMARY
REQ00329,6.4,12,6.4,12,NORMAL,ROUTE-PRIMARY
REQ00330,3.7,9,3.7,9,MODERATE,ROUTE-PRIMARY
REQ00331,3,9,3,9,NORMAL,ROUTE-PRIMARY
REQ00332,2.4,9,2.4,9,NORMAL,ROUTE-PRIMARY
REQ00333,1.4,5,1.4,5,NORMAL,ROUTE-PRIMARY
REQ00334,1,2,1,2,HEAVY,ROUTE-PRIMARY
REQ00335,2.2,7,2.2,6,MODERATE,ROUTE-PRIMARY
REQ00336,2.2,7,2.2,7,MODERATE,ROUTE-PRIMARY
REQ00337,1,3,1,3,HEAVY,ROUTE-PRIMARY
REQ00338,0.8,2,0.8,2,NORMAL,ROUTE-PRIMARY
REQ00339,1.4,5,1.4,5,NORMAL,ROUTE-PRIMARY
REQ00340,3.1,9,3.1,8,HEAVY,ROUTE-PRIMARY
REQ00341,2,6,2,6,MODERATE,ROUTE-PRIMARY
REQ00342,2.4,9,2.4,9,NORMAL,ROUTE-PRIMARY
REQ00343,0.9,2,0.9,2,NORMAL,ROUTE-PRIMARY
REQ00344,1.6,4,1.6,4,MODERATE,ROUTE-PRIMARY
REQ00345,5.5,15,5.5,15,MODERATE,ROUTE-PRIMARY
REQ00346,1.7,7,1.7,7,NORMAL,ROUTE-PRIMARY
REQ00347,0.3,2,0.3,1,NORMAL,ROUTE-PRIMARY
REQ00348,0.7,3,0.7,2,NORMAL,ROUTE-PRIMARY
REQ00349,1.3,4,1.3,4,MODERATE,ROUTE-PRIMARY
REQ00350,0.6,2,0.6,1,MODERATE,ROUTE-PRIMARY
REQ00351,1.1,4,1.1,4,MODERATE,ROUTE-PRIMARY
REQ00352,2.6,8,2.6,8,NORMAL,ROUTE-PRIMARY
REQ00353,2,4,2,4,MODERATE,ROUTE-PRIMARY
REQ00354,1.6,4,1.6,4,NORMAL,ROUTE-PRIMARY
REQ00355,5.8,14,5.8,14,NORMAL,ROUTE-PRIMARY
REQ00356,2.4,7,2.4,7,NORMAL,ROUTE-PRIMARY
REQ00357,1.7,6,1.7,6,NORMAL,ROUTE-PRIMARY
REQ00358,1.6,6,1.6,6,HEAVY,ROUTE-PRIMARY
REQ00359,4.1,10,4.1,10,MODERATE,ROUTE-PRIMARY
REQ00360,1,3,1,3,NORMAL,ROUTE-PRIMARY
REQ00361,0.7,2,0.7,2,HEAVY,ROUTE-PRIMARY
REQ00362,2,3,2,3,NORMAL,ROUTE-PRIMARY
REQ00363,1.3,3,1.3,3,NORMAL,ROUTE-PRIMARY
REQ00364,0.6,2,0.6,2,HEAVY,ROUTE-PRIMARY
REQ00365,3.7,13,3.7,12,NORMAL,ROUTE-PRIMARY
REQ00366,1,4,1,4,NORMAL,ROUTE-PRIMARY
REQ00367,0.7,2,0.7,2,HEAVY,ROUTE-PRIMARY
REQ00368,2.5,7,2.5,7,NORMAL,ROUTE-PRIMARY
REQ00369,4.3,11,4.3,11,NORMAL,ROUTE-PRIMARY
REQ00370,0.9,3,0.9,3,NORMAL,ROUTE-PRIMARY
REQ00371,3.4,6,3.4,6,NORMAL,ROUTE-PRIMARY
REQ00372,1.4,5,1.4,5,MODERATE,ROUTE-PRIMARY
REQ00373,2.3,6,2.3,6,NORMAL,ROUTE-PRIMARY
REQ00374,1.6,6,1.6,6,MODERATE,ROUTE-PRIMARY
REQ00375,1.9,5,1.9,5,NORMAL,ROUTE-PRIMARY
REQ00376,1.4,4,1.4,4,NORMAL,ROUTE-PRIMARY
REQ00377,1.2,3,1.2,3,MODERATE,ROUTE-PRIMARY
REQ00378,1.9,7,1.9,7,NORMAL,ROUTE-PRIMARY
REQ00379,1,4,1,4,NORMAL,ROUTE-PRIMARY
REQ00380,3.5,8,3.5,8,NORMAL,ROUTE-PRIMARY
REQ00381,1.2,4,1.2,4,MODERATE,ROUTE-PRIMARY
REQ00382,1.1,4,1.1,4,NORMAL,ROUTE-PRIMARY
REQ00383,1.1,3,1.1,3,NORMAL,ROUTE-PRIMARY
REQ00384,0.8,3,0.8,3,NORMAL,ROUTE-PRIMARY
REQ00385,5.4,11,5.4,11,NORMAL,ROUTE-PRIMARY
REQ00386,1.8,6,1.8,6,MODERATE,ROUTE-PRIMARY
REQ00387,2.2,5,2.2,5,NORMAL,ROUTE-PRIMARY
REQ00388,0.5,2,0.5,2,NORMAL,ROUTE-PRIMARY
REQ00389,2.2,7,2.2,7,MODERATE,ROUTE-PRIMARY
REQ00390,1.3,4,1.3,4,NORMAL,ROUTE-PRIMARY
REQ00391,3.4,12,3.4,12,NORMAL,ROUTE-PRIMARY
REQ00392,1.8,6,1.8,6,NORMAL,ROUTE-PRIMARY
REQ00393,2.4,5,2.4,5,MODERATE,ROUTE-PRIMARY
REQ00394,2.4,7,2.4,7,HEAVY,ROUTE-PRIMARY
REQ00395,1.2,3,1.2,3,MODERATE,ROUTE-PRIMARY
REQ00396,1.9,5,1.9,5,NORMAL,ROUTE-PRIMARY
REQ00397,3.9,11,3.9,11,NORMAL,ROUTE-PRIMARY
REQ00398,3.7,9,3.7,9,NORMAL,ROUTE-PRIMARY
REQ00399,1.4,4,1.4,4,NORMAL,ROUTE-PRIMARY
REQ00400,2.9,7,2.9,7,HEAVY,ROUTE-PRIMARY
REQ00401,0.8,2,0.8,2,MODERATE,ROUTE-PRIMARY
REQ00402,1.7,5,1.7,5,NORMAL,ROUTE-PRIMARY
REQ00403,2,7,2,7,HEAVY,ROUTE-PRIMARY
REQ00404,1.2,3,1.2,3,NORMAL,ROUTE-PRIMARY
REQ00405,0.9,3,0.9,3,MODERATE,ROUTE-PRIMARY
REQ00406,1.7,6,1.7,6,NORMAL,ROUTE-PRIMARY
REQ00407,1.9,7,1.9,7,NORMAL,ROUTE-PRIMARY
REQ00408,2.7,9,2.7,9,NORMAL,ROUTE-PRIMARY
REQ00409,4,10,4,10,NORMAL,ROUTE-PRIMARY
REQ00410,2.4,6,2.4,6,NORMAL,ROUTE-PRIMARY
REQ00411,0.5,2,0.5,1,NORMAL,ROUTE-PRIMARY
REQ00412,1.6,5,1.6,5,NORMAL,ROUTE-PRIMARY
REQ00413,0.3,2,0.3,1,NORMAL,ROUTE-PRIMARY
REQ00414,3.9,12,3.9,12,NORMAL,ROUTE-PRIMARY
REQ00415,1.2,4,1.2,4,NORMAL,ROUTE-PRIMARY
REQ00416,1.3,4,1.3,4,NORMAL,ROUTE-PRIMARY
REQ00417,0.4,2,0.4,1,NORMAL,ROUTE-PRIMARY
REQ00418,1.3,3,1.3,3,HEAVY,ROUTE-PRIMARY
REQ00419,0.9,3,0.9,3,NORMAL,ROUTE-PRIMARY
REQ00420,2.5,9,2.5,9,NORMAL,ROUTE-PRIMARY
REQ00421,2,6,2,6,NORMAL,ROUTE-PRIMARY
REQ00422,2.1,8,2.1,7,NORMAL,ROUTE-PRIMARY
REQ00423,3.3,11,3.6,10,NORMAL,ROUTE-PRIMARY
REQ00424,2.7,8,2.7,8,NORMAL,ROUTE-PRIMARY
REQ00425,0.6,2,0.6,1,MODERATE,ROUTE-PRIMARY
REQ00426,2.2,7,2.2,7,NORMAL,ROUTE-PRIMARY
REQ00427,1.5,5,1.5,5,NORMAL,ROUTE-PRIMARY
REQ00428,1.1,3,1.1,3,MODERATE,ROUTE-PRIMARY
REQ00429,2.9,6,2.9,6,MODERATE,ROUTE-PRIMARY
REQ00430,2.5,6,2.5,6,HEAVY,ROUTE-PRIMARY
REQ00431,1.8,7,1.8,7,NORMAL,ROUTE-PRIMARY
REQ00432,8.1,13,8.1,13,NORMAL,ROUTE-PRIMARY
REQ00433,1.6,4,1.6,4,MODERATE,ROUTE-PRIMARY
REQ00434,3.7,9,3.7,9,NORMAL,ROUTE-PRIMARY
REQ00435,1.8,5,1.8,5,NORMAL,ROUTE-PRIMARY
REQ00436,0.6,2,0.6,2,NORMAL,ROUTE-PRIMARY
REQ00437,5.9,12,5.9,12,MODERATE,ROUTE-PRIMARY
REQ00438,1.3,4,1.3,4,MODERATE,ROUTE-PRIMARY
REQ00439,0.9,3,0.9,3,NORMAL,ROUTE-PRIMARY
REQ00440,0.8,3,0.8,3,NORMAL,ROUTE-PRIMARY
REQ00441,1.3,3,1.3,3,NORMAL,ROUTE-PRIMARY
REQ00442,0.6,2,0.6,2,NORMAL,ROUTE-PRIMARY
REQ00443,1,3,1,3,NORMAL,ROUTE-PRIMARY
REQ00444,2.9,8,2.9,8,NORMAL,ROUTE-PRIMARY
REQ00445,1.4,5,1.4,5,NORMAL,ROUTE-PRIMARY
REQ00446,0.8,3,0.8,3,MODERATE,ROUTE-PRIMARY
REQ00447,2.2,5,2.2,5,MODERATE,ROUTE-PRIMARY
REQ00448,0.9,3,0.9,3,NORMAL,ROUTE-PRIMARY
REQ00449,2.5,9,2.5,9,NORMAL,ROUTE-PRIMARY
REQ00450,2,7,2,7,NORMAL,ROUTE-PRIMARY
REQ00451,2.7,8,2.7,8,NORMAL,ROUTE-PRIMARY
REQ00452,1.3,4,1.3,4,MODERATE,ROUTE-PRIMARY
REQ00453,2.2,8,2.2,8,MODERATE,ROUTE-PRIMARY
REQ00454,1.9,5,1.9,4,NORMAL,ROUTE-PRIMARY
REQ00455,2.4,7,2.4,7,NORMAL,ROUTE-PRIMARY
REQ00456,4.3,8,4.3,8,NORMAL,ROUTE-PRIMARY
REQ00457,1.9,7,1.9,7,MODERATE,ROUTE-PRIMARY
REQ00458,0.8,3,0.8,3,NORMAL,ROUTE-PRIMARY
REQ00459,1.8,4,1.8,4,MODERATE,ROUTE-PRIMARY
REQ00460,2,5,2,5,HEAVY,ROUTE-PRIMARY
REQ00461,0.8,2,0.8,2,MODERATE,ROUTE-PRIMARY
REQ00462,0.7,2,0.7,2,NORMAL,ROUTE-PRIMARY
REQ00463,2.7,7,2.7,7,HEAVY,ROUTE-PRIMARY
REQ00464,1.8,5,1.8,5,MODERATE,ROUTE-PRIMARY
REQ00465,2.2,7,2.2,7,MODERATE,ROUTE-PRIMARY
REQ00466,2.3,7,2.3,7,HEAVY,ROUTE-PRIMARY
REQ00467,3.6,10,3.6,10,NORMAL,ROUTE-PRIMARY
REQ00468,2.5,7,2.5,7,NORMAL,ROUTE-PRIMARY
REQ00469,15,25,15,25,NORMAL,ROUTE-PRIMARY
REQ00470,1.8,6,1.8,6,NORMAL,ROUTE-PRIMARY
REQ00471,1.4,5,1.4,5,NORMAL,ROUTE-PRIMARY
REQ00472,2.4,9,2.4,9,NORMAL,ROUTE-PRIMARY
REQ00473,0.8,3,0.8,2,NORMAL,ROUTE-PRIMARY
REQ00474,1,4,1,4,NORMAL,ROUTE-PRIMARY
REQ00475,1,3,1,3,NORMAL,ROUTE-PRIMARY
REQ00476,2,6,2,6,NORMAL,ROUTE-PRIMARY
REQ00477,0.9,4,0.9,4,MODERATE,ROUTE-PRIMARY
REQ00478,1.4,4,1.4,4,HEAVY,ROUTE-PRIMARY
REQ00479,1.8,5,1.8,5,NORMAL,ROUTE-PRIMARY
REQ00480,1.8,7,1.8,7,NORMAL,ROUTE-PRIMARY
REQ00481,2.9,7,2.9,7,NORMAL,ROUTE-PRIMARY
REQ00482,1.2,5,1.2,4,NORMAL,ROUTE-PRIMARY
REQ00483,1.6,5,1.6,5,NORMAL,ROUTE-PRIMARY
REQ00484,1.1,4,1.1,4,HEAVY,ROUTE-PRIMARY
REQ00485,0.9,3,0.9,2,NORMAL,ROUTE-PRIMARY
REQ00486,2.7,8,2.7,8,NORMAL,ROUTE-PRIMARY
REQ00487,2.3,7,2.3,7,HEAVY,ROUTE-PRIMARY
REQ00488,2.8,6,2.8,6,NORMAL,ROUTE-PRIMARY
REQ00489,2.3,6,2.3,5,MODERATE,ROUTE-PRIMARY
REQ00490,2.7,6,2.7,6,NORMAL,ROUTE-PRIMARY
REQ00491,3.1,9,3.1,9,NORMAL,ROUTE-PRIMARY
REQ00492,1.2,5,1.2,5,NORMAL,ROUTE-PRIMARY
REQ00493,1.5,4,1.5,4,NORMAL,ROUTE-PRIMARY
REQ00494,3.1,7,3.1,6,MODERATE,ROUTE-PRIMARY
REQ00495,1.1,3,1.1,3,NORMAL,ROUTE-PRIMARY
REQ00496,3.1,9,3.1,9,NORMAL,ROUTE-PRIMARY
REQ00497,1.6,4,1.6,4,MODERATE,ROUTE-PRIMARY
REQ00498,1.4,4,1.4,4,MODERATE,ROUTE-PRIMARY
REQ00499,0.3,2,0.3,1,NORMAL,ROUTE-PRIMARY
REQ00500,2.8,10,2.8,10,NORMAL,ROUTE-PRIMARY
REQ00501,1,3,1,3,MODERATE,ROUTE-PRIMARY
REQ00502,1.8,5,1.8,5,HEAVY,ROUTE-PRIMARY
REQ00503,0.4,2,0.4,1,NORMAL,ROUTE-PRIMARY
REQ00504,2.7,7,2.7,7,NORMAL,ROUTE-PRIMARY
REQ00505,2.7,7,2.7,7,NORMAL,ROUTE-PRIMARY
REQ00506,2.4,8,2.4,8,MODERATE,ROUTE-PRIMARY
REQ00507,1.8,7,1.8,7,MODERATE,ROUTE-PRIMARY
REQ00508,2.1,6,2.1,6,NORMAL,ROUTE-PRIMARY
REQ00509,2.7,6,2.7,6,NORMAL,ROUTE-PRIMARY
REQ00510,3.1,11,3.1,11,NORMAL,ROUTE-PRIMARY
REQ00511,2,5,2,5,NORMAL,ROUTE-PRIMARY
REQ00512,3.2,10,3.2,10,MODERATE,ROUTE-PRIMARY
REQ00513,13.9,23,13.9,23,MODERATE,ROUTE-PRIMARY
REQ00514,1.4,5,1.4,5,HEAVY,ROUTE-PRIMARY
REQ00515,0.6,2,0.6,2,MODERATE,ROUTE-PRIMARY
REQ00516,0.9,3,0.9,3,NORMAL,ROUTE-PRIMARY
REQ00517,2.2,8,2.2,7,NORMAL,ROUTE-PRIMARY
REQ00518,1.9,6,1.9,6,NORMAL,ROUTE-PRIMARY
REQ00519,3,8,3,8,MODERATE,ROUTE-PRIMARY
REQ00520,1.1,4,1.1,4,HEAVY,ROUTE-PRIMARY
REQ00521,2.7,10,2.7,9,NORMAL,ROUTE-PRIMARY
REQ00522,3.1,7,3.1,7,MODERATE,ROUTE-PRIMARY
REQ00523,1.9,6,1.9,6,NORMAL,ROUTE-PRIMARY
REQ00524,2.3,8,2.3,8,NORMAL,ROUTE-PRIMARY
REQ00525,1.6,5,1.6,5,NORMAL,ROUTE-PRIMARY
REQ00526,1.6,6,1.6,6,NORMAL,ROUTE-PRIMARY
REQ00527,1.1,4,1.1,4,NORMAL,ROUTE-PRIMARY
REQ00528,0.4,2,0.4,1,MODERATE,ROUTE-PRIMARY
REQ00529,2.6,8,2.6,8,HEAVY,ROUTE-PRIMARY
REQ00530,3.1,9,3.1,9,NORMAL,ROUTE-PRIMARY
REQ00531,1.1,4,1.1,4,NORMAL,ROUTE-PRIMARY
REQ00532,2,6,2,6,NORMAL,ROUTE-PRIMARY
REQ00533,1.6,5,1.6,5,NORMAL,ROUTE-PRIMARY
REQ00534,0.8,3,0.8,3,MODERATE,ROUTE-PRIMARY
REQ00535,1.8,6,1.8,6,NORMAL,ROUTE-PRIMARY
REQ00536,1.5,4,1.5,4,NORMAL,ROUTE-PRIMARY
REQ00537,6.2,18,6.2,18,NORMAL,ROUTE-PRIMARY
REQ00538,2.5,6,2.5,6,HEAVY,ROUTE-PRIMARY
REQ00539,1.3,4,1.3,4,NORMAL,ROUTE-PRIMARY
REQ00540,2,6,2,6,NORMAL,ROUTE-PRIMARY
REQ00541,1.1,3,1.1,3,MODERATE,ROUTE-PRIMARY
REQ00542,3.6,9,3.6,8,NORMAL,ROUTE-PRIMARY
REQ00543,2.6,8,2.6,8,NORMAL,ROUTE-PRIMARY
REQ00544,1.6,4,1.6,4,NORMAL,ROUTE-PRIMARY
REQ00545,1.5,5,1.5,5,MODERATE,ROUTE-PRIMARY
REQ00546,1.4,4,1.4,3,NORMAL,ROUTE-PRIMARY
REQ00547,1.1,3,1.1,3,HEAVY,ROUTE-PRIMARY
REQ00548,2.2,5,2.2,5,NORMAL,ROUTE-PRIMARY
REQ00549,0.5,2,0.5,2,MODERATE,ROUTE-PRIMARY
REQ00550,1.9,6,1.9,6,HEAVY,ROUTE-PRIMARY
REQ00551,1.4,4,1.4,4,MODERATE,ROUTE-PRIMARY
REQ00552,3.6,11,3.6,11,NORMAL,ROUTE-PRIMARY
REQ00553,2.6,6,2.6,6,NORMAL,ROUTE-PRIMARY
REQ00554,3,10,3,10,MODERATE,ROUTE-PRIMARY
REQ00555,2.3,7,2.3,7,MODERATE,ROUTE-PRIMARY
REQ00556,2,5,2,5,NORMAL,ROUTE-PRIMARY
REQ00557,0.3,2,0.3,1,MODERATE,ROUTE-PRIMARY
REQ00558,1.5,4,1.5,4,MODERATE,ROUTE-PRIMARY
REQ00559,2.2,6,2.2,6,NORMAL,ROUTE-PRIMARY
REQ00560,2.3,8,2.3,8,MODERATE,ROUTE-PRIMARY
REQ00561,2.6,9,2.6,9,NORMAL,ROUTE-PRIMARY
REQ00562,1.1,3,1.1,3,NORMAL,ROUTE-PRIMARY
REQ00563,2.1,6,2.1,6,MODERATE,ROUTE-PRIMARY
REQ00564,1.6,3,1.6,3,NORMAL,ROUTE-PRIMARY
REQ00565,1.7,6,1.7,6,NORMAL,ROUTE-PRIMARY
REQ00566,2.5,7,2.5,6,NORMAL,ROUTE-PRIMARY
REQ00567,2.9,7,2.9,7,NORMAL,ROUTE-PRIMARY
REQ00568,2.3,6,2.3,6,HEAVY,ROUTE-PRIMARY
REQ00569,0.5,2,0.5,1,NORMAL,ROUTE-PRIMARY
REQ00570,2.5,7,2.5,7,NORMAL,ROUTE-PRIMARY
REQ00571,0.7,2,0.7,2,HEAVY,ROUTE-PRIMARY
REQ00572,3.6,12,3.6,12,NORMAL,ROUTE-PRIMARY
REQ00573,2.1,6,2.1,6,NORMAL,ROUTE-PRIMARY
REQ00574,1.8,6,1.8,6,NORMAL,ROUTE-PRIMARY
REQ00575,2.3,8,2.3,8,MODERATE,ROUTE-PRIMARY
REQ00576,1,3,1,3,NORMAL,ROUTE-PRIMARY
REQ00577,5.8,12,5.8,12,NORMAL,ROUTE-PRIMARY
REQ00578,0.7,2,0.7,2,MODERATE,ROUTE-PRIMARY
REQ00579,1.3,4,1.3,4,NORMAL,ROUTE-PRIMARY
REQ00580,2.3,8,2.3,7,NORMAL,ROUTE-PRIMARY
REQ00581,0.2,2,0.2,1,MODERATE,ROUTE-PRIMARY
REQ00582,3.7,11,3.7,10,NORMAL,ROUTE-PRIMARY
REQ00583,2.8,6,2.8,6,NORMAL,ROUTE-PRIMARY
REQ00584,0.4,2,0.4,1,NORMAL,ROUTE-PRIMARY
REQ00585,0.5,2,0.5,2,NORMAL,ROUTE-PRIMARY
REQ00586,1,3,1,3,HEAVY,ROUTE-PRIMARY
REQ00587,3.7,11,3.7,11,MODERATE,ROUTE-PRIMARY
REQ00588,4.7,10,4.7,10,MODERATE,ROUTE-PRIMARY
REQ00589,3.3,9,3.3,9,NORMAL,ROUTE-PRIMARY
REQ00590,1.9,5,1.9,5,NORMAL,ROUTE-PRIMARY
REQ00591,0.5,2,0.5,2,NORMAL,ROUTE-PRIMARY
REQ00592,2.5,7,2.5,7,NORMAL,ROUTE-PRIMARY
REQ00593,0.6,2,0.6,2,MODERATE,ROUTE-PRIMARY
REQ00594,2.3,7,2.3,7,MODERATE,ROUTE-PRIMARY
REQ00595,1.7,5,1.7,5,HEAVY,ROUTE-PRIMARY
REQ00596,1.4,4,1.4,4,NORMAL,ROUTE-PRIMARY
REQ00597,1.4,4,1.4,4,NORMAL,ROUTE-PRIMARY
REQ00598,2.3,9,2.3,9,NORMAL,ROUTE-PRIMARY
REQ00599,0.9,3,0.9,3,NORMAL,ROUTE-PRIMARY
REQ00600,1.7,5,1.7,5,NORMAL,ROUTE-PRIMARY
REQ00601,1.9,7,1.9,7,NORMAL,ROUTE-PRIMARY
REQ00602,1.1,3,1.1,3,NORMAL,ROUTE-PRIMARY
REQ00603,6,13,6,13,MODERATE,ROUTE-PRIMARY
REQ00604,2.4,6,2.4,6,NORMAL,ROUTE-PRIMARY
REQ00605,1.5,5,1.5,5,MODERATE,ROUTE-PRIMARY
REQ00606,2.1,5,2.1,5,MODERATE,ROUTE-PRIMARY
REQ00607,0.7,2,0.7,2,NORMAL,ROUTE-PRIMARY
REQ00608,2.1,5,2.1,5,NORMAL,ROUTE-PRIMARY
REQ00609,1.8,6,1.8,6,MODERATE,ROUTE-PRIMARY
REQ00610,1.1,3,1.1,3,HEAVY,ROUTE-PRIMARY
REQ00611,3.2,10,3.2,9,MODERATE,ROUTE-PRIMARY
REQ00612,2,7,2,7,MODERATE,ROUTE-PRIMARY
REQ00613,5.1,9,5.1,9,MODERATE,ROUTE-PRIMARY
REQ00614,1.7,4,1.7,4,NORMAL,ROUTE-PRIMARY
REQ00615,1.3,4,1.3,4,NORMAL,ROUTE-PRIMARY
REQ00616,2.2,5,2.2,5,NORMAL,ROUTE-PRIMARY
REQ00617,1.4,3,1.4,3,MODERATE,ROUTE-PRIMARY
REQ00618,1.4,5,1.4,5,MODERATE,ROUTE-PRIMARY
REQ00619,1.4,5,1.4,5,NORMAL,ROUTE-PRIMARY
REQ00620,2.8,8,2.8,8,NORMAL,ROUTE-PRIMARY
REQ00621,0.7,2,0.7,2,NORMAL,ROUTE-PRIMARY
REQ00622,1.9,6,1.9,6,NORMAL,ROUTE-PRIMARY
REQ00623,2.2,4,2.2,4,NORMAL,ROUTE-PRIMARY
REQ00624,0.9,2,0.9,2,MODERATE,ROUTE-PRIMARY
REQ00625,1.8,5,1.8,5,HEAVY,ROUTE-PRIMARY
REQ00626,2.4,8,2.4,8,NORMAL,ROUTE-PRIMARY
REQ00627,1,2,1,2,NORMAL,ROUTE-PRIMARY
REQ00628,2,6,2,6,NORMAL,ROUTE-PRIMARY
REQ00629,0.4,2,0.4,1,NORMAL,ROUTE-PRIMARY
REQ00630,0.9,3,0.9,3,NORMAL,ROUTE-PRIMARY
REQ00631,3.2,8,3.2,8,HEAVY,ROUTE-PRIMARY
REQ00632,3.5,6,3.5,6,NORMAL,ROUTE-PRIMARY
REQ00633,2.7,9,2.7,9,MODERATE,ROUTE-PRIMARY
REQ00634,3.5,9,3.5,9,HEAVY,ROUTE-PRIMARY
REQ00635,1,2,1,2,NORMAL,ROUTE-PRIMARY
REQ00636,3.2,10,3.2,10,NORMAL,ROUTE-PRIMARY
REQ00637,2.7,7,2.7,7,HEAVY,ROUTE-PRIMARY
REQ00638,1.8,6,1.8,6,NORMAL,ROUTE-PRIMARY
REQ00639,1.2,4,1.2,3,NORMAL,ROUTE-PRIMARY
REQ00640,1.2,4,1.2,4,NORMAL,ROUTE-PRIMARY
REQ00641,0.9,3,0.9,3,MODERATE,ROUTE-PRIMARY
REQ00642,1,4,1,4,MODERATE,ROUTE-PRIMARY
REQ00643,3.1,8,3.1,8,HEAVY,ROUTE-PRIMARY
REQ00644,2.3,7,2.3,7,NORMAL,ROUTE-PRIMARY
REQ00645,1.4,4,1.4,4,NORMAL,ROUTE-PRIMARY
REQ00646,4.5,12,4.5,12,NORMAL,ROUTE-PRIMARY
REQ00647,2.5,6,2.5,6,NORMAL,ROUTE-PRIMARY
REQ00648,4.1,11,4.1,11,NORMAL,ROUTE-PRIMARY
REQ00649,2.3,7,2.3,7,HEAVY,ROUTE-PRIMARY
REQ00650,1.1,4,1.1,4,NORMAL,ROUTE-PRIMARY
REQ00651,1.9,6,1.9,6,NORMAL,ROUTE-PRIMARY
REQ00652,2.8,8,2.8,7,NORMAL,ROUTE-PRIMARY
REQ00653,0.6,2,0.6,1,NORMAL,ROUTE-PRIMARY
REQ00654,2.9,7,2.9,7,NORMAL,ROUTE-PRIMARY
REQ00655,1.4,5,1.4,5,NORMAL,ROUTE-PRIMARY
REQ00656,1.6,6,1.6,6,NORMAL,ROUTE-PRIMARY
REQ00657,1.4,3,1.4,3,NORMAL,ROUTE-PRIMARY
REQ00658,4.1,12,4.1,12,NORMAL,ROUTE-PRIMARY
REQ00659,1.2,4,1.2,3,MODERATE,ROUTE-PRIMARY
REQ00660,2.6,10,2.6,10,MODERATE,ROUTE-PRIMARY
REQ00661,3.7,11,3.7,11,NORMAL,ROUTE-PRIMARY
REQ00662,0.5,2,0.5,1,NORMAL,ROUTE-PRIMARY
REQ00663,1.3,5,1.3,5,MODERATE,ROUTE-PRIMARY
REQ00664,2.2,6,2.2,6,HEAVY,ROUTE-PRIMARY
REQ00665,1.5,6,1.5,6,NORMAL,ROUTE-PRIMARY
REQ00666,7.8,12,7.8,12,NORMAL,ROUTE-PRIMARY
REQ00667,2.7,7,2.7,7,NORMAL,ROUTE-PRIMARY
REQ00668,2.3,7,2.3,7,MODERATE,ROUTE-PRIMARY
REQ00669,1.5,5,1.5,5,MODERATE,ROUTE-PRIMARY
REQ00670,1.5,5,1.5,5,NORMAL,ROUTE-PRIMARY
REQ00671,3.9,11,3.9,11,NORMAL,ROUTE-PRIMARY
REQ00672,0.7,2,0.7,1,NORMAL,ROUTE-PRIMARY
REQ00673,1.5,5,1.5,5,MODERATE,ROUTE-PRIMARY
REQ00674,1.3,3,1.3,3,MODERATE,ROUTE-PRIMARY
REQ00675,1.6,5,1.6,5,MODERATE,ROUTE-PRIMARY
REQ00676,2.5,7,2.5,6,HEAVY,ROUTE-PRIMARY
REQ00677,2.5,6,2.5,6,NORMAL,ROUTE-PRIMARY
REQ00678,0.4,2,0.4,1,NORMAL,ROUTE-PRIMARY
REQ00679,3.9,11,3.9,11,NORMAL,ROUTE-PRIMARY
REQ00680,1.3,5,1.3,5,MODERATE,ROUTE-PRIMARY
REQ00681,0.9,3,0.9,3,MODERATE,ROUTE-PRIMARY
REQ00682,1.6,4,1.6,4,HEAVY,ROUTE-PRIMARY
REQ00683,2.4,6,2.4,6,MODERATE,ROUTE-PRIMARY
REQ00684,0.6,2,0.6,2,NORMAL,ROUTE-PRIMARY
REQ00685,3.2,11,3.2,10,MODERATE,ROUTE-PRIMARY
REQ00686,1.9,7,1.9,6,NORMAL,ROUTE-PRIMARY
REQ00687,3.5,9,3.5,9,NORMAL,ROUTE-PRIMARY
REQ00688,1.2,3,1.2,3,NORMAL,ROUTE-PRIMARY
REQ00689,2.4,7,2.4,7,MODERATE,ROUTE-PRIMARY
REQ00690,1.5,4,1.5,4,NORMAL,ROUTE-PRIMARY
REQ00691,1.9,7,1.9,7,NORMAL,ROUTE-PRIMARY
REQ00692,3.4,7,3.4,7,NORMAL,ROUTE-PRIMARY
REQ00693,1.6,5,1.6,5,NORMAL,ROUTE-PRIMARY
REQ00694,0.2,2,0.2,1,HEAVY,ROUTE-PRIMARY
REQ00695,5.8,13,5.8,13,NORMAL,ROUTE-PRIMARY
REQ00696,1,2,1,2,NORMAL,ROUTE-PRIMARY
REQ00697,2.2,5,2.2,5,NORMAL,ROUTE-PRIMARY
REQ00698,2.2,4,2.2,4,NORMAL,ROUTE-PRIMARY
REQ00699,1.4,4,1.4,4,NORMAL,ROUTE-PRIMARY
REQ00700,2.4,7,2.4,7,NORMAL,ROUTE-PRIMARY
REQ00701,1.7,6,1.7,6,MODERATE,ROUTE-PRIMARY
REQ00702,1.9,5,1.9,5,MODERATE,ROUTE-PRIMARY
REQ00703,2.1,6,2.1,6,NORMAL,ROUTE-PRIMARY
REQ00704,1.4,5,1.4,5,NORMAL,ROUTE-PRIMARY
REQ00705,0.9,2,0.9,2,NORMAL,ROUTE-PRIMARY
REQ00706,2.8,9,2.8,9,NORMAL,ROUTE-PRIMARY
REQ00707,3.8,10,3.8,10,NORMAL,ROUTE-PRIMARY
REQ00708,1.1,4,1.1,4,NORMAL,ROUTE-PRIMARY
REQ00709,1.1,4,1.1,4,NORMAL,ROUTE-PRIMARY
REQ00710,2.7,10,2.7,10,MODERATE,ROUTE-PRIMARY
REQ00711,1,4,1,4,NORMAL,ROUTE-PRIMARY
REQ00712,3.7,10,3.7,10,HEAVY,ROUTE-PRIMARY
REQ00713,2.7,8,2.7,8,MODERATE,ROUTE-PRIMARY
REQ00714,0.7,2,0.7,2,NORMAL,ROUTE-PRIMARY
REQ00715,1.3,4,1.3,4,NORMAL,ROUTE-PRIMARY
REQ00716,2.1,7,2.1,7,NORMAL,ROUTE-PRIMARY
REQ00717,2.2,6,2.2,6,NORMAL,ROUTE-PRIMARY
REQ00718,7.1,12,7.1,12,HEAVY,ROUTE-PRIMARY
REQ00719,2.2,7,2.2,7,NORMAL,ROUTE-PRIMARY
REQ00720,1.4,5,1.4,5,MODERATE,ROUTE-PRIMARY
REQ00721,1.1,3,1.1,3,NORMAL,ROUTE-PRIMARY
REQ00722,1.4,5,1.4,5,NORMAL,ROUTE-PRIMARY
REQ00723,1.8,6,1.8,6,NORMAL,ROUTE-PRIMARY
REQ00724,0.4,2,0.4,1,NORMAL,ROUTE-PRIMARY
REQ00725,0.5,2,0.5,2,MODERATE,ROUTE-PRIMARY
REQ00726,4.6,14,4.6,14,NORMAL,ROUTE-PRIMARY
REQ00727,2.9,8,2.9,8,NORMAL,ROUTE-PRIMARY
REQ00728,2.3,7,2.3,7,NORMAL,ROUTE-PRIMARY
REQ00729,2.5,7,2.5,7,NORMAL,ROUTE-PRIMARY
REQ00730,0.3,2,0.3,1,NORMAL,ROUTE-PRIMARY
REQ00731,2.1,7,2.1,7,NORMAL,ROUTE-PRIMARY
REQ00732,1.4,3,1.4,3,MODERATE,ROUTE-PRIMARY
REQ00733,1.5,6,1.5,6,NORMAL,ROUTE-PRIMARY
REQ00734,2.3,9,2.3,9,MODERATE,ROUTE-PRIMARY
REQ00735,1.3,3,1.3,3,MODERATE,ROUTE-PRIMARY
REQ00736,2.1,8,2.1,8,HEAVY,ROUTE-PRIMARY
REQ00737,0.5,2,0.5,2,MODERATE,ROUTE-PRIMARY
REQ00738,3.5,10,3.5,10,NORMAL,ROUTE-PRIMARY
REQ00739,2.1,6,2.1,6,NORMAL,ROUTE-PRIMARY
REQ00740,2.3,5,2.3,5,MODERATE,ROUTE-PRIMARY
REQ00741,0.7,2,0.7,2,NORMAL,ROUTE-PRIMARY
REQ00742,3.7,10,3.7,10,HEAVY,ROUTE-PRIMARY
REQ00743,3.7,7,3.7,7,NORMAL,ROUTE-PRIMARY
REQ00744,1.2,3,1.2,3,MODERATE,ROUTE-PRIMARY
REQ00745,1.8,5,1.8,5,NORMAL,ROUTE-PRIMARY
REQ00746,2.2,7,2.2,7,MODERATE,ROUTE-PRIMARY
REQ00747,0.3,2,0.3,1,NORMAL,ROUTE-PRIMARY
REQ00748,2.8,9,2.8,8,NORMAL,ROUTE-PRIMARY
REQ00749,1.2,4,1.2,4,MODERATE,ROUTE-PRIMARY
REQ00750,1,3,1,3,NORMAL,ROUTE-PRIMARY
REQ00751,0.6,2,0.6,2,NORMAL,ROUTE-PRIMARY
REQ00752,1.7,5,1.7,5,NORMAL,ROUTE-PRIMARY
REQ00753,1.4,3,1.4,3,NORMAL,ROUTE-PRIMARY
REQ00754,2.8,7,2.8,7,NORMAL,ROUTE-PRIMARY
REQ00755,3,8,3,8,NORMAL,ROUTE-PRIMARY
REQ00756,2.1,6,2.1,6,NORMAL,ROUTE-PRIMARY
REQ00757,0.4,2,0.4,1,MODERATE,ROUTE-PRIMARY
REQ00758,3.2,8,3.2,8,NORMAL,ROUTE-PRIMARY
REQ00759,0.6,2,0.6,2,MODERATE,ROUTE-PRIMARY
REQ00760,1.4,4,1.4,4,HEAVY,ROUTE-PRIMARY
REQ00761,2.3,8,2.3,8,NORMAL,ROUTE-PRIMARY
REQ00762,0.9,2,0.9,2,MODERATE,ROUTE-PRIMARY
REQ00763,0.4,2,0.4,1,NORMAL,ROUTE-PRIMARY
REQ00764,1,3,1,3,NORMAL,ROUTE-PRIMARY
REQ00765,1.5,4,1.5,4,NORMAL,ROUTE-PRIMARY
REQ00766,0.9,3,0.9,3,NORMAL,ROUTE-PRIMARY
REQ00767,2.7,6,2.7,6,MODERATE,ROUTE-PRIMARY
REQ00768,0.7,3,0.7,3,MODERATE,ROUTE-PRIMARY
REQ00769,2.9,8,2.9,8,NORMAL,ROUTE-PRIMARY
REQ00770,2.8,7,2.8,7,NORMAL,ROUTE-PRIMARY
REQ00771,0.5,2,0.5,2,MODERATE,ROUTE-PRIMARY
REQ00772,1.9,5,1.9,4,HEAVY,ROUTE-PRIMARY
REQ00773,1.4,4,1.4,4,NORMAL,ROUTE-PRIMARY
REQ00774,1.7,6,1.7,6,NORMAL,ROUTE-PRIMARY
REQ00775,1.6,6,1.6,6,NORMAL,ROUTE-PRIMARY
REQ00776,1.1,4,1.1,4,MODERATE,ROUTE-PRIMARY
REQ00777,0.7,2,0.7,2,MODERATE,ROUTE-PRIMARY
REQ00778,1.4,4,1.4,4,NORMAL,ROUTE-PRIMARY
REQ00779,3.6,11,3.6,11,NORMAL,ROUTE-PRIMARY
REQ00780,3.5,10,3.5,10,NORMAL,ROUTE-PRIMARY
REQ00781,3.3,9,3.3,9,HEAVY,ROUTE-PRIMARY
REQ00782,2.6,9,2.6,9,NORMAL,ROUTE-PRIMARY
REQ00783,1.4,4,1.4,4,MODERATE,ROUTE-PRIMARY
REQ00784,1.1,3,1.1,3,NORMAL,ROUTE-PRIMARY
REQ00785,0.5,2,0.5,2,MODERATE,ROUTE-PRIMARY
REQ00786,2.6,10,2.6,10,NORMAL,ROUTE-PRIMARY
REQ00787,4.7,10,4.7,10,NORMAL,ROUTE-PRIMARY
REQ00788,2.1,8,2.1,8,NORMAL,ROUTE-PRIMARY
REQ00789,3.7,10,3.7,10,MODERATE,ROUTE-PRIMARY
REQ00790,5.1,10,5.1,10,NORMAL,ROUTE-PRIMARY
REQ00791,15.5,25,15.5,25,NORMAL,ROUTE-PRIMARY
REQ00792,2.7,9,2.7,9,MODERATE,ROUTE-PRIMARY
REQ00793,1.6,5,1.6,5,NORMAL,ROUTE-PRIMARY
REQ00794,0.9,2,0.9,2,NORMAL,ROUTE-PRIMARY
REQ00795,2.8,8,2.8,8,NORMAL,ROUTE-PRIMARY
REQ00796,0.8,3,0.8,3,HEAVY,ROUTE-PRIMARY
REQ00797,1.6,5,1.6,5,NORMAL,ROUTE-PRIMARY
REQ00798,1.5,5,1.5,5,NORMAL,ROUTE-PRIMARY
REQ00799,1.6,5,1.6,5,NORMAL,ROUTE-PRIMARY
REQ00800,1.1,3,1.1,3,NORMAL,ROUTE-PRIMARY
REQ00801,1.9,4,1.9,4,MODERATE,ROUTE-PRIMARY
REQ00802,3.8,13,3.8,13,NORMAL,ROUTE-PRIMARY
REQ00803,2.2,7,2.2,7,NORMAL,ROUTE-PRIMARY
REQ00804,3.3,9,3.3,9,MODERATE,ROUTE-PRIMARY
REQ00805,2.9,8,2.9,8,HEAVY,ROUTE-PRIMARY
REQ00806,1,3,1,3,MODERATE,ROUTE-PRIMARY
REQ00807,2.6,9,2.6,9,NORMAL,ROUTE-PRIMARY
REQ00808,1.2,4,1.2,4,HEAVY,ROUTE-PRIMARY
REQ00809,0.8,2,0.8,2,MODERATE,ROUTE-PRIMARY
REQ00810,3.8,10,3.8,10,MODERATE,ROUTE-PRIMARY
REQ00811,1.4,4,1.4,4,NORMAL,ROUTE-PRIMARY
REQ00812,1.7,4,1.7,4,NORMAL,ROUTE-PRIMARY
REQ00813,0.9,3,0.9,3,NORMAL,ROUTE-PRIMARY
REQ00814,1.3,4,1.3,4,NORMAL,ROUTE-PRIMARY
REQ00815,3,9,3,9,NORMAL,ROUTE-PRIMARY
REQ00816,1.9,6,1.9,6,MODERATE,ROUTE-PRIMARY
REQ00817,1.4,5,1.4,5,NORMAL,ROUTE-PRIMARY
REQ00818,4.2,13,4.2,13,NORMAL,ROUTE-PRIMARY
REQ00819,1.3,5,1.3,5,MODERATE,ROUTE-PRIMARY
REQ00820,2.5,8,2.5,8,HEAVY,ROUTE-PRIMARY
REQ00821,1.9,7,1.9,7,NORMAL,ROUTE-PRIMARY
REQ00822,2.5,6,2.5,6,MODERATE,ROUTE-PRIMARY
REQ00823,0.5,2,0.5,1,NORMAL,ROUTE-PRIMARY
REQ00824,2.8,7,2.8,7,NORMAL,ROUTE-PRIMARY
REQ00825,2.5,7,2.5,6,MODERATE,ROUTE-PRIMARY
REQ00826,0.8,2,0.8,2,NORMAL,ROUTE-PRIMARY
REQ00827,1.4,4,1.4,4,NORMAL,ROUTE-PRIMARY
REQ00828,15.2,27,15.2,27,NORMAL,ROUTE-PRIMARY
REQ00829,3.5,10,3.5,10,HEAVY,ROUTE-PRIMARY
REQ00830,5.5,15,5.5,15,MODERATE,ROUTE-PRIMARY
REQ00831,1.5,6,1.5,6,NORMAL,ROUTE-PRIMARY
REQ00832,4.1,12,4.1,12,HEAVY,ROUTE-PRIMARY
REQ00833,2.7,8,2.7,8,MODERATE,ROUTE-PRIMARY
REQ00834,0.9,2,0.9,2,NORMAL,ROUTE-PRIMARY
REQ00835,1.1,3,1.1,3,NORMAL,ROUTE-PRIMARY
REQ00836,1.4,4,1.4,4,NORMAL,ROUTE-PRIMARY
REQ00837,2.1,6,2.1,6,MODERATE,ROUTE-PRIMARY
REQ00838,2.1,6,2.1,6,NORMAL,ROUTE-PRIMARY
REQ00839,2.5,10,2.5,9,MODERATE,ROUTE-PRIMARY
REQ00840,1.5,4,1.5,4,NORMAL,ROUTE-PRIMARY
REQ00841,0.5,2,0.5,1,HEAVY,ROUTE-PRIMARY
REQ00842,2,5,2,5,MODERATE,ROUTE-PRIMARY
REQ00843,1.8,5,1.8,5,NORMAL,ROUTE-PRIMARY
REQ00844,0.3,2,0.3,1,HEAVY,ROUTE-PRIMARY
REQ00845,0.5,2,0.5,2,NORMAL,ROUTE-PRIMARY
REQ00846,0.5,2,0.5,2,NORMAL,ROUTE-PRIMARY
REQ00847,2,7,2,6,NORMAL,ROUTE-PRIMARY
REQ00848,1.4,3,1.4,3,NORMAL,ROUTE-PRIMARY
REQ00849,1,3,1,3,MODERATE,ROUTE-PRIMARY
REQ00850,2.8,7,2.8,7,HEAVY,ROUTE-PRIMARY
REQ00851,3.6,10,3.6,10,MODERATE,ROUTE-PRIMARY
REQ00852,3.6,11,3.6,11,NORMAL,ROUTE-PRIMARY
REQ00853,3.3,9,3.3,9,NORMAL,ROUTE-PRIMARY
REQ00854,1.8,7,1.8,7,NORMAL,ROUTE-PRIMARY
REQ00855,0.7,2,0.7,2,MODERATE,ROUTE-PRIMARY
REQ00856,1,4,1,4,HEAVY,ROUTE-PRIMARY
REQ00857,1.2,4,1.2,4,MODERATE,ROUTE-PRIMARY
REQ00858,1.4,5,1.4,5,MODERATE,ROUTE-PRIMARY
REQ00859,2,5,2,4,NORMAL,ROUTE-PRIMARY
REQ00860,1.7,6,1.7,6,NORMAL,ROUTE-PRIMARY
REQ00861,2.7,5,2.7,5,MODERATE,ROUTE-PRIMARY
REQ00862,1.7,7,1.7,6,NORMAL,ROUTE-PRIMARY
REQ00863,1.8,5,1.8,5,MODERATE,ROUTE-PRIMARY
REQ00864,0.5,2,0.5,1,MODERATE,ROUTE-PRIMARY
REQ00865,0.6,2,0.6,2,NORMAL,ROUTE-PRIMARY
REQ00866,1.6,4,1.6,4,NORMAL,ROUTE-PRIMARY
REQ00867,3.8,10,3.8,10,NORMAL,ROUTE-PRIMARY
REQ00868,1.5,5,1.5,5,HEAVY,ROUTE-PRIMARY
REQ00869,0.2,2,0.2,1,MODERATE,ROUTE-PRIMARY
REQ00870,0.9,3,0.9,3,NORMAL,ROUTE-PRIMARY
REQ00871,2.4,7,2.4,6,NORMAL,ROUTE-PRIMARY
REQ00872,1.2,4,1.2,3,MODERATE,ROUTE-PRIMARY
REQ00873,2.4,9,2.4,9,NORMAL,ROUTE-PRIMARY
REQ00874,4.4,12,4.4,12,NORMAL,ROUTE-PRIMARY
REQ00875,0.7,3,0.7,3,NORMAL,ROUTE-PRIMARY
REQ00876,2.5,9,2.5,9,NORMAL,ROUTE-PRIMARY
REQ00877,0.2,2,0.2,1,NORMAL,ROUTE-PRIMARY
REQ00878,1.2,3,1.2,3,NORMAL,ROUTE-PRIMARY
REQ00879,2.8,6,2.8,6,MODERATE,ROUTE-PRIMARY
REQ00880,2.5,9,2.5,9,NORMAL,ROUTE-PRIMARY
REQ00881,0.9,3,0.9,3,NORMAL,ROUTE-PRIMARY
REQ00882,1.8,4,1.8,4,MODERATE,ROUTE-PRIMARY
REQ00883,2.1,5,2.1,5,HEAVY,ROUTE-PRIMARY
REQ00884,1,3,1,3,NORMAL,ROUTE-PRIMARY
REQ00885,1.7,5,1.7,5,MODERATE,ROUTE-PRIMARY
REQ00886,1.4,4,1.4,4,NORMAL,ROUTE-PRIMARY
REQ00887,3,8,3,8,NORMAL,ROUTE-PRIMARY
REQ00888,1.6,5,1.6,5,NORMAL,ROUTE-PRIMARY
REQ00889,6.2,10,6.2,10,HEAVY,ROUTE-PRIMARY
REQ00890,2.3,6,2.3,6,MODERATE,ROUTE-PRIMARY
REQ00891,1.5,5,1.5,4,NORMAL,ROUTE-PRIMARY
REQ00892,0.9,3,0.9,2,NORMAL,ROUTE-PRIMARY
REQ00893,2.3,7,2.3,7,MODERATE,ROUTE-PRIMARY
REQ00894,3.2,9,3.2,9,NORMAL,ROUTE-PRIMARY
REQ00895,14.6,25,14.6,25,HEAVY,ROUTE-PRIMARY
REQ00896,3.2,10,3.2,10,NORMAL,ROUTE-PRIMARY
REQ00897,0.4,2,0.4,1,MODERATE,ROUTE-PRIMARY
REQ00898,1.9,5,1.9,5,NORMAL,ROUTE-PRIMARY
REQ00899,1.8,4,1.8,4,MODERATE,ROUTE-PRIMARY
REQ00900,1.8,5,1.8,5,NORMAL,ROUTE-PRIMARY
REQ00901,2.8,7,2.8,7,NORMAL,ROUTE-PRIMARY
REQ00902,1.8,6,1.8,6,NORMAL,ROUTE-PRIMARY
REQ00903,1.6,6,1.6,6,NORMAL,ROUTE-PRIMARY
REQ00904,1.8,5,1.8,5,NORMAL,ROUTE-PRIMARY
REQ00905,2.8,10,2.8,10,MODERATE,ROUTE-PRIMARY
REQ00906,2.4,5,2.4,5,NORMAL,ROUTE-PRIMARY
REQ00907,1.3,3,1.3,3,NORMAL,ROUTE-PRIMARY
REQ00908,1.7,4,1.7,4,MODERATE,ROUTE-PRIMARY
REQ00909,2.9,8,2.9,8,NORMAL,ROUTE-PRIMARY
REQ00910,3.2,8,3.2,8,NORMAL,ROUTE-PRIMARY
REQ00911,1.2,4,1.2,4,NORMAL,ROUTE-PRIMARY
REQ00912,1,4,1,4,NORMAL,ROUTE-PRIMARY
REQ00913,1.7,5,1.7,5,NORMAL,ROUTE-PRIMARY
REQ00914,1.6,3,1.6,3,NORMAL,ROUTE-PRIMARY
REQ00915,6.8,14,6.8,14,NORMAL,ROUTE-PRIMARY
REQ00916,0.8,2,0.8,2,HEAVY,ROUTE-PRIMARY
REQ00917,1.4,4,1.4,4,MODERATE,ROUTE-PRIMARY
REQ00918,0.4,2,0.4,1,MODERATE,ROUTE-PRIMARY
REQ00919,3.3,10,3.3,10,NORMAL,ROUTE-PRIMARY
REQ00920,0.5,2,0.5,2,MODERATE,ROUTE-PRIMARY
REQ00921,1.8,4,1.8,4,NORMAL,ROUTE-PRIMARY
REQ00922,2.6,7,2.6,7,NORMAL,ROUTE-PRIMARY
REQ00923,2.6,5,2.6,5,NORMAL,ROUTE-PRIMARY
REQ00924,3.6,10,3.6,10,MODERATE,ROUTE-PRIMARY
REQ00925,1.7,6,1.7,6,NORMAL,ROUTE-PRIMARY
REQ00926,2,7,2,7,NORMAL,ROUTE-PRIMARY
REQ00927,0.7,3,0.7,3,MODERATE,ROUTE-PRIMARY
REQ00928,2.3,9,2.3,8,HEAVY,ROUTE-PRIMARY
REQ00929,3.1,7,3.1,7,MODERATE,ROUTE-PRIMARY
REQ00930,5.2,13,5.2,13,NORMAL,ROUTE-PRIMARY
REQ00931,1.4,5,1.4,5,HEAVY,ROUTE-PRIMARY
REQ00932,3.2,9,3.2,9,NORMAL,ROUTE-PRIMARY
REQ00933,3.6,10,3.6,10,MODERATE,ROUTE-PRIMARY
REQ00934,1.8,6,1.8,6,NORMAL,ROUTE-PRIMARY
REQ00935,1.7,6,1.7,6,NORMAL,ROUTE-PRIMARY
REQ00936,1.5,4,1.5,4,NORMAL,ROUTE-PRIMARY
REQ00937,6.5,10,6.5,9,MODERATE,ROUTE-PRIMARY
REQ00938,2.7,6,2.7,6,NORMAL,ROUTE-PRIMARY
REQ00939,1.4,5,1.4,5,MODERATE,ROUTE-PRIMARY
REQ00940,3,11,3,10,HEAVY,ROUTE-PRIMARY
REQ00941,2.7,8,2.7,8,NORMAL,ROUTE-PRIMARY
REQ00942,2.6,7,2.6,7,NORMAL,ROUTE-PRIMARY
REQ00943,1.4,5,1.4,5,HEAVY,ROUTE-PRIMARY
REQ00944,0.8,3,0.8,3,MODERATE,ROUTE-PRIMARY
REQ00945,1,4,1,4,MODERATE,ROUTE-PRIMARY
REQ00946,1,3,1,3,NORMAL,ROUTE-PRIMARY
REQ00947,0.7,2,0.7,2,NORMAL,ROUTE-PRIMARY
REQ00948,2.5,9,2.5,9,NORMAL,ROUTE-PRIMARY
REQ00949,1.2,4,1.2,4,HEAVY,ROUTE-PRIMARY
REQ00950,1.8,7,1.8,7,NORMAL,ROUTE-PRIMARY
REQ00951,0.8,2,0.8,2,NORMAL,ROUTE-PRIMARY
REQ00952,1.9,6,1.9,6,NORMAL,ROUTE-PRIMARY
REQ00953,1.2,4,1.2,4,NORMAL,ROUTE-PRIMARY
REQ00954,0.7,2,0.7,2,NORMAL,ROUTE-PRIMARY
REQ00955,1.2,3,1.2,3,HEAVY,ROUTE-PRIMARY
REQ00956,3,6,3,6,MODERATE,ROUTE-PRIMARY
REQ00957,1.7,4,1.7,4,MODERATE,ROUTE-PRIMARY
REQ00958,0.6,2,0.6,2,NORMAL,ROUTE-PRIMARY
REQ00959,1.2,5,1.2,4,MODERATE,ROUTE-PRIMARY
REQ00960,2.1,7,2.1,7,MODERATE,ROUTE-PRIMARY
REQ00961,1.8,4,1.8,4,MODERATE,ROUTE-PRIMARY
REQ00962,16.3,27,16.3,27,MODERATE,ROUTE-PRIMARY
REQ00963,1.2,4,1.2,4,NORMAL,ROUTE-PRIMARY
REQ00964,1.8,6,1.8,6,HEAVY,ROUTE-PRIMARY
REQ00965,2.7,10,2.7,10,MODERATE,ROUTE-PRIMARY
REQ00966,2.5,7,2.5,7,NORMAL,ROUTE-PRIMARY
REQ00967,1.4,5,1.4,5,NORMAL,ROUTE-PRIMARY
REQ00968,2.4,8,2.4,8,NORMAL,ROUTE-PRIMARY
REQ00969,1.9,7,1.9,7,NORMAL,ROUTE-PRIMARY
REQ00970,2.4,6,2.4,5,HEAVY,ROUTE-PRIMARY
REQ00971,1.5,6,1.5,6,NORMAL,ROUTE-PRIMARY
REQ00972,2.6,6,2.6,6,MODERATE,ROUTE-PRIMARY
REQ00973,2.6,9,2.6,9,NORMAL,ROUTE-PRIMARY
REQ00974,2,4,2,4,MODERATE,ROUTE-PRIMARY
REQ00975,3.9,10,3.9,10,NORMAL,ROUTE-PRIMARY
REQ00976,14.7,25,14.7,25,NORMAL,ROUTE-PRIMARY
REQ00977,3,5,3,5,NORMAL,ROUTE-PRIMARY
REQ00978,1.4,5,1.4,4,NORMAL,ROUTE-PRIMARY
REQ00979,1.1,3,1.1,3,NORMAL,ROUTE-PRIMARY
REQ00980,4.9,8,4.9,8,NORMAL,ROUTE-PRIMARY
REQ00981,0.3,2,0.3,1,NORMAL,ROUTE-PRIMARY
REQ00982,1.9,6,1.9,5,HEAVY,ROUTE-PRIMARY
REQ00983,1.7,5,1.7,4,NORMAL,ROUTE-PRIMARY
REQ00984,1.9,6,1.9,6,NORMAL,ROUTE-PRIMARY
REQ00985,2,4,2,4,NORMAL,ROUTE-PRIMARY
REQ00986,4.4,9,4.4,9,MODERATE,ROUTE-PRIMARY
REQ00987,1.1,4,1.1,4,NORMAL,ROUTE-PRIMARY
REQ00988,2,8,2,8,HEAVY,ROUTE-PRIMARY
REQ00989,0.5,2,0.5,1,NORMAL,ROUTE-PRIMARY
REQ00990,2.8,7,2.8,7,MODERATE,ROUTE-PRIMARY
REQ00991,0.9,3,0.9,3,HEAVY,ROUTE-PRIMARY
REQ00992,1.1,4,1.1,4,NORMAL,ROUTE-PRIMARY
REQ00993,15.3,26,15.3,26,NORMAL,ROUTE-PRIMARY
REQ00994,1.5,4,1.5,4,HEAVY,ROUTE-PRIMARY
REQ00995,1.9,6,1.9,6,NORMAL,ROUTE-PRIMARY
REQ00996,1.4,5,1.4,5,NORMAL,ROUTE-PRIMARY
REQ00997,2.4,5,2.4,5,MODERATE,ROUTE-PRIMARY
REQ00998,0.6,2,0.6,2,NORMAL,ROUTE-PRIMARY
REQ00999,1.5,5,1.5,5,NORMAL,ROUTE-PRIMARY
REQ01000,3,8,3,8,NORMAL,ROUTE-PRIMARY
REQ01001,2.7,8,2.7,8,NORMAL,ROUTE-PRIMARY
REQ01002,2.4,7,2.4,7,NORMAL,ROUTE-PRIMARY
REQ01003,1.1,3,1.1,3,HEAVY,ROUTE-PRIMARY
REQ01004,3,9,3,9,NORMAL,ROUTE-PRIMARY
REQ01005,1.2,2,1.2,2,NORMAL,ROUTE-PRIMARY
REQ01006,2.4,7,2.4,7,NORMAL,ROUTE-PRIMARY
REQ01007,2.3,5,2.3,5,NORMAL,ROUTE-PRIMARY
REQ01008,2.7,8,2.7,8,NORMAL,ROUTE-PRIMARY
REQ01009,1.9,6,1.9,5,HEAVY,ROUTE-PRIMARY
REQ01010,1.6,4,1.6,4,NORMAL,ROUTE-PRIMARY
REQ01011,2.9,8,2.9,8,NORMAL,ROUTE-PRIMARY
REQ01012,4.5,11,4.5,11,NORMAL,ROUTE-PRIMARY
REQ01013,0.8,3,0.8,3,MODERATE,ROUTE-PRIMARY
REQ01014,1.3,5,1.3,5,NORMAL,ROUTE-PRIMARY
REQ01015,2.3,7,2.3,7,HEAVY,ROUTE-PRIMARY
REQ01016,2.1,6,2.1,6,MODERATE,ROUTE-PRIMARY
REQ01017,1.7,5,1.7,5,NORMAL,ROUTE-PRIMARY
REQ01018,2.4,7,2.4,7,HEAVY,ROUTE-PRIMARY
REQ01019,3.5,12,3.5,12,NORMAL,ROUTE-PRIMARY
REQ01020,0.9,3,0.9,3,NORMAL,ROUTE-PRIMARY
REQ01021,0.6,2,0.6,2,NORMAL,ROUTE-PRIMARY
REQ01022,2.1,7,2.1,7,NORMAL,ROUTE-PRIMARY
REQ01023,0.7,2,0.7,2,NORMAL,ROUTE-PRIMARY
REQ01024,2.8,7,2.8,7,NORMAL,ROUTE-PRIMARY
REQ01025,1.6,4,1.6,4,MODERATE,ROUTE-PRIMARY
REQ01026,3,8,3,8,MODERATE,ROUTE-PRIMARY
REQ01027,0.2,2,0.2,1,NORMAL,ROUTE-PRIMARY
REQ01028,3,9,3,9,NORMAL,ROUTE-PRIMARY
REQ01029,2.9,7,2.9,7,NORMAL,ROUTE-PRIMARY
REQ01030,2.4,7,2.4,7,NORMAL,ROUTE-PRIMARY
REQ01031,3.3,9,3.3,9,MODERATE,ROUTE-PRIMARY
REQ01032,1.3,5,1.3,5,MODERATE,ROUTE-PRIMARY
REQ01033,0.7,2,0.7,2,HEAVY,ROUTE-PRIMARY
REQ01034,2.7,9,2.7,8,NORMAL,ROUTE-PRIMARY
REQ01035,3,9,3,9,MODERATE,ROUTE-PRIMARY
REQ01036,0.9,2,0.9,2,NORMAL,ROUTE-PRIMARY
REQ01037,5.9,17,5.9,17,NORMAL,ROUTE-PRIMARY
REQ01038,2.1,8,2.1,8,MODERATE,ROUTE-PRIMARY
REQ01039,2.6,9,2.6,9,NORMAL,ROUTE-PRIMARY
REQ01040,1.2,4,1.2,4,NORMAL,ROUTE-PRIMARY
REQ01041,1.2,3,1.2,3,NORMAL,ROUTE-PRIMARY
REQ01042,3.2,9,3.2,9,HEAVY,ROUTE-PRIMARY
REQ01043,2.2,5,2.2,5,MODERATE,ROUTE-PRIMARY
REQ01044,2.7,10,2.7,10,NORMAL,ROUTE-PRIMARY
REQ01045,1.6,5,1.6,5,MODERATE,ROUTE-PRIMARY
REQ01046,1.9,7,1.9,7,NORMAL,ROUTE-PRIMARY
REQ01047,3.4,8,3.4,8,NORMAL,ROUTE-PRIMARY
REQ01048,2.6,9,2.6,9,HEAVY,ROUTE-PRIMARY
REQ01049,6.4,9,6.4,9,NORMAL,ROUTE-PRIMARY
REQ01050,1.3,5,1.3,5,MODERATE,ROUTE-PRIMARY
REQ01051,1,3,1,3,HEAVY,ROUTE-PRIMARY
REQ01052,1.8,5,1.8,5,NORMAL,ROUTE-PRIMARY
REQ01053,1.3,4,1.3,4,MODERATE,ROUTE-PRIMARY
REQ01054,1.1,4,1.1,4,HEAVY,ROUTE-PRIMARY
REQ01055,2.7,8,2.7,8,NORMAL,ROUTE-PRIMARY
REQ01056,2.8,7,2.8,7,NORMAL,ROUTE-PRIMARY
REQ01057,0.9,3,0.9,3,NORMAL,ROUTE-PRIMARY
REQ01058,1.5,5,1.5,5,MODERATE,ROUTE-PRIMARY
REQ01059,1.7,5,1.7,5,NORMAL,ROUTE-PRIMARY
REQ01060,1.7,5,1.7,5,NORMAL,ROUTE-PRIMARY
REQ01061,1.7,4,1.7,4,MODERATE,ROUTE-PRIMARY
REQ01062,3.8,11,3.8,11,NORMAL,ROUTE-PRIMARY
REQ01063,0.7,3,0.7,3,HEAVY,ROUTE-PRIMARY
REQ01064,0.9,3,0.9,3,NORMAL,ROUTE-PRIMARY
REQ01065,1,4,1,3,NORMAL,ROUTE-PRIMARY
REQ01066,0.4,2,0.4,1,NORMAL,ROUTE-PRIMARY
REQ01067,2.3,6,2.3,6,MODERATE,ROUTE-PRIMARY
REQ01068,1.7,4,1.7,4,MODERATE,ROUTE-PRIMARY
REQ01069,5,11,5,11,NORMAL,ROUTE-PRIMARY
REQ01070,2.4,9,2.4,9,NORMAL,ROUTE-PRIMARY
REQ01071,0.5,2,0.5,1,NORMAL,ROUTE-PRIMARY
REQ01072,0.6,2,0.6,2,NORMAL,ROUTE-PRIMARY
REQ01073,2.9,7,2.9,6,MODERATE,ROUTE-PRIMARY
REQ01074,1.1,4,1.1,3,NORMAL,ROUTE-PRIMARY
REQ01075,1.8,6,1.8,6,HEAVY,ROUTE-PRIMARY
REQ01076,1.7,4,1.7,4,NORMAL,ROUTE-PRIMARY
REQ01077,2.3,7,2.3,7,NORMAL,ROUTE-PRIMARY
REQ01078,1,3,1,3,HEAVY,ROUTE-PRIMARY
REQ01079,18.1,35,18.1,35,NORMAL,ROUTE-PRIMARY
REQ01080,2.5,9,2.5,9,NORMAL,ROUTE-PRIMARY
REQ01081,1.2,4,1.2,4,HEAVY,ROUTE-PRIMARY
REQ01082,1.4,4,1.4,4,NORMAL,ROUTE-PRIMARY
REQ01083,1.3,5,1.3,5,MODERATE,ROUTE-PRIMARY
REQ01084,2.7,7,2.7,7,NORMAL,ROUTE-PRIMARY
REQ01085,1.2,3,1.2,3,NORMAL,ROUTE-PRIMARY
REQ01086,1.5,6,1.5,6,MODERATE,ROUTE-PRIMARY
REQ01087,0.8,3,0.8,3,HEAVY,ROUTE-PRIMARY
REQ01088,1.9,5,1.9,5,NORMAL,ROUTE-PRIMARY
REQ01089,1,3,1,3,MODERATE,ROUTE-PRIMARY
REQ01090,1,4,1,4,NORMAL,ROUTE-PRIMARY
REQ01091,1.8,5,1.8,5,NORMAL,ROUTE-PRIMARY
REQ01092,2,6,2,6,NORMAL,ROUTE-PRIMARY
REQ01093,1,3,1,3,NORMAL,ROUTE-PRIMARY
REQ01094,1.5,4,1.5,4,NORMAL,ROUTE-PRIMARY
REQ01095,1.7,4,1.7,4,NORMAL,ROUTE-PRIMARY
REQ01096,3,9,3,9,HEAVY,ROUTE-PRIMARY
REQ01097,1.3,3,1.3,3,MODERATE,ROUTE-PRIMARY
REQ01098,1.2,3,1.2,3,NORMAL,ROUTE-PRIMARY
REQ01099,1.7,5,1.7,5,NORMAL,ROUTE-PRIMARY
REQ01100,1.1,4,1.1,4,MODERATE,ROUTE-PRIMARY
REQ01101,1.1,3,1.1,3,MODERATE,ROUTE-PRIMARY
REQ01102,2.3,7,2.3,7,NORMAL,ROUTE-PRIMARY
REQ01103,1.7,6,1.7,6,NORMAL,ROUTE-PRIMARY
REQ01104,2.2,7,2.2,7,MODERATE,ROUTE-PRIMARY
REQ01105,1.4,4,1.4,4,NORMAL,ROUTE-PRIMARY
REQ01106,2.4,7,2.4,7,NORMAL,ROUTE-PRIMARY
REQ01107,2.4,9,2.4,8,NORMAL,ROUTE-PRIMARY
REQ01108,1.5,4,1.5,4,NORMAL,ROUTE-PRIMARY
REQ01109,0.8,3,0.8,3,NORMAL,ROUTE-PRIMARY
REQ01110,1.5,3,1.5,3,NORMAL,ROUTE-PRIMARY
REQ01111,2.3,8,2.3,8,NORMAL,ROUTE-PRIMARY
REQ01112,1.2,4,1.2,4,NORMAL,ROUTE-PRIMARY
REQ01113,1.7,5,1.7,5,NORMAL,ROUTE-PRIMARY
REQ01114,2.6,6,2.6,6,HEAVY,ROUTE-PRIMARY
REQ01115,1.2,4,1.2,4,NORMAL,ROUTE-PRIMARY
REQ01116,3.6,11,3.6,11,NORMAL,ROUTE-PRIMARY
REQ01117,0.7,2,0.7,1,NORMAL,ROUTE-PRIMARY
REQ01118,3.1,10,3.1,10,NORMAL,ROUTE-PRIMARY
REQ01119,1.1,3,1.1,3,NORMAL,ROUTE-PRIMARY
REQ01120,3.4,11,3.4,10,NORMAL,ROUTE-PRIMARY
REQ01121,1,4,1,4,NORMAL,ROUTE-PRIMARY
REQ01122,1.2,3,1.2,2,NORMAL,ROUTE-PRIMARY
REQ01123,2.4,6,2.4,6,NORMAL,ROUTE-PRIMARY
REQ01124,0.8,2,0.8,2,NORMAL,ROUTE-PRIMARY
REQ01125,3.2,8,3.2,8,NORMAL,ROUTE-PRIMARY
REQ01126,4.4,13,4.4,13,NORMAL,ROUTE-PRIMARY
REQ01127,2.6,10,2.6,10,MODERATE,ROUTE-PRIMARY
REQ01128,0.9,3,0.9,3,NORMAL,ROUTE-PRIMARY
REQ01129,3.3,10,3.3,10,NORMAL,ROUTE-PRIMARY
REQ01130,1.8,7,1.8,7,MODERATE,ROUTE-PRIMARY
REQ01131,2.4,6,2.4,6,MODERATE,ROUTE-PRIMARY
REQ01132,2.7,8,2.7,8,NORMAL,ROUTE-PRIMARY
REQ01133,3.4,7,3.4,7,MODERATE,ROUTE-PRIMARY
REQ01134,1,3,1,3,MODERATE,ROUTE-PRIMARY
REQ01135,2.7,5,2.7,5,NORMAL,ROUTE-PRIMARY
REQ01136,1.3,4,1.3,4,MODERATE,ROUTE-PRIMARY
REQ01137,1.8,6,1.8,6,MODERATE,ROUTE-PRIMARY
REQ01138,3.1,9,3.1,9,NORMAL,ROUTE-PRIMARY
REQ01139,2.6,7,2.6,6,MODERATE,ROUTE-PRIMARY
REQ01140,2.6,8,2.6,8,NORMAL,ROUTE-PRIMARY
REQ01141,1.6,6,1.6,6,HEAVY,ROUTE-PRIMARY
REQ01142,2.9,8,2.9,8,NORMAL,ROUTE-PRIMARY
REQ01143,2.2,8,2.2,8,NORMAL,ROUTE-PRIMARY
REQ01144,2.3,8,2.3,8,NORMAL,ROUTE-PRIMARY
REQ01145,1.8,6,1.8,6,MODERATE,ROUTE-PRIMARY
REQ01146,4.3,9,4.3,9,NORMAL,ROUTE-PRIMARY
REQ01147,0.5,2,0.5,1,NORMAL,ROUTE-PRIMARY
REQ01148,1,3,1,3,MODERATE,ROUTE-PRIMARY
REQ01149,3.8,8,3.8,8,MODERATE,ROUTE-PRIMARY
REQ01150,1,3,1,3,NORMAL,ROUTE-PRIMARY
REQ01151,2.1,5,2.1,5,NORMAL,ROUTE-PRIMARY
REQ01152,1.2,3,1.2,3,NORMAL,ROUTE-PRIMARY
REQ01153,1.5,5,1.5,5,NORMAL,ROUTE-PRIMARY
REQ01154,2.3,7,2.3,7,NORMAL,ROUTE-PRIMARY
REQ01155,2,7,2,7,NORMAL,ROUTE-PRIMARY
REQ01156,0.9,3,0.9,3,NORMAL,ROUTE-PRIMARY
REQ01157,1.8,7,1.8,7,MODERATE,ROUTE-PRIMARY
REQ01158,3.7,11,3.7,11,MODERATE,ROUTE-PRIMARY
REQ01159,0.8,3,0.8,3,HEAVY,ROUTE-PRIMARY
REQ01160,1.5,5,1.5,5,MODERATE,ROUTE-PRIMARY
REQ01161,3.4,11,3.4,11,NORMAL,ROUTE-PRIMARY
REQ01162,2,7,2,7,NORMAL,ROUTE-PRIMARY
REQ01163,0.9,3,0.9,3,NORMAL,ROUTE-PRIMARY
REQ01164,5.3,12,5.3,12,NORMAL,ROUTE-PRIMARY
REQ01165,2.2,6,2.2,6,NORMAL,ROUTE-PRIMARY
REQ01166,3.8,11,3.8,11,NORMAL,ROUTE-PRIMARY
REQ01167,4.5,13,4.5,13,NORMAL,ROUTE-PRIMARY
REQ01168,0.4,2,0.4,1,HEAVY,ROUTE-PRIMARY
REQ01169,5.5,8,5.5,8,MODERATE,ROUTE-PRIMARY
REQ01170,1.1,3,1.1,2,NORMAL,ROUTE-PRIMARY
REQ01171,4.2,9,4.2,9,HEAVY,ROUTE-PRIMARY
REQ01172,2.2,6,2.2,6,MODERATE,ROUTE-PRIMARY
REQ01173,4.2,8,4.2,8,MODERATE,ROUTE-PRIMARY
REQ01174,1.9,7,1.9,7,HEAVY,ROUTE-PRIMARY
REQ01175,3,10,3,10,NORMAL,ROUTE-PRIMARY
REQ01176,0.8,3,0.8,3,MODERATE,ROUTE-PRIMARY
REQ01177,0.9,3,0.9,3,NORMAL,ROUTE-PRIMARY
REQ01178,2.3,7,2.3,7,MODERATE,ROUTE-PRIMARY
REQ01179,4.8,15,4.9,14,NORMAL,ROUTE-PRIMARY
REQ01180,1.7,5,1.7,5,NORMAL,ROUTE-PRIMARY
REQ01181,2.8,8,2.8,8,MODERATE,ROUTE-PRIMARY
REQ01182,1.9,5,1.9,5,MODERATE,ROUTE-PRIMARY
REQ01183,0.9,2,0.9,2,NORMAL,ROUTE-PRIMARY
REQ01184,1,3,1,3,NORMAL,ROUTE-PRIMARY
REQ01185,1.6,4,1.6,4,NORMAL,ROUTE-PRIMARY
REQ01186,1.9,7,1.9,7,NORMAL,ROUTE-PRIMARY
REQ01187,1.6,6,1.6,5,NORMAL,ROUTE-PRIMARY
REQ01188,2.9,6,2.9,6,NORMAL,ROUTE-PRIMARY
REQ01189,1.9,7,1.9,7,HEAVY,ROUTE-PRIMARY
REQ01190,5.8,11,5.8,11,NORMAL,ROUTE-PRIMARY
REQ01191,2.5,7,2.5,7,NORMAL,ROUTE-PRIMARY
REQ01192,0.5,2,0.5,2,NORMAL,ROUTE-PRIMARY
REQ01193,1.8,6,1.8,5,NORMAL,ROUTE-PRIMARY
REQ01194,2.8,10,2.8,10,NORMAL,ROUTE-PRIMARY
REQ01195,2.1,5,2.1,5,NORMAL,ROUTE-PRIMARY
REQ01196,1.8,6,1.8,5,NORMAL,ROUTE-PRIMARY
REQ01197,0.9,2,0.9,2,MODERATE,ROUTE-PRIMARY
REQ01198,1.6,3,1.6,3,NORMAL,ROUTE-PRIMARY
REQ01199,1.4,5,1.4,5,NORMAL,ROUTE-PRIMARY
REQ01200,2.3,5,2.3,5,MODERATE,ROUTE-PRIMARY
REQ01201,2.6,5,2.6,5,NORMAL,ROUTE-PRIMARY
REQ01202,2.4,6,2.4,6,MODERATE,ROUTE-PRIMARY
REQ01203,0.5,2,0.5,2,NORMAL,ROUTE-PRIMARY
REQ01204,1.7,5,1.7,5,HEAVY,ROUTE-PRIMARY
REQ01205,1,3,1,3,NORMAL,ROUTE-PRIMARY
REQ01206,2.8,7,2.8,7,NORMAL,ROUTE-PRIMARY
REQ01207,0.9,3,0.9,3,NORMAL,ROUTE-PRIMARY
REQ01208,3.9,11,3.9,11,MODERATE,ROUTE-PRIMARY
REQ01209,2.5,9,2.5,9,MODERATE,ROUTE-PRIMARY
REQ01210,1.6,4,1.6,4,NORMAL,ROUTE-PRIMARY
REQ01211,0.7,2,0.7,2,MODERATE,ROUTE-PRIMARY
REQ01212,2.1,4,2.1,4,NORMAL,ROUTE-PRIMARY
REQ01213,1.9,7,1.9,7,NORMAL,ROUTE-PRIMARY
REQ01214,4.3,9,4.3,9,MODERATE,ROUTE-PRIMARY
REQ01215,0.6,2,0.6,2,NORMAL,ROUTE-PRIMARY
REQ01216,4.8,14,4.8,14,HEAVY,ROUTE-PRIMARY
REQ01217,2.9,9,2.9,9,NORMAL,ROUTE-PRIMARY
REQ01218,3.4,9,3.4,9,NORMAL,ROUTE-PRIMARY
REQ01219,1.2,5,1.2,5,NORMAL,ROUTE-PRIMARY
REQ01220,1.7,6,1.7,6,NORMAL,ROUTE-PRIMARY
REQ01221,1.3,4,1.3,4,MODERATE,ROUTE-PRIMARY
REQ01222,4,11,4,11,NORMAL,ROUTE-PRIMARY
REQ01223,2.8,9,2.8,9,MODERATE,ROUTE-PRIMARY
REQ01224,1.4,4,1.4,4,NORMAL,ROUTE-PRIMARY
REQ01225,4.3,14,4.3,14,NORMAL,ROUTE-PRIMARY
REQ01226,2.6,9,2.6,9,MODERATE,ROUTE-PRIMARY
REQ01227,0.6,2,0.6,1,NORMAL,ROUTE-PRIMARY
REQ01228,2.3,8,2.3,8,NORMAL,ROUTE-PRIMARY
REQ01229,1.3,3,1.3,3,MODERATE,ROUTE-PRIMARY
REQ01230,2.8,9,2.8,9,NORMAL,ROUTE-PRIMARY
REQ01231,1.8,5,1.8,5,HEAVY,ROUTE-PRIMARY
REQ01232,4.1,12,4.1,12,NORMAL,ROUTE-PRIMARY
REQ01233,14.3,24,14.3,24,NORMAL,ROUTE-PRIMARY
REQ01234,0.6,2,0.6,2,NORMAL,ROUTE-PRIMARY
REQ01235,1.7,5,1.7,5,MODERATE,ROUTE-PRIMARY
REQ01236,1.8,7,1.8,6,NORMAL,ROUTE-PRIMARY
REQ01237,2.2,7,2.2,7,MODERATE,ROUTE-PRIMARY
REQ01238,4.3,13,4.3,13,NORMAL,ROUTE-PRIMARY
REQ01239,1.9,7,1.9,7,NORMAL,ROUTE-PRIMARY
REQ01240,0.8,3,0.8,3,NORMAL,ROUTE-PRIMARY
REQ01241,1.9,5,1.9,5,MODERATE,ROUTE-PRIMARY
REQ01242,2,5,2,5,NORMAL,ROUTE-PRIMARY
REQ01243,1.5,3,1.5,3,HEAVY,ROUTE-PRIMARY
REQ01244,1.3,3,1.3,3,NORMAL,ROUTE-PRIMARY
REQ01245,2.9,10,2.9,10,MODERATE,ROUTE-PRIMARY
REQ01246,2.8,7,2.8,7,HEAVY,ROUTE-PRIMARY
REQ01247,1.7,5,1.7,5,NORMAL,ROUTE-PRIMARY
REQ01248,1.8,7,1.8,7,NORMAL,ROUTE-PRIMARY
REQ01249,1.1,3,1.1,3,HEAVY,ROUTE-PRIMARY
REQ01250,1.4,5,1.4,5,NORMAL,ROUTE-PRIMARY
REQ01251,2.3,7,2.3,7,MODERATE,ROUTE-PRIMARY
REQ01252,1.2,3,1.2,3,NORMAL,ROUTE-PRIMARY
REQ01253,4.2,9,4.2,9,MODERATE,ROUTE-PRIMARY
REQ01254,2.3,5,2.3,5,MODERATE,ROUTE-PRIMARY
REQ01255,6.6,13,6.6,13,HEAVY,ROUTE-PRIMARY
REQ01256,2.8,10,2.8,10,NORMAL,ROUTE-PRIMARY
REQ01257,2.3,4,2.3,4,MODERATE,ROUTE-PRIMARY
REQ01258,1.5,4,1.5,4,HEAVY,ROUTE-PRIMARY
REQ01259,3.6,10,3.6,10,NORMAL,ROUTE-PRIMARY
REQ01260,1.1,3,1.1,3,NORMAL,ROUTE-PRIMARY
REQ01261,0.9,3,0.9,3,HEAVY,ROUTE-PRIMARY
REQ01262,1,3,1,3,NORMAL,ROUTE-PRIMARY
REQ01263,1.9,6,1.9,6,NORMAL,ROUTE-PRIMARY
REQ01264,1.1,3,1.1,3,NORMAL,ROUTE-PRIMARY
REQ01265,0.8,3,0.8,3,NORMAL,ROUTE-PRIMARY
REQ01266,2.3,9,2.3,8,MODERATE,ROUTE-PRIMARY
REQ01267,1.3,4,1.3,4,NORMAL,ROUTE-PRIMARY
REQ01268,2.2,6,2.2,6,NORMAL,ROUTE-PRIMARY
REQ01269,3,8,3,8,NORMAL,ROUTE-PRIMARY
REQ01270,1,3,1,3,HEAVY,ROUTE-PRIMARY
REQ01271,2.9,8,2.9,8,NORMAL,ROUTE-PRIMARY
REQ01272,1.9,6,1.9,5,NORMAL,ROUTE-PRIMARY
REQ01273,0.7,2,0.7,2,NORMAL,ROUTE-PRIMARY
REQ01274,1.6,5,1.6,5,NORMAL,ROUTE-PRIMARY
REQ01275,1.1,3,1.1,3,MODERATE,ROUTE-PRIMARY
REQ01276,0.8,2,0.8,2,HEAVY,ROUTE-PRIMARY
REQ01277,0.9,2,0.9,2,MODERATE,ROUTE-PRIMARY
REQ01278,2.3,9,2.3,9,MODERATE,ROUTE-PRIMARY
REQ01279,3.2,8,3.2,8,HEAVY,ROUTE-PRIMARY
REQ01280,3.1,9,3.1,8,NORMAL,ROUTE-PRIMARY
REQ01281,3.7,9,3.7,9,NORMAL,ROUTE-PRIMARY
REQ01282,0.5,2,0.5,1,NORMAL,ROUTE-PRIMARY
REQ01283,1.3,4,1.3,4,NORMAL,ROUTE-PRIMARY
REQ01284,3.7,11,3.7,11,MODERATE,ROUTE-PRIMARY
REQ01285,0.8,2,0.8,2,NORMAL,ROUTE-PRIMARY
REQ01286,1.4,4,1.4,4,NORMAL,ROUTE-PRIMARY
REQ01287,0.9,3,0.9,3,NORMAL,ROUTE-PRIMARY
REQ01288,2.6,6,2.6,6,NORMAL,ROUTE-PRIMARY
REQ01289,5.3,10,5.3,10,MODERATE,ROUTE-PRIMARY
REQ01290,1.5,6,1.5,6,NORMAL,ROUTE-PRIMARY
REQ01291,2.3,7,2.3,6,NORMAL,ROUTE-PRIMARY
REQ01292,2,8,2,8,NORMAL,ROUTE-PRIMARY
REQ01293,6.4,11,6.4,11,MODERATE,ROUTE-PRIMARY
REQ01294,1.5,5,1.5,5,NORMAL,ROUTE-PRIMARY
REQ01295,2.4,9,2.4,9,MODERATE,ROUTE-PRIMARY
REQ01296,1.5,5,1.5,5,NORMAL,ROUTE-PRIMARY
REQ01297,0.3,2,0.3,1,NORMAL,ROUTE-PRIMARY
REQ01298,1.4,5,1.4,5,NORMAL,ROUTE-PRIMARY
REQ01299,2.5,4,2.5,4,NORMAL,ROUTE-PRIMARY
REQ01300,5,13,5,13,NORMAL,ROUTE-PRIMARY
REQ01301,1.2,3,1.2,3,NORMAL,ROUTE-PRIMARY
REQ01302,3.2,6,3.2,6,MODERATE,ROUTE-PRIMARY
REQ01303,3.4,8,3.4,8,NORMAL,ROUTE-PRIMARY
REQ01304,3,9,3,9,NORMAL,ROUTE-PRIMARY
REQ01305,1.1,3,1.1,3,MODERATE,ROUTE-PRIMARY
REQ01306,1.7,5,1.7,5,HEAVY,ROUTE-PRIMARY
REQ01307,3,8,3,8,MODERATE,ROUTE-PRIMARY
REQ01308,1.9,7,1.9,6,NORMAL,ROUTE-PRIMARY
REQ01309,1.2,5,1.2,5,HEAVY,ROUTE-PRIMARY
REQ01310,1.5,4,1.5,4,NORMAL,ROUTE-PRIMARY
REQ01311,1.9,5,1.9,5,NORMAL,ROUTE-PRIMARY
REQ01312,1.8,4,1.8,4,NORMAL,ROUTE-PRIMARY
REQ01313,1.5,3,1.5,3,MODERATE,ROUTE-PRIMARY
REQ01314,1.9,7,1.9,6,MODERATE,ROUTE-PRIMARY
REQ01315,2.1,8,2.1,8,HEAVY,ROUTE-PRIMARY
REQ01316,2.6,8,2.6,8,NORMAL,ROUTE-PRIMARY
REQ01317,2.6,9,2.6,9,NORMAL,ROUTE-PRIMARY
REQ01318,1.6,5,1.6,4,NORMAL,ROUTE-PRIMARY
REQ01319,2.5,8,2.5,8,MODERATE,ROUTE-PRIMARY
REQ01320,1.6,6,1.6,6,NORMAL,ROUTE-PRIMARY
REQ01321,0.8,3,0.8,3,HEAVY,ROUTE-PRIMARY
REQ01322,1.5,5,1.5,4,NORMAL,ROUTE-PRIMARY
REQ01323,0.6,2,0.6,2,MODERATE,ROUTE-PRIMARY
REQ01324,1,3,1,3,NORMAL,ROUTE-PRIMARY
REQ01325,0.5,2,0.5,2,MODERATE,ROUTE-PRIMARY
REQ01326,2.2,5,2.2,5,MODERATE,ROUTE-PRIMARY
REQ01327,1.7,5,1.7,5,NORMAL,ROUTE-PRIMARY
REQ01328,2.1,6,2.1,6,NORMAL,ROUTE-PRIMARY
REQ01329,1.3,4,1.3,3,MODERATE,ROUTE-PRIMARY
REQ01330,2.6,8,2.6,8,HEAVY,ROUTE-PRIMARY
REQ01331,2.6,9,2.6,9,NORMAL,ROUTE-PRIMARY
REQ01332,1.7,5,1.7,5,NORMAL,ROUTE-PRIMARY
REQ01333,2.1,7,2.1,7,NORMAL,ROUTE-PRIMARY
REQ01334,1.3,5,1.3,5,NORMAL,ROUTE-PRIMARY
REQ01335,1,4,1,4,MODERATE,ROUTE-PRIMARY
REQ01336,1.1,3,1.1,3,NORMAL,ROUTE-PRIMARY
REQ01337,2.1,6,2.1,6,MODERATE,ROUTE-PRIMARY
REQ01338,3.1,10,3.1,10,MODERATE,ROUTE-PRIMARY
REQ01339,1.7,5,1.7,5,HEAVY,ROUTE-PRIMARY
REQ01340,2.4,9,2.4,9,MODERATE,ROUTE-PRIMARY
REQ01341,1.2,3,1.2,3,NORMAL,ROUTE-PRIMARY
REQ01342,0.9,2,0.9,2,HEAVY,ROUTE-PRIMARY
REQ01343,1.5,4,1.5,4,NORMAL,ROUTE-PRIMARY
REQ01344,1.7,5,1.7,5,NORMAL,ROUTE-PRIMARY
REQ01345,1.4,5,1.4,5,HEAVY,ROUTE-PRIMARY
REQ01346,0.6,2,0.6,2,NORMAL,ROUTE-PRIMARY
REQ01347,1.5,4,1.5,4,NORMAL,ROUTE-PRIMARY
REQ01348,2.7,8,2.7,8,HEAVY,ROUTE-PRIMARY
REQ01349,1.8,7,1.8,7,NORMAL,ROUTE-PRIMARY
REQ01350,3,10,3,9,NORMAL,ROUTE-PRIMARY
REQ01351,2.9,10,2.9,10,NORMAL,ROUTE-PRIMARY
REQ01352,2.6,6,2.6,5,MODERATE,ROUTE-PRIMARY
REQ01353,0.6,2,0.6,2,NORMAL,ROUTE-PRIMARY
REQ01354,6.3,14,6.3,14,HEAVY,ROUTE-PRIMARY
REQ01355,1.8,6,1.8,6,NORMAL,ROUTE-PRIMARY
REQ01356,1.1,4,1.1,4,NORMAL,ROUTE-PRIMARY
REQ01357,4.7,15,4.7,15,NORMAL,ROUTE-PRIMARY
REQ01358,2.6,8,2.6,8,NORMAL,ROUTE-PRIMARY
REQ01359,1.2,4,1.2,4,NORMAL,ROUTE-PRIMARY
REQ01360,1.3,5,1.3,5,NORMAL,ROUTE-PRIMARY
REQ01361,1.2,4,1.2,4,NORMAL,ROUTE-PRIMARY
REQ01362,5.5,9,5.5,9,MODERATE,ROUTE-PRIMARY
REQ01363,4.4,11,4.4,11,HEAVY,ROUTE-PRIMARY
REQ01364,1.9,5,1.9,5,NORMAL,ROUTE-PRIMARY
REQ01365,2.8,7,2.8,7,NORMAL,ROUTE-PRIMARY
REQ01366,2.6,7,2.6,7,NORMAL,ROUTE-PRIMARY
REQ01367,0.5,2,0.5,2,MODERATE,ROUTE-PRIMARY
REQ01368,3.1,8,3.1,7,MODERATE,ROUTE-PRIMARY
REQ01369,6.5,14,6.5,14,MODERATE,ROUTE-PRIMARY
REQ01370,1.7,5,1.7,5,NORMAL,ROUTE-PRIMARY
REQ01371,1.7,6,1.7,5,MODERATE,ROUTE-PRIMARY
REQ01372,1.5,4,1.5,4,NORMAL,ROUTE-PRIMARY
REQ01373,3.1,9,3.1,9,NORMAL,ROUTE-PRIMARY
REQ01374,0.1,2,0.1,1,NORMAL,ROUTE-PRIMARY
REQ01375,1.7,6,1.7,6,NORMAL,ROUTE-PRIMARY
REQ01376,2.5,7,2.5,7,NORMAL,ROUTE-PRIMARY
REQ01377,1.5,5,1.5,5,MODERATE,ROUTE-PRIMARY
REQ01378,3.5,9,3.5,9,NORMAL,ROUTE-PRIMARY
REQ01379,0.3,2,0.3,1,NORMAL,ROUTE-PRIMARY
REQ01380,2.5,5,2.5,5,NORMAL,ROUTE-PRIMARY
REQ01381,1.3,4,1.3,3,NORMAL,ROUTE-PRIMARY
REQ01382,2.4,6,2.4,6,NORMAL,ROUTE-PRIMARY
REQ01383,1.5,6,1.5,5,NORMAL,ROUTE-PRIMARY
REQ01384,1.8,4,1.8,4,NORMAL,ROUTE-PRIMARY
REQ01385,1.4,3,1.4,3,NORMAL,ROUTE-PRIMARY
REQ01386,1.9,7,1.9,7,NORMAL,ROUTE-PRIMARY
REQ01387,0.8,2,0.8,2,HEAVY,ROUTE-PRIMARY
REQ01388,2.3,8,2.3,8,MODERATE,ROUTE-PRIMARY
REQ01389,2.3,6,2.3,6,MODERATE,ROUTE-PRIMARY
REQ01390,0.6,2,0.6,2,HEAVY,ROUTE-PRIMARY
REQ01391,1.1,4,1.1,4,NORMAL,ROUTE-PRIMARY
REQ01392,1.2,3,1.2,3,NORMAL,ROUTE-PRIMARY
REQ01393,2.5,10,2.5,10,NORMAL,ROUTE-PRIMARY
REQ01394,1.2,3,1.2,3,NORMAL,ROUTE-PRIMARY
REQ01395,2,7,2,7,NORMAL,ROUTE-PRIMARY
REQ01396,2.1,5,2.1,5,NORMAL,ROUTE-PRIMARY
REQ01397,7.2,16,7.2,16,NORMAL,ROUTE-PRIMARY
REQ01398,2.4,7,2.4,7,NORMAL,ROUTE-PRIMARY
REQ01399,2.6,5,2.6,5,NORMAL,ROUTE-PRIMARY
REQ01400,1.9,5,1.9,5,MODERATE,ROUTE-PRIMARY
REQ01401,1.9,5,1.9,5,MODERATE,ROUTE-PRIMARY
REQ01402,1.3,3,1.3,3,NORMAL,ROUTE-PRIMARY
REQ01403,1.8,4,1.8,4,NORMAL,ROUTE-PRIMARY
REQ01404,3,10,3,10,NORMAL,ROUTE-PRIMARY
REQ01405,2.1,8,2.1,8,NORMAL,ROUTE-PRIMARY
REQ01406,2.7,9,2.7,9,NORMAL,ROUTE-PRIMARY
REQ01407,0.5,2,0.5,2,NORMAL,ROUTE-PRIMARY
REQ01408,0.7,3,0.7,3,NORMAL,ROUTE-PRIMARY
REQ01409,2,4,2,4,NORMAL,ROUTE-PRIMARY
REQ01410,3.2,10,3.2,10,NORMAL,ROUTE-PRIMARY
REQ01411,2.3,9,2.3,9,NORMAL,ROUTE-PRIMARY
REQ01412,2.2,5,2.2,5,NORMAL,ROUTE-PRIMARY
REQ01413,2.3,7,2.3,7,MODERATE,ROUTE-PRIMARY
REQ01414,2.1,8,2.1,8,NORMAL,ROUTE-PRIMARY
REQ01415,5.2,15,5.2,15,NORMAL,ROUTE-PRIMARY
REQ01416,1.9,7,1.9,7,NORMAL,ROUTE-PRIMARY
REQ01417,0.8,2,0.8,2,NORMAL,ROUTE-PRIMARY
REQ01418,1.4,5,1.4,5,NORMAL,ROUTE-PRIMARY
REQ01419,3.4,9,3.4,9,NORMAL,ROUTE-PRIMARY
REQ01420,3.8,11,3.8,11,NORMAL,ROUTE-PRIMARY
REQ01421,3,11,3,11,NORMAL,ROUTE-PRIMARY
REQ01422,1.1,3,1.1,3,NORMAL,ROUTE-PRIMARY
REQ01423,0.5,2,0.5,1,NORMAL,ROUTE-PRIMARY
REQ01424,1.8,7,1.8,7,NORMAL,ROUTE-PRIMARY
REQ01425,0.6,2,0.6,2,NORMAL,ROUTE-PRIMARY
REQ01426,1.7,6,1.7,6,NORMAL,ROUTE-PRIMARY
REQ01427,1,2,1,2,NORMAL,ROUTE-PRIMARY
REQ01428,1,4,1,4,NORMAL,ROUTE-PRIMARY
REQ01429,0.6,2,0.6,2,NORMAL,ROUTE-PRIMARY
REQ01430,1.5,5,1.5,5,NORMAL,ROUTE-PRIMARY
REQ01431,1.7,5,1.7,5,NORMAL,ROUTE-PRIMARY
REQ01432,0.5,2,0.5,2,HEAVY,ROUTE-PRIMARY
REQ01433,0.6,2,0.6,2,NORMAL,ROUTE-PRIMARY
REQ01434,4.3,14,4.3,14,MODERATE,ROUTE-PRIMARY
REQ01435,0.2,2,0.2,1,NORMAL,ROUTE-PRIMARY
REQ01436,2.4,8,2.4,8,NORMAL,ROUTE-PRIMARY
REQ01437,3.3,10,3.3,10,MODERATE,ROUTE-PRIMARY
REQ01438,2.3,7,2.3,7,NORMAL,ROUTE-PRIMARY
REQ01439,3.9,11,3.9,11,MODERATE,ROUTE-PRIMARY
REQ01440,0.4,2,0.4,1,NORMAL,ROUTE-PRIMARY
REQ01441,1.7,5,1.7,5,MODERATE,ROUTE-PRIMARY
REQ01442,2.2,8,2.2,8,NORMAL,ROUTE-PRIMARY
REQ01443,1,3,1,3,NORMAL,ROUTE-PRIMARY
REQ01444,2.4,8,2.4,8,NORMAL,ROUTE-PRIMARY
REQ01445,2.7,9,2.7,9,MODERATE,ROUTE-PRIMARY
REQ01446,2.8,8,2.8,8,NORMAL,ROUTE-PRIMARY
REQ01447,1.1,3,1.1,3,NORMAL,ROUTE-PRIMARY
REQ01448,1,3,1,3,NORMAL,ROUTE-PRIMARY
REQ01449,2.6,7,2.6,7,NORMAL,ROUTE-PRIMARY
REQ01450,2.3,6,2.3,6,NORMAL,ROUTE-PRIMARY
REQ01451,0.8,3,0.8,3,MODERATE,ROUTE-PRIMARY
REQ01452,1.7,5,1.7,5,MODERATE,ROUTE-PRIMARY
REQ01453,0.9,3,0.9,3,MODERATE,ROUTE-PRIMARY
REQ01454,2.5,8,2.5,8,MODERATE,ROUTE-PRIMARY
REQ01455,1.9,6,1.9,6,NORMAL,ROUTE-PRIMARY
REQ01456,5.6,10,5.6,10,NORMAL,ROUTE-PRIMARY
REQ01457,0.9,2,0.9,2,MODERATE,ROUTE-PRIMARY
REQ01458,5.7,13,5.7,13,NORMAL,ROUTE-PRIMARY
REQ01459,2.7,7,2.7,7,HEAVY,ROUTE-PRIMARY
REQ01460,4.2,12,4.2,12,NORMAL,ROUTE-PRIMARY
REQ01461,0.7,3,0.7,3,MODERATE,ROUTE-PRIMARY
REQ01462,3.5,9,3.5,9,NORMAL,ROUTE-PRIMARY
REQ01463,2.2,6,2.2,6,NORMAL,ROUTE-PRIMARY
REQ01464,2.6,7,2.6,6,NORMAL,ROUTE-PRIMARY
REQ01465,1,2,1,2,HEAVY,ROUTE-PRIMARY
REQ01466,3.4,9,3.4,9,MODERATE,ROUTE-PRIMARY
REQ01467,2.3,7,2.3,7,NORMAL,ROUTE-PRIMARY
REQ01468,2.6,8,2.6,8,NORMAL,ROUTE-PRIMARY
REQ01469,2,5,2,5,NORMAL,ROUTE-PRIMARY
REQ01470,1.5,5,1.5,5,MODERATE,ROUTE-PRIMARY
REQ01471,0.2,2,0.2,1,HEAVY,ROUTE-PRIMARY
REQ01472,1.3,5,1.3,5,MODERATE,ROUTE-PRIMARY
REQ01473,2.3,7,2.3,7,MODERATE,ROUTE-PRIMARY
REQ01474,1.3,4,1.3,4,NORMAL,ROUTE-PRIMARY
REQ01475,1.3,4,1.3,4,NORMAL,ROUTE-PRIMARY
REQ01476,2.2,6,2.2,6,MODERATE,ROUTE-PRIMARY
REQ01477,1.8,7,1.8,7,MODERATE,ROUTE-PRIMARY
REQ01478,0.5,2,0.5,1,NORMAL,ROUTE-PRIMARY
REQ01479,0.4,2,0.4,1,MODERATE,ROUTE-PRIMARY
REQ01480,2.7,8,2.7,8,HEAVY,ROUTE-PRIMARY
REQ01481,0.8,3,0.8,3,MODERATE,ROUTE-PRIMARY
REQ01482,3.6,11,3.6,11,MODERATE,ROUTE-PRIMARY
REQ01483,1.5,4,1.5,4,HEAVY,ROUTE-PRIMARY
REQ01484,2.7,8,2.7,8,MODERATE,ROUTE-PRIMARY
REQ01485,2.3,7,2.3,7,NORMAL,ROUTE-PRIMARY
REQ01486,5.6,16,5.6,15,NORMAL,ROUTE-PRIMARY
REQ01487,1.8,5,1.8,5,NORMAL,ROUTE-PRIMARY
REQ01488,0.7,3,0.7,3,MODERATE,ROUTE-PRIMARY
REQ01489,0.7,2,0.7,2,HEAVY,ROUTE-PRIMARY
REQ01490,1,4,1,4,NORMAL,ROUTE-PRIMARY
REQ01491,1.7,4,1.7,4,NORMAL,ROUTE-PRIMARY
REQ01492,1.7,5,1.7,5,NORMAL,ROUTE-PRIMARY
REQ01493,3.6,6,3.6,6,MODERATE,ROUTE-PRIMARY
REQ01494,0.5,2,0.5,1,NORMAL,ROUTE-PRIMARY
REQ01495,1.3,3,1.3,3,NORMAL,ROUTE-PRIMARY
REQ01496,2.3,9,2.3,8,MODERATE,ROUTE-PRIMARY
REQ01497,2,5,2,5,NORMAL,ROUTE-PRIMARY
REQ01498,2.4,5,2.4,5,HEAVY,ROUTE-PRIMARY
REQ01499,0.9,3,0.9,3,MODERATE,ROUTE-PRIMARY
REQ01500,1.2,5,1.2,4,NORMAL,ROUTE-PRIMARY
REQ01501,3.4,8,3.4,8,NORMAL,ROUTE-PRIMARY
REQ01502,3.6,10,3.6,10,MODERATE,ROUTE-PRIMARY
REQ01503,0.9,3,0.9,3,NORMAL,ROUTE-PRIMARY
REQ01504,2.5,8,2.5,8,NORMAL,ROUTE-PRIMARY
REQ01505,0.6,2,0.6,2,NORMAL,ROUTE-PRIMARY
REQ01506,0.8,3,0.8,3,NORMAL,ROUTE-PRIMARY
REQ01507,1.5,5,1.5,5,NORMAL,ROUTE-PRIMARY
REQ01508,1.5,4,1.5,4,MODERATE,ROUTE-PRIMARY
REQ01509,1.6,4,1.6,4,MODERATE,ROUTE-PRIMARY
REQ01510,1.5,4,1.5,4,NORMAL,ROUTE-PRIMARY
REQ01511,3.1,9,3.1,9,NORMAL,ROUTE-PRIMARY
REQ01512,2.2,7,2.2,7,NORMAL,ROUTE-PRIMARY
REQ01513,3.3,10,3.3,10,HEAVY,ROUTE-PRIMARY
REQ01514,1.2,4,1.2,4,NORMAL,ROUTE-PRIMARY
REQ01515,2.3,6,2.3,6,NORMAL,ROUTE-PRIMARY
REQ01516,5.1,14,5.1,14,HEAVY,ROUTE-PRIMARY
REQ01517,3.2,11,3.2,11,NORMAL,ROUTE-PRIMARY
REQ01518,2.7,10,2.7,10,MODERATE,ROUTE-PRIMARY
REQ01519,1.7,6,1.7,6,NORMAL,ROUTE-PRIMARY
REQ01520,1.8,5,1.8,5,NORMAL,ROUTE-PRIMARY
REQ01521,3.6,9,3.6,9,MODERATE,ROUTE-PRIMARY
REQ01522,2.7,8,2.7,7,HEAVY,ROUTE-PRIMARY
REQ01523,1.4,3,1.4,3,NORMAL,ROUTE-PRIMARY
REQ01524,0.6,2,0.6,1,NORMAL,ROUTE-PRIMARY
REQ01525,2.7,7,2.7,7,NORMAL,ROUTE-PRIMARY
REQ01526,1.7,6,1.7,6,MODERATE,ROUTE-PRIMARY
REQ01527,2.6,8,2.6,8,NORMAL,ROUTE-PRIMARY
REQ01528,0.9,3,0.9,3,NORMAL,ROUTE-PRIMARY
REQ01529,2.9,8,2.9,8,MODERATE,ROUTE-PRIMARY
REQ01530,4,11,4,11,NORMAL,ROUTE-PRIMARY
REQ01531,0.7,2,0.7,2,NORMAL,ROUTE-PRIMARY
REQ01532,0.8,3,0.8,3,NORMAL,ROUTE-PRIMARY
REQ01533,1.3,5,1.3,5,MODERATE,ROUTE-PRIMARY
REQ01534,3,8,3,8,HEAVY,ROUTE-PRIMARY
REQ01535,3,9,3.2,8,NORMAL,ROUTE-PRIMARY
REQ01536,0.4,2,0.4,1,NORMAL,ROUTE-PRIMARY
REQ01537,0.8,2,0.8,2,NORMAL,ROUTE-PRIMARY
REQ01538,1.3,5,1.3,5,MODERATE,ROUTE-PRIMARY
REQ01539,2.2,8,2.2,8,NORMAL,ROUTE-PRIMARY
REQ01540,0.3,2,0.3,1,NORMAL,ROUTE-PRIMARY
REQ01541,1.2,4,1.2,4,MODERATE,ROUTE-PRIMARY
REQ01542,0.9,2,0.9,2,NORMAL,ROUTE-PRIMARY
REQ01543,1.9,4,1.9,4,NORMAL,ROUTE-PRIMARY
REQ01544,0.6,2,0.6,2,MODERATE,ROUTE-PRIMARY
REQ01545,0.2,2,0.2,1,MODERATE,ROUTE-PRIMARY
REQ01546,1.7,6,1.7,6,NORMAL,ROUTE-PRIMARY
REQ01547,1.1,4,1.1,4,NORMAL,ROUTE-PRIMARY
REQ01548,0.6,2,0.6,2,NORMAL,ROUTE-PRIMARY
REQ01549,1.9,4,1.9,4,NORMAL,ROUTE-PRIMARY
REQ01550,1.7,6,1.7,6,NORMAL,ROUTE-PRIMARY
REQ01551,1.5,3,1.5,3,NORMAL,ROUTE-PRIMARY
REQ01552,1.5,5,1.5,5,NORMAL,ROUTE-PRIMARY
REQ01553,1,2,1,2,MODERATE,ROUTE-PRIMARY
REQ01554,4.4,12,4.4,12,NORMAL,ROUTE-PRIMARY
REQ01555,2.8,8,2.8,8,NORMAL,ROUTE-PRIMARY
REQ01556,0.8,3,0.8,3,NORMAL,ROUTE-PRIMARY
REQ01557,1.7,6,1.7,6,MODERATE,ROUTE-PRIMARY
REQ01558,1.8,5,1.8,5,NORMAL,ROUTE-PRIMARY
REQ01559,2.2,6,2.2,6,MODERATE,ROUTE-PRIMARY
REQ01560,0.3,2,0.3,1,NORMAL,ROUTE-PRIMARY
REQ01561,3.8,9,3.8,9,HEAVY,ROUTE-PRIMARY
REQ01562,1.9,6,1.9,6,NORMAL,ROUTE-PRIMARY
REQ01563,2.3,8,2.3,8,NORMAL,ROUTE-PRIMARY
REQ01564,1.4,5,1.4,5,HEAVY,ROUTE-PRIMARY
REQ01565,0.7,2,0.7,2,NORMAL,ROUTE-PRIMARY
REQ01566,2.7,7,2.7,7,NORMAL,ROUTE-PRIMARY
REQ01567,3.4,12,3.5,9,NORMAL,ROUTE-PRIMARY
REQ01568,2.2,7,2.2,7,NORMAL,ROUTE-PRIMARY
REQ01569,17.7,33,17.7,33,MODERATE,ROUTE-PRIMARY
REQ01570,0.9,3,0.9,3,NORMAL,ROUTE-PRIMARY
REQ01571,1.4,4,1.4,3,MODERATE,ROUTE-PRIMARY
REQ01572,2.6,8,2.6,8,MODERATE,ROUTE-PRIMARY
REQ01573,1.9,6,1.9,6,NORMAL,ROUTE-PRIMARY
REQ01574,2.6,8,2.6,8,NORMAL,ROUTE-PRIMARY
REQ01575,3.7,10,3.7,9,MODERATE,ROUTE-PRIMARY
REQ01576,1.6,5,1.6,5,HEAVY,ROUTE-PRIMARY
REQ01577,1.2,3,1.2,3,MODERATE,ROUTE-PRIMARY
REQ01578,1,4,1,4,NORMAL,ROUTE-PRIMARY
REQ01579,2.2,6,2.2,6,NORMAL,ROUTE-PRIMARY
REQ01580,2.2,7,2.2,7,NORMAL,ROUTE-PRIMARY
REQ01581,3.8,14,3.8,13,NORMAL,ROUTE-PRIMARY
REQ01582,1.6,4,1.6,4,NORMAL,ROUTE-PRIMARY
REQ01583,3.7,9,3.7,8,NORMAL,ROUTE-PRIMARY
REQ01584,1.5,3,1.5,3,NORMAL,ROUTE-PRIMARY
REQ01585,3.3,11,3.3,11,HEAVY,ROUTE-PRIMARY
REQ01586,1.5,3,1.5,3,NORMAL,ROUTE-PRIMARY
REQ01587,1.1,4,1.1,4,MODERATE,ROUTE-PRIMARY
REQ01588,1.5,4,1.5,4,HEAVY,ROUTE-PRIMARY
REQ01589,1,3,1,3,MODERATE,ROUTE-PRIMARY
REQ01590,2.7,9,2.7,9,MODERATE,ROUTE-PRIMARY
REQ01591,15.2,26,15.2,26,HEAVY,ROUTE-PRIMARY
REQ01592,1.7,5,1.7,5,NORMAL,ROUTE-PRIMARY
REQ01593,0.9,2,0.9,2,MODERATE,ROUTE-PRIMARY
REQ01594,1.5,4,1.5,4,NORMAL,ROUTE-PRIMARY
REQ01595,1.4,5,1.4,5,MODERATE,ROUTE-PRIMARY
REQ01596,2,6,2,6,NORMAL,ROUTE-PRIMARY
REQ01597,0.7,2,0.7,2,NORMAL,ROUTE-PRIMARY
REQ01598,1.5,5,1.5,5,MODERATE,ROUTE-PRIMARY
REQ01599,1.5,5,1.5,5,MODERATE,ROUTE-PRIMARY
REQ01600,1.6,4,1.6,4,HEAVY,ROUTE-PRIMARY
REQ01601,6.2,10,6.2,10,NORMAL,ROUTE-PRIMARY
REQ01602,2.5,7,2.5,7,NORMAL,ROUTE-PRIMARY
REQ01603,2.3,8,2.3,8,NORMAL,ROUTE-PRIMARY
REQ01604,2.6,10,2.6,10,MODERATE,ROUTE-PRIMARY
REQ01605,2.4,9,2.4,9,MODERATE,ROUTE-PRIMARY
REQ01606,0.8,3,0.8,3,NORMAL,ROUTE-PRIMARY
REQ01607,3.3,11,3.3,11,NORMAL,ROUTE-PRIMARY
REQ01608,3.3,10,3.3,10,NORMAL,ROUTE-PRIMARY
REQ01609,1.2,5,1.2,4,NORMAL,ROUTE-PRIMARY
REQ01610,2.7,9,2.7,9,NORMAL,ROUTE-PRIMARY
REQ01611,0.8,3,0.8,3,NORMAL,ROUTE-PRIMARY
REQ01612,0.7,2,0.7,2,NORMAL,ROUTE-PRIMARY
REQ01613,2.9,10,2.9,10,NORMAL,ROUTE-PRIMARY
REQ01614,1.2,3,1.2,3,NORMAL,ROUTE-PRIMARY
REQ01615,0.6,2,0.6,2,NORMAL,ROUTE-PRIMARY
REQ01616,0.9,3,0.9,3,NORMAL,ROUTE-PRIMARY
REQ01617,1.5,5,1.5,5,MODERATE,ROUTE-PRIMARY
REQ01618,2.5,9,2.5,9,NORMAL,ROUTE-PRIMARY
REQ01619,8.2,12,8.2,12,MODERATE,ROUTE-PRIMARY
REQ01620,16.3,27,16.3,27,NORMAL,ROUTE-PRIMARY
REQ01621,1,3,1,3,HEAVY,ROUTE-PRIMARY
REQ01622,2.3,6,2.3,6,NORMAL,ROUTE-PRIMARY
REQ01623,3.3,9,3.3,9,MODERATE,ROUTE-PRIMARY
REQ01624,2.7,6,2.7,6,NORMAL,ROUTE-PRIMARY
REQ01625,1.3,3,1.3,3,MODERATE,ROUTE-PRIMARY
REQ01626,0.9,2,0.9,2,MODERATE,ROUTE-PRIMARY
REQ01627,2.7,10,2.7,10,NORMAL,ROUTE-PRIMARY
REQ01628,2.9,6,2.9,6,MODERATE,ROUTE-PRIMARY
REQ01629,1.9,5,1.9,5,MODERATE,ROUTE-PRIMARY
REQ01630,2.3,5,2.3,5,HEAVY,ROUTE-PRIMARY
REQ01631,0.7,3,0.7,3,NORMAL,ROUTE-PRIMARY
REQ01632,1.7,6,1.7,6,MODERATE,ROUTE-PRIMARY
REQ01633,2.7,10,2.7,9,NORMAL,ROUTE-PRIMARY
REQ01634,3.3,8,3.3,8,MODERATE,ROUTE-PRIMARY
REQ01635,3,9,3,9,NORMAL,ROUTE-PRIMARY
REQ01636,1.4,3,1.4,3,NORMAL,ROUTE-PRIMARY
REQ01637,0.4,2,0.4,1,NORMAL,ROUTE-PRIMARY
REQ01638,1.1,3,1.1,3,NORMAL,ROUTE-PRIMARY
REQ01639,1.1,4,1.1,4,NORMAL,ROUTE-PRIMARY
REQ01640,2.3,7,2.3,7,NORMAL,ROUTE-PRIMARY
REQ01641,2,6,2,6,MODERATE,ROUTE-PRIMARY
REQ01642,2.4,9,2.4,9,NORMAL,ROUTE-PRIMARY
REQ01643,1.3,5,1.3,4,MODERATE,ROUTE-PRIMARY
REQ01644,1.6,6,1.6,6,NORMAL,ROUTE-PRIMARY
REQ01645,1.4,4,1.4,4,HEAVY,ROUTE-PRIMARY
REQ01646,1.8,6,1.8,6,MODERATE,ROUTE-PRIMARY
REQ01647,0.9,3,0.9,3,MODERATE,ROUTE-PRIMARY
REQ01648,0.6,2,0.6,2,NORMAL,ROUTE-PRIMARY
REQ01649,0.5,2,0.5,2,NORMAL,ROUTE-PRIMARY
REQ01650,3.6,11,3.6,11,NORMAL,ROUTE-PRIMARY
REQ01651,1.4,5,1.4,5,HEAVY,ROUTE-PRIMARY
REQ01652,3.8,11,3.8,11,MODERATE,ROUTE-PRIMARY
REQ01653,1,3,1,3,NORMAL,ROUTE-PRIMARY
REQ01654,1,3,1,3,NORMAL,ROUTE-PRIMARY
REQ01655,2.8,7,2.8,7,NORMAL,ROUTE-PRIMARY
REQ01656,0.5,2,0.5,2,MODERATE,ROUTE-PRIMARY
REQ01657,2.8,7,2.8,7,NORMAL,ROUTE-PRIMARY
REQ01658,0.8,3,0.8,2,NORMAL,ROUTE-PRIMARY
REQ01659,1,3,1,3,MODERATE,ROUTE-PRIMARY
REQ01660,1.3,5,1.3,4,HEAVY,ROUTE-PRIMARY
REQ01661,2.5,6,2.5,6,NORMAL,ROUTE-PRIMARY
REQ01662,2.1,6,2.1,6,NORMAL,ROUTE-PRIMARY
REQ01663,1.1,3,1.1,3,NORMAL,ROUTE-PRIMARY
REQ01664,2.1,5,2.1,5,NORMAL,ROUTE-PRIMARY
REQ01665,1.3,4,1.3,4,MODERATE,ROUTE-PRIMARY
REQ01666,1.6,4,1.6,4,NORMAL,ROUTE-PRIMARY
REQ01667,2.2,7,2.2,7,NORMAL,ROUTE-PRIMARY
REQ01668,2.4,7,2.4,7,NORMAL,ROUTE-PRIMARY
REQ01669,2.4,8,2.4,8,MODERATE,ROUTE-PRIMARY
REQ01670,1.5,6,1.5,6,MODERATE,ROUTE-PRIMARY
REQ01671,1.7,5,1.7,5,NORMAL,ROUTE-PRIMARY
REQ01672,1.5,4,1.5,4,HEAVY,ROUTE-PRIMARY
REQ01673,2,6,2,6,MODERATE,ROUTE-PRIMARY
REQ01674,0.2,2,0.2,1,NORMAL,ROUTE-PRIMARY
REQ01675,1.7,4,1.7,4,NORMAL,ROUTE-PRIMARY
REQ01676,1.2,4,1.2,4,NORMAL,ROUTE-PRIMARY
REQ01677,3.2,10,3.2,10,MODERATE,ROUTE-PRIMARY
REQ01678,1.9,7,1.9,7,NORMAL,ROUTE-PRIMARY
REQ01679,2.3,5,2.3,5,NORMAL,ROUTE-PRIMARY
REQ01680,2.3,5,2.3,5,NORMAL,ROUTE-PRIMARY
REQ01681,0.8,2,0.8,2,NORMAL,ROUTE-PRIMARY
REQ01682,3.1,11,3.1,11,NORMAL,ROUTE-PRIMARY
REQ01683,3.1,11,3.1,11,NORMAL,ROUTE-PRIMARY
REQ01684,2,6,2,6,NORMAL,ROUTE-PRIMARY
REQ01685,0.8,2,0.8,2,MODERATE,ROUTE-PRIMARY
REQ01686,1.3,4,1.3,4,NORMAL,ROUTE-PRIMARY
REQ01687,1.8,5,1.8,5,HEAVY,ROUTE-PRIMARY
REQ01688,1.5,5,1.5,5,MODERATE,ROUTE-PRIMARY
REQ01689,1.1,4,1.1,4,MODERATE,ROUTE-PRIMARY
REQ01690,2.8,7,2.8,7,NORMAL,ROUTE-PRIMARY
REQ01691,1.5,5,1.5,5,NORMAL,ROUTE-PRIMARY
REQ01692,1.7,5,1.7,5,NORMAL,ROUTE-PRIMARY
REQ01693,0.1,2,0.1,1,HEAVY,ROUTE-PRIMARY
REQ01694,2.5,8,2.5,8,NORMAL,ROUTE-PRIMARY
REQ01695,1.7,4,1.7,4,NORMAL,ROUTE-PRIMARY
REQ01696,2.5,9,2.5,9,NORMAL,ROUTE-PRIMARY
REQ01697,2,7,2,7,NORMAL,ROUTE-PRIMARY
REQ01698,0.8,2,0.8,2,NORMAL,ROUTE-PRIMARY
REQ01699,1.7,6,1.7,6,HEAVY,ROUTE-PRIMARY
REQ01700,2,6,2,6,MODERATE,ROUTE-PRIMARY
REQ01701,1.8,5,1.8,4,NORMAL,ROUTE-PRIMARY
REQ01702,1.9,5,1.9,5,HEAVY,ROUTE-PRIMARY
REQ01703,3,8,3,8,NORMAL,ROUTE-PRIMARY
REQ01704,2,7,2,7,NORMAL,ROUTE-PRIMARY
REQ01705,1.1,4,1.1,4,HEAVY,ROUTE-PRIMARY
REQ01706,3.2,11,3.2,11,MODERATE,ROUTE-PRIMARY
REQ01707,2.8,9,2.8,9,NORMAL,ROUTE-PRIMARY
REQ01708,2,5,2,5,NORMAL,ROUTE-PRIMARY
REQ01709,3.9,12,3.9,12,MODERATE,ROUTE-PRIMARY
REQ01710,1.2,5,1.2,5,NORMAL,ROUTE-PRIMARY
REQ01711,1.5,5,1.5,5,NORMAL,ROUTE-PRIMARY
REQ01712,1.8,6,1.8,6,NORMAL,ROUTE-PRIMARY
REQ01713,2.5,6,2.5,6,MODERATE,ROUTE-PRIMARY
REQ01714,0.4,2,0.4,1,HEAVY,ROUTE-PRIMARY
REQ01715,2.1,5,2.1,5,NORMAL,ROUTE-PRIMARY
REQ01716,2.2,6,2.2,6,NORMAL,ROUTE-PRIMARY
REQ01717,1.3,5,1.3,4,NORMAL,ROUTE-PRIMARY
REQ01718,3,9,3,9,NORMAL,ROUTE-PRIMARY
REQ01719,2.6,8,2.6,8,MODERATE,ROUTE-PRIMARY
REQ01720,1.8,6,1.8,6,NORMAL,ROUTE-PRIMARY
REQ01721,2.7,7,2.7,7,MODERATE,ROUTE-PRIMARY
REQ01722,3.3,8,3.3,8,NORMAL,ROUTE-PRIMARY
REQ01723,1.5,3,1.5,3,NORMAL,ROUTE-PRIMARY
REQ01724,2.6,7,2.6,7,NORMAL,ROUTE-PRIMARY
REQ01725,1.8,6,1.8,6,MODERATE,ROUTE-PRIMARY
REQ01726,1.1,4,1.1,4,HEAVY,ROUTE-PRIMARY
REQ01727,2.3,7,2.3,7,MODERATE,ROUTE-PRIMARY
REQ01728,4.1,11,4.1,11,NORMAL,ROUTE-PRIMARY
REQ01729,2.6,8,2.6,8,HEAVY,ROUTE-PRIMARY
REQ01730,0.9,3,0.9,3,NORMAL,ROUTE-PRIMARY
REQ01731,1.2,4,1.2,4,NORMAL,ROUTE-PRIMARY
REQ01732,2.8,9,2.8,9,NORMAL,ROUTE-PRIMARY
REQ01733,1.4,3,1.4,3,MODERATE,ROUTE-PRIMARY
REQ01734,2.2,4,2.2,4,MODERATE,ROUTE-PRIMARY
REQ01735,2,6,2,6,NORMAL,ROUTE-PRIMARY
REQ01736,2,5,2,5,MODERATE,ROUTE-PRIMARY
REQ01737,1.1,4,1.1,4,NORMAL,ROUTE-PRIMARY
REQ01738,1.6,5,1.6,5,NORMAL,ROUTE-PRIMARY
REQ01739,1.9,5,1.9,5,NORMAL,ROUTE-PRIMARY
REQ01740,3.3,8,3.3,8,MODERATE,ROUTE-PRIMARY
REQ01741,3.2,11,3.2,10,NORMAL,ROUTE-PRIMARY
REQ01742,1.5,4,1.5,4,MODERATE,ROUTE-PRIMARY
REQ01743,3.2,9,3.2,9,NORMAL,ROUTE-PRIMARY
REQ01744,0.8,3,0.8,3,NORMAL,ROUTE-PRIMARY
REQ01745,1.2,4,1.2,4,NORMAL,ROUTE-PRIMARY
REQ01746,2.3,6,2.3,6,MODERATE,ROUTE-PRIMARY
REQ01747,5.9,13,5.9,13,HEAVY,ROUTE-PRIMARY
REQ01748,1.6,6,1.6,6,NORMAL,ROUTE-PRIMARY
REQ01749,3.2,10,3.2,10,NORMAL,ROUTE-PRIMARY
REQ01750,1.1,3,1.1,3,NORMAL,ROUTE-PRIMARY
REQ01751,2.6,9,2.6,9,MODERATE,ROUTE-PRIMARY
REQ01752,0.9,3,0.9,3,MODERATE,ROUTE-PRIMARY
REQ01753,3.4,9,3.4,9,MODERATE,ROUTE-PRIMARY
REQ01754,1.3,5,1.3,5,NORMAL,ROUTE-PRIMARY
REQ01755,0.8,3,0.8,3,NORMAL,ROUTE-PRIMARY
REQ01756,1,3,1,3,HEAVY,ROUTE-PRIMARY
REQ01757,2.4,8,2.4,8,MODERATE,ROUTE-PRIMARY
REQ01758,0.3,2,0.3,1,MODERATE,ROUTE-PRIMARY
REQ01759,0.6,2,0.6,2,NORMAL,ROUTE-PRIMARY
REQ01760,3,9,3,9,NORMAL,ROUTE-PRIMARY
REQ01761,1.8,7,1.8,7,MODERATE,ROUTE-PRIMARY
REQ01762,1.2,4,1.2,4,NORMAL,ROUTE-PRIMARY
REQ01763,3.1,8,3.1,8,NORMAL,ROUTE-PRIMARY
REQ01764,0.8,3,0.8,3,NORMAL,ROUTE-PRIMARY
REQ01765,1.6,6,1.6,6,MODERATE,ROUTE-PRIMARY
REQ01766,1.7,4,1.7,4,NORMAL,ROUTE-PRIMARY
REQ01767,1.5,5,1.5,5,MODERATE,ROUTE-PRIMARY
REQ01768,2.6,8,2.6,8,HEAVY,ROUTE-PRIMARY
REQ01769,1.2,4,1.2,4,MODERATE,ROUTE-PRIMARY
REQ01770,2.8,9,2.8,9,MODERATE,ROUTE-PRIMARY
REQ01771,1.2,4,1.2,4,NORMAL,ROUTE-PRIMARY
REQ01772,2.3,7,2.3,7,MODERATE,ROUTE-PRIMARY
REQ01773,6.1,13,6.1,12,MODERATE,ROUTE-PRIMARY
REQ01774,1.1,3,1.1,3,NORMAL,ROUTE-PRIMARY
REQ01775,1.9,7,1.9,7,NORMAL,ROUTE-PRIMARY
REQ01776,1.8,4,1.8,4,MODERATE,ROUTE-PRIMARY
REQ01777,2.9,8,2.9,8,HEAVY,ROUTE-PRIMARY
REQ01778,3,7,3,7,NORMAL,ROUTE-PRIMARY
REQ01779,1.9,7,1.9,7,NORMAL,ROUTE-PRIMARY
REQ01780,0.7,2,0.7,2,NORMAL,ROUTE-PRIMARY
REQ01781,1,3,1,3,NORMAL,ROUTE-PRIMARY
REQ01782,1.1,3,1.1,3,NORMAL,ROUTE-PRIMARY
REQ01783,1.7,5,1.7,5,NORMAL,ROUTE-PRIMARY
REQ01784,1.3,3,1.3,3,NORMAL,ROUTE-PRIMARY
REQ01785,1.5,4,1.5,4,NORMAL,ROUTE-PRIMARY
REQ01786,1.4,5,1.4,5,NORMAL,ROUTE-PRIMARY
REQ01787,1.9,7,1.9,7,MODERATE,ROUTE-PRIMARY
REQ01788,3,6,3,6,MODERATE,ROUTE-PRIMARY
REQ01789,1.7,7,1.7,7,HEAVY,ROUTE-PRIMARY
REQ01790,1.4,4,1.4,4,NORMAL,ROUTE-PRIMARY
REQ01791,2,6,2,6,NORMAL,ROUTE-PRIMARY
REQ01792,1.7,5,1.7,5,HEAVY,ROUTE-PRIMARY
REQ01793,1.6,4,1.6,4,NORMAL,ROUTE-PRIMARY
REQ01794,1.9,7,1.9,7,NORMAL,ROUTE-PRIMARY
REQ01795,2.5,8,2.5,8,NORMAL,ROUTE-PRIMARY
REQ01796,2.7,9,2.7,9,MODERATE,ROUTE-PRIMARY
REQ01797,1.9,6,1.9,6,MODERATE,ROUTE-PRIMARY
REQ01798,2.7,7,2.7,7,NORMAL,ROUTE-PRIMARY
REQ01799,1.1,4,1.1,4,NORMAL,ROUTE-PRIMARY
REQ01800,5,14,5,14,NORMAL,ROUTE-PRIMARY
REQ01801,0.9,2,0.9,2,NORMAL,ROUTE-PRIMARY
REQ01802,2.4,6,2.4,6,MODERATE,ROUTE-PRIMARY
REQ01803,1.1,4,1.1,4,NORMAL,ROUTE-PRIMARY
REQ01804,1.1,2,1.1,2,NORMAL,ROUTE-PRIMARY
REQ01805,1.7,5,1.7,5,NORMAL,ROUTE-PRIMARY
REQ01806,0.7,2,0.7,2,MODERATE,ROUTE-PRIMARY
REQ01807,1.8,4,1.8,4,HEAVY,ROUTE-PRIMARY
REQ01808,0.7,2,0.7,2,MODERATE,ROUTE-PRIMARY
REQ01809,1.7,5,1.7,5,MODERATE,ROUTE-PRIMARY
REQ01810,3.3,9,3.3,9,NORMAL,ROUTE-PRIMARY
REQ01811,1.9,7,1.9,7,MODERATE,ROUTE-PRIMARY
REQ01812,1.5,4,1.5,4,NORMAL,ROUTE-PRIMARY
REQ01813,0.8,2,0.8,2,NORMAL,ROUTE-PRIMARY
REQ01814,3.2,10,3.2,10,NORMAL,ROUTE-PRIMARY
REQ01815,2.9,8,2.9,8,NORMAL,ROUTE-PRIMARY
REQ01816,1.9,7,1.9,7,NORMAL,ROUTE-PRIMARY
REQ01817,2.6,7,2.6,7,NORMAL,ROUTE-PRIMARY
REQ01818,3.5,7,3.5,7,NORMAL,ROUTE-PRIMARY
REQ01819,1.9,4,1.9,4,NORMAL,ROUTE-PRIMARY
REQ01820,2.1,6,2.1,6,MODERATE,ROUTE-PRIMARY
REQ01821,1.9,6,1.9,6,NORMAL,ROUTE-PRIMARY
REQ01822,0.9,3,0.9,3,HEAVY,ROUTE-PRIMARY
REQ01823,2,5,2,5,MODERATE,ROUTE-PRIMARY
REQ01824,0.9,3,0.9,3,NORMAL,ROUTE-PRIMARY
REQ01825,0.9,3,0.9,3,HEAVY,ROUTE-PRIMARY
REQ01826,1.9,7,1.9,7,NORMAL,ROUTE-PRIMARY
REQ01827,0.4,2,0.4,1,MODERATE,ROUTE-PRIMARY
REQ01828,6.2,13,6.2,13,HEAVY,ROUTE-PRIMARY
REQ01829,1.5,5,1.5,4,MODERATE,ROUTE-PRIMARY
REQ01830,2.9,8,2.9,8,NORMAL,ROUTE-PRIMARY
REQ01831,2.5,8,2.5,8,NORMAL,ROUTE-PRIMARY
REQ01832,2.2,7,2.2,7,NORMAL,ROUTE-PRIMARY
REQ01833,0.7,2,0.7,2,MODERATE,ROUTE-PRIMARY
REQ01834,6.1,18,6.1,18,NORMAL,ROUTE-PRIMARY
REQ01835,2.1,8,2.1,8,NORMAL,ROUTE-PRIMARY
REQ01836,0.9,3,0.9,3,MODERATE,ROUTE-PRIMARY
REQ01837,2.7,7,2.7,7,HEAVY,ROUTE-PRIMARY
REQ01838,1,3,1,3,MODERATE,ROUTE-PRIMARY
REQ01839,8.5,20,8.5,20,NORMAL,ROUTE-PRIMARY
REQ01840,1.7,5,1.7,5,HEAVY,ROUTE-PRIMARY
REQ01841,0.6,2,0.6,2,NORMAL,ROUTE-PRIMARY
REQ01842,2.5,9,2.5,9,MODERATE,ROUTE-PRIMARY
REQ01843,0.8,3,0.8,3,NORMAL,ROUTE-PRIMARY
REQ01844,2.7,9,2.7,9,MODERATE,ROUTE-PRIMARY
REQ01845,5.7,16,5.7,16,NORMAL,ROUTE-PRIMARY
REQ01846,0.5,2,0.5,1,HEAVY,ROUTE-PRIMARY
REQ01847,2.1,7,2.1,6,MODERATE,ROUTE-PRIMARY
REQ01848,1.7,4,1.7,4,MODERATE,ROUTE-PRIMARY
REQ01849,0.5,2,0.5,1,NORMAL,ROUTE-PRIMARY
REQ01850,2.4,9,2.4,9,NORMAL,ROUTE-PRIMARY
REQ01851,2.7,8,2.7,8,NORMAL,ROUTE-PRIMARY
REQ01852,1.5,4,1.5,4,NORMAL,ROUTE-PRIMARY
REQ01853,3.8,8,3.8,8,NORMAL,ROUTE-PRIMARY
REQ01854,2.3,5,2.3,5,NORMAL,ROUTE-PRIMARY
REQ01855,0.7,2,0.7,2,NORMAL,ROUTE-PRIMARY
REQ01856,0.5,2,0.5,2,NORMAL,ROUTE-PRIMARY
REQ01857,1,4,1,3,NORMAL,ROUTE-PRIMARY
REQ01858,1.5,4,1.5,4,NORMAL,ROUTE-PRIMARY
REQ01859,2.1,7,2.1,7,NORMAL,ROUTE-PRIMARY
REQ01860,0.6,2,0.6,2,NORMAL,ROUTE-PRIMARY
REQ01861,1.6,5,1.6,5,NORMAL,ROUTE-PRIMARY
REQ01862,0.3,2,0.3,1,MODERATE,ROUTE-PRIMARY
REQ01863,3.5,12,3.5,11,MODERATE,ROUTE-PRIMARY
REQ01864,3.3,10,3.3,10,NORMAL,ROUTE-PRIMARY
REQ01865,1.1,3,1.1,3,MODERATE,ROUTE-PRIMARY
REQ01866,2.3,6,2.3,6,NORMAL,ROUTE-PRIMARY
REQ01867,3.1,12,3.1,12,NORMAL,ROUTE-PRIMARY
REQ01868,1.5,6,1.5,6,NORMAL,ROUTE-PRIMARY
REQ01869,1.8,6,1.8,6,MODERATE,ROUTE-PRIMARY
REQ01870,2.4,9,2.4,9,HEAVY,ROUTE-PRIMARY
REQ01871,1.1,3,1.1,3,MODERATE,ROUTE-PRIMARY
REQ01872,2.2,5,2.2,5,NORMAL,ROUTE-PRIMARY
REQ01873,2.4,9,2.4,8,HEAVY,ROUTE-PRIMARY
REQ01874,1.8,6,1.8,6,MODERATE,ROUTE-PRIMARY
REQ01875,1.5,3,1.5,3,MODERATE,ROUTE-PRIMARY
REQ01876,0.9,2,0.9,2,NORMAL,ROUTE-PRIMARY
REQ01877,0.4,2,0.4,1,NORMAL,ROUTE-PRIMARY
REQ01878,3.9,11,3.9,11,NORMAL,ROUTE-PRIMARY
REQ01879,1.6,5,1.6,5,HEAVY,ROUTE-PRIMARY
REQ01880,1.4,5,1.4,5,NORMAL,ROUTE-PRIMARY
REQ01881,7,17,7,17,MODERATE,ROUTE-PRIMARY
REQ01882,2.2,6,2.2,6,NORMAL,ROUTE-PRIMARY
REQ01883,4.6,8,4.6,8,NORMAL,ROUTE-PRIMARY
REQ01884,2.6,7,2.6,7,NORMAL,ROUTE-PRIMARY
REQ01885,0.8,2,0.8,2,NORMAL,ROUTE-PRIMARY
REQ01886,2.2,8,2.2,8,MODERATE,ROUTE-PRIMARY
REQ01887,1.6,4,1.6,4,NORMAL,ROUTE-PRIMARY
REQ01888,1.8,5,1.8,5,NORMAL,ROUTE-PRIMARY
REQ01889,2.7,8,2.7,8,NORMAL,ROUTE-PRIMARY
REQ01890,1.6,4,1.6,4,MODERATE,ROUTE-PRIMARY
REQ01891,2.1,6,2.1,6,NORMAL,ROUTE-PRIMARY
REQ01892,3.3,7,3.3,7,NORMAL,ROUTE-PRIMARY
REQ01893,0.5,2,0.5,2,MODERATE,ROUTE-PRIMARY
REQ01894,0.9,2,0.9,2,HEAVY,ROUTE-PRIMARY
REQ01895,0.8,2,0.8,2,MODERATE,ROUTE-PRIMARY
REQ01896,0.6,2,0.6,1,MODERATE,ROUTE-PRIMARY
REQ01897,1.5,5,1.5,5,NORMAL,ROUTE-PRIMARY
REQ01898,1.1,2,1.1,2,MODERATE,ROUTE-PRIMARY
REQ01899,1.2,5,1.2,5,MODERATE,ROUTE-PRIMARY
REQ01900,0.8,2,0.8,2,HEAVY,ROUTE-PRIMARY
REQ01901,3.2,12,3.2,12,MODERATE,ROUTE-PRIMARY
REQ01902,4.3,13,4.3,13,NORMAL,ROUTE-PRIMARY
REQ01903,2.6,10,2.6,10,NORMAL,ROUTE-PRIMARY
REQ01904,0.7,2,0.7,2,MODERATE,ROUTE-PRIMARY
REQ01905,1,3,1,3,NORMAL,ROUTE-PRIMARY
REQ01906,2.2,7,2.2,7,NORMAL,ROUTE-PRIMARY
REQ01907,1.9,7,1.9,7,NORMAL,ROUTE-PRIMARY
REQ01908,14.7,26,14.7,26,NORMAL,ROUTE-PRIMARY
REQ01909,1.9,6,1.9,6,HEAVY,ROUTE-PRIMARY
REQ01910,3.2,8,3.2,8,NORMAL,ROUTE-PRIMARY
REQ01911,2.2,7,2.2,7,NORMAL,ROUTE-PRIMARY
REQ01912,3.5,10,3.5,10,NORMAL,ROUTE-PRIMARY
REQ01913,1.2,5,1.2,5,MODERATE,ROUTE-PRIMARY
REQ01914,2.2,7,2.2,7,NORMAL,ROUTE-PRIMARY
REQ01915,0.5,2,0.5,2,NORMAL,ROUTE-PRIMARY
REQ01916,3.2,10,3.2,10,NORMAL,ROUTE-PRIMARY
REQ01917,1.7,5,1.7,5,MODERATE,ROUTE-PRIMARY
REQ01918,1,3,1,3,NORMAL,ROUTE-PRIMARY
REQ01919,2.5,7,2.5,7,MODERATE,ROUTE-PRIMARY
REQ01920,1.1,3,1.1,3,NORMAL,ROUTE-PRIMARY
REQ01921,2.2,7,2.2,7,MODERATE,ROUTE-PRIMARY
REQ01922,1,3,1,3,MODERATE,ROUTE-PRIMARY
REQ01923,1,3,1,3,NORMAL,ROUTE-PRIMARY
REQ01924,1.1,3,1.1,3,NORMAL,ROUTE-PRIMARY
REQ01925,1.5,5,1.5,5,MODERATE,ROUTE-PRIMARY
REQ01926,3.9,13,3.9,13,NORMAL,ROUTE-PRIMARY
REQ01927,3.8,10,3.8,10,NORMAL,ROUTE-PRIMARY
REQ01928,4,8,4,8,MODERATE,ROUTE-PRIMARY
REQ01929,2.2,8,2.2,8,NORMAL,ROUTE-PRIMARY
REQ01930,0.8,3,0.8,3,NORMAL,ROUTE-PRIMARY
REQ01931,0.7,2,0.7,2,NORMAL,ROUTE-PRIMARY
REQ01932,1.8,4,1.8,4,NORMAL,ROUTE-PRIMARY
REQ01933,1.7,3,1.7,3,NORMAL,ROUTE-PRIMARY
REQ01934,1,4,1,4,MODERATE,ROUTE-PRIMARY
REQ01935,2.6,7,2.6,7,MODERATE,ROUTE-PRIMARY
REQ01936,1.4,3,1.4,3,NORMAL,ROUTE-PRIMARY
REQ01937,1.2,3,1.2,3,MODERATE,ROUTE-PRIMARY
REQ01938,1.1,3,1.1,3,MODERATE,ROUTE-PRIMARY
REQ01939,2.7,7,2.7,7,NORMAL,ROUTE-PRIMARY
REQ01940,2.2,7,2.2,7,NORMAL,ROUTE-PRIMARY
REQ01941,1.1,2,1.1,2,NORMAL,ROUTE-PRIMARY
REQ01942,2.5,7,2.5,7,HEAVY,ROUTE-PRIMARY
REQ01943,2.1,7,2.1,7,MODERATE,ROUTE-PRIMARY
REQ01944,1.6,4,1.6,4,MODERATE,ROUTE-PRIMARY
REQ01945,1.3,4,1.3,4,HEAVY,ROUTE-PRIMARY
REQ01946,3.2,10,3.2,10,NORMAL,ROUTE-PRIMARY
REQ01947,2.2,6,2.2,6,MODERATE,ROUTE-PRIMARY
REQ01948,1.9,4,1.9,4,HEAVY,ROUTE-PRIMARY
REQ01949,2.6,9,2.6,9,MODERATE,ROUTE-PRIMARY
REQ01950,0.7,2,0.7,2,MODERATE,ROUTE-PRIMARY
REQ01951,3.6,11,3.6,11,NORMAL,ROUTE-PRIMARY
REQ01952,1.6,6,1.6,6,MODERATE,ROUTE-PRIMARY
REQ01953,5.2,16,5.2,16,MODERATE,ROUTE-PRIMARY
REQ01954,4.6,15,4.6,15,HEAVY,ROUTE-PRIMARY
REQ01955,1,4,1,4,NORMAL,ROUTE-PRIMARY
REQ01956,0.4,2,0.4,1,NORMAL,ROUTE-PRIMARY
REQ01957,2.7,7,2.7,7,NORMAL,ROUTE-PRIMARY
REQ01958,0.9,3,0.9,3,NORMAL,ROUTE-PRIMARY
REQ01959,6.7,11,6.7,11,MODERATE,ROUTE-PRIMARY
REQ01960,0.2,2,0.2,1,NORMAL,ROUTE-PRIMARY
REQ01961,0.6,2,0.6,2,MODERATE,ROUTE-PRIMARY
REQ01962,1.7,5,1.7,5,MODERATE,ROUTE-PRIMARY
REQ01963,2.6,6,2.6,6,NORMAL,ROUTE-PRIMARY
REQ01964,2.2,6,2.2,6,NORMAL,ROUTE-PRIMARY
REQ01965,1.4,4,1.4,4,MODERATE,ROUTE-PRIMARY
REQ01966,3.5,11,3.5,11,NORMAL,ROUTE-PRIMARY
REQ01967,0.7,2,0.7,2,MODERATE,ROUTE-PRIMARY
REQ01968,1.5,5,1.5,5,NORMAL,ROUTE-PRIMARY
REQ01969,2.9,9,2.9,9,MODERATE,ROUTE-PRIMARY
REQ01970,3.1,10,3.1,10,NORMAL,ROUTE-PRIMARY
REQ01971,2.8,8,2.8,8,NORMAL,ROUTE-PRIMARY
REQ01972,1.3,5,1.3,5,HEAVY,ROUTE-PRIMARY
REQ01973,1.8,5,1.8,5,NORMAL,ROUTE-PRIMARY
REQ01974,0.9,3,0.9,3,MODERATE,ROUTE-PRIMARY
REQ01975,1.3,5,1.3,5,HEAVY,ROUTE-PRIMARY
REQ01976,2.6,6,2.6,6,NORMAL,ROUTE-PRIMARY
REQ01977,3.5,11,3.5,11,MODERATE,ROUTE-PRIMARY
REQ01978,2.1,6,2.1,6,HEAVY,ROUTE-PRIMARY
REQ01979,2,5,2,5,MODERATE,ROUTE-PRIMARY
REQ01980,0.5,2,0.5,1,NORMAL,ROUTE-PRIMARY
REQ01981,1.4,5,1.4,5,NORMAL,ROUTE-PRIMARY
REQ01982,1.6,4,1.6,4,MODERATE,ROUTE-PRIMARY
REQ01983,1.6,6,1.6,6,NORMAL,ROUTE-PRIMARY
REQ01984,0.8,3,0.8,3,NORMAL,ROUTE-PRIMARY
REQ01985,0.9,3,0.9,3,NORMAL,ROUTE-PRIMARY
REQ01986,1.7,5,1.7,5,NORMAL,ROUTE-PRIMARY
REQ01987,0.8,3,0.8,3,HEAVY,ROUTE-PRIMARY
REQ01988,2,5,2,5,NORMAL,ROUTE-PRIMARY
REQ01989,1.5,4,1.5,4,MODERATE,ROUTE-PRIMARY
REQ01990,3.1,7,3.1,7,NORMAL,ROUTE-PRIMARY
REQ01991,1.5,6,1.5,6,NORMAL,ROUTE-PRIMARY
REQ01992,2.3,7,2.3,7,NORMAL,ROUTE-PRIMARY
REQ01993,1.7,4,1.7,4,NORMAL,ROUTE-PRIMARY
REQ01994,2.7,6,2.7,6,NORMAL,ROUTE-PRIMARY
REQ01995,0.9,2,0.9,2,MODERATE,ROUTE-PRIMARY
REQ01996,2.6,7,2.6,7,NORMAL,ROUTE-PRIMARY
REQ01997,1.1,4,1.1,4,MODERATE,ROUTE-PRIMARY
REQ01998,1.7,4,1.7,4,NORMAL,ROUTE-PRIMARY
REQ01999,1.8,6,1.8,5,NORMAL,ROUTE-PRIMARY
REQ02000,2.6,8,2.6,8,MODERATE,ROUTE-PRIMARY
REQ02001,3,9,3,9,NORMAL,ROUTE-PRIMARY
REQ02002,3.7,14,3.7,14,NORMAL,ROUTE-PRIMARY
REQ02003,0.4,2,0.4,1,NORMAL,ROUTE-PRIMARY
REQ02004,2.6,8,2.6,8,MODERATE,ROUTE-PRIMARY
REQ02005,1.7,6,1.7,6,NORMAL,ROUTE-PRIMARY
REQ02006,1.5,6,1.5,6,MODERATE,ROUTE-PRIMARY
REQ02007,2.3,8,2.3,8,NORMAL,ROUTE-PRIMARY
REQ02008,1.9,7,1.9,7,NORMAL,ROUTE-PRIMARY
REQ02009,2.9,9,2.9,9,MODERATE,ROUTE-PRIMARY
REQ02010,2.8,9,2.8,9,MODERATE,ROUTE-PRIMARY
REQ02011,1.6,6,1.6,6,NORMAL,ROUTE-PRIMARY
REQ02012,1.5,5,1.5,5,NORMAL,ROUTE-PRIMARY
REQ02013,2.4,9,2.4,9,MODERATE,ROUTE-PRIMARY
REQ02014,2.7,9,2.7,9,NORMAL,ROUTE-PRIMARY
REQ02015,1.4,4,1.4,4,MODERATE,ROUTE-PRIMARY
REQ02016,1.5,5,1.5,5,MODERATE,ROUTE-PRIMARY
REQ02017,3.2,7,3.2,7,MODERATE,ROUTE-PRIMARY
REQ02018,2,6,2,6,MODERATE,ROUTE-PRIMARY
REQ02019,3.1,9,3.1,9,MODERATE,ROUTE-PRIMARY
REQ02020,1,3,1,3,NORMAL,ROUTE-PRIMARY
REQ02021,2.9,7,2.9,7,MODERATE,ROUTE-PRIMARY
REQ02022,1.6,5,1.6,5,NORMAL,ROUTE-PRIMARY
REQ02023,2.2,6,2.2,6,NORMAL,ROUTE-PRIMARY
REQ02024,1.2,5,1.2,5,MODERATE,ROUTE-PRIMARY
REQ02025,2.4,5,2.4,5,NORMAL,ROUTE-PRIMARY
REQ02026,2.2,6,2.2,6,NORMAL,ROUTE-PRIMARY
REQ02027,1.4,5,1.4,5,NORMAL,ROUTE-PRIMARY
REQ02028,1,4,1,4,MODERATE,ROUTE-PRIMARY
REQ02029,0.6,2,0.6,2,NORMAL,ROUTE-PRIMARY
REQ02030,3,6,3,6,NORMAL,ROUTE-PRIMARY
REQ02031,0.8,3,0.8,3,NORMAL,ROUTE-PRIMARY
REQ02032,6,12,6,12,NORMAL,ROUTE-PRIMARY
REQ02033,4.7,13,4.7,13,NORMAL,ROUTE-PRIMARY
REQ02034,4.5,7,4.5,7,MODERATE,ROUTE-PRIMARY
REQ02035,0.4,2,0.4,1,HEAVY,ROUTE-PRIMARY
REQ02036,1.4,5,1.4,5,MODERATE,ROUTE-PRIMARY
REQ02037,2.5,6,2.5,6,NORMAL,ROUTE-PRIMARY
REQ02038,1.9,7,1.9,7,NORMAL,ROUTE-PRIMARY
REQ02039,14.8,26,14.8,26,NORMAL,ROUTE-PRIMARY
REQ02040,3.5,11,3.5,11,NORMAL,ROUTE-PRIMARY
REQ02041,2.5,9,2.5,9,HEAVY,ROUTE-PRIMARY
REQ02042,5.7,12,5.7,12,NORMAL,ROUTE-PRIMARY
REQ02043,3.4,9,3.4,9,NORMAL,ROUTE-PRIMARY
REQ02044,2.6,6,2.6,6,HEAVY,ROUTE-PRIMARY
REQ02045,0.3,2,0.3,1,NORMAL,ROUTE-PRIMARY
REQ02046,2.3,9,2.3,9,NORMAL,ROUTE-PRIMARY
REQ02047,0.4,2,0.4,1,NORMAL,ROUTE-PRIMARY
REQ02048,0.7,2,0.7,2,MODERATE,ROUTE-PRIMARY
REQ02049,3.3,11,3.3,11,NORMAL,ROUTE-PRIMARY
REQ02050,0.4,2,0.4,1,NORMAL,ROUTE-PRIMARY
REQ02051,1.3,3,1.3,3,NORMAL,ROUTE-PRIMARY
REQ02052,3.1,7,3.1,7,NORMAL,ROUTE-PRIMARY
REQ02053,2.4,8,2.4,8,HEAVY,ROUTE-PRIMARY
REQ02054,1.7,5,1.7,5,NORMAL,ROUTE-PRIMARY
REQ02055,1.9,7,1.9,7,MODERATE,ROUTE-PRIMARY
REQ02056,2.4,8,2.4,8,NORMAL,ROUTE-PRIMARY
REQ02057,16.8,29,16.8,29,MODERATE,ROUTE-PRIMARY
REQ02058,1.2,4,1.2,4,NORMAL,ROUTE-PRIMARY
REQ02059,1.5,6,1.5,6,NORMAL,ROUTE-PRIMARY
REQ02060,1.5,4,1.5,4,NORMAL,ROUTE-PRIMARY
REQ02061,1.5,6,1.5,6,MODERATE,ROUTE-PRIMARY
REQ02062,1,2,1,2,NORMAL,ROUTE-PRIMARY
REQ02063,1.2,4,1.2,4,NORMAL,ROUTE-PRIMARY
REQ02064,3.2,8,3.2,8,NORMAL,ROUTE-PRIMARY
REQ02065,1.8,7,1.8,7,NORMAL,ROUTE-PRIMARY
REQ02066,2.5,5,2.5,5,NORMAL,ROUTE-PRIMARY
REQ02067,2.9,6,2.9,6,NORMAL,ROUTE-PRIMARY
REQ02068,2.8,8,2.8,8,NORMAL,ROUTE-PRIMARY
REQ02069,0.1,2,0.1,1,MODERATE,ROUTE-PRIMARY
REQ02070,1.4,4,1.4,4,NORMAL,ROUTE-PRIMARY
REQ02071,2,6,2,6,HEAVY,ROUTE-PRIMARY
REQ02072,2,6,2,6,NORMAL,ROUTE-PRIMARY
REQ02073,2.9,11,2.9,11,MODERATE,ROUTE-PRIMARY
REQ02074,2.2,6,2.2,5,NORMAL,ROUTE-PRIMARY
REQ02075,1,3,1,3,NORMAL,ROUTE-PRIMARY
REQ02076,1.6,5,1.6,4,MODERATE,ROUTE-PRIMARY
REQ02077,1.5,5,1.5,5,NORMAL,ROUTE-PRIMARY
REQ02078,1.2,3,1.2,3,MODERATE,ROUTE-PRIMARY
REQ02079,1.8,5,1.8,5,NORMAL,ROUTE-PRIMARY
REQ02080,3.2,8,3.2,8,NORMAL,ROUTE-PRIMARY
REQ02081,2.8,8,2.8,8,MODERATE,ROUTE-PRIMARY
REQ02082,1.2,4,1.2,4,NORMAL,ROUTE-PRIMARY
REQ02083,0.6,2,0.6,2,NORMAL,ROUTE-PRIMARY
REQ02084,2.9,9,2.9,9,MODERATE,ROUTE-PRIMARY
REQ02085,4.1,9,4.1,9,MODERATE,ROUTE-PRIMARY
REQ02086,1.3,3,1.3,3,NORMAL,ROUTE-PRIMARY
REQ02087,1.7,5,1.7,5,NORMAL,ROUTE-PRIMARY
REQ02088,1.7,5,1.7,5,MODERATE,ROUTE-PRIMARY
REQ02089,3.7,10,3.7,10,NORMAL,ROUTE-PRIMARY
REQ02090,1.9,5,1.9,5,MODERATE,ROUTE-PRIMARY
REQ02091,3.4,10,3.4,10,MODERATE,ROUTE-PRIMARY
REQ02092,0.4,2,0.4,1,NORMAL,ROUTE-PRIMARY
REQ02093,1.9,5,1.9,5,MODERATE,ROUTE-PRIMARY
REQ02094,2.8,8,2.8,8,MODERATE,ROUTE-PRIMARY
REQ02095,2.2,7,2.2,7,NORMAL,ROUTE-PRIMARY
REQ02096,3,11,3,11,NORMAL,ROUTE-PRIMARY
REQ02097,2.6,5,2.6,5,NORMAL,ROUTE-PRIMARY
REQ02098,1.1,3,1.1,3,HEAVY,ROUTE-PRIMARY
REQ02099,1.9,5,1.9,5,NORMAL,ROUTE-PRIMARY
REQ02100,2.6,7,2.6,7,NORMAL,ROUTE-PRIMARY
REQ02101,2.5,7,2.5,7,HEAVY,ROUTE-PRIMARY
REQ02102,1.3,4,1.3,4,NORMAL,ROUTE-PRIMARY
REQ02103,2.6,6,2.6,6,MODERATE,ROUTE-PRIMARY
REQ02104,4.2,11,4.2,11,HEAVY,ROUTE-PRIMARY
REQ02105,0.8,3,0.8,3,MODERATE,ROUTE-PRIMARY
REQ02106,1.7,5,1.7,5,NORMAL,ROUTE-PRIMARY
REQ02107,2,7,2,7,NORMAL,ROUTE-PRIMARY
REQ02108,3.1,8,3.1,8,MODERATE,ROUTE-PRIMARY
REQ02109,1.9,6,1.9,6,MODERATE,ROUTE-PRIMARY
REQ02110,2.5,9,2.5,9,HEAVY,ROUTE-PRIMARY
REQ02111,3.7,9,3.7,9,NORMAL,ROUTE-PRIMARY
REQ02112,0.7,2,0.7,2,NORMAL,ROUTE-PRIMARY
REQ02113,2.4,5,2.4,5,HEAVY,ROUTE-PRIMARY
REQ02114,2.8,6,2.8,6,MODERATE,ROUTE-PRIMARY
REQ02115,1.7,6,1.7,6,NORMAL,ROUTE-PRIMARY
REQ02116,1.5,5,1.5,5,NORMAL,ROUTE-PRIMARY
REQ02117,2.5,10,2.5,10,MODERATE,ROUTE-PRIMARY
REQ02118,1.2,4,1.2,4,NORMAL,ROUTE-PRIMARY
REQ02119,2.5,6,2.5,6,NORMAL,ROUTE-PRIMARY
REQ02120,0.8,3,0.8,3,NORMAL,ROUTE-PRIMARY
REQ02121,1,3,1,3,MODERATE,ROUTE-PRIMARY
REQ02122,0.4,2,0.4,1,HEAVY,ROUTE-PRIMARY
REQ02123,1.5,5,1.5,5,NORMAL,ROUTE-PRIMARY
REQ02124,1.1,4,1.1,4,MODERATE,ROUTE-PRIMARY
REQ02125,0.6,2,0.6,2,MODERATE,ROUTE-PRIMARY
REQ02126,2.5,6,2.5,6,MODERATE,ROUTE-PRIMARY
REQ02127,1.6,6,1.6,6,MODERATE,ROUTE-PRIMARY
REQ02128,3,8,3,8,NORMAL,ROUTE-PRIMARY
REQ02129,0.7,2,0.7,2,NORMAL,ROUTE-PRIMARY
REQ02130,4.1,13,4.1,13,NORMAL,ROUTE-PRIMARY
REQ02131,2.6,7,2.6,7,NORMAL,ROUTE-PRIMARY
REQ02132,1,3,1,3,NORMAL,ROUTE-PRIMARY
REQ02133,0.6,2,0.6,2,MODERATE,ROUTE-PRIMARY
REQ02134,1.4,3,1.4,3,HEAVY,ROUTE-PRIMARY
REQ02135,3.9,9,3.9,9,MODERATE,ROUTE-PRIMARY
REQ02136,2.7,10,2.7,10,NORMAL,ROUTE-PRIMARY
REQ02137,1,2,1,2,NORMAL,ROUTE-PRIMARY
REQ02138,2.2,8,2.2,8,MODERATE,ROUTE-PRIMARY
REQ02139,0.3,2,0.3,1,NORMAL,ROUTE-PRIMARY
REQ02140,0.8,2,0.8,2,NORMAL,ROUTE-PRIMARY
REQ02141,1.2,4,1.2,4,MODERATE,ROUTE-PRIMARY
REQ02142,1.9,6,1.9,6,NORMAL,ROUTE-PRIMARY
REQ02143,1.7,5,1.7,5,NORMAL,ROUTE-PRIMARY
REQ02144,1.3,3,1.3,3,NORMAL,ROUTE-PRIMARY
REQ02145,0.9,4,0.9,3,NORMAL,ROUTE-PRIMARY
REQ02146,2.3,7,2.3,7,NORMAL,ROUTE-PRIMARY
REQ02147,1.9,5,1.9,5,NORMAL,ROUTE-PRIMARY
REQ02148,2.2,6,2.2,6,MODERATE,ROUTE-PRIMARY
REQ02149,0.7,3,0.7,3,NORMAL,ROUTE-PRIMARY
REQ02150,2.4,9,2.4,9,MODERATE,ROUTE-PRIMARY
REQ02151,2.7,6,2.7,6,NORMAL,ROUTE-PRIMARY
REQ02152,1.4,5,1.4,5,NORMAL,ROUTE-PRIMARY
REQ02153,1.3,4,1.3,4,NORMAL,ROUTE-PRIMARY
REQ02154,1.1,4,1.1,4,MODERATE,ROUTE-PRIMARY
REQ02155,3.4,9,3.4,9,NORMAL,ROUTE-PRIMARY
REQ02156,3.2,11,3.2,11,NORMAL,ROUTE-PRIMARY
REQ02157,2.2,6,2.2,6,NORMAL,ROUTE-PRIMARY
REQ02158,2.5,9,2.5,9,NORMAL,ROUTE-PRIMARY
REQ02159,3.4,10,3.4,10,MODERATE,ROUTE-PRIMARY
REQ02160,1.2,3,1.2,3,NORMAL,ROUTE-PRIMARY
REQ02161,1.5,3,1.5,3,NORMAL,ROUTE-PRIMARY
REQ02162,7.6,18,7.6,18,NORMAL,ROUTE-PRIMARY
REQ02163,3.2,10,3.2,10,NORMAL,ROUTE-PRIMARY
REQ02164,1,3,1,3,NORMAL,ROUTE-PRIMARY
REQ02165,14.3,23,14.3,23,MODERATE,ROUTE-PRIMARY
REQ02166,2.1,7,2.1,7,NORMAL,ROUTE-PRIMARY
REQ02167,3.8,11,3.8,11,NORMAL,ROUTE-PRIMARY
REQ02168,1.4,5,1.4,5,MODERATE,ROUTE-PRIMARY
REQ02169,3.1,8,3.1,8,NORMAL,ROUTE-PRIMARY
REQ02170,2.3,7,2.3,7,HEAVY,ROUTE-PRIMARY
REQ02171,2.6,7,2.6,7,NORMAL,ROUTE-PRIMARY
REQ02172,2.2,6,2.2,6,NORMAL,ROUTE-PRIMARY
REQ02173,2.3,8,2.3,8,HEAVY,ROUTE-PRIMARY
REQ02174,1,4,1,3,NORMAL,ROUTE-PRIMARY
REQ02175,2.1,5,2.1,5,NORMAL,ROUTE-PRIMARY
REQ02176,2.2,4,2.2,4,HEAVY,ROUTE-PRIMARY
REQ02177,2.4,9,2.4,9,MODERATE,ROUTE-PRIMARY
REQ02178,2.9,8,3.1,8,NORMAL,ROUTE-PRIMARY
REQ02179,2.5,6,2.5,6,HEAVY,ROUTE-PRIMARY
REQ02180,1,3,1,3,NORMAL,ROUTE-PRIMARY
REQ02181,16.7,28,16.7,28,MODERATE,ROUTE-PRIMARY
REQ02182,2.3,7,2.3,7,NORMAL,ROUTE-PRIMARY
REQ02183,1.5,4,1.5,4,NORMAL,ROUTE-PRIMARY
REQ02184,1.9,4,1.9,4,MODERATE,ROUTE-PRIMARY
REQ02185,2.7,7,2.7,7,HEAVY,ROUTE-PRIMARY
REQ02186,2.8,9,2.8,9,NORMAL,ROUTE-PRIMARY
REQ02187,0.9,2,0.9,2,MODERATE,ROUTE-PRIMARY
REQ02188,3,9,3,9,NORMAL,ROUTE-PRIMARY
REQ02189,4.4,14,4.4,14,MODERATE,ROUTE-PRIMARY
REQ02190,2.1,5,2.1,5,NORMAL,ROUTE-PRIMARY
REQ02191,1.5,5,1.5,5,NORMAL,ROUTE-PRIMARY
REQ02192,2,7,2,7,NORMAL,ROUTE-PRIMARY
REQ02193,2.6,7,2.6,7,NORMAL,ROUTE-PRIMARY
REQ02194,16.3,28,16.3,28,NORMAL,ROUTE-PRIMARY
REQ02195,2.8,10,2.8,10,NORMAL,ROUTE-PRIMARY
REQ02196,1.5,4,1.5,4,NORMAL,ROUTE-PRIMARY
REQ02197,1.8,4,1.8,4,HEAVY,ROUTE-PRIMARY
REQ02198,2.1,6,2.1,6,NORMAL,ROUTE-PRIMARY
REQ02199,1,3,1,3,NORMAL,ROUTE-PRIMARY
REQ02200,0.9,2,0.9,2,HEAVY,ROUTE-PRIMARY
REQ02201,1.4,5,1.4,5,MODERATE,ROUTE-PRIMARY
REQ02202,1.5,4,1.5,4,NORMAL,ROUTE-PRIMARY
REQ02203,2.6,9,2.6,9,NORMAL,ROUTE-PRIMARY
REQ02204,1.2,4,1.2,4,NORMAL,ROUTE-PRIMARY
REQ02205,2.4,6,2.4,6,NORMAL,ROUTE-PRIMARY
REQ02206,1.5,4,1.5,4,NORMAL,ROUTE-PRIMARY
REQ02207,0.8,3,0.8,3,NORMAL,ROUTE-PRIMARY
REQ02208,2.4,7,2.4,7,MODERATE,ROUTE-PRIMARY
REQ02209,2.3,6,2.3,6,HEAVY,ROUTE-PRIMARY
REQ02210,0.4,2,0.4,1,NORMAL,ROUTE-PRIMARY
REQ02211,1.1,4,1.1,4,NORMAL,ROUTE-PRIMARY
REQ02212,1.5,5,1.5,5,NORMAL,ROUTE-PRIMARY
REQ02213,2.2,8,2.2,8,NORMAL,ROUTE-PRIMARY
REQ02214,1,4,1,4,MODERATE,ROUTE-PRIMARY
REQ02215,3,7,3,7,NORMAL,ROUTE-PRIMARY
REQ02216,3.9,13,3.9,13,NORMAL,ROUTE-PRIMARY
REQ02217,2.2,6,2.2,6,MODERATE,ROUTE-PRIMARY
REQ02218,4.5,12,4.5,12,HEAVY,ROUTE-PRIMARY
REQ02219,2,6,2,5,NORMAL,ROUTE-PRIMARY
REQ02220,1.5,6,1.5,6,NORMAL,ROUTE-PRIMARY
REQ02221,3,8,3,7,HEAVY,ROUTE-PRIMARY
REQ02222,0.8,3,0.8,3,MODERATE,ROUTE-PRIMARY
REQ02223,1.7,5,1.7,5,NORMAL,ROUTE-PRIMARY
REQ02224,2.3,9,2.3,9,HEAVY,ROUTE-PRIMARY
REQ02225,3.7,12,3.7,12,NORMAL,ROUTE-PRIMARY
REQ02226,1.3,3,1.3,3,MODERATE,ROUTE-PRIMARY
REQ02227,0.9,3,0.9,3,NORMAL,ROUTE-PRIMARY
REQ02228,2.7,10,2.7,10,NORMAL,ROUTE-PRIMARY
REQ02229,0.8,2,0.8,2,NORMAL,ROUTE-PRIMARY
REQ02230,2.6,7,2.6,7,HEAVY,ROUTE-PRIMARY
REQ02231,4.1,10,4.1,10,NORMAL,ROUTE-PRIMARY
REQ02232,0.4,2,0.4,1,NORMAL,ROUTE-PRIMARY
REQ02233,1.1,3,1.1,3,HEAVY,ROUTE-PRIMARY
REQ02234,4.3,8,4.3,8,MODERATE,ROUTE-PRIMARY
REQ02235,0.9,3,0.9,3,NORMAL,ROUTE-PRIMARY
REQ02236,1.5,6,1.5,6,NORMAL,ROUTE-PRIMARY
REQ02237,2.6,8,2.6,8,MODERATE,ROUTE-PRIMARY
REQ02238,1.7,5,1.7,5,MODERATE,ROUTE-PRIMARY
REQ02239,3,9,3,9,NORMAL,ROUTE-PRIMARY
REQ02240,2,4,2,4,NORMAL,ROUTE-PRIMARY
REQ02241,1.7,6,1.7,6,NORMAL,ROUTE-PRIMARY
REQ02242,0.6,2,0.6,2,NORMAL,ROUTE-PRIMARY
REQ02243,0.9,2,0.9,2,NORMAL,ROUTE-PRIMARY
REQ02244,1.1,4,1.1,4,NORMAL,ROUTE-PRIMARY
REQ02245,1.5,3,1.5,3,MODERATE,ROUTE-PRIMARY
REQ02246,2.5,8,2.5,8,NORMAL,ROUTE-PRIMARY
REQ02247,0.8,2,0.8,2,NORMAL,ROUTE-PRIMARY
REQ02248,2.1,7,2.1,7,NORMAL,ROUTE-PRIMARY
REQ02249,1.8,5,1.8,5,MODERATE,ROUTE-PRIMARY
REQ02250,2.2,7,2.2,7,NORMAL,ROUTE-PRIMARY
REQ02251,2.5,7,2.5,7,NORMAL,ROUTE-PRIMARY
REQ02252,6.1,12,6.1,12,MODERATE,ROUTE-PRIMARY
REQ02253,2.3,9,2.3,9,NORMAL,ROUTE-PRIMARY
REQ02254,0.6,2,0.6,2,NORMAL,ROUTE-PRIMARY
REQ02255,0.3,2,0.3,1,MODERATE,ROUTE-PRIMARY
REQ02256,0.5,2,0.5,2,MODERATE,ROUTE-PRIMARY
REQ02257,1.7,5,1.7,5,HEAVY,ROUTE-PRIMARY
REQ02258,1.8,7,1.8,7,NORMAL,ROUTE-PRIMARY
REQ02259,2.2,5,2.2,5,NORMAL,ROUTE-PRIMARY
REQ02260,2.6,9,2.6,9,NORMAL,ROUTE-PRIMARY
REQ02261,2.9,10,2.9,10,MODERATE,ROUTE-PRIMARY
REQ02262,0.9,3,0.9,3,NORMAL,ROUTE-PRIMARY
REQ02263,0.3,2,0.3,1,NORMAL,ROUTE-PRIMARY
REQ02264,14.9,24,14.9,24,NORMAL,ROUTE-PRIMARY
REQ02265,3.4,9,3.4,9,MODERATE,ROUTE-PRIMARY
REQ02266,1.7,5,1.7,5,NORMAL,ROUTE-PRIMARY
REQ02267,2,5,2,5,MODERATE,ROUTE-PRIMARY
REQ02268,1.8,5,1.8,5,NORMAL,ROUTE-PRIMARY
REQ02269,1.5,5,1.5,5,NORMAL,ROUTE-PRIMARY
REQ02270,2.2,6,2.2,6,MODERATE,ROUTE-PRIMARY
REQ02271,1.2,4,1.2,4,MODERATE,ROUTE-PRIMARY
REQ02272,1.5,5,1.5,5,HEAVY,ROUTE-PRIMARY
REQ02273,2.2,6,2.2,6,NORMAL,ROUTE-PRIMARY
REQ02274,0.9,3,0.9,3,NORMAL,ROUTE-PRIMARY
REQ02275,1.8,5,1.8,5,NORMAL,ROUTE-PRIMARY
REQ02276,2.4,6,2.4,6,NORMAL,ROUTE-PRIMARY
REQ02277,2.1,8,2.1,8,MODERATE,ROUTE-PRIMARY
REQ02278,2,7,2,7,NORMAL,ROUTE-PRIMARY
REQ02279,3.4,8,3.4,8,MODERATE,ROUTE-PRIMARY
REQ02280,1.7,4,1.7,4,MODERATE,ROUTE-PRIMARY
REQ02281,15.6,27,15.6,27,MODERATE,ROUTE-PRIMARY
REQ02282,3,7,3,7,NORMAL,ROUTE-PRIMARY
REQ02283,2.5,7,2.5,7,NORMAL,ROUTE-PRIMARY
REQ02284,2.3,6,2.3,6,NORMAL,ROUTE-PRIMARY
REQ02285,1.4,4,1.4,4,MODERATE,ROUTE-PRIMARY
REQ02286,0.8,2,0.8,2,MODERATE,ROUTE-PRIMARY
REQ02287,1.8,5,1.8,5,NORMAL,ROUTE-PRIMARY
REQ02288,6.2,15,6.2,15,NORMAL,ROUTE-PRIMARY
REQ02289,2.5,8,2.5,8,NORMAL,ROUTE-PRIMARY
REQ02290,1.1,3,1.1,3,NORMAL,ROUTE-PRIMARY
REQ02291,2.2,8,2.2,8,MODERATE,ROUTE-PRIMARY
REQ02292,2.7,7,2.7,7,MODERATE,ROUTE-PRIMARY
REQ02293,3.6,11,3.6,11,MODERATE,ROUTE-PRIMARY
REQ02294,1.3,4,1.3,4,NORMAL,ROUTE-PRIMARY
REQ02295,2.3,7,2.3,7,NORMAL,ROUTE-PRIMARY
REQ02296,0.7,3,0.7,2,NORMAL,ROUTE-PRIMARY
REQ02297,1.5,5,1.5,5,NORMAL,ROUTE-PRIMARY
REQ02298,1.4,5,1.4,5,NORMAL,ROUTE-PRIMARY
REQ02299,1.7,4,1.7,4,NORMAL,ROUTE-PRIMARY
REQ02300,2.6,8,2.6,8,NORMAL,ROUTE-PRIMARY
REQ02301,2.9,8,2.9,8,MODERATE,ROUTE-PRIMARY
REQ02302,1,3,1,3,NORMAL,ROUTE-PRIMARY
REQ02303,2.9,8,2.9,8,NORMAL,ROUTE-PRIMARY
REQ02304,0.6,2,0.6,2,MODERATE,ROUTE-PRIMARY
REQ02305,4,11,4,11,HEAVY,ROUTE-PRIMARY
REQ02306,1.1,4,1.1,4,MODERATE,ROUTE-PRIMARY
REQ02307,2.9,9,2.9,9,NORMAL,ROUTE-PRIMARY
REQ02308,2.4,5,2.4,5,HEAVY,ROUTE-PRIMARY
REQ02309,1.8,5,1.8,5,MODERATE,ROUTE-PRIMARY
REQ02310,0.8,3,0.8,3,NORMAL,ROUTE-PRIMARY
REQ02311,1.9,6,1.9,6,NORMAL,ROUTE-PRIMARY
REQ02312,2.6,8,2.6,7,NORMAL,ROUTE-PRIMARY
REQ02313,0.9,2,0.9,2,NORMAL,ROUTE-PRIMARY
REQ02314,3,10,3,10,NORMAL,ROUTE-PRIMARY
REQ02315,1.5,4,1.5,4,MODERATE,ROUTE-PRIMARY
REQ02316,2.5,8,2.5,8,NORMAL,ROUTE-PRIMARY
REQ02317,3.3,10,3.3,10,NORMAL,ROUTE-PRIMARY
REQ02318,2.6,8,2.6,8,NORMAL,ROUTE-PRIMARY
REQ02319,2,5,2,5,NORMAL,ROUTE-PRIMARY
REQ02320,1.8,6,1.8,5,HEAVY,ROUTE-PRIMARY
REQ02321,2.5,9,2.5,9,NORMAL,ROUTE-PRIMARY
REQ02322,3.9,10,3.9,10,NORMAL,ROUTE-PRIMARY
REQ02323,0.5,2,0.5,2,NORMAL,ROUTE-PRIMARY
REQ02324,1.7,6,1.7,6,NORMAL,ROUTE-PRIMARY
REQ02325,2.4,9,2.4,9,MODERATE,ROUTE-PRIMARY
REQ02326,2.5,7,2.5,7,HEAVY,ROUTE-PRIMARY
REQ02327,1.4,5,1.4,5,NORMAL,ROUTE-PRIMARY
REQ02328,1.7,4,1.7,4,NORMAL,ROUTE-PRIMARY
REQ02329,0.9,3,0.9,3,NORMAL,ROUTE-PRIMARY
REQ02330,4.2,14,4.2,14,NORMAL,ROUTE-PRIMARY
REQ02331,1.3,4,1.3,4,MODERATE,ROUTE-PRIMARY
REQ02332,1.8,7,1.8,7,NORMAL,ROUTE-PRIMARY
REQ02333,3,7,3,7,MODERATE,ROUTE-PRIMARY
REQ02334,1.6,4,1.6,4,MODERATE,ROUTE-PRIMARY
REQ02335,0.9,2,0.9,2,NORMAL,ROUTE-PRIMARY
REQ02336,2,6,2,6,NORMAL,ROUTE-PRIMARY
REQ02337,2.7,6,2.7,6,NORMAL,ROUTE-PRIMARY
REQ02338,1.3,3,1.3,3,HEAVY,ROUTE-PRIMARY
REQ02339,1.2,5,1.2,4,MODERATE,ROUTE-PRIMARY
REQ02340,0.5,2,0.5,1,NORMAL,ROUTE-PRIMARY
REQ02341,2.5,7,2.5,7,HEAVY,ROUTE-PRIMARY
REQ02342,3.3,11,3.3,11,NORMAL,ROUTE-PRIMARY
REQ02343,2.4,7,2.4,7,MODERATE,ROUTE-PRIMARY
REQ02344,1.1,3,1.1,3,NORMAL,ROUTE-PRIMARY
REQ02345,1.7,5,1.7,5,NORMAL,ROUTE-PRIMARY
REQ02346,0.8,2,0.8,2,NORMAL,ROUTE-PRIMARY
REQ02347,2.3,8,2.3,8,NORMAL,ROUTE-PRIMARY
REQ02348,2,7,2,7,NORMAL,ROUTE-PRIMARY
REQ02349,3.3,11,3.3,11,NORMAL,ROUTE-PRIMARY
REQ02350,2.4,9,2.4,9,NORMAL,ROUTE-PRIMARY
REQ02351,1.5,4,1.5,4,NORMAL,ROUTE-PRIMARY
REQ02352,1.4,4,1.4,4,NORMAL,ROUTE-PRIMARY
REQ02353,5.5,11,5.5,11,HEAVY,ROUTE-PRIMARY
REQ02354,0.4,2,0.4,1,MODERATE,ROUTE-PRIMARY
REQ02355,6.5,12,6.5,12,NORMAL,ROUTE-PRIMARY
REQ02356,2.3,5,2.3,5,NORMAL,ROUTE-PRIMARY
REQ02357,17.9,34,17.9,34,NORMAL,ROUTE-PRIMARY
REQ02358,1.7,6,1.7,6,MODERATE,ROUTE-PRIMARY
REQ02359,2.8,10,2.8,10,NORMAL,ROUTE-PRIMARY
REQ02360,15.2,25,15.2,25,NORMAL,ROUTE-PRIMARY
REQ02361,1.2,4,1.2,4,MODERATE,ROUTE-PRIMARY
REQ02362,3,11,3,11,HEAVY,ROUTE-PRIMARY
REQ02363,2.7,7,2.7,7,NORMAL,ROUTE-PRIMARY
REQ02364,1.9,6,1.9,6,NORMAL,ROUTE-PRIMARY
REQ02365,0.7,2,0.7,2,HEAVY,ROUTE-PRIMARY
REQ02366,3.7,9,3.7,9,MODERATE,ROUTE-PRIMARY
REQ02367,0.9,2,0.9,2,NORMAL,ROUTE-PRIMARY
REQ02368,3.3,9,3.3,9,NORMAL,ROUTE-PRIMARY
REQ02369,1.6,4,1.6,4,MODERATE,ROUTE-PRIMARY
REQ02370,1.2,3,1.2,3,NORMAL,ROUTE-PRIMARY
REQ02371,2.3,7,2.3,7,NORMAL,ROUTE-PRIMARY
REQ02372,1.6,5,1.6,5,MODERATE,ROUTE-PRIMARY
REQ02373,2.2,7,2.2,7,NORMAL,ROUTE-PRIMARY
REQ02374,1.2,4,1.2,4,NORMAL,ROUTE-PRIMARY
REQ02375,2,6,2,6,NORMAL,ROUTE-PRIMARY
REQ02376,2.2,6,2.2,6,NORMAL,ROUTE-PRIMARY
REQ02377,0.4,2,0.4,1,NORMAL,ROUTE-PRIMARY
REQ02378,1.7,5,1.7,5,MODERATE,ROUTE-PRIMARY
REQ02379,1.3,5,1.3,5,NORMAL,ROUTE-PRIMARY
REQ02380,1,4,1,4,NORMAL,ROUTE-PRIMARY
REQ02381,0.7,2,0.7,2,MODERATE,ROUTE-PRIMARY
REQ02382,1.3,5,1.3,5,MODERATE,ROUTE-PRIMARY
REQ02383,0.4,2,0.4,1,NORMAL,ROUTE-PRIMARY
REQ02384,1,3,1,3,NORMAL,ROUTE-PRIMARY
REQ02385,1.1,3,1.1,3,NORMAL,ROUTE-PRIMARY
REQ02386,2.3,7,2.3,7,NORMAL,ROUTE-PRIMARY
REQ02387,1.1,3,1.1,3,NORMAL,ROUTE-PRIMARY
REQ02388,1.3,2,1.3,2,NORMAL,ROUTE-PRIMARY
REQ02389,2.7,9,2.7,9,MODERATE,ROUTE-PRIMARY
REQ02390,1.5,4,1.5,4,NORMAL,ROUTE-PRIMARY
REQ02391,2.6,8,2.6,8,NORMAL,ROUTE-PRIMARY
REQ02392,1.4,4,1.4,4,NORMAL,ROUTE-PRIMARY
REQ02393,2.3,7,2.3,7,MODERATE,ROUTE-PRIMARY
REQ02394,2.1,3,2.1,3,NORMAL,ROUTE-PRIMARY
REQ02395,1.2,3,1.2,3,HEAVY,ROUTE-PRIMARY
REQ02396,1,4,1,4,NORMAL,ROUTE-PRIMARY
REQ02397,1.8,4,1.8,4,MODERATE,ROUTE-PRIMARY
REQ02398,1.7,6,1.7,6,HEAVY,ROUTE-PRIMARY
REQ02399,2.8,5,2.8,5,MODERATE,ROUTE-PRIMARY
REQ02400,1.8,3,1.8,3,NORMAL,ROUTE-PRIMARY
REQ02401,1.8,6,1.8,6,NORMAL,ROUTE-PRIMARY
REQ02402,1.7,6,1.7,6,NORMAL,ROUTE-PRIMARY
REQ02403,4.3,9,4.3,9,MODERATE,ROUTE-PRIMARY
REQ02404,1.6,4,1.6,4,HEAVY,ROUTE-PRIMARY
REQ02405,1.9,7,1.9,7,MODERATE,ROUTE-PRIMARY
REQ02406,0.8,3,0.8,3,NORMAL,ROUTE-PRIMARY
REQ02407,2.4,6,2.4,6,HEAVY,ROUTE-PRIMARY
REQ02408,2.9,10,2.9,10,MODERATE,ROUTE-PRIMARY
REQ02409,1.1,4,1.1,4,MODERATE,ROUTE-PRIMARY
REQ02410,1.7,5,1.7,5,HEAVY,ROUTE-PRIMARY
REQ02411,1.2,3,1.2,3,NORMAL,ROUTE-PRIMARY
REQ02412,0.8,3,0.8,3,NORMAL,ROUTE-PRIMARY
REQ02413,2.5,8,2.5,8,HEAVY,ROUTE-PRIMARY
REQ02414,3.2,8,3.2,8,MODERATE,ROUTE-PRIMARY
REQ02415,1.2,4,1.2,4,NORMAL,ROUTE-PRIMARY
REQ02416,1.3,3,1.3,3,NORMAL,ROUTE-PRIMARY
REQ02417,4.4,8,4.4,8,MODERATE,ROUTE-PRIMARY
REQ02418,0.2,2,0.2,1,NORMAL,ROUTE-PRIMARY
REQ02419,1.1,3,1.1,3,NORMAL,ROUTE-PRIMARY
REQ02420,2.8,5,2.8,5,MODERATE,ROUTE-PRIMARY
REQ02421,1.3,5,1.3,5,NORMAL,ROUTE-PRIMARY
REQ02422,1.6,5,1.6,5,NORMAL,ROUTE-PRIMARY
REQ02423,2.9,11,2.9,11,NORMAL,ROUTE-PRIMARY
REQ02424,1.7,5,1.7,5,MODERATE,ROUTE-PRIMARY
REQ02425,2.9,7,2.9,7,NORMAL,ROUTE-PRIMARY
REQ02426,0.9,2,0.9,2,MODERATE,ROUTE-PRIMARY
REQ02427,1.6,5,1.6,5,NORMAL,ROUTE-PRIMARY
REQ02428,1.8,7,1.8,7,HEAVY,ROUTE-PRIMARY
REQ02429,3.3,6,3.3,6,MODERATE,ROUTE-PRIMARY
REQ02430,1.1,3,1.1,3,NORMAL,ROUTE-PRIMARY
REQ02431,2.6,6,2.6,6,NORMAL,ROUTE-PRIMARY
REQ02432,2.7,7,2.7,7,NORMAL,ROUTE-PRIMARY
REQ02433,3.3,11,3.3,11,MODERATE,ROUTE-PRIMARY
REQ02434,2.3,8,2.3,8,NORMAL,ROUTE-PRIMARY
REQ02435,2.3,9,2.3,9,NORMAL,ROUTE-PRIMARY
REQ02436,3.4,10,3.4,10,NORMAL,ROUTE-PRIMARY
REQ02437,1.9,4,1.9,4,MODERATE,ROUTE-PRIMARY
REQ02438,2.8,5,2.8,5,MODERATE,ROUTE-PRIMARY
REQ02439,1.3,3,1.3,3,MODERATE,ROUTE-PRIMARY
REQ02440,0.6,2,0.6,2,NORMAL,ROUTE-PRIMARY
REQ02441,2.1,5,2.1,4,NORMAL,ROUTE-PRIMARY
REQ02442,1.6,6,1.6,6,NORMAL,ROUTE-PRIMARY
REQ02443,2.8,9,2.8,9,NORMAL,ROUTE-PRIMARY
REQ02444,3.9,12,3.9,12,NORMAL,ROUTE-PRIMARY
REQ02445,0.4,2,0.4,1,MODERATE,ROUTE-PRIMARY
REQ02446,1.9,5,1.9,5,NORMAL,ROUTE-PRIMARY
REQ02447,2.9,7,2.9,7,NORMAL,ROUTE-PRIMARY
REQ02448,2.6,8,2.6,7,MODERATE,ROUTE-PRIMARY
REQ02449,1.6,5,1.6,5,HEAVY,ROUTE-PRIMARY
REQ02450,2.8,9,2.8,9,NORMAL,ROUTE-PRIMARY
REQ02451,0.6,2,0.6,2,NORMAL,ROUTE-PRIMARY
REQ02452,4.3,12,4.3,12,NORMAL,ROUTE-PRIMARY
REQ02453,2.5,8,2.5,8,MODERATE,ROUTE-PRIMARY
REQ02454,4.7,8,4.7,8,NORMAL,ROUTE-PRIMARY
REQ02455,0.5,2,0.5,2,NORMAL,ROUTE-PRIMARY
REQ02456,1.5,5,1.5,5,MODERATE,ROUTE-PRIMARY
REQ02457,1.6,6,1.6,5,NORMAL,ROUTE-PRIMARY
REQ02458,1.9,5,1.9,5,NORMAL,ROUTE-PRIMARY
REQ02459,1.9,4,1.9,4,NORMAL,ROUTE-PRIMARY
REQ02460,3.5,8,3.5,8,NORMAL,ROUTE-PRIMARY
REQ02461,1.2,4,1.2,4,NORMAL,ROUTE-PRIMARY
REQ02462,3.2,11,3.2,11,MODERATE,ROUTE-PRIMARY
REQ02463,1.8,6,1.8,6,NORMAL,ROUTE-PRIMARY
REQ02464,2,7,2,7,NORMAL,ROUTE-PRIMARY
REQ02465,0.6,2,0.6,1,MODERATE,ROUTE-PRIMARY
REQ02466,2.1,5,2.1,5,NORMAL,ROUTE-PRIMARY
REQ02467,3.3,10,3.3,10,NORMAL,ROUTE-PRIMARY
REQ02468,1,3,1,3,MODERATE,ROUTE-PRIMARY
REQ02469,2.6,9,2.6,9,NORMAL,ROUTE-PRIMARY
REQ02470,2.4,8,2.4,8,HEAVY,ROUTE-PRIMARY
REQ02471,1.9,7,1.9,7,MODERATE,ROUTE-PRIMARY
REQ02472,1.9,7,1.9,7,MODERATE,ROUTE-PRIMARY
REQ02473,2.9,11,2.9,11,MODERATE,ROUTE-PRIMARY
REQ02474,1.6,5,1.6,5,NORMAL,ROUTE-PRIMARY
REQ02475,2.5,6,2.5,6,NORMAL,ROUTE-PRIMARY
REQ02476,14.8,26,14.8,26,NORMAL,ROUTE-PRIMARY
REQ02477,2.7,9,2.7,9,NORMAL,ROUTE-PRIMARY
REQ02478,2,5,2,5,NORMAL,ROUTE-PRIMARY
REQ02479,3,7,3,7,HEAVY,ROUTE-PRIMARY
REQ02480,1.6,5,1.6,5,MODERATE,ROUTE-PRIMARY
REQ02481,0.6,2,0.6,2,NORMAL,ROUTE-PRIMARY
REQ02482,3.3,9,3.3,9,NORMAL,ROUTE-PRIMARY
REQ02483,2.6,6,2.6,6,MODERATE,ROUTE-PRIMARY
REQ02484,2.5,4,2.5,4,NORMAL,ROUTE-PRIMARY
REQ02485,0.8,3,0.8,3,HEAVY,ROUTE-PRIMARY
REQ02486,1.5,4,1.5,4,MODERATE,ROUTE-PRIMARY
REQ02487,3.2,8,3.2,8,NORMAL,ROUTE-PRIMARY
REQ02488,2.8,7,2.8,7,NORMAL,ROUTE-PRIMARY
REQ02489,0.3,2,0.3,1,NORMAL,ROUTE-PRIMARY
REQ02490,1.1,4,1.1,4,NORMAL,ROUTE-PRIMARY
REQ02491,3,9,3,9,NORMAL,ROUTE-PRIMARY
REQ02492,1.9,6,1.9,6,MODERATE,ROUTE-PRIMARY
REQ02493,1,3,1,3,NORMAL,ROUTE-PRIMARY
REQ02494,2.4,7,2.4,7,HEAVY,ROUTE-PRIMARY
REQ02495,2.2,6,2.2,6,NORMAL,ROUTE-PRIMARY
REQ02496,1.1,3,1.1,3,NORMAL,ROUTE-PRIMARY
REQ02497,1.2,3,1.2,3,NORMAL,ROUTE-PRIMARY
REQ02498,1.2,3,1.2,3,NORMAL,ROUTE-PRIMARY
REQ02499,1.1,3,1.1,3,NORMAL,ROUTE-PRIMARY
REQ02500,4.3,12,4.3,12,HEAVY,ROUTE-PRIMARY
REQ02501,2.8,8,2.8,8,NORMAL,ROUTE-PRIMARY
REQ02502,1.9,5,1.9,5,NORMAL,ROUTE-PRIMARY
REQ02503,1.5,6,1.5,6,NORMAL,ROUTE-PRIMARY
REQ02504,1.6,5,1.6,5,MODERATE,ROUTE-PRIMARY
REQ02505,2.2,7,2.2,7,MODERATE,ROUTE-PRIMARY
REQ02506,6.4,11,6.4,10,NORMAL,ROUTE-PRIMARY
REQ02507,3.3,10,3.3,10,MODERATE,ROUTE-PRIMARY
REQ02508,1.7,5,1.7,5,NORMAL,ROUTE-PRIMARY
REQ02509,0.5,2,0.5,2,MODERATE,ROUTE-PRIMARY
REQ02510,2,8,2,8,NORMAL,ROUTE-PRIMARY
REQ02511,2,8,2,7,NORMAL,ROUTE-PRIMARY
REQ02512,3.1,10,3.1,10,NORMAL,ROUTE-PRIMARY
REQ02513,1.1,3,1.1,3,MODERATE,ROUTE-PRIMARY
REQ02514,2.1,6,2.1,6,NORMAL,ROUTE-PRIMARY
REQ02515,1.8,4,1.8,4,NORMAL,ROUTE-PRIMARY
REQ02516,2.5,6,2.5,6,MODERATE,ROUTE-PRIMARY
REQ02517,1.3,3,1.3,3,MODERATE,ROUTE-PRIMARY
REQ02518,1.8,6,1.8,6,HEAVY,ROUTE-PRIMARY
REQ02519,3,10,3,10,NORMAL,ROUTE-PRIMARY
REQ02520,0.7,2,0.7,2,MODERATE,ROUTE-PRIMARY
REQ02521,1.9,6,1.9,6,MODERATE,ROUTE-PRIMARY
REQ02522,2.1,8,2.1,8,NORMAL,ROUTE-PRIMARY
REQ02523,4.1,9,4.1,9,MODERATE,ROUTE-PRIMARY
REQ02524,1.8,4,1.8,4,HEAVY,ROUTE-PRIMARY
REQ02525,2.9,9,2.9,9,MODERATE,ROUTE-PRIMARY
REQ02526,2.3,6,2.3,6,MODERATE,ROUTE-PRIMARY
REQ02527,0.9,3,0.9,3,NORMAL,ROUTE-PRIMARY
REQ02528,0.2,2,0.2,1,NORMAL,ROUTE-PRIMARY
REQ02529,1.1,4,1.1,4,MODERATE,ROUTE-PRIMARY
REQ02530,2.7,7,2.7,7,HEAVY,ROUTE-PRIMARY
REQ02531,1.1,3,1.1,3,NORMAL,ROUTE-PRIMARY
REQ02532,13.7,23,13.7,23,NORMAL,ROUTE-PRIMARY
REQ02533,3.2,8,3.2,8,NORMAL,ROUTE-PRIMARY
REQ02534,0.8,2,0.8,2,NORMAL,ROUTE-PRIMARY
REQ02535,2.6,8,2.6,8,NORMAL,ROUTE-PRIMARY
REQ02536,0.9,2,0.9,2,NORMAL,ROUTE-PRIMARY
REQ02537,1.3,3,1.3,3,MODERATE,ROUTE-PRIMARY
REQ02538,1.1,4,1.1,4,NORMAL,ROUTE-PRIMARY
REQ02539,1.6,4,1.6,4,NORMAL,ROUTE-PRIMARY
REQ02540,1,3,1,3,NORMAL,ROUTE-PRIMARY
REQ02541,0.9,3,0.9,2,NORMAL,ROUTE-PRIMARY
REQ02542,3,9,3,9,NORMAL,ROUTE-PRIMARY
REQ02543,3.4,10,3.4,10,NORMAL,ROUTE-PRIMARY
REQ02544,1,3,1,3,NORMAL,ROUTE-PRIMARY
REQ02545,1.3,5,1.3,5,NORMAL,ROUTE-PRIMARY
REQ02546,2,5,2,5,MODERATE,ROUTE-PRIMARY
REQ02547,1.6,4,1.6,4,NORMAL,ROUTE-PRIMARY
REQ02548,0.6,2,0.6,2,NORMAL,ROUTE-PRIMARY
REQ02549,1.5,5,1.5,5,NORMAL,ROUTE-PRIMARY
REQ02550,1.7,5,1.7,5,MODERATE,ROUTE-PRIMARY
REQ02551,2.9,10,2.9,10,NORMAL,ROUTE-PRIMARY
REQ02552,2.5,6,2.5,6,NORMAL,ROUTE-PRIMARY
REQ02553,1.8,6,1.8,6,NORMAL,ROUTE-PRIMARY
REQ02554,1.9,5,1.9,5,HEAVY,ROUTE-PRIMARY
REQ02555,2.6,6,2.6,6,MODERATE,ROUTE-PRIMARY
REQ02556,0.6,2,0.6,2,MODERATE,ROUTE-PRIMARY
REQ02557,1.6,6,1.6,6,HEAVY,ROUTE-PRIMARY
REQ02558,2.9,9,2.9,9,NORMAL,ROUTE-PRIMARY
REQ02559,5.1,11,5.1,11,MODERATE,ROUTE-PRIMARY
REQ02560,1.8,6,1.9,6,HEAVY,ROUTE-PRIMARY
REQ02561,1.8,4,1.8,4,MODERATE,ROUTE-PRIMARY
REQ02562,4.2,11,4.2,10,MODERATE,ROUTE-PRIMARY
REQ02563,1.4,4,1.4,4,NORMAL,ROUTE-PRIMARY
REQ02564,3.2,9,3.2,9,NORMAL,ROUTE-PRIMARY
REQ02565,0.8,3,0.8,3,MODERATE,ROUTE-PRIMARY
REQ02566,2.8,7,2.8,7,NORMAL,ROUTE-PRIMARY
REQ02567,1.1,3,1.1,3,NORMAL,ROUTE-PRIMARY
REQ02568,0.6,2,0.6,2,NORMAL,ROUTE-PRIMARY
REQ02569,2.4,4,2.4,4,MODERATE,ROUTE-PRIMARY
REQ02570,2.3,7,2.3,7,NORMAL,ROUTE-PRIMARY
REQ02571,3.3,10,3.3,10,NORMAL,ROUTE-PRIMARY
REQ02572,2.4,9,2.4,9,NORMAL,ROUTE-PRIMARY
REQ02573,0.4,2,0.4,1,MODERATE,ROUTE-PRIMARY
REQ02574,0.6,2,0.6,2,MODERATE,ROUTE-PRIMARY
REQ02575,2.6,5,2.6,5,HEAVY,ROUTE-PRIMARY
REQ02576,4.1,11,4.1,11,NORMAL,ROUTE-PRIMARY
REQ02577,2.4,8,2.4,8,NORMAL,ROUTE-PRIMARY
REQ02578,1.9,6,1.9,6,NORMAL,ROUTE-PRIMARY
REQ02579,3.4,8,3.4,8,NORMAL,ROUTE-PRIMARY
REQ02580,2.1,8,2.1,8,MODERATE,ROUTE-PRIMARY
REQ02581,1,3,1,3,NORMAL,ROUTE-PRIMARY
REQ02582,2,7,2,7,NORMAL,ROUTE-PRIMARY
REQ02583,1.4,4,1.4,4,MODERATE,ROUTE-PRIMARY
REQ02584,1.6,5,1.6,5,NORMAL,ROUTE-PRIMARY
REQ02585,1.9,5,1.9,5,NORMAL,ROUTE-PRIMARY
REQ02586,1.2,3,1.2,3,NORMAL,ROUTE-PRIMARY
REQ02587,2.6,8,2.6,8,NORMAL,ROUTE-PRIMARY
REQ02588,1.2,4,1.2,4,NORMAL,ROUTE-PRIMARY
REQ02589,2.5,7,2.5,7,MODERATE,ROUTE-PRIMARY
REQ02590,1.5,4,1.5,4,HEAVY,ROUTE-PRIMARY
REQ02591,3.3,10,3.3,10,MODERATE,ROUTE-PRIMARY
REQ02592,2.2,8,2.2,8,NORMAL,ROUTE-PRIMARY
REQ02593,2.3,6,2.3,6,NORMAL,ROUTE-PRIMARY
REQ02594,2.9,7,2.9,7,NORMAL,ROUTE-PRIMARY
REQ02595,2.9,9,2.9,9,NORMAL,ROUTE-PRIMARY
REQ02596,2.9,9,2.9,9,NORMAL,ROUTE-PRIMARY
REQ02597,0.4,2,0.4,1,MODERATE,ROUTE-PRIMARY
REQ02598,3.4,10,3.4,9,MODERATE,ROUTE-PRIMARY
REQ02599,3.8,7,3.8,7,NORMAL,ROUTE-PRIMARY
REQ02600,1.2,3,1.2,3,MODERATE,ROUTE-PRIMARY
REQ02601,0.6,2,0.6,2,MODERATE,ROUTE-PRIMARY
REQ02602,1.6,4,1.6,4,HEAVY,ROUTE-PRIMARY
REQ02603,1.1,3,1.1,3,MODERATE,ROUTE-PRIMARY
REQ02604,1.9,7,1.9,6,NORMAL,ROUTE-PRIMARY
REQ02605,2.8,7,2.8,7,HEAVY,ROUTE-PRIMARY
REQ02606,1.3,4,1.3,4,NORMAL,ROUTE-PRIMARY
REQ02607,1,2,1,2,MODERATE,ROUTE-PRIMARY
REQ02608,2.2,7,2.2,7,NORMAL,ROUTE-PRIMARY
REQ02609,1.1,4,1.1,4,NORMAL,ROUTE-PRIMARY
REQ02610,1.6,4,1.6,4,NORMAL,ROUTE-PRIMARY
REQ02611,1.1,3,1.1,3,NORMAL,ROUTE-PRIMARY
REQ02612,1.1,3,1.1,3,NORMAL,ROUTE-PRIMARY
REQ02613,2.6,7,2.6,7,MODERATE,ROUTE-PRIMARY
REQ02614,1.9,5,1.9,5,NORMAL,ROUTE-PRIMARY
REQ02615,1.7,6,1.7,6,NORMAL,ROUTE-PRIMARY
REQ02616,1.5,4,1.5,4,NORMAL,ROUTE-PRIMARY
REQ02617,2.2,8,2.2,8,NORMAL,ROUTE-PRIMARY
REQ02618,1.8,5,1.8,5,NORMAL,ROUTE-PRIMARY
REQ02619,1,3,1,3,NORMAL,ROUTE-PRIMARY
REQ02620,1.9,6,1.9,6,NORMAL,ROUTE-PRIMARY
REQ02621,5.5,11,5.5,11,MODERATE,ROUTE-PRIMARY
REQ02622,1.9,7,1.9,7,MODERATE,ROUTE-PRIMARY
REQ02623,1.3,4,1.3,4,NORMAL,ROUTE-PRIMARY
REQ02624,2.2,7,2.2,7,NORMAL,ROUTE-PRIMARY
REQ02625,2.2,6,2.2,6,MODERATE,ROUTE-PRIMARY
REQ02626,1.1,3,1.1,3,HEAVY,ROUTE-PRIMARY
REQ02627,2.9,9,2.9,9,NORMAL,ROUTE-PRIMARY
REQ02628,2,8,2,8,NORMAL,ROUTE-PRIMARY
REQ02629,2.3,5,2.3,5,NORMAL,ROUTE-PRIMARY
REQ02630,3.5,10,3.5,10,NORMAL,ROUTE-PRIMARY
REQ02631,0.5,2,0.5,2,NORMAL,ROUTE-PRIMARY
REQ02632,1.4,5,1.4,5,NORMAL,ROUTE-PRIMARY
REQ02633,1.2,3,1.2,3,NORMAL,ROUTE-PRIMARY
REQ02634,2.2,6,2.2,6,NORMAL,ROUTE-PRIMARY
REQ02635,3.2,9,3.2,9,NORMAL,ROUTE-PRIMARY
REQ02636,4.2,13,4.2,13,MODERATE,ROUTE-PRIMARY
REQ02637,1.1,4,1.1,4,NORMAL,ROUTE-PRIMARY
REQ02638,0.8,3,0.8,3,HEAVY,ROUTE-PRIMARY
REQ02639,2.3,4,2.3,4,NORMAL,ROUTE-PRIMARY
REQ02640,4.2,12,4.2,12,MODERATE,ROUTE-PRIMARY
REQ02641,3,9,3,9,NORMAL,ROUTE-PRIMARY
REQ02642,0.7,3,0.7,3,NORMAL,ROUTE-PRIMARY
REQ02643,2.8,5,2.8,5,MODERATE,ROUTE-PRIMARY
REQ02644,1,3,1,3,NORMAL,ROUTE-PRIMARY
REQ02645,1.9,7,1.9,7,MODERATE,ROUTE-PRIMARY
REQ02646,1.3,5,1.3,5,NORMAL,ROUTE-PRIMARY
REQ02647,1.1,3,1.1,3,HEAVY,ROUTE-PRIMARY
REQ02648,7.5,18,7.5,18,NORMAL,ROUTE-PRIMARY
REQ02649,1.6,5,1.6,5,NORMAL,ROUTE-PRIMARY
REQ02650,1,3,1,3,HEAVY,ROUTE-PRIMARY
REQ02651,1.2,3,1.2,3,MODERATE,ROUTE-PRIMARY
REQ02652,0.6,2,0.6,2,NORMAL,ROUTE-PRIMARY
REQ02653,0.5,2,0.5,2,MODERATE,ROUTE-PRIMARY
REQ02654,2,6,2,6,MODERATE,ROUTE-PRIMARY
REQ02655,1.7,4,1.7,4,NORMAL,ROUTE-PRIMARY
REQ02656,1.7,4,1.7,4,NORMAL,ROUTE-PRIMARY
REQ02657,3.4,10,3.4,10,NORMAL,ROUTE-PRIMARY
REQ02658,3.6,11,3.6,11,MODERATE,ROUTE-PRIMARY
REQ02659,2.8,9,2.8,9,HEAVY,ROUTE-PRIMARY
REQ02660,1.7,6,1.7,6,MODERATE,ROUTE-PRIMARY
REQ02661,0.6,2,0.6,2,MODERATE,ROUTE-PRIMARY
REQ02662,1.6,4,1.6,4,HEAVY,ROUTE-PRIMARY
REQ02663,1.2,4,1.2,4,NORMAL,ROUTE-PRIMARY
REQ02664,1.5,4,1.5,4,MODERATE,ROUTE-PRIMARY
REQ02665,1.4,5,1.4,5,HEAVY,ROUTE-PRIMARY
REQ02666,3.2,9,3.2,9,MODERATE,ROUTE-PRIMARY
REQ02667,1.1,3,1.1,3,MODERATE,ROUTE-PRIMARY
REQ02668,2.5,8,2.5,8,HEAVY,ROUTE-PRIMARY
REQ02669,0.4,2,0.4,1,NORMAL,ROUTE-PRIMARY
REQ02670,0.8,3,0.8,3,MODERATE,ROUTE-PRIMARY
REQ02671,3.4,9,3.4,9,NORMAL,ROUTE-PRIMARY
REQ02672,2.5,5,2.5,5,NORMAL,ROUTE-PRIMARY
REQ02673,1.6,3,1.6,3,NORMAL,ROUTE-PRIMARY
REQ02674,0.6,2,0.6,2,NORMAL,ROUTE-PRIMARY
REQ02675,0.9,3,0.9,3,NORMAL,ROUTE-PRIMARY
REQ02676,2.8,8,2.8,8,NORMAL,ROUTE-PRIMARY
REQ02677,2.6,7,2.6,7,HEAVY,ROUTE-PRIMARY
REQ02678,1.7,5,1.7,5,NORMAL,ROUTE-PRIMARY
REQ02679,0.6,2,0.6,2,NORMAL,ROUTE-PRIMARY
REQ02680,3.3,8,3.3,8,NORMAL,ROUTE-PRIMARY
REQ02681,1.6,4,1.6,4,MODERATE,ROUTE-PRIMARY
REQ02682,0.6,2,0.6,2,NORMAL,ROUTE-PRIMARY
REQ02683,1.3,3,1.3,3,HEAVY,ROUTE-PRIMARY
REQ02684,0.8,2,0.8,2,MODERATE,ROUTE-PRIMARY
REQ02685,1.4,4,1.4,4,MODERATE,ROUTE-PRIMARY
REQ02686,0.9,3,0.9,3,NORMAL,ROUTE-PRIMARY
REQ02687,2.4,9,2.4,9,MODERATE,ROUTE-PRIMARY
REQ02688,6.1,12,6.1,12,MODERATE,ROUTE-PRIMARY
REQ02689,1.7,6,1.7,6,HEAVY,ROUTE-PRIMARY
REQ02690,2,8,2,8,MODERATE,ROUTE-PRIMARY
REQ02691,2.8,7,2.8,7,MODERATE,ROUTE-PRIMARY
REQ02692,1.8,4,1.8,4,NORMAL,ROUTE-PRIMARY
REQ02693,1.3,5,1.3,5,NORMAL,ROUTE-PRIMARY
REQ02694,2.5,9,2.5,9,NORMAL,ROUTE-PRIMARY
REQ02695,2.9,8,2.9,8,NORMAL,ROUTE-PRIMARY
REQ02696,2,5,2,5,MODERATE,ROUTE-PRIMARY
REQ02697,1.2,3,1.2,3,MODERATE,ROUTE-PRIMARY
REQ02698,1.8,4,1.8,4,NORMAL,ROUTE-PRIMARY
REQ02699,5.2,14,5.2,14,NORMAL,ROUTE-PRIMARY
REQ02700,2.4,8,2.4,8,NORMAL,ROUTE-PRIMARY
REQ02701,1.1,4,1.1,4,NORMAL,ROUTE-PRIMARY
REQ02702,1.5,6,1.5,6,MODERATE,ROUTE-PRIMARY
REQ02703,2.2,4,2.2,4,NORMAL,ROUTE-PRIMARY
REQ02704,2.3,8,2.3,8,NORMAL,ROUTE-PRIMARY
REQ02705,2,7,2,7,NORMAL,ROUTE-PRIMARY
REQ02706,1.2,4,1.2,4,MODERATE,ROUTE-PRIMARY
REQ02707,1.5,5,1.5,5,NORMAL,ROUTE-PRIMARY
REQ02708,2.6,8,2.6,8,NORMAL,ROUTE-PRIMARY
REQ02709,1,3,1,3,MODERATE,ROUTE-PRIMARY
REQ02710,3.4,9,3.4,9,NORMAL,ROUTE-PRIMARY
REQ02711,0.7,2,0.7,2,NORMAL,ROUTE-PRIMARY
REQ02712,2.2,8,2.2,7,NORMAL,ROUTE-PRIMARY
REQ02713,2.4,7,2.4,7,HEAVY,ROUTE-PRIMARY
REQ02714,2.2,8,2.2,8,NORMAL,ROUTE-PRIMARY
REQ02715,1.5,5,1.5,5,NORMAL,ROUTE-PRIMARY
REQ02716,5.2,9,5.2,9,HEAVY,ROUTE-PRIMARY
REQ02717,15.8,27,15.8,27,NORMAL,ROUTE-PRIMARY
REQ02718,1.2,4,1.2,4,NORMAL,ROUTE-PRIMARY
REQ02719,0.8,2,0.8,2,HEAVY,ROUTE-PRIMARY
REQ02720,1.5,4,1.5,4,NORMAL,ROUTE-PRIMARY
REQ02721,1.9,7,1.9,7,MODERATE,ROUTE-PRIMARY
REQ02722,1,3,1,3,NORMAL,ROUTE-PRIMARY
REQ02723,2,7,2,7,NORMAL,ROUTE-PRIMARY
REQ02724,1.9,7,1.9,7,MODERATE,ROUTE-PRIMARY
REQ02725,3.2,7,3.2,7,HEAVY,ROUTE-PRIMARY
REQ02726,1.6,5,1.6,5,NORMAL,ROUTE-PRIMARY
REQ02727,3.2,7,3.2,7,NORMAL,ROUTE-PRIMARY
REQ02728,4,8,4,8,HEAVY,ROUTE-PRIMARY
REQ02729,2.5,7,2.5,7,MODERATE,ROUTE-PRIMARY
REQ02730,3.3,6,3.3,6,NORMAL,ROUTE-PRIMARY
REQ02731,0.8,3,0.8,3,NORMAL,ROUTE-PRIMARY
REQ02732,2.7,8,2.7,8,MODERATE,ROUTE-PRIMARY
REQ02733,2.6,7,2.6,7,NORMAL,ROUTE-PRIMARY
REQ02734,1.8,5,1.8,5,NORMAL,ROUTE-PRIMARY
REQ02735,1.3,5,1.3,5,NORMAL,ROUTE-PRIMARY
REQ02736,2,7,2,7,NORMAL,ROUTE-PRIMARY
REQ02737,0.4,2,0.4,1,HEAVY,ROUTE-PRIMARY
REQ02738,2.6,10,2.6,10,NORMAL,ROUTE-PRIMARY
REQ02739,3,10,3,10,NORMAL,ROUTE-PRIMARY
REQ02740,1.4,5,1.4,5,NORMAL,ROUTE-PRIMARY
REQ02741,1.5,6,1.5,6,MODERATE,ROUTE-PRIMARY
REQ02742,1.7,4,1.7,4,MODERATE,ROUTE-PRIMARY
REQ02743,1.3,4,1.3,4,NORMAL,ROUTE-PRIMARY
REQ02744,1.9,7,1.9,7,MODERATE,ROUTE-PRIMARY
REQ02745,3.1,7,3.1,7,NORMAL,ROUTE-PRIMARY
REQ02746,2.4,6,2.4,6,NORMAL,ROUTE-PRIMARY
REQ02747,1,2,1,2,MODERATE,ROUTE-PRIMARY
REQ02748,2,7,2,7,NORMAL,ROUTE-PRIMARY
REQ02749,0.7,2,0.7,2,NORMAL,ROUTE-PRIMARY
REQ02750,1.1,4,1.1,4,MODERATE,ROUTE-PRIMARY
REQ02751,0.9,3,0.9,3,NORMAL,ROUTE-PRIMARY
REQ02752,1.9,7,1.9,7,NORMAL,ROUTE-PRIMARY
REQ02753,3.7,8,3.7,8,MODERATE,ROUTE-PRIMARY
REQ02754,2.1,6,2.1,6,NORMAL,ROUTE-PRIMARY
REQ02755,7.2,14,7.2,14,NORMAL,ROUTE-PRIMARY
REQ02756,1.8,6,1.8,6,NORMAL,ROUTE-PRIMARY
REQ02757,2.4,7,2.4,7,MODERATE,ROUTE-PRIMARY
REQ02758,1.3,4,1.3,4,HEAVY,ROUTE-PRIMARY
REQ02759,0.6,2,0.6,2,NORMAL,ROUTE-PRIMARY
REQ02760,3.3,10,3.3,9,NORMAL,ROUTE-PRIMARY
REQ02761,2,6,2,5,MODERATE,ROUTE-PRIMARY
REQ02762,3.8,10,3.8,10,MODERATE,ROUTE-PRIMARY
REQ02763,1.1,2,1.1,2,MODERATE,ROUTE-PRIMARY
REQ02764,1,4,1,4,NORMAL,ROUTE-PRIMARY
REQ02765,1.8,5,1.8,5,MODERATE,ROUTE-PRIMARY
REQ02766,2.3,7,2.3,7,NORMAL,ROUTE-PRIMARY
REQ02767,1.9,5,1.9,5,HEAVY,ROUTE-PRIMARY
REQ02768,1.8,6,1.8,6,NORMAL,ROUTE-PRIMARY
REQ02769,1.7,5,1.7,5,NORMAL,ROUTE-PRIMARY
REQ02770,0.7,3,0.7,3,HEAVY,ROUTE-PRIMARY
REQ02771,2.3,6,2.3,6,NORMAL,ROUTE-PRIMARY
REQ02772,1.5,4,1.5,4,NORMAL,ROUTE-PRIMARY
REQ02773,2,7,2,7,HEAVY,ROUTE-PRIMARY
REQ02774,2.4,4,2.4,4,NORMAL,ROUTE-PRIMARY
REQ02775,2.8,6,2.8,6,NORMAL,ROUTE-PRIMARY
REQ02776,3.7,11,3.7,10,NORMAL,ROUTE-PRIMARY
REQ02777,3.6,11,3.6,11,NORMAL,ROUTE-PRIMARY
REQ02778,1.1,4,1.1,4,MODERATE,ROUTE-PRIMARY
REQ02779,1.1,3,1.1,3,NORMAL,ROUTE-PRIMARY
REQ02780,1,3,1,3,MODERATE,ROUTE-PRIMARY
REQ02781,2.3,8,2.3,8,MODERATE,ROUTE-PRIMARY
REQ02782,1.4,4,1.4,4,NORMAL,ROUTE-PRIMARY
REQ02783,1.5,4,1.5,4,NORMAL,ROUTE-PRIMARY
REQ02784,1.8,4,1.8,4,MODERATE,ROUTE-PRIMARY
REQ02785,3.3,9,3.3,9,NORMAL,ROUTE-PRIMARY
REQ02786,3.6,8,3.6,8,MODERATE,ROUTE-PRIMARY
REQ02787,2.4,7,2.4,7,NORMAL,ROUTE-PRIMARY
REQ02788,3,9,3,9,NORMAL,ROUTE-PRIMARY
REQ02789,0.7,2,0.7,1,MODERATE,ROUTE-PRIMARY
REQ02790,2.1,7,2.1,7,NORMAL,ROUTE-PRIMARY
REQ02791,3.2,10,3.2,10,NORMAL,ROUTE-PRIMARY
REQ02792,1.8,4,1.8,4,MODERATE,ROUTE-PRIMARY
REQ02793,2.2,8,2.2,8,MODERATE,ROUTE-PRIMARY
REQ02794,16.9,30,16.9,30,NORMAL,ROUTE-PRIMARY
REQ02795,2.3,8,2.3,8,MODERATE,ROUTE-PRIMARY
REQ02796,1.8,7,1.8,7,MODERATE,ROUTE-PRIMARY
REQ02797,2.1,7,2.1,7,HEAVY,ROUTE-PRIMARY
REQ02798,1.3,4,1.3,4,NORMAL,ROUTE-PRIMARY
REQ02799,2.3,7,2.3,7,NORMAL,ROUTE-PRIMARY
REQ02800,1.7,6,1.7,6,NORMAL,ROUTE-PRIMARY
REQ02801,0.9,3,0.9,3,MODERATE,ROUTE-PRIMARY
REQ02802,1.7,6,1.7,6,MODERATE,ROUTE-PRIMARY
REQ02803,1.3,4,1.3,3,NORMAL,ROUTE-PRIMARY
REQ02804,2.8,6,2.8,6,NORMAL,ROUTE-PRIMARY
REQ02805,1.5,4,1.5,4,NORMAL,ROUTE-PRIMARY
REQ02806,2.1,5,2.1,5,NORMAL,ROUTE-PRIMARY
REQ02807,1.4,4,1.4,4,NORMAL,ROUTE-PRIMARY
REQ02808,2,6,2,6,NORMAL,ROUTE-PRIMARY
REQ02809,1.2,4,1.2,4,HEAVY,ROUTE-PRIMARY
REQ02810,8,20,8,20,NORMAL,ROUTE-PRIMARY
REQ02811,4.1,12,4.1,12,NORMAL,ROUTE-PRIMARY
REQ02812,2,7,2,7,NORMAL,ROUTE-PRIMARY
REQ02813,2.5,8,2.5,8,NORMAL,ROUTE-PRIMARY
REQ02814,5.5,11,5.5,11,MODERATE,ROUTE-PRIMARY
REQ02815,2.3,6,2.3,6,HEAVY,ROUTE-PRIMARY
REQ02816,1.5,6,1.5,6,NORMAL,ROUTE-PRIMARY
REQ02817,1.1,3,1.1,3,NORMAL,ROUTE-PRIMARY
REQ02818,0.4,2,0.4,1,HEAVY,ROUTE-PRIMARY
REQ02819,1.8,5,1.8,5,NORMAL,ROUTE-PRIMARY
REQ02820,2,6,2,6,MODERATE,ROUTE-PRIMARY
REQ02821,1,4,1,4,MODERATE,ROUTE-PRIMARY
REQ02822,1.3,5,1.3,5,NORMAL,ROUTE-PRIMARY
REQ02823,1.5,4,1.5,4,NORMAL,ROUTE-PRIMARY
REQ02824,1.3,3,1.3,3,NORMAL,ROUTE-PRIMARY
REQ02825,0.9,3,0.9,3,MODERATE,ROUTE-PRIMARY
REQ02826,1.4,4,1.4,4,MODERATE,ROUTE-PRIMARY
REQ02827,1.8,6,1.8,6,HEAVY,ROUTE-PRIMARY
REQ02828,2.3,6,2.3,6,MODERATE,ROUTE-PRIMARY
REQ02829,1,3,1,3,NORMAL,ROUTE-PRIMARY
REQ02830,0.9,3,0.9,3,NORMAL,ROUTE-PRIMARY
REQ02831,1.6,5,1.6,4,NORMAL,ROUTE-PRIMARY
REQ02832,2.9,11,2.9,11,NORMAL,ROUTE-PRIMARY
REQ02833,1.1,4,1.1,4,HEAVY,ROUTE-PRIMARY
REQ02834,1.9,7,1.9,7,MODERATE,ROUTE-PRIMARY
REQ02835,2.7,6,2.7,6,NORMAL,ROUTE-PRIMARY
REQ02836,0.9,3,0.9,3,HEAVY,ROUTE-PRIMARY
REQ02837,1.8,4,1.8,4,NORMAL,ROUTE-PRIMARY
REQ02838,1.6,6,1.6,6,MODERATE,ROUTE-PRIMARY
REQ02839,0.8,3,0.8,3,NORMAL,ROUTE-PRIMARY
REQ02840,4,12,4,12,NORMAL,ROUTE-PRIMARY
REQ02841,1.5,4,1.5,4,MODERATE,ROUTE-PRIMARY
REQ02842,1.1,3,1.1,3,HEAVY,ROUTE-PRIMARY
REQ02843,3.5,11,3.5,11,MODERATE,ROUTE-PRIMARY
REQ02844,1.9,7,1.9,7,NORMAL,ROUTE-PRIMARY
REQ02845,3.3,10,3.3,10,NORMAL,ROUTE-PRIMARY
REQ02846,1.8,7,1.8,7,NORMAL,ROUTE-PRIMARY
REQ02847,2.4,8,2.4,8,NORMAL,ROUTE-PRIMARY
REQ02848,2.4,9,2.4,9,NORMAL,ROUTE-PRIMARY
REQ02849,1.5,3,1.5,3,NORMAL,ROUTE-PRIMARY
REQ02850,1.8,4,1.8,4,MODERATE,ROUTE-PRIMARY
REQ02851,4.6,13,4.6,13,HEAVY,ROUTE-PRIMARY
REQ02852,2.4,8,2.4,8,MODERATE,ROUTE-PRIMARY
REQ02853,1.2,4,1.2,4,MODERATE,ROUTE-PRIMARY
REQ02854,1.7,4,1.7,4,NORMAL,ROUTE-PRIMARY
REQ02855,3.3,9,3.3,9,MODERATE,ROUTE-PRIMARY
REQ02856,3.6,10,3.6,10,NORMAL,ROUTE-PRIMARY
REQ02857,1.8,5,1.8,5,NORMAL,ROUTE-PRIMARY
REQ02858,1.3,5,1.3,5,MODERATE,ROUTE-PRIMARY
REQ02859,2.4,7,2.4,7,MODERATE,ROUTE-PRIMARY
REQ02860,3.6,11,3.6,11,NORMAL,ROUTE-PRIMARY
REQ02861,2.1,8,2.1,8,MODERATE,ROUTE-PRIMARY
REQ02862,2.8,9,2.8,9,NORMAL,ROUTE-PRIMARY
REQ02863,2.1,6,2.1,6,NORMAL,ROUTE-PRIMARY
REQ02864,1.3,3,1.3,3,NORMAL,ROUTE-PRIMARY
REQ02865,1.7,6,1.9,6,MODERATE,ROUTE-PRIMARY
REQ02866,2.3,6,2.3,6,HEAVY,ROUTE-PRIMARY
REQ02867,0.9,2,0.9,2,NORMAL,ROUTE-PRIMARY
REQ02868,2.8,7,2.8,7,NORMAL,ROUTE-PRIMARY
REQ02869,1.9,5,1.9,5,NORMAL,ROUTE-PRIMARY
REQ02870,4.8,11,4.8,10,NORMAL,ROUTE-PRIMARY
REQ02871,0.7,2,0.7,2,NORMAL,ROUTE-PRIMARY
REQ02872,4.8,13,4.8,13,NORMAL,ROUTE-PRIMARY
REQ02873,1.4,4,1.4,3,NORMAL,ROUTE-PRIMARY
REQ02874,0.3,2,0.3,1,NORMAL,ROUTE-PRIMARY
REQ02875,1.9,6,1.9,6,NORMAL,ROUTE-PRIMARY
REQ02876,1.3,4,1.3,4,NORMAL,ROUTE-PRIMARY
REQ02877,0.9,3,0.9,3,NORMAL,ROUTE-PRIMARY
REQ02878,2.2,5,2.2,4,NORMAL,ROUTE-PRIMARY
REQ02879,2,7,2,7,MODERATE,ROUTE-PRIMARY
REQ02880,2,4,2,4,MODERATE,ROUTE-PRIMARY
REQ02881,1.9,6,1.9,6,NORMAL,ROUTE-PRIMARY
REQ02882,2.2,7,2.2,7,NORMAL,ROUTE-PRIMARY
REQ02883,2.8,7,2.8,7,NORMAL,ROUTE-PRIMARY
REQ02884,2.7,10,2.7,10,NORMAL,ROUTE-PRIMARY
REQ02885,0.9,2,0.9,2,MODERATE,ROUTE-PRIMARY
REQ02886,2.1,5,2.1,5,NORMAL,ROUTE-PRIMARY
REQ02887,2.8,6,2.8,6,NORMAL,ROUTE-PRIMARY
REQ02888,0.7,2,0.7,2,NORMAL,ROUTE-PRIMARY
REQ02889,16.7,31,16.7,31,NORMAL,ROUTE-PRIMARY
REQ02890,2.2,8,2.2,8,NORMAL,ROUTE-PRIMARY
REQ02891,1.1,3,1.1,3,NORMAL,ROUTE-PRIMARY
REQ02892,0.6,2,0.6,2,NORMAL,ROUTE-PRIMARY
REQ02893,3.1,7,3.1,7,NORMAL,ROUTE-PRIMARY
REQ02894,1.6,6,1.6,6,NORMAL,ROUTE-PRIMARY
REQ02895,4.2,12,4.2,11,NORMAL,ROUTE-PRIMARY
REQ02896,7.8,12,7.8,12,NORMAL,ROUTE-PRIMARY
REQ02897,1.7,5,1.7,5,MODERATE,ROUTE-PRIMARY
REQ02898,1.6,6,1.6,6,MODERATE,ROUTE-PRIMARY
REQ02899,2.7,8,2.7,8,NORMAL,ROUTE-PRIMARY
REQ02900,1.1,3,1.1,3,NORMAL,ROUTE-PRIMARY
REQ02901,1.7,5,1.7,5,MODERATE,ROUTE-PRIMARY
REQ02902,2.3,8,2.3,8,NORMAL,ROUTE-PRIMARY
REQ02903,4.8,9,4.8,9,NORMAL,ROUTE-PRIMARY
REQ02904,2.3,7,2.3,7,NORMAL,ROUTE-PRIMARY
REQ02905,1.9,7,1.9,7,HEAVY,ROUTE-PRIMARY
REQ02906,0.6,2,0.6,2,MODERATE,ROUTE-PRIMARY
REQ02907,0.8,3,0.8,3,NORMAL,ROUTE-PRIMARY
REQ02908,1.1,3,1.1,3,NORMAL,ROUTE-PRIMARY
REQ02909,1.3,3,1.3,3,NORMAL,ROUTE-PRIMARY
REQ02910,2,7,2,7,MODERATE,ROUTE-PRIMARY
REQ02911,2.8,7,2.8,7,HEAVY,ROUTE-PRIMARY
REQ02912,0.8,3,0.8,3,NORMAL,ROUTE-PRIMARY
REQ02913,3.4,8,3.4,8,MODERATE,ROUTE-PRIMARY
REQ02914,1.1,3,1.1,3,NORMAL,ROUTE-PRIMARY
REQ02915,1.4,4,1.4,4,NORMAL,ROUTE-PRIMARY
REQ02916,3,7,3,7,NORMAL,ROUTE-PRIMARY
REQ02917,0.1,2,0.1,1,MODERATE,ROUTE-PRIMARY
REQ02918,1,3,1,3,NORMAL,ROUTE-PRIMARY
REQ02919,1.2,4,1.2,4,MODERATE,ROUTE-PRIMARY
REQ02920,0.4,2,0.4,1,NORMAL,ROUTE-PRIMARY
REQ02921,6.7,14,6.7,14,NORMAL,ROUTE-PRIMARY
REQ02922,0.7,2,0.7,1,MODERATE,ROUTE-PRIMARY
REQ02923,0.2,2,0.2,1,HEAVY,ROUTE-PRIMARY
REQ02924,2.3,7,2.3,7,NORMAL,ROUTE-PRIMARY
REQ02925,2.7,6,2.7,6,MODERATE,ROUTE-PRIMARY
REQ02926,1.9,5,1.9,5,NORMAL,ROUTE-PRIMARY
REQ02927,0.8,2,0.8,2,NORMAL,ROUTE-PRIMARY
REQ02928,1.4,4,1.4,4,NORMAL,ROUTE-PRIMARY
REQ02929,0.7,2,0.7,2,HEAVY,ROUTE-PRIMARY
REQ02930,2.4,6,2.4,6,NORMAL,ROUTE-PRIMARY
REQ02931,2.8,8,2.8,8,MODERATE,ROUTE-PRIMARY
REQ02932,3.6,11,3.6,11,NORMAL,ROUTE-PRIMARY
REQ02933,2.6,6,2.6,6,NORMAL,ROUTE-PRIMARY
REQ02934,0.8,2,0.8,2,NORMAL,ROUTE-PRIMARY
REQ02935,3.1,8,3.1,8,NORMAL,ROUTE-PRIMARY
REQ02936,2.6,6,2.6,6,MODERATE,ROUTE-PRIMARY
REQ02937,4.7,13,4.7,13,NORMAL,ROUTE-PRIMARY
REQ02938,2.6,8,2.6,8,NORMAL,ROUTE-PRIMARY
REQ02939,1.2,3,1.2,3,NORMAL,ROUTE-PRIMARY
REQ02940,2.3,6,2.3,6,MODERATE,ROUTE-PRIMARY
REQ02941,5.4,15,5.4,15,HEAVY,ROUTE-PRIMARY
REQ02942,0.9,3,0.9,3,NORMAL,ROUTE-PRIMARY
REQ02943,3.1,10,3.1,10,NORMAL,ROUTE-PRIMARY
REQ02944,2.3,8,2.3,8,HEAVY,ROUTE-PRIMARY
REQ02945,1.5,2,1.5,2,NORMAL,ROUTE-PRIMARY
REQ02946,1.6,4,1.6,4,NORMAL,ROUTE-PRIMARY
REQ02947,1.7,5,1.7,4,NORMAL,ROUTE-PRIMARY
REQ02948,0.5,2,0.5,2,NORMAL,ROUTE-PRIMARY
REQ02949,0.4,2,0.4,2,NORMAL,ROUTE-PRIMARY
REQ02950,1.2,3,1.2,3,NORMAL,ROUTE-PRIMARY
REQ02951,1,3,1,3,NORMAL,ROUTE-PRIMARY
REQ02952,1.1,3,1.1,3,NORMAL,ROUTE-PRIMARY
REQ02953,1.7,6,1.7,6,NORMAL,ROUTE-PRIMARY
REQ02954,0.6,2,0.6,2,NORMAL,ROUTE-PRIMARY
REQ02955,1.2,4,1.2,4,NORMAL,ROUTE-PRIMARY
REQ02956,3.7,11,3.7,11,NORMAL,ROUTE-PRIMARY
REQ02957,2.1,8,2.1,8,NORMAL,ROUTE-PRIMARY
REQ02958,0.4,2,0.4,1,NORMAL,ROUTE-PRIMARY
REQ02959,1.5,4,1.5,4,HEAVY,ROUTE-PRIMARY
REQ02960,3.2,6,3.2,6,NORMAL,ROUTE-PRIMARY
REQ02961,1.6,6,1.6,6,MODERATE,ROUTE-PRIMARY
REQ02962,3,9,3,8,NORMAL,ROUTE-PRIMARY
REQ02963,1.3,4,1.3,4,MODERATE,ROUTE-PRIMARY
REQ02964,1.2,3,1.2,3,MODERATE,ROUTE-PRIMARY
REQ02965,2.1,7,2.1,7,NORMAL,ROUTE-PRIMARY
REQ02966,0.5,2,0.5,2,NORMAL,ROUTE-PRIMARY
REQ02967,4.3,13,4.3,13,NORMAL,ROUTE-PRIMARY
REQ02968,2.8,7,2.8,7,HEAVY,ROUTE-PRIMARY
REQ02969,3.8,13,3.8,13,NORMAL,ROUTE-PRIMARY
REQ02970,3.6,13,3.6,13,MODERATE,ROUTE-PRIMARY
REQ02971,1,2,1,2,NORMAL,ROUTE-PRIMARY
REQ02972,1.6,4,1.6,4,NORMAL,ROUTE-PRIMARY
REQ02973,1.3,5,1.3,4,NORMAL,ROUTE-PRIMARY
REQ02974,2,7,2,7,NORMAL,ROUTE-PRIMARY
REQ02975,1.5,3,1.5,3,NORMAL,ROUTE-PRIMARY
REQ02976,2.7,7,2.7,7,NORMAL,ROUTE-PRIMARY
REQ02977,2.1,6,2.1,6,HEAVY,ROUTE-PRIMARY
REQ02978,1.4,5,1.4,5,MODERATE,ROUTE-PRIMARY
REQ02979,0.8,2,0.8,2,NORMAL,ROUTE-PRIMARY
REQ02980,2.3,6,2.3,6,HEAVY,ROUTE-PRIMARY
REQ02981,2.7,10,2.7,10,NORMAL,ROUTE-PRIMARY
REQ02982,2.9,8,2.9,8,MODERATE,ROUTE-PRIMARY
REQ02983,3.7,12,3.7,12,NORMAL,ROUTE-PRIMARY
REQ02984,1.4,4,1.4,4,NORMAL,ROUTE-PRIMARY
REQ02985,0.7,3,0.7,3,NORMAL,ROUTE-PRIMARY
REQ02986,2.2,6,2.2,6,NORMAL,ROUTE-PRIMARY
REQ02987,1.9,6,1.9,6,MODERATE,ROUTE-PRIMARY
REQ02988,1.6,6,1.6,6,NORMAL,ROUTE-PRIMARY
REQ02989,1.4,4,1.4,4,HEAVY,ROUTE-PRIMARY
REQ02990,0.8,3,0.8,3,NORMAL,ROUTE-PRIMARY
REQ02991,2,5,2,5,MODERATE,ROUTE-PRIMARY
REQ02992,2.7,7,2.7,7,NORMAL,ROUTE-PRIMARY
REQ02993,1.2,3,1.2,3,NORMAL,ROUTE-PRIMARY
REQ02994,1.4,4,1.4,4,NORMAL,ROUTE-PRIMARY
REQ02995,1.1,3,1.1,2,HEAVY,ROUTE-PRIMARY
REQ02996,3.4,9,3.4,8,NORMAL,ROUTE-PRIMARY
REQ02997,3.2,6,3.2,6,NORMAL,ROUTE-PRIMARY
REQ02998,2.5,8,2.5,8,NORMAL,ROUTE-PRIMARY
REQ02999,2.2,5,2.2,5,NORMAL,ROUTE-PRIMARY
REQ03000,1.8,6,1.8,5,NORMAL,ROUTE-PRIMARY