timestamp,ambulance_id,request_id,latitude,longitude,speed_kmph,heading_deg,status
2026-08-10 23:09:26,AMB0055,REQ01551,13.055474,80.212103,42.3,135.0,EN_ROUTE_TO_PATIENT
2026-08-10 23:09:31,AMB0055,REQ01551,13.054501,80.210175,26.8,135.0,EN_ROUTE_TO_PATIENT
2026-08-10 23:09:35,AMB0055,REQ01551,13.052821,80.209331,22.6,135.0,EN_ROUTE_TO_PATIENT
2026-08-10 23:09:42,AMB0055,REQ01551,13.050672,80.207046,53.4,135.0,EN_ROUTE_TO_PATIENT
2026-08-10 23:09:47,AMB0055,REQ01551,13.049081,80.205525,21.0,135.0,EN_ROUTE_TO_PATIENT
2026-08-10 23:09:55,AMB0055,REQ01551,13.047451,80.203121,42.8,135.0,EN_ROUTE_TO_PATIENT
2026-08-10 23:10:03,AMB0055,REQ01551,13.045025,80.202182,51.1,135.0,EN_ROUTE_TO_PATIENT
2026-08-10 23:10:07,AMB0055,REQ01551,13.043563,80.200033,49.1,135.0,EN_ROUTE_TO_PATIENT
2026-08-10 23:10:13,AMB0055,REQ01551,13.041763,80.19739,20.2,135.0,EN_ROUTE_TO_PATIENT
2026-08-10 23:10:19,AMB0055,REQ01551,13.039718,80.196382,33.6,135.0,EN_ROUTE_TO_PATIENT
2026-08-10 23:10:26,AMB0055,REQ01551,13.038035,80.193824,22.9,135.0,EN_ROUTE_TO_PATIENT
2026-08-10 23:11:53,AMB0055,REQ01551,13.038043,80.194681,34.1,135.0,EN_ROUTE_TO_HOSPITAL
2026-08-10 23:12:00,AMB0055,REQ01551,13.036864,80.192985,37.3,135.0,EN_ROUTE_TO_HOSPITAL
2026-08-10 23:12:07,AMB0055,REQ01551,13.036075,80.191976,25.5,135.0,EN_ROUTE_TO_HOSPITAL
2026-08-10 23:12:13,AMB0055,REQ01551,13.035745,80.191474,32.8,135.0,EN_ROUTE_TO_HOSPITAL
2026-08-10 23:12:21,AMB0055,REQ01551,13.034317,80.190925,53.5,135.0,EN_ROUTE_TO_HOSPITAL
2026-08-10 23:12:25,AMB0055,REQ01551,13.033232,80.189646,35.2,135.0,EN_ROUTE_TO_HOSPITAL
2026-08-10 23:12:30,AMB0055,REQ01551,13.031729,80.188446,44.1,135.0,EN_ROUTE_TO_HOSPITAL
2026-08-10 23:12:36,AMB0055,REQ01551,13.030496,80.187297,28.0,135.0,EN_ROUTE_TO_HOSPITAL
2026-08-10 23:12:41,AMB0055,REQ01551,13.029861,80.186175,32.7,135.0,EN_ROUTE_TO_HOSPITAL
2026-08-10 23:12:45,AMB0055,REQ01551,13.028885,80.186106,53.4,135.0,EN_ROUTE_TO_HOSPITAL
2026-08-10 23:12:50,AMB0055,REQ01551,13.027385,80.185155,34.7,135.0,EN_ROUTE_TO_HOSPITAL
2026-08-10 23:12:56,AMB0055,REQ01551,13.026338,80.183814,54.1,135.0,EN_ROUTE_TO_HOSPITAL
2026-08-10 23:13:00,AMB0055,REQ01551,13.025422,80.18328,30.9,135.0,EN_ROUTE_TO_HOSPITAL
2026-08-10 23:13:08,AMB0055,REQ01551,13.024111,80.182273,29.5,135.0,EN_ROUTE_TO_HOSPITAL
2026-08-10 23:13:12,AMB0055,REQ01551,13.023109,80.180952,37.0,135.0,EN_ROUTE_TO_HOSPITAL
2026-08-10 23:13:16,AMB0055,REQ01551,13.02297,80.180174,50.7,135.0,EN_ROUTE_TO_HOSPITAL
2026-08-10 23:13:22,AMB0055,REQ01551,13.020977,80.178776,43.3,135.0,EN_ROUTE_TO_HOSPITAL
2026-08-22 00:03:23,AMB0026,REQ01427,13.080444,80.276081,22.1,135.0,EN_ROUTE_TO_PATIENT
2026-08-22 00:03:31,AMB0026,REQ01427,13.080493,80.274073,23.7,135.0,EN_ROUTE_TO_PATIENT
2026-08-22 00:03:39,AMB0026,REQ01427,13.079455,80.27219,20.7,135.0,EN_ROUTE_TO_PATIENT
2026-08-22 00:03:44,AMB0026,REQ01427,13.079698,80.269888,25.9,135.0,EN_ROUTE_TO_PATIENT
2026-08-22 00:03:48,AMB0026,REQ01427,13.079551,80.266727,33.1,135.0,EN_ROUTE_TO_PATIENT
2026-08-22 00:03:54,AMB0026,REQ01427,13.078205,80.264358,23.7,135.0,EN_ROUTE_TO_PATIENT
2026-08-22 00:04:02,AMB0026,REQ01427,13.078575,80.261839,39.2,135.0,EN_ROUTE_TO_PATIENT
2026-08-22 00:04:10,AMB0026,REQ01427,13.078095,80.260025,20.2,135.0,EN_ROUTE_TO_PATIENT
2026-08-22 00:04:14,AMB0026,REQ01427,13.077518,80.257107,49.5,135.0,EN_ROUTE_TO_PATIENT
2026-08-22 00:04:18,AMB0026,REQ01427,13.077302,80.254698,49.8,135.0,EN_ROUTE_TO_PATIENT
2026-08-22 00:04:24,AMB0026,REQ01427,13.076691,80.252836,21.1,135.0,EN_ROUTE_TO_PATIENT
2026-08-22 00:04:30,AMB0026,REQ01427,13.076457,80.250797,24.2,135.0,EN_ROUTE_TO_PATIENT
2026-08-22 00:06:07,AMB0026,REQ01427,13.07617,80.24992,25.7,135.0,EN_ROUTE_TO_HOSPITAL
2026-08-22 00:06:14,AMB0026,REQ01427,13.074495,80.250921,36.6,135.0,EN_ROUTE_TO_HOSPITAL
2026-08-22 00:06:20,AMB0026,REQ01427,13.073516,80.252263,48.1,135.0,EN_ROUTE_TO_HOSPITAL
2026-08-22 00:06:26,AMB0026,REQ01427,13.071482,80.252966,34.0,135.0,EN_ROUTE_TO_HOSPITAL
2026-08-22 00:06:33,AMB0026,REQ01427,13.070109,80.253356,42.7,135.0,EN_ROUTE_TO_HOSPITAL
2026-08-22 00:06:38,AMB0026,REQ01427,13.068977,80.254502,43.6,135.0,EN_ROUTE_TO_HOSPITAL
2026-08-22 00:06:46,AMB0026,REQ01427,13.067173,80.255324,42.0,135.0,EN_ROUTE_TO_HOSPITAL
2026-08-22 00:06:52,AMB0026,REQ01427,13.066223,80.256614,54.7,135.0,EN_ROUTE_TO_HOSPITAL
2026-08-22 00:07:00,AMB0026,REQ01427,13.064458,80.257154,43.6,135.0,EN_ROUTE_TO_HOSPITAL
2026-08-22 00:07:06,AMB0026,REQ01427,13.063833,80.258539,34.9,135.0,EN_ROUTE_TO_HOSPITAL
2026-08-22 00:07:14,AMB0026,REQ01427,13.061482,80.258791,49.1,135.0,EN_ROUTE_TO_HOSPITAL
2026-08-22 00:07:21,AMB0026,REQ01427,13.060509,80.26055,47.5,135.0,EN_ROUTE_TO_HOSPITAL
2026-08-22 00:07:26,AMB0026,REQ01427,13.059328,80.260684,20.4,135.0,EN_ROUTE_TO_HOSPITAL
2026-08-22 00:07:30,AMB0026,REQ01427,13.057685,80.262005,29.0,135.0,EN_ROUTE_TO_HOSPITAL
2026-08-22 00:07:38,AMB0026,REQ01427,13.056503,80.262483,54.3,135.0,EN_ROUTE_TO_HOSPITAL
2026-08-22 00:07:42,AMB0026,REQ01427,13.054791,80.263671,51.1,135.0,EN_ROUTE_TO_HOSPITAL
2026-08-29 08:31:34,AMB0131,REQ01338,12.786157,80.221855,51.8,135.0,EN_ROUTE_TO_PATIENT
2026-08-29 08:31:39,AMB0131,REQ01338,12.814418,80.228695,43.1,135.0,EN_ROUTE_TO_PATIENT
2026-08-29 08:31:43,AMB0131,REQ01338,12.841497,80.23608,26.6,135.0,EN_ROUTE_TO_PATIENT
2026-08-29 08:31:47,AMB0131,REQ01338,12.869935,80.24426,35.8,135.0,EN_ROUTE_TO_PATIENT
2026-08-29 08:31:52,AMB0131,REQ01338,12.896973,80.25137,54.8,135.0,EN_ROUTE_TO_PATIENT
2026-08-29 08:32:00,AMB0131,REQ01338,12.92474,80.258392,21.0,135.0,EN_ROUTE_TO_PATIENT
2026-08-29 08:32:08,AMB0131,REQ01338,12.952027,80.265447,32.1,135.0,EN_ROUTE_TO_PATIENT
2026-08-29 08:32:12,AMB0131,REQ01338,12.980341,80.272941,37.2,135.0,EN_ROUTE_TO_PATIENT
2026-08-29 08:32:18,AMB0131,REQ01338,13.007378,80.279842,43.8,135.0,EN_ROUTE_TO_PATIENT
2026-08-29 08:32:22,AMB0131,REQ01338,13.035239,80.287204,33.6,135.0,EN_ROUTE_TO_PATIENT
2026-08-29 08:32:29,AMB0131,REQ01338,13.062373,80.295203,41.5,135.0,EN_ROUTE_TO_PATIENT
2026-08-29 08:32:35,AMB0131,REQ01338,13.089852,80.302293,47.0,135.0,EN_ROUTE_TO_PATIENT
2026-08-29 08:32:41,AMB0131,REQ01338,13.118161,80.309467,39.4,135.0,EN_ROUTE_TO_PATIENT
2026-08-29 08:32:49,AMB0131,REQ01338,13.145328,80.316798,24.0,135.0,EN_ROUTE_TO_PATIENT
2026-08-29 08:34:03,AMB0131,REQ01338,13.145255,80.316959,27.1,135.0,EN_ROUTE_TO_HOSPITAL
2026-08-29 08:34:11,AMB0131,REQ01338,13.137469,80.30789,46.0,135.0,EN_ROUTE_TO_HOSPITAL
2026-08-29 08:34:19,AMB0131,REQ01338,13.130006,80.298861,42.1,135.0,EN_ROUTE_TO_HOSPITAL
2026-08-29 08:34:23,AMB0131,REQ01338,13.122864,80.290647,20.9,135.0,EN_ROUTE_TO_HOSPITAL
2026-08-29 08:34:31,AMB0131,REQ01338,13.114607,80.282208,25.7,135.0,EN_ROUTE_TO_HOSPITAL
2026-08-29 08:34:39,AMB0131,REQ01338,13.106451,80.272313,34.8,135.0,EN_ROUTE_TO_HOSPITAL
2026-08-29 08:34:45,AMB0131,REQ01338,13.098972,80.263727,35.2,135.0,EN_ROUTE_TO_HOSPITAL
2026-08-29 08:34:49,AMB0131,REQ01338,13.091072,80.254932,24.8,135.0,EN_ROUTE_TO_HOSPITAL
2026-08-29 08:34:53,AMB0131,REQ01338,13.082814,80.246743,47.4,135.0,EN_ROUTE_TO_HOSPITAL
2026-08-29 08:35:00,AMB0131,REQ01338,13.075475,80.237433,30.0,135.0,EN_ROUTE_TO_HOSPITAL
2026-08-29 08:35:06,AMB0131,REQ01338,13.067317,80.228141,45.2,135.0,EN_ROUTE_TO_HOSPITAL
2026-08-29 08:35:13,AMB0131,REQ01338,13.059905,80.219436,33.2,135.0,EN_ROUTE_TO_HOSPITAL
2026-08-29 08:35:20,AMB0131,REQ01338,13.052036,80.210803,39.4,135.0,EN_ROUTE_TO_HOSPITAL
2026-08-11 00:20:41,AMB0066,REQ00293,13.05692,80.2635,50.0,135.0,EN_ROUTE_TO_PATIENT
2026-08-11 00:20:49,AMB0066,REQ00293,13.059295,80.258777,47.0,135.0,EN_ROUTE_TO_PATIENT
2026-08-11 00:20:53,AMB0066,REQ00293,13.062334,80.253357,49.8,135.0,EN_ROUTE_TO_PATIENT
2026-08-11 00:20:59,AMB0066,REQ00293,13.064939,80.249237,26.8,135.0,EN_ROUTE_TO_PATIENT
2026-08-11 00:21:06,AMB0066,REQ00293,13.066724,80.244037,37.1,135.0,EN_ROUTE_TO_PATIENT
2026-08-11 00:21:10,AMB0066,REQ00293,13.069809,80.238683,45.7,135.0,EN_ROUTE_TO_PATIENT
2026-08-11 00:21:18,AMB0066,REQ00293,13.071952,80.233332,27.9,135.0,EN_ROUTE_TO_PATIENT
2026-08-11 00:21:22,AMB0066,REQ00293,13.074792,80.228872,27.9,135.0,EN_ROUTE_TO_PATIENT
2026-08-11 00:21:30,AMB0066,REQ00293,13.076886,80.22293,30.1,135.0,EN_ROUTE_TO_PATIENT
2026-08-11 00:21:34,AMB0066,REQ00293,13.079168,80.217646,45.8,135.0,EN_ROUTE_TO_PATIENT
2026-08-11 00:21:41,AMB0066,REQ00293,13.081733,80.2133,36.2,135.0,EN_ROUTE_TO_PATIENT
2026-08-11 00:22:55,AMB0066,REQ00293,13.081409,80.21318,25.0,135.0,EN_ROUTE_TO_HOSPITAL
2026-08-11 00:22:59,AMB0066,REQ00293,13.078859,80.212694,40.4,135.0,EN_ROUTE_TO_HOSPITAL
2026-08-11 00:23:03,AMB0066,REQ00293,13.074951,80.212083,45.7,135.0,EN_ROUTE_TO_HOSPITAL
2026-08-11 00:23:09,AMB0066,REQ00293,13.071495,80.212941,20.4,135.0,EN_ROUTE_TO_HOSPITAL
2026-08-11 00:23:16,AMB0066,REQ00293,13.069036,80.212242,50.8,135.0,EN_ROUTE_TO_HOSPITAL
2026-08-11 00:23:24,AMB0066,REQ00293,13.065206,80.212353,36.0,135.0,EN_ROUTE_TO_HOSPITAL
2026-08-11 00:23:32,AMB0066,REQ00293,13.061577,80.21203,32.4,135.0,EN_ROUTE_TO_HOSPITAL
2026-08-11 00:23:39,AMB0066,REQ00293,13.058304,80.211884,30.3,135.0,EN_ROUTE_TO_HOSPITAL
2026-08-11 00:23:45,AMB0066,REQ00293,13.055829,80.211273,32.2,135.0,EN_ROUTE_TO_HOSPITAL
2026-08-11 00:23:51,AMB0066,REQ00293,13.052535,80.210623,20.9,135.0,EN_ROUTE_TO_HOSPITAL
2026-08-14 18:20:59,AMB0067,REQ01756,13.033757,80.26761,42.0,135.0,EN_ROUTE_TO_PATIENT
2026-08-14 18:21:07,AMB0067,REQ01756,13.039319,80.260859,23.6,135.0,EN_ROUTE_TO_PATIENT
2026-08-14 18:21:11,AMB0067,REQ01756,13.045107,80.254135,25.6,135.0,EN_ROUTE_TO_PATIENT
2026-08-14 18:21:17,AMB0067,REQ01756,13.051237,80.247314,26.5,135.0,EN_ROUTE_TO_PATIENT
2026-08-14 18:21:22,AMB0067,REQ01756,13.058138,80.239794,35.0,135.0,EN_ROUTE_TO_PATIENT
2026-08-14 18:21:27,AMB0067,REQ01756,13.064072,80.232934,35.5,135.0,EN_ROUTE_TO_PATIENT
2026-08-14 18:21:32,AMB0067,REQ01756,13.069705,80.225841,36.2,135.0,EN_ROUTE_TO_PATIENT
2026-08-14 18:21:40,AMB0067,REQ01756,13.076378,80.219239,21.6,135.0,EN_ROUTE_TO_PATIENT
2026-08-14 18:21:45,AMB0067,REQ01756,13.08204,80.21173,53.9,135.0,EN_ROUTE_TO_PATIENT
2026-08-14 18:21:53,AMB0067,REQ01756,13.08794,80.204736,54.8,135.0,EN_ROUTE_TO_PATIENT
2026-08-14 18:22:46,AMB0067,REQ01756,13.087711,80.205695,22.6,135.0,EN_ROUTE_TO_HOSPITAL
2026-08-14 18:22:52,AMB0067,REQ01756,13.07937,80.205477,50.1,135.0,EN_ROUTE_TO_HOSPITAL
2026-08-14 18:22:59,AMB0067,REQ01756,13.069067,80.206052,45.1,135.0,EN_ROUTE_TO_HOSPITAL
2026-08-14 18:23:06,AMB0067,REQ01756,13.060561,80.205686,46.2,135.0,EN_ROUTE_TO_HOSPITAL
2026-08-14 18:23:11,AMB0067,REQ01756,13.051383,80.20599,34.5,135.0,EN_ROUTE_TO_HOSPITAL
2026-08-14 18:23:15,AMB0067,REQ01756,13.041857,80.20721,23.8,135.0,EN_ROUTE_TO_HOSPITAL
2026-08-14 18:23:21,AMB0067,REQ01756,13.032969,80.207814,36.1,135.0,EN_ROUTE_TO_HOSPITAL
2026-08-14 18:23:26,AMB0067,REQ01756,13.024042,80.207313,20.9,135.0,EN_ROUTE_TO_HOSPITAL
2026-08-14 18:23:31,AMB0067,REQ01756,13.014538,80.207715,28.9,135.0,EN_ROUTE_TO_HOSPITAL
2026-08-14 18:23:39,AMB0067,REQ01756,13.004525,80.208234,36.9,135.0,EN_ROUTE_TO_HOSPITAL
2026-08-14 18:23:44,AMB0067,REQ01756,12.995905,80.209073,45.7,135.0,EN_ROUTE_TO_HOSPITAL
2026-08-14 18:23:50,AMB0067,REQ01756,12.986247,80.20909,24.2,135.0,EN_ROUTE_TO_HOSPITAL
2026-08-14 18:23:56,AMB0067,REQ01756,12.977458,80.209209,52.6,135.0,EN_ROUTE_TO_HOSPITAL
2026-08-14 18:24:03,AMB0067,REQ01756,12.968467,80.209202,50.5,135.0,EN_ROUTE_TO_HOSPITAL
2026-08-14 18:24:10,AMB0067,REQ01756,12.959176,80.209967,51.6,135.0,EN_ROUTE_TO_HOSPITAL
2026-08-14 18:24:15,AMB0067,REQ01756,12.950319,80.210772,22.2,135.0,EN_ROUTE_TO_HOSPITAL
2026-08-02 13:14:21,AMB0109,REQ02781,12.90013,80.22985,42.7,135.0,EN_ROUTE_TO_PATIENT
2026-08-02 13:14:25,AMB0109,REQ02781,12.903539,80.225033,47.2,135.0,EN_ROUTE_TO_PATIENT
2026-08-02 13:14:33,AMB0109,REQ02781,12.907707,80.220514,47.5,135.0,EN_ROUTE_TO_PATIENT
2026-08-02 13:14:38,AMB0109,REQ02781,12.910967,80.215777,29.7,135.0,EN_ROUTE_TO_PATIENT
2026-08-02 13:14:42,AMB0109,REQ02781,12.91539,80.210553,42.9,135.0,EN_ROUTE_TO_PATIENT
2026-08-02 13:14:49,AMB0109,REQ02781,12.918842,80.205153,30.0,135.0,EN_ROUTE_TO_PATIENT
2026-08-02 13:14:56,AMB0109,REQ02781,12.922535,80.200669,28.9,135.0,EN_ROUTE_TO_PATIENT
2026-08-02 13:15:01,AMB0109,REQ02781,12.926636,80.195713,45.4,135.0,EN_ROUTE_TO_PATIENT
2026-08-02 13:15:06,AMB0109,REQ02781,12.931203,80.190322,39.6,135.0,EN_ROUTE_TO_PATIENT
2026-08-02 13:15:13,AMB0109,REQ02781,12.934268,80.185809,39.4,135.0,EN_ROUTE_TO_PATIENT
2026-08-02 13:15:17,AMB0109,REQ02781,12.938255,80.181543,27.1,135.0,EN_ROUTE_TO_PATIENT
2026-08-02 13:15:22,AMB0109,REQ02781,12.942511,80.176425,52.4,135.0,EN_ROUTE_TO_PATIENT
2026-08-02 13:15:29,AMB0109,REQ02781,12.945572,80.170649,42.7,135.0,EN_ROUTE_TO_PATIENT
2026-08-02 13:15:34,AMB0109,REQ02781,12.949887,80.165704,42.2,135.0,EN_ROUTE_TO_PATIENT
2026-08-02 13:15:42,AMB0109,REQ02781,12.954018,80.160907,23.6,135.0,EN_ROUTE_TO_PATIENT
2026-08-02 13:16:39,AMB0109,REQ02781,12.954016,80.161719,32.1,135.0,EN_ROUTE_TO_HOSPITAL
2026-08-02 13:16:44,AMB0109,REQ02781,12.967568,80.172021,43.1,135.0,EN_ROUTE_TO_HOSPITAL
2026-08-02 13:16:49,AMB0109,REQ02781,12.98202,80.182105,32.8,135.0,EN_ROUTE_TO_HOSPITAL
2026-08-02 13:16:57,AMB0109,REQ02781,12.99653,80.193494,38.7,135.0,EN_ROUTE_TO_HOSPITAL
2026-08-02 13:17:01,AMB0109,REQ02781,13.010793,80.204428,52.6,135.0,EN_ROUTE_TO_HOSPITAL
2026-08-02 13:17:05,AMB0109,REQ02781,13.025875,80.214199,27.0,135.0,EN_ROUTE_TO_HOSPITAL
2026-08-02 13:17:12,AMB0109,REQ02781,13.040659,80.225577,22.2,135.0,EN_ROUTE_TO_HOSPITAL
2026-08-02 13:17:16,AMB0109,REQ02781,13.054251,80.23589,42.8,135.0,EN_ROUTE_TO_HOSPITAL
2026-08-02 13:17:21,AMB0109,REQ02781,13.069453,80.24647,37.6,135.0,EN_ROUTE_TO_HOSPITAL
2026-08-02 13:17:25,AMB0109,REQ02781,13.083322,80.257581,52.0,135.0,EN_ROUTE_TO_HOSPITAL
2026-08-02 13:17:32,AMB0109,REQ02781,13.098479,80.267833,46.6,135.0,EN_ROUTE_TO_HOSPITAL
2026-08-02 13:17:39,AMB0109,REQ02781,13.112273,80.278656,34.1,135.0,EN_ROUTE_TO_HOSPITAL
2026-08-02 13:17:44,AMB0109,REQ02781,13.126508,80.288807,37.9,135.0,EN_ROUTE_TO_HOSPITAL
2026-08-13 22:00:51,AMB0012,REQ00320,13.160639,80.200697,43.8,135.0,EN_ROUTE_TO_PATIENT
2026-08-13 22:00:57,AMB0012,REQ00320,13.146269,80.200647,35.1,135.0,EN_ROUTE_TO_PATIENT
2026-08-13 22:01:02,AMB0012,REQ00320,13.131418,80.200495,28.1,135.0,EN_ROUTE_TO_PATIENT
2026-08-13 22:01:06,AMB0012,REQ00320,13.117009,80.200933,48.6,135.0,EN_ROUTE_TO_PATIENT
2026-08-13 22:01:13,AMB0012,REQ00320,13.101648,80.201357,37.4,135.0,EN_ROUTE_TO_PATIENT
2026-08-13 22:01:17,AMB0012,REQ00320,13.086999,80.201562,22.3,135.0,EN_ROUTE_TO_PATIENT
2026-08-13 22:01:25,AMB0012,REQ00320,13.07308,80.201603,29.8,135.0,EN_ROUTE_TO_PATIENT
2026-08-13 22:01:32,AMB0012,REQ00320,13.058405,80.201936,21.3,135.0,EN_ROUTE_TO_PATIENT
2026-08-13 22:01:36,AMB0012,REQ00320,13.04366,80.202446,29.7,135.0,EN_ROUTE_TO_PATIENT
2026-08-13 22:03:04,AMB0012,REQ00320,13.044142,80.202554,25.3,135.0,EN_ROUTE_TO_HOSPITAL
2026-08-13 22:03:08,AMB0012,REQ00320,13.038153,80.204134,28.9,135.0,EN_ROUTE_TO_HOSPITAL
2026-08-13 22:03:15,AMB0012,REQ00320,13.032587,80.205718,23.7,135.0,EN_ROUTE_TO_HOSPITAL
2026-08-13 22:03:20,AMB0012,REQ00320,13.026581,80.207246,21.3,135.0,EN_ROUTE_TO_HOSPITAL
2026-08-13 22:03:28,AMB0012,REQ00320,13.020464,80.208503,27.1,135.0,EN_ROUTE_TO_HOSPITAL
2026-08-13 22:03:35,AMB0012,REQ00320,13.014739,80.210178,24.5,135.0,EN_ROUTE_TO_HOSPITAL
2026-08-13 22:03:43,AMB0012,REQ00320,13.00864,80.212574,35.6,135.0,EN_ROUTE_TO_HOSPITAL
2026-08-13 22:03:51,AMB0012,REQ00320,13.002974,80.213905,31.5,135.0,EN_ROUTE_TO_HOSPITAL
2026-08-13 22:03:56,AMB0012,REQ00320,12.996854,80.216125,27.5,135.0,EN_ROUTE_TO_HOSPITAL
2026-08-13 22:04:03,AMB0012,REQ00320,12.991816,80.216744,39.1,135.0,EN_ROUTE_TO_HOSPITAL
2026-08-13 22:04:11,AMB0012,REQ00320,12.985293,80.218757,34.9,135.0,EN_ROUTE_TO_HOSPITAL
2026-08-13 22:04:15,AMB0012,REQ00320,12.979914,80.220219,36.8,135.0,EN_ROUTE_TO_HOSPITAL
2026-08-27 18:35:50,AMB0106,REQ01665,12.959044,80.248595,38.9,135.0,EN_ROUTE_TO_PATIENT
2026-08-27 18:35:58,AMB0106,REQ01665,12.958877,80.245151,51.6,135.0,EN_ROUTE_TO_PATIENT
2026-08-27 18:36:03,AMB0106,REQ01665,12.959858,80.240796,46.6,135.0,EN_ROUTE_TO_PATIENT
2026-08-27 18:36:10,AMB0106,REQ01665,12.960042,80.237658,21.3,135.0,EN_ROUTE_TO_PATIENT
2026-08-27 18:36:15,AMB0106,REQ01665,12.96006,80.233944,29.4,135.0,EN_ROUTE_TO_PATIENT
2026-08-27 18:36:21,AMB0106,REQ01665,12.960082,80.230043,20.2,135.0,EN_ROUTE_TO_PATIENT
2026-08-27 18:36:27,AMB0106,REQ01665,12.960592,80.226135,49.1,135.0,EN_ROUTE_TO_PATIENT
2026-08-27 18:36:34,AMB0106,REQ01665,12.961122,80.222237,37.4,135.0,EN_ROUTE_TO_PATIENT
2026-08-27 18:36:38,AMB0106,REQ01665,12.961333,80.218862,25.4,135.0,EN_ROUTE_TO_PATIENT
2026-08-27 18:36:45,AMB0106,REQ01665,12.961098,80.214676,48.4,135.0,EN_ROUTE_TO_PATIENT
2026-08-27 18:36:50,AMB0106,REQ01665,12.962163,80.211162,41.6,135.0,EN_ROUTE_TO_PATIENT
2026-08-27 18:38:03,AMB0106,REQ01665,12.961909,80.211247,39.1,135.0,EN_ROUTE_TO_HOSPITAL
2026-08-27 18:38:07,AMB0106,REQ01665,12.975881,80.217915,52.0,135.0,EN_ROUTE_TO_HOSPITAL
2026-08-27 18:38:11,AMB0106,REQ01665,12.989599,80.22535,45.3,135.0,EN_ROUTE_TO_HOSPITAL
2026-08-27 18:38:16,AMB0106,REQ01665,13.003053,80.23148,35.3,135.0,EN_ROUTE_TO_HOSPITAL
2026-08-27 18:38:23,AMB0106,REQ01665,13.016637,80.238392,27.3,135.0,EN_ROUTE_TO_HOSPITAL
2026-08-27 18:38:28,AMB0106,REQ01665,13.030865,80.245708,40.6,135.0,EN_ROUTE_TO_HOSPITAL
2026-08-27 18:38:32,AMB0106,REQ01665,13.044225,80.2516,27.8,135.0,EN_ROUTE_TO_HOSPITAL
2026-08-27 18:38:40,AMB0106,REQ01665,13.058303,80.259385,54.7,135.0,EN_ROUTE_TO_HOSPITAL
2026-08-27 18:38:44,AMB0106,REQ01665,13.07196,80.265518,30.6,135.0,EN_ROUTE_TO_HOSPITAL
2026-08-27 18:38:51,AMB0106,REQ01665,13.085779,80.272631,28.9,135.0,EN_ROUTE_TO_HOSPITAL
2026-08-27 18:38:56,AMB0106,REQ01665,13.099884,80.279701,35.3,135.0,EN_ROUTE_TO_HOSPITAL
2026-08-27 18:39:04,AMB0106,REQ01665,13.11293,80.28575,52.8,135.0,EN_ROUTE_TO_HOSPITAL
2026-08-27 01:02:57,AMB0050,REQ00491,13.072842,80.199193,50.8,135.0,EN_ROUTE_TO_PATIENT
2026-08-27 01:03:01,AMB0050,REQ00491,13.067005,80.201364,43.1,135.0,EN_ROUTE_TO_PATIENT
2026-08-27 01:03:06,AMB0050,REQ00491,13.062539,80.20431,54.4,135.0,EN_ROUTE_TO_PATIENT
2026-08-27 01:03:13,AMB0050,REQ00491,13.056755,80.207379,33.2,135.0,EN_ROUTE_TO_PATIENT
2026-08-27 01:03:17,AMB0050,REQ00491,13.050574,80.209577,48.2,135.0,EN_ROUTE_TO_PATIENT
2026-08-27 01:03:22,AMB0050,REQ00491,13.045969,80.21229,30.3,135.0,EN_ROUTE_TO_PATIENT
2026-08-27 01:03:28,AMB0050,REQ00491,13.040376,80.21464,33.2,135.0,EN_ROUTE_TO_PATIENT
2026-08-27 01:03:35,AMB0050,REQ00491,13.034251,80.21725,44.6,135.0,EN_ROUTE_TO_PATIENT
2026-08-27 01:03:39,AMB0050,REQ00491,13.029047,80.220001,37.9,135.0,EN_ROUTE_TO_PATIENT
2026-08-27 01:03:45,AMB0050,REQ00491,13.023775,80.222947,27.5,135.0,EN_ROUTE_TO_PATIENT
2026-08-27 01:03:52,AMB0050,REQ00491,13.018087,80.225642,50.3,135.0,EN_ROUTE_TO_PATIENT
2026-08-27 01:03:59,AMB0050,REQ00491,13.012318,80.22898,31.5,135.0,EN_ROUTE_TO_PATIENT
2026-08-27 01:04:05,AMB0050,REQ00491,13.007278,80.231158,49.6,135.0,EN_ROUTE_TO_PATIENT
2026-08-27 01:04:11,AMB0050,REQ00491,13.00176,80.233895,29.2,135.0,EN_ROUTE_TO_PATIENT
2026-08-27 01:04:15,AMB0050,REQ00491,12.996476,80.236285,33.5,135.0,EN_ROUTE_TO_PATIENT
2026-08-27 01:05:07,AMB0050,REQ00491,12.996516,80.237197,47.1,135.0,EN_ROUTE_TO_HOSPITAL
2026-08-27 01:05:12,AMB0050,REQ00491,13.004918,80.235567,34.6,135.0,EN_ROUTE_TO_HOSPITAL
2026-08-27 01:05:18,AMB0050,REQ00491,13.013144,80.234409,26.8,135.0,EN_ROUTE_TO_HOSPITAL
2026-08-27 01:05:26,AMB0050,REQ00491,13.021526,80.232714,39.1,135.0,EN_ROUTE_TO_HOSPITAL
2026-08-27 01:05:32,AMB0050,REQ00491,13.029876,80.231383,41.3,135.0,EN_ROUTE_TO_HOSPITAL
2026-08-27 01:05:40,AMB0050,REQ00491,13.037452,80.229967,53.3,135.0,EN_ROUTE_TO_HOSPITAL
2026-08-27 01:05:48,AMB0050,REQ00491,13.04618,80.229368,34.0,135.0,EN_ROUTE_TO_HOSPITAL
2026-08-27 01:05:52,AMB0050,REQ00491,13.054571,80.227328,39.1,135.0,EN_ROUTE_TO_HOSPITAL
2026-08-27 01:05:56,AMB0050,REQ00491,13.062497,80.225934,38.0,135.0,EN_ROUTE_TO_HOSPITAL
2026-08-27 01:06:02,AMB0050,REQ00491,13.070089,80.225181,38.1,135.0,EN_ROUTE_TO_HOSPITAL
2026-08-27 01:06:06,AMB0050,REQ00491,13.078755,80.22354,30.1,135.0,EN_ROUTE_TO_HOSPITAL
2026-09-01 17:29:56,AMB0090,REQ01137,13.01904,80.17996,22.6,135.0,EN_ROUTE_TO_PATIENT
2026-09-01 17:30:02,AMB0090,REQ01137,13.026146,80.186527,23.8,135.0,EN_ROUTE_TO_PATIENT
2026-09-01 17:30:06,AMB0090,REQ01137,13.031546,80.193134,30.0,135.0,EN_ROUTE_TO_PATIENT
2026-09-01 17:30:11,AMB0090,REQ01137,13.038409,80.200588,34.0,135.0,EN_ROUTE_TO_PATIENT
2026-09-01 17:30:18,AMB0090,REQ01137,13.044749,80.208287,36.9,135.0,EN_ROUTE_TO_PATIENT
2026-09-01 17:30:25,AMB0090,REQ01137,13.050912,80.215079,54.9,135.0,EN_ROUTE_TO_PATIENT
2026-09-01 17:30:33,AMB0090,REQ01137,13.057124,80.221646,32.6,135.0,EN_ROUTE_TO_PATIENT
2026-09-01 17:30:41,AMB0090,REQ01137,13.063189,80.229297,43.0,135.0,EN_ROUTE_TO_PATIENT
2026-09-01 17:30:46,AMB0090,REQ01137,13.069566,80.236401,46.0,135.0,EN_ROUTE_TO_PATIENT
2026-09-01 17:31:38,AMB0090,REQ01137,13.068864,80.236813,50.5,135.0,EN_ROUTE_TO_HOSPITAL
2026-09-01 17:31:45,AMB0090,REQ01137,13.056553,80.225619,36.8,135.0,EN_ROUTE_TO_HOSPITAL
2026-09-01 17:31:52,AMB0090,REQ01137,13.045375,80.215496,22.8,135.0,EN_ROUTE_TO_HOSPITAL
2026-09-01 17:31:59,AMB0090,REQ01137,13.033403,80.205298,36.5,135.0,EN_ROUTE_TO_HOSPITAL
2026-09-01 17:32:05,AMB0090,REQ01137,13.021338,80.195381,47.3,135.0,EN_ROUTE_TO_HOSPITAL
2026-09-01 17:32:13,AMB0090,REQ01137,13.009014,80.1855,54.4,135.0,EN_ROUTE_TO_HOSPITAL
2026-09-01 17:32:18,AMB0090,REQ01137,12.996826,80.174551,21.1,135.0,EN_ROUTE_TO_HOSPITAL
2026-09-01 17:32:26,AMB0090,REQ01137,12.984678,80.164906,30.7,135.0,EN_ROUTE_TO_HOSPITAL
2026-09-01 17:32:32,AMB0090,REQ01137,12.973077,80.154209,43.5,135.0,EN_ROUTE_TO_HOSPITAL
2026-09-01 17:32:37,AMB0090,REQ01137,12.961254,80.143439,38.8,135.0,EN_ROUTE_TO_HOSPITAL
2026-09-01 17:32:45,AMB0090,REQ01137,12.948854,80.134243,50.9,135.0,EN_ROUTE_TO_HOSPITAL
2026-09-01 17:32:51,AMB0090,REQ01137,12.936461,80.123893,51.6,135.0,EN_ROUTE_TO_HOSPITAL
2026-09-01 17:32:56,AMB0090,REQ01137,12.92517,80.11313,39.6,135.0,EN_ROUTE_TO_HOSPITAL
2026-08-24 12:28:56,AMB0044,REQ01303,13.114999,80.151857,25.9,135.0,EN_ROUTE_TO_PATIENT
2026-08-24 12:29:04,AMB0044,REQ01303,13.112864,80.157624,52.9,135.0,EN_ROUTE_TO_PATIENT
2026-08-24 12:29:08,AMB0044,REQ01303,13.110649,80.1621,28.0,135.0,EN_ROUTE_TO_PATIENT
2026-08-24 12:29:15,AMB0044,REQ01303,13.109139,80.167709,38.3,135.0,EN_ROUTE_TO_PATIENT
2026-08-24 12:29:23,AMB0044,REQ01303,13.107368,80.172955,41.3,135.0,EN_ROUTE_TO_PATIENT
2026-08-24 12:29:27,AMB0044,REQ01303,13.105656,80.177801,43.7,135.0,EN_ROUTE_TO_PATIENT
2026-08-24 12:29:31,AMB0044,REQ01303,13.103842,80.182268,39.6,135.0,EN_ROUTE_TO_PATIENT
2026-08-24 12:29:37,AMB0044,REQ01303,13.102227,80.188036,38.7,135.0,EN_ROUTE_TO_PATIENT
2026-08-24 12:29:44,AMB0044,REQ01303,13.099774,80.193666,36.1,135.0,EN_ROUTE_TO_PATIENT
2026-08-24 12:29:51,AMB0044,REQ01303,13.098868,80.198083,32.5,135.0,EN_ROUTE_TO_PATIENT
2026-08-24 12:29:55,AMB0044,REQ01303,13.096519,80.20317,26.7,135.0,EN_ROUTE_TO_PATIENT
2026-08-24 12:30:03,AMB0044,REQ01303,13.094761,80.208934,27.5,135.0,EN_ROUTE_TO_PATIENT
2026-08-24 12:30:11,AMB0044,REQ01303,13.093328,80.213537,42.0,135.0,EN_ROUTE_TO_PATIENT
2026-08-24 12:30:17,AMB0044,REQ01303,13.0905,80.218689,33.8,135.0,EN_ROUTE_TO_PATIENT
2026-08-24 12:30:24,AMB0044,REQ01303,13.088974,80.224067,49.3,135.0,EN_ROUTE_TO_PATIENT
2026-08-24 12:31:45,AMB0044,REQ01303,13.089175,80.22405,47.0,135.0,EN_ROUTE_TO_HOSPITAL
2026-08-24 12:31:52,AMB0044,REQ01303,13.087107,80.228894,48.5,135.0,EN_ROUTE_TO_HOSPITAL
2026-08-24 12:31:56,AMB0044,REQ01303,13.085592,80.234202,46.7,135.0,EN_ROUTE_TO_HOSPITAL
2026-08-24 12:32:03,AMB0044,REQ01303,13.083262,80.238758,47.2,135.0,EN_ROUTE_TO_HOSPITAL
2026-08-24 12:32:07,AMB0044,REQ01303,13.081216,80.244296,38.2,135.0,EN_ROUTE_TO_HOSPITAL
2026-08-24 12:32:12,AMB0044,REQ01303,13.079642,80.249463,34.2,135.0,EN_ROUTE_TO_HOSPITAL
2026-08-24 12:32:19,AMB0044,REQ01303,13.077243,80.253929,45.7,135.0,EN_ROUTE_TO_HOSPITAL
2026-08-24 12:32:27,AMB0044,REQ01303,13.075339,80.259031,34.4,135.0,EN_ROUTE_TO_HOSPITAL
2026-08-24 12:32:34,AMB0044,REQ01303,13.073741,80.264715,51.6,135.0,EN_ROUTE_TO_HOSPITAL
2026-08-24 12:32:39,AMB0044,REQ01303,13.07217,80.269499,46.8,135.0,EN_ROUTE_TO_HOSPITAL
2026-08-24 12:32:46,AMB0044,REQ01303,13.069109,80.274639,27.3,135.0,EN_ROUTE_TO_HOSPITAL
2026-08-15 07:21:43,AMB0025,REQ00793,13.101608,80.269472,51.2,135.0,EN_ROUTE_TO_PATIENT
2026-08-15 07:21:47,AMB0025,REQ00793,13.098352,80.266493,52.5,135.0,EN_ROUTE_TO_PATIENT
2026-08-15 07:21:54,AMB0025,REQ00793,13.093686,80.26375,31.4,135.0,EN_ROUTE_TO_PATIENT
2026-08-15 07:22:00,AMB0025,REQ00793,13.089805,80.259896,44.3,135.0,EN_ROUTE_TO_PATIENT
2026-08-15 07:22:05,AMB0025,REQ00793,13.085781,80.256781,36.2,135.0,EN_ROUTE_TO_PATIENT
2026-08-15 07:22:13,AMB0025,REQ00793,13.081352,80.254054,34.6,135.0,EN_ROUTE_TO_PATIENT
2026-08-15 07:22:17,AMB0025,REQ00793,13.077456,80.250372,42.8,135.0,EN_ROUTE_TO_PATIENT
2026-08-15 07:22:22,AMB0025,REQ00793,13.073572,80.246865,36.8,135.0,EN_ROUTE_TO_PATIENT
2026-08-15 07:22:30,AMB0025,REQ00793,13.068859,80.244517,46.0,135.0,EN_ROUTE_TO_PATIENT
2026-08-15 07:22:35,AMB0025,REQ00793,13.065329,80.241107,48.2,135.0,EN_ROUTE_TO_PATIENT
2026-08-15 07:22:40,AMB0025,REQ00793,13.061388,80.237672,28.4,135.0,EN_ROUTE_TO_PATIENT
2026-08-15 07:22:46,AMB0025,REQ00793,13.056437,80.233816,35.3,135.0,EN_ROUTE_TO_PATIENT
2026-08-15 07:23:43,AMB0025,REQ00793,13.056548,80.233716,51.7,135.0,EN_ROUTE_TO_HOSPITAL
2026-08-15 07:23:47,AMB0025,REQ00793,13.056595,80.235645,23.3,135.0,EN_ROUTE_TO_HOSPITAL
2026-08-15 07:23:53,AMB0025,REQ00793,13.055891,80.237769,29.0,135.0,EN_ROUTE_TO_HOSPITAL
2026-08-15 07:23:59,AMB0025,REQ00793,13.056291,80.239806,35.7,135.0,EN_ROUTE_TO_HOSPITAL
2026-08-15 07:24:06,AMB0025,REQ00793,13.055813,80.242065,22.9,135.0,EN_ROUTE_TO_HOSPITAL
2026-08-15 07:24:11,AMB0025,REQ00793,13.056,80.244506,50.9,135.0,EN_ROUTE_TO_HOSPITAL
2026-08-15 07:24:17,AMB0025,REQ00793,13.056163,80.246062,21.9,135.0,EN_ROUTE_TO_HOSPITAL
2026-08-15 07:24:24,AMB0025,REQ00793,13.056056,80.247731,29.8,135.0,EN_ROUTE_TO_HOSPITAL
2026-08-15 07:24:28,AMB0025,REQ00793,13.055953,80.249639,27.5,135.0,EN_ROUTE_TO_HOSPITAL
2026-08-15 07:24:36,AMB0025,REQ00793,13.055123,80.251629,30.7,135.0,EN_ROUTE_TO_HOSPITAL
2026-08-15 07:24:43,AMB0025,REQ00793,13.05526,80.253895,51.1,135.0,EN_ROUTE_TO_HOSPITAL
2026-08-15 07:24:48,AMB0025,REQ00793,13.055203,80.255148,42.3,135.0,EN_ROUTE_TO_HOSPITAL
2026-08-15 07:24:54,AMB0025,REQ00793,13.054434,80.257255,48.9,135.0,EN_ROUTE_TO_HOSPITAL
2026-08-15 07:24:59,AMB0025,REQ00793,13.054454,80.259108,28.9,135.0,EN_ROUTE_TO_HOSPITAL
2026-08-15 07:25:06,AMB0025,REQ00793,13.055133,80.26111,32.9,135.0,EN_ROUTE_TO_HOSPITAL
2026-08-15 07:25:12,AMB0025,REQ00793,13.054261,80.26404,29.9,135.0,EN_ROUTE_TO_HOSPITAL
2026-09-08 03:54:05,AMB0126,REQ02506,12.950884,80.256719,23.1,135.0,EN_ROUTE_TO_PATIENT
2026-09-08 03:54:11,AMB0126,REQ02506,12.960458,80.243329,20.6,135.0,EN_ROUTE_TO_PATIENT
2026-09-08 03:54:19,AMB0126,REQ02506,12.97017,80.228709,51.0,135.0,EN_ROUTE_TO_PATIENT
2026-09-08 03:54:24,AMB0126,REQ02506,12.979438,80.215658,43.4,135.0,EN_ROUTE_TO_PATIENT
2026-09-08 03:54:28,AMB0126,REQ02506,12.988719,80.201917,46.5,135.0,EN_ROUTE_TO_PATIENT
2026-09-08 03:54:34,AMB0126,REQ02506,12.999116,80.188157,46.9,135.0,EN_ROUTE_TO_PATIENT
2026-09-08 03:54:41,AMB0126,REQ02506,13.007839,80.175071,44.9,135.0,EN_ROUTE_TO_PATIENT
2026-09-08 03:54:45,AMB0126,REQ02506,13.018211,80.160372,24.6,135.0,EN_ROUTE_TO_PATIENT
2026-09-08 03:54:52,AMB0126,REQ02506,13.026995,80.146833,41.6,135.0,EN_ROUTE_TO_PATIENT
2026-09-08 03:55:35,AMB0126,REQ02506,13.027813,80.146989,23.3,135.0,EN_ROUTE_TO_HOSPITAL
2026-09-08 03:55:41,AMB0126,REQ02506,13.03088,80.156705,47.0,135.0,EN_ROUTE_TO_HOSPITAL
2026-09-08 03:55:48,AMB0126,REQ02506,13.033384,80.166955,27.6,135.0,EN_ROUTE_TO_HOSPITAL
2026-09-08 03:55:55,AMB0126,REQ02506,13.037591,80.176524,25.4,135.0,EN_ROUTE_TO_HOSPITAL
2026-09-08 03:56:00,AMB0126,REQ02506,13.040696,80.186457,47.7,135.0,EN_ROUTE_TO_HOSPITAL
2026-09-08 03:56:05,AMB0126,REQ02506,13.044004,80.196594,24.2,135.0,EN_ROUTE_TO_HOSPITAL
2026-09-08 03:56:13,AMB0126,REQ02506,13.04701,80.206032,29.6,135.0,EN_ROUTE_TO_HOSPITAL
2026-09-08 03:56:19,AMB0126,REQ02506,13.050688,80.215347,28.0,135.0,EN_ROUTE_TO_HOSPITAL
2026-09-08 03:56:27,AMB0126,REQ02506,13.053678,80.225993,47.4,135.0,EN_ROUTE_TO_HOSPITAL
2026-09-08 03:56:33,AMB0126,REQ02506,13.057233,80.235204,51.2,135.0,EN_ROUTE_TO_HOSPITAL
2026-09-08 03:56:38,AMB0126,REQ02506,13.060154,80.245627,39.1,135.0,EN_ROUTE_TO_HOSPITAL
2026-09-08 03:56:44,AMB0126,REQ02506,13.063583,80.254776,28.9,135.0,EN_ROUTE_TO_HOSPITAL
2026-09-08 03:56:48,AMB0126,REQ02506,13.066751,80.26522,22.1,135.0,EN_ROUTE_TO_HOSPITAL
2026-09-08 03:56:53,AMB0126,REQ02506,13.069656,80.274428,47.3,135.0,EN_ROUTE_TO_HOSPITAL
2026-08-19 19:35:27,AMB0019,REQ02853,13.110638,80.295417,35.6,135.0,EN_ROUTE_TO_PATIENT
2026-08-19 19:35:32,AMB0019,REQ02853,13.107541,80.289049,20.4,135.0,EN_ROUTE_TO_PATIENT
2026-08-19 19:35:36,AMB0019,REQ02853,13.10445,80.282568,39.6,135.0,EN_ROUTE_TO_PATIENT
2026-08-19 19:35:44,AMB0019,REQ02853,13.10271,80.275337,35.1,135.0,EN_ROUTE_TO_PATIENT
2026-08-19 19:35:50,AMB0019,REQ02853,13.100365,80.268019,42.1,135.0,EN_ROUTE_TO_PATIENT
2026-08-19 19:35:58,AMB0019,REQ02853,13.097129,80.261701,50.0,135.0,EN_ROUTE_TO_PATIENT
2026-08-19 19:36:06,AMB0019,REQ02853,13.095019,80.255051,30.2,135.0,EN_ROUTE_TO_PATIENT
2026-08-19 19:36:10,AMB0019,REQ02853,13.092613,80.2472,49.1,135.0,EN_ROUTE_TO_PATIENT
2026-08-19 19:36:16,AMB0019,REQ02853,13.089641,80.240132,32.0,135.0,EN_ROUTE_TO_PATIENT
2026-08-19 19:36:23,AMB0019,REQ02853,13.087029,80.233632,25.5,135.0,EN_ROUTE_TO_PATIENT
2026-08-19 19:36:29,AMB0019,REQ02853,13.08494,80.227136,43.8,135.0,EN_ROUTE_TO_PATIENT
2026-08-19 19:36:36,AMB0019,REQ02853,13.082674,80.22025,42.4,135.0,EN_ROUTE_TO_PATIENT
2026-08-19 19:36:40,AMB0019,REQ02853,13.079463,80.21265,51.4,135.0,EN_ROUTE_TO_PATIENT
2026-08-19 19:36:45,AMB0019,REQ02853,13.077067,80.206294,35.7,135.0,EN_ROUTE_TO_PATIENT
2026-08-19 19:38:14,AMB0019,REQ02853,13.076922,80.20598,42.4,135.0,EN_ROUTE_TO_HOSPITAL
2026-08-19 19:38:21,AMB0019,REQ02853,13.075834,80.210632,32.5,135.0,EN_ROUTE_TO_HOSPITAL
2026-08-19 19:38:28,AMB0019,REQ02853,13.073254,80.215568,48.8,135.0,EN_ROUTE_TO_HOSPITAL
2026-08-19 19:38:32,AMB0019,REQ02853,13.07153,80.219088,47.8,135.0,EN_ROUTE_TO_HOSPITAL
2026-08-19 19:38:40,AMB0019,REQ02853,13.070216,80.223554,50.5,135.0,EN_ROUTE_TO_HOSPITAL
2026-08-19 19:38:45,AMB0019,REQ02853,13.06787,80.228312,21.2,135.0,EN_ROUTE_TO_HOSPITAL
2026-08-19 19:38:51,AMB0019,REQ02853,13.06647,80.233193,51.0,135.0,EN_ROUTE_TO_HOSPITAL
2026-08-19 19:38:56,AMB0019,REQ02853,13.064918,80.236862,21.6,135.0,EN_ROUTE_TO_HOSPITAL
2026-08-19 19:39:03,AMB0019,REQ02853,13.063111,80.241376,47.8,135.0,EN_ROUTE_TO_HOSPITAL
2026-08-19 19:39:11,AMB0019,REQ02853,13.061947,80.246201,51.9,135.0,EN_ROUTE_TO_HOSPITAL
2026-08-19 19:39:18,AMB0019,REQ02853,13.059742,80.250696,54.3,135.0,EN_ROUTE_TO_HOSPITAL
2026-08-19 19:39:23,AMB0019,REQ02853,13.058186,80.254758,40.3,135.0,EN_ROUTE_TO_HOSPITAL
2026-08-19 19:39:30,AMB0019,REQ02853,13.056214,80.259361,48.9,135.0,EN_ROUTE_TO_HOSPITAL
2026-08-19 19:39:38,AMB0019,REQ02853,13.054896,80.263191,28.8,135.0,EN_ROUTE_TO_HOSPITAL
2026-08-03 21:22:57,AMB0066,REQ02878,13.056573,80.2638,38.4,135.0,EN_ROUTE_TO_PATIENT
2026-08-03 21:23:02,AMB0066,REQ02878,13.060147,80.254212,23.2,135.0,EN_ROUTE_TO_PATIENT
2026-08-03 21:23:07,AMB0066,REQ02878,13.0628,80.243017,54.6,135.0,EN_ROUTE_TO_PATIENT
2026-08-03 21:23:11,AMB0066,REQ02878,13.065109,80.233544,22.1,135.0,EN_ROUTE_TO_PATIENT
2026-08-03 21:23:18,AMB0066,REQ02878,13.067896,80.222657,30.3,135.0,EN_ROUTE_TO_PATIENT
2026-08-03 21:23:25,AMB0066,REQ02878,13.070528,80.213089,50.7,135.0,EN_ROUTE_TO_PATIENT
2026-08-03 21:23:31,AMB0066,REQ02878,13.073356,80.202264,27.4,135.0,EN_ROUTE_TO_PATIENT
2026-08-03 21:23:35,AMB0066,REQ02878,13.075437,80.192808,39.2,135.0,EN_ROUTE_TO_PATIENT
2026-08-03 21:23:39,AMB0066,REQ02878,13.0788,80.182264,48.1,135.0,EN_ROUTE_TO_PATIENT
2026-08-03 21:23:44,AMB0066,REQ02878,13.080778,80.172275,39.5,135.0,EN_ROUTE_TO_PATIENT
2026-08-03 21:23:49,AMB0066,REQ02878,13.084012,80.162119,23.4,135.0,EN_ROUTE_TO_PATIENT
2026-08-03 21:24:34,AMB0066,REQ02878,13.084346,80.162309,27.4,135.0,EN_ROUTE_TO_HOSPITAL
2026-08-03 21:24:40,AMB0066,REQ02878,13.080046,80.169317,33.4,135.0,EN_ROUTE_TO_HOSPITAL
2026-08-03 21:24:46,AMB0066,REQ02878,13.077839,80.176362,54.5,135.0,EN_ROUTE_TO_HOSPITAL
2026-08-03 21:24:53,AMB0066,REQ02878,13.073879,80.183758,24.0,135.0,EN_ROUTE_TO_HOSPITAL
2026-08-03 21:25:00,AMB0066,REQ02878,13.071278,80.191078,21.7,135.0,EN_ROUTE_TO_HOSPITAL
2026-08-03 21:25:07,AMB0066,REQ02878,13.06749,80.198221,22.1,135.0,EN_ROUTE_TO_HOSPITAL
2026-08-03 21:25:14,AMB0066,REQ02878,13.064048,80.205623,53.6,135.0,EN_ROUTE_TO_HOSPITAL
2026-08-03 21:25:19,AMB0066,REQ02878,13.060393,80.213273,37.2,135.0,EN_ROUTE_TO_HOSPITAL
2026-08-03 21:25:26,AMB0066,REQ02878,13.056974,80.220043,38.5,135.0,EN_ROUTE_TO_HOSPITAL
2026-08-03 21:25:34,AMB0066,REQ02878,13.054803,80.228141,25.8,135.0,EN_ROUTE_TO_HOSPITAL
2026-08-03 21:25:40,AMB0066,REQ02878,13.051286,80.234604,24.3,135.0,EN_ROUTE_TO_HOSPITAL
2026-08-03 21:25:44,AMB0066,REQ02878,13.047868,80.241777,21.4,135.0,EN_ROUTE_TO_HOSPITAL
2026-08-03 21:25:51,AMB0066,REQ02878,13.044264,80.249763,25.6,135.0,EN_ROUTE_TO_HOSPITAL
2026-09-01 04:42:10,AMB0118,REQ00467,12.923793,80.103002,27.1,135.0,EN_ROUTE_TO_PATIENT
2026-09-01 04:42:18,AMB0118,REQ00467,12.939859,80.111917,35.2,135.0,EN_ROUTE_TO_PATIENT
2026-09-01 04:42:24,AMB0118,REQ00467,12.955638,80.120273,47.6,135.0,EN_ROUTE_TO_PATIENT
2026-09-01 04:42:28,AMB0118,REQ00467,12.971447,80.128431,53.2,135.0,EN_ROUTE_TO_PATIENT
2026-09-01 04:42:33,AMB0118,REQ00467,12.987429,80.137286,38.5,135.0,EN_ROUTE_TO_PATIENT
2026-09-01 04:42:39,AMB0118,REQ00467,13.00276,80.145613,22.8,135.0,EN_ROUTE_TO_PATIENT
2026-09-01 04:42:46,AMB0118,REQ00467,13.019134,80.154218,49.9,135.0,EN_ROUTE_TO_PATIENT
2026-09-01 04:42:51,AMB0118,REQ00467,13.034855,80.162256,48.7,135.0,EN_ROUTE_TO_PATIENT
2026-09-01 04:42:56,AMB0118,REQ00467,13.051002,80.170834,21.8,135.0,EN_ROUTE_TO_PATIENT
2026-09-01 04:43:02,AMB0118,REQ00467,13.066007,80.179046,37.7,135.0,EN_ROUTE_TO_PATIENT
2026-09-01 04:43:06,AMB0118,REQ00467,13.082746,80.187736,36.6,135.0,EN_ROUTE_TO_PATIENT
2026-09-01 04:43:11,AMB0118,REQ00467,13.098308,80.196614,54.4,135.0,EN_ROUTE_TO_PATIENT
2026-09-01 04:43:16,AMB0118,REQ00467,13.114402,80.205123,44.0,135.0,EN_ROUTE_TO_PATIENT
2026-09-01 04:43:20,AMB0118,REQ00467,13.130634,80.213626,39.0,135.0,EN_ROUTE_TO_PATIENT
2026-09-01 04:43:24,AMB0118,REQ00467,13.146533,80.222359,47.4,135.0,EN_ROUTE_TO_PATIENT
2026-09-01 04:43:30,AMB0118,REQ00467,13.162302,80.229694,39.4,135.0,EN_ROUTE_TO_PATIENT
2026-09-01 04:43:34,AMB0118,REQ00467,13.177889,80.238893,38.7,135.0,EN_ROUTE_TO_PATIENT
2026-09-01 04:44:57,AMB0118,REQ00467,13.17808,80.239281,35.0,135.0,EN_ROUTE_TO_HOSPITAL
2026-09-01 04:45:01,AMB0118,REQ00467,13.169025,80.242312,23.8,135.0,EN_ROUTE_TO_HOSPITAL
2026-09-01 04:45:07,AMB0118,REQ00467,13.160615,80.245555,37.6,135.0,EN_ROUTE_TO_HOSPITAL
2026-09-01 04:45:13,AMB0118,REQ00467,13.151053,80.248743,30.7,135.0,EN_ROUTE_TO_HOSPITAL
2026-09-01 04:45:18,AMB0118,REQ00467,13.141998,80.252584,22.1,135.0,EN_ROUTE_TO_HOSPITAL
2026-09-01 04:45:24,AMB0118,REQ00467,13.133451,80.256036,43.8,135.0,EN_ROUTE_TO_HOSPITAL
2026-09-01 04:45:31,AMB0118,REQ00467,13.124649,80.259549,52.3,135.0,EN_ROUTE_TO_HOSPITAL
2026-09-01 04:45:36,AMB0118,REQ00467,13.116577,80.262955,23.2,135.0,EN_ROUTE_TO_HOSPITAL
2026-09-01 04:45:41,AMB0118,REQ00467,13.107742,80.267278,35.6,135.0,EN_ROUTE_TO_HOSPITAL
2026-09-01 04:45:48,AMB0118,REQ00467,13.098001,80.269958,38.1,135.0,EN_ROUTE_TO_HOSPITAL
2026-09-01 04:45:52,AMB0118,REQ00467,13.090343,80.273849,39.8,135.0,EN_ROUTE_TO_HOSPITAL
2026-09-01 04:45:56,AMB0118,REQ00467,13.080805,80.277336,53.8,135.0,EN_ROUTE_TO_HOSPITAL
2026-08-03 18:51:00,AMB0009,REQ00358,13.147114,80.232924,33.3,135.0,EN_ROUTE_TO_PATIENT
2026-08-03 18:51:05,AMB0009,REQ00358,13.140337,80.233082,24.9,135.0,EN_ROUTE_TO_PATIENT
2026-08-03 18:51:09,AMB0009,REQ00358,13.135538,80.234114,42.8,135.0,EN_ROUTE_TO_PATIENT
2026-08-03 18:51:16,AMB0009,REQ00358,13.12965,80.234927,51.9,135.0,EN_ROUTE_TO_PATIENT
2026-08-03 18:51:21,AMB0009,REQ00358,13.122981,80.235779,31.8,135.0,EN_ROUTE_TO_PATIENT
2026-08-03 18:51:29,AMB0009,REQ00358,13.117139,80.236563,34.6,135.0,EN_ROUTE_TO_PATIENT
2026-08-03 18:51:33,AMB0009,REQ00358,13.111861,80.237715,32.6,135.0,EN_ROUTE_TO_PATIENT
2026-08-03 18:51:41,AMB0009,REQ00358,13.105934,80.238984,54.2,135.0,EN_ROUTE_TO_PATIENT
2026-08-03 18:51:47,AMB0009,REQ00358,13.10084,80.238766,44.0,135.0,EN_ROUTE_TO_PATIENT
2026-08-03 18:51:52,AMB0009,REQ00358,13.094647,80.239779,28.1,135.0,EN_ROUTE_TO_PATIENT
2026-08-03 18:52:00,AMB0009,REQ00358,13.089367,80.241357,47.1,135.0,EN_ROUTE_TO_PATIENT
2026-08-03 18:52:04,AMB0009,REQ00358,13.083068,80.241884,33.8,135.0,EN_ROUTE_TO_PATIENT
2026-08-03 18:52:12,AMB0009,REQ00358,13.077021,80.242613,43.9,135.0,EN_ROUTE_TO_PATIENT
2026-08-03 18:52:16,AMB0009,REQ00358,13.072201,80.243316,35.2,135.0,EN_ROUTE_TO_PATIENT
2026-08-03 18:52:24,AMB0009,REQ00358,13.065647,80.24429,45.7,135.0,EN_ROUTE_TO_PATIENT
2026-08-03 18:53:07,AMB0009,REQ00358,13.065912,80.244759,31.2,135.0,EN_ROUTE_TO_HOSPITAL
2026-08-03 18:53:14,AMB0009,REQ00358,13.064944,80.242035,33.9,135.0,EN_ROUTE_TO_HOSPITAL
2026-08-03 18:53:19,AMB0009,REQ00358,13.063664,80.240039,20.9,135.0,EN_ROUTE_TO_HOSPITAL
2026-08-03 18:53:27,AMB0009,REQ00358,13.062811,80.23751,38.7,135.0,EN_ROUTE_TO_HOSPITAL
2026-08-03 18:53:33,AMB0009,REQ00358,13.06101,80.235264,53.0,135.0,EN_ROUTE_TO_HOSPITAL
2026-08-03 18:53:41,AMB0009,REQ00358,13.060277,80.23247,27.5,135.0,EN_ROUTE_TO_HOSPITAL
2026-08-03 18:53:46,AMB0009,REQ00358,13.058917,80.230691,29.6,135.0,EN_ROUTE_TO_HOSPITAL
2026-08-03 18:53:54,AMB0009,REQ00358,13.057932,80.228155,27.2,135.0,EN_ROUTE_TO_HOSPITAL
2026-08-03 18:53:59,AMB0009,REQ00358,13.057537,80.225387,31.3,135.0,EN_ROUTE_TO_HOSPITAL
2026-08-03 18:54:07,AMB0009,REQ00358,13.056264,80.222976,22.1,135.0,EN_ROUTE_TO_HOSPITAL
2026-08-03 18:54:15,AMB0009,REQ00358,13.0551,80.2215,37.5,135.0,EN_ROUTE_TO_HOSPITAL
2026-08-03 18:54:23,AMB0009,REQ00358,13.054431,80.219148,42.0,135.0,EN_ROUTE_TO_HOSPITAL
2026-08-03 18:54:28,AMB0009,REQ00358,13.053136,80.216995,30.0,135.0,EN_ROUTE_TO_HOSPITAL
2026-08-03 18:54:33,AMB0009,REQ00358,13.051512,80.214906,30.3,135.0,EN_ROUTE_TO_HOSPITAL
2026-08-03 18:54:39,AMB0009,REQ00358,13.050117,80.212132,23.3,135.0,EN_ROUTE_TO_HOSPITAL
2026-08-03 03:35:09,AMB0075,REQ00815,13.034271,80.206254,31.6,135.0,EN_ROUTE_TO_PATIENT
2026-08-03 03:35:13,AMB0075,REQ00815,13.043858,80.204393,34.4,135.0,EN_ROUTE_TO_PATIENT
2026-08-03 03:35:18,AMB0075,REQ00815,13.052466,80.203286,22.3,135.0,EN_ROUTE_TO_PATIENT
2026-08-03 03:35:24,AMB0075,REQ00815,13.062212,80.201706,22.5,135.0,EN_ROUTE_TO_PATIENT
2026-08-03 03:35:28,AMB0075,REQ00815,13.071552,80.20047,28.7,135.0,EN_ROUTE_TO_PATIENT
2026-08-03 03:35:33,AMB0075,REQ00815,13.080589,80.199929,42.0,135.0,EN_ROUTE_TO_PATIENT
2026-08-03 03:35:39,AMB0075,REQ00815,13.089754,80.197835,31.5,135.0,EN_ROUTE_TO_PATIENT
2026-08-03 03:35:46,AMB0075,REQ00815,13.099162,80.197324,21.0,135.0,EN_ROUTE_TO_PATIENT
2026-08-03 03:35:52,AMB0075,REQ00815,13.10817,80.195713,20.2,135.0,EN_ROUTE_TO_PATIENT
2026-08-03 03:35:56,AMB0075,REQ00815,13.117146,80.194265,32.4,135.0,EN_ROUTE_TO_PATIENT
2026-08-03 03:36:03,AMB0075,REQ00815,13.126664,80.192863,29.1,135.0,EN_ROUTE_TO_PATIENT
2026-08-03 03:36:09,AMB0075,REQ00815,13.135359,80.191884,44.8,135.0,EN_ROUTE_TO_PATIENT
2026-08-03 03:36:13,AMB0075,REQ00815,13.145104,80.190772,37.0,135.0,EN_ROUTE_TO_PATIENT
2026-08-03 03:36:20,AMB0075,REQ00815,13.153853,80.190158,30.9,135.0,EN_ROUTE_TO_PATIENT
2026-08-03 03:36:27,AMB0075,REQ00815,13.162767,80.188857,38.1,135.0,EN_ROUTE_TO_PATIENT
2026-08-03 03:37:15,AMB0075,REQ00815,13.162904,80.187938,39.1,135.0,EN_ROUTE_TO_HOSPITAL
2026-08-03 03:37:20,AMB0075,REQ00815,13.152264,80.191362,24.2,135.0,EN_ROUTE_TO_HOSPITAL
2026-08-03 03:37:27,AMB0075,REQ00815,13.141092,80.193176,35.2,135.0,EN_ROUTE_TO_HOSPITAL
2026-08-03 03:37:34,AMB0075,REQ00815,13.130559,80.195284,38.8,135.0,EN_ROUTE_TO_HOSPITAL
2026-08-03 03:37:39,AMB0075,REQ00815,13.118348,80.198371,26.9,135.0,EN_ROUTE_TO_HOSPITAL
2026-08-03 03:37:47,AMB0075,REQ00815,13.108047,80.200981,30.0,135.0,EN_ROUTE_TO_HOSPITAL
2026-08-03 03:37:52,AMB0075,REQ00815,13.09715,80.202523,42.3,135.0,EN_ROUTE_TO_HOSPITAL
2026-08-03 03:37:57,AMB0075,REQ00815,13.086404,80.205117,52.2,135.0,EN_ROUTE_TO_HOSPITAL
2026-08-03 03:38:03,AMB0075,REQ00815,13.075038,80.208024,24.4,135.0,EN_ROUTE_TO_HOSPITAL
2026-08-03 03:38:11,AMB0075,REQ00815,13.063295,80.209883,38.8,135.0,EN_ROUTE_TO_HOSPITAL
2026-08-03 03:38:18,AMB0075,REQ00815,13.052833,80.212419,50.5,135.0,EN_ROUTE_TO_HOSPITAL
2026-09-03 02:29:48,AMB0119,REQ02196,12.921923,80.095926,26.7,135.0,EN_ROUTE_TO_PATIENT
2026-09-03 02:29:56,AMB0119,REQ02196,12.933717,80.106642,40.8,135.0,EN_ROUTE_TO_PATIENT
2026-09-03 02:30:01,AMB0119,REQ02196,12.945733,80.116538,25.8,135.0,EN_ROUTE_TO_PATIENT
2026-09-03 02:30:05,AMB0119,REQ02196,12.958456,80.126415,50.2,135.0,EN_ROUTE_TO_PATIENT
2026-09-03 02:30:11,AMB0119,REQ02196,12.970438,80.137238,49.0,135.0,EN_ROUTE_TO_PATIENT
2026-09-03 02:30:19,AMB0119,REQ02196,12.981973,80.147576,41.6,135.0,EN_ROUTE_TO_PATIENT
2026-09-03 02:30:26,AMB0119,REQ02196,12.994371,80.157969,31.4,135.0,EN_ROUTE_TO_PATIENT
2026-09-03 02:30:32,AMB0119,REQ02196,13.007234,80.167967,21.2,135.0,EN_ROUTE_TO_PATIENT
2026-09-03 02:30:40,AMB0119,REQ02196,13.019167,80.178597,28.6,135.0,EN_ROUTE_TO_PATIENT
2026-09-03 02:30:47,AMB0119,REQ02196,13.031307,80.188774,28.8,135.0,EN_ROUTE_TO_PATIENT
2026-09-03 02:30:52,AMB0119,REQ02196,13.043337,80.19881,48.7,135.0,EN_ROUTE_TO_PATIENT
2026-09-03 02:30:58,AMB0119,REQ02196,13.056035,80.208651,39.4,135.0,EN_ROUTE_TO_PATIENT
2026-09-03 02:31:03,AMB0119,REQ02196,13.067384,80.219194,38.4,135.0,EN_ROUTE_TO_PATIENT
2026-09-03 02:31:08,AMB0119,REQ02196,13.080335,80.228779,28.3,135.0,EN_ROUTE_TO_PATIENT
2026-09-03 02:32:05,AMB0119,REQ02196,13.079423,80.229339,34.7,135.0,EN_ROUTE_TO_HOSPITAL
2026-09-03 02:32:12,AMB0119,REQ02196,13.071228,80.231681,21.5,135.0,EN_ROUTE_TO_HOSPITAL
2026-09-03 02:32:16,AMB0119,REQ02196,13.063457,80.233658,39.4,135.0,EN_ROUTE_TO_HOSPITAL
2026-09-03 02:32:22,AMB0119,REQ02196,13.05506,80.236689,40.3,135.0,EN_ROUTE_TO_HOSPITAL
2026-09-03 02:32:26,AMB0119,REQ02196,13.047673,80.238527,43.4,135.0,EN_ROUTE_TO_HOSPITAL
2026-09-03 02:32:30,AMB0119,REQ02196,13.039283,80.240681,50.2,135.0,EN_ROUTE_TO_HOSPITAL
2026-09-03 02:32:38,AMB0119,REQ02196,13.030796,80.243874,37.9,135.0,EN_ROUTE_TO_HOSPITAL
2026-09-03 02:32:42,AMB0119,REQ02196,13.022229,80.246022,44.5,135.0,EN_ROUTE_TO_HOSPITAL
2026-09-03 02:32:46,AMB0119,REQ02196,13.014788,80.248122,20.0,135.0,EN_ROUTE_TO_HOSPITAL
2026-09-03 02:32:51,AMB0119,REQ02196,13.006595,80.250202,36.0,135.0,EN_ROUTE_TO_HOSPITAL
2026-08-24 22:27:54,AMB0078,REQ02715,13.038871,80.158765,32.3,135.0,EN_ROUTE_TO_PATIENT
2026-08-24 22:27:58,AMB0078,REQ02715,13.039097,80.15862,21.9,135.0,EN_ROUTE_TO_PATIENT
2026-08-24 22:28:03,AMB0078,REQ02715,13.039637,80.158223,47.0,135.0,EN_ROUTE_TO_PATIENT
2026-08-24 22:28:08,AMB0078,REQ02715,13.03942,80.158172,52.9,135.0,EN_ROUTE_TO_PATIENT
2026-08-24 22:28:14,AMB0078,REQ02715,13.040096,80.157605,32.7,135.0,EN_ROUTE_TO_PATIENT
2026-08-24 22:28:22,AMB0078,REQ02715,13.04045,80.157885,37.6,135.0,EN_ROUTE_TO_PATIENT
2026-08-24 22:28:29,AMB0078,REQ02715,13.04096,80.157565,49.6,135.0,EN_ROUTE_TO_PATIENT
2026-08-24 22:28:34,AMB0078,REQ02715,13.042079,80.156647,51.2,135.0,EN_ROUTE_TO_PATIENT
2026-08-24 22:28:39,AMB0078,REQ02715,13.042102,80.157285,29.2,135.0,EN_ROUTE_TO_PATIENT
2026-08-24 22:28:44,AMB0078,REQ02715,13.043119,80.156486,42.7,135.0,EN_ROUTE_TO_PATIENT
2026-08-24 22:28:52,AMB0078,REQ02715,13.043696,80.156027,23.4,135.0,EN_ROUTE_TO_PATIENT
2026-08-24 22:28:59,AMB0078,REQ02715,13.043868,80.155704,22.9,135.0,EN_ROUTE_TO_PATIENT
2026-08-24 22:29:07,AMB0078,REQ02715,13.044958,80.156251,20.9,135.0,EN_ROUTE_TO_PATIENT
2026-08-24 22:29:13,AMB0078,REQ02715,13.045616,80.1564,53.6,135.0,EN_ROUTE_TO_PATIENT
2026-08-24 22:29:21,AMB0078,REQ02715,13.045025,80.155007,37.1,135.0,EN_ROUTE_TO_PATIENT
2026-08-24 22:29:57,AMB0078,REQ02715,13.045499,80.155165,44.4,135.0,EN_ROUTE_TO_HOSPITAL
2026-08-24 22:30:02,AMB0078,REQ02715,13.020894,80.162492,40.5,135.0,EN_ROUTE_TO_HOSPITAL
2026-08-24 22:30:06,AMB0078,REQ02715,12.996077,80.168353,29.5,135.0,EN_ROUTE_TO_HOSPITAL
2026-08-24 22:30:14,AMB0078,REQ02715,12.971374,80.174658,41.1,135.0,EN_ROUTE_TO_HOSPITAL
2026-08-24 22:30:18,AMB0078,REQ02715,12.946203,80.181222,54.3,135.0,EN_ROUTE_TO_HOSPITAL
2026-08-24 22:30:26,AMB0078,REQ02715,12.921323,80.188474,30.4,135.0,EN_ROUTE_TO_HOSPITAL
2026-08-24 22:30:33,AMB0078,REQ02715,12.896189,80.194143,36.4,135.0,EN_ROUTE_TO_HOSPITAL
2026-08-24 22:30:39,AMB0078,REQ02715,12.872025,80.200671,42.0,135.0,EN_ROUTE_TO_HOSPITAL
2026-08-24 22:30:44,AMB0078,REQ02715,12.84681,80.207996,42.8,135.0,EN_ROUTE_TO_HOSPITAL
2026-08-24 22:30:49,AMB0078,REQ02715,12.822239,80.213995,36.2,135.0,EN_ROUTE_TO_HOSPITAL
2026-08-24 22:30:57,AMB0078,REQ02715,12.797186,80.220639,41.5,135.0,EN_ROUTE_TO_HOSPITAL
2026-09-02 09:54:15,AMB0043,REQ00267,13.116547,80.157712,37.5,135.0,EN_ROUTE_TO_PATIENT
2026-09-02 09:54:23,AMB0043,REQ00267,13.089962,80.161875,29.4,135.0,EN_ROUTE_TO_PATIENT
2026-09-02 09:54:31,AMB0043,REQ00267,13.065346,80.168124,45.5,135.0,EN_ROUTE_TO_PATIENT
2026-09-02 09:54:35,AMB0043,REQ00267,13.039109,80.172352,23.6,135.0,EN_ROUTE_TO_PATIENT
2026-09-02 09:54:43,AMB0043,REQ00267,13.013216,80.178282,23.9,135.0,EN_ROUTE_TO_PATIENT
2026-09-02 09:54:48,AMB0043,REQ00267,12.98758,80.183413,33.3,135.0,EN_ROUTE_TO_PATIENT
2026-09-02 09:54:53,AMB0043,REQ00267,12.961882,80.18802,29.6,135.0,EN_ROUTE_TO_PATIENT
2026-09-02 09:54:58,AMB0043,REQ00267,12.936906,80.193587,30.3,135.0,EN_ROUTE_TO_PATIENT
2026-09-02 09:55:04,AMB0043,REQ00267,12.910443,80.1983,47.5,135.0,EN_ROUTE_TO_PATIENT
2026-09-02 09:55:08,AMB0043,REQ00267,12.885666,80.203884,20.2,135.0,EN_ROUTE_TO_PATIENT
2026-09-02 09:55:14,AMB0043,REQ00267,12.859389,80.20933,24.1,135.0,EN_ROUTE_TO_PATIENT
2026-09-02 09:55:18,AMB0043,REQ00267,12.834258,80.214808,33.8,135.0,EN_ROUTE_TO_PATIENT
2026-09-02 09:55:25,AMB0043,REQ00267,12.80818,80.219039,51.6,135.0,EN_ROUTE_TO_PATIENT
2026-09-02 09:55:31,AMB0043,REQ00267,12.781953,80.224068,44.3,135.0,EN_ROUTE_TO_PATIENT
2026-09-02 09:56:11,AMB0043,REQ00267,12.782354,80.224964,41.8,135.0,EN_ROUTE_TO_HOSPITAL
2026-09-02 09:56:17,AMB0043,REQ00267,12.811895,80.219373,48.3,135.0,EN_ROUTE_TO_HOSPITAL
2026-09-02 09:56:24,AMB0043,REQ00267,12.842013,80.212828,44.1,135.0,EN_ROUTE_TO_HOSPITAL
2026-09-02 09:56:29,AMB0043,REQ00267,12.872457,80.20766,49.3,135.0,EN_ROUTE_TO_HOSPITAL
2026-09-02 09:56:37,AMB0043,REQ00267,12.9018,80.201536,36.8,135.0,EN_ROUTE_TO_HOSPITAL
2026-09-02 09:56:43,AMB0043,REQ00267,12.931461,80.196527,36.0,135.0,EN_ROUTE_TO_HOSPITAL
2026-09-02 09:56:48,AMB0043,REQ00267,12.961311,80.190138,53.3,135.0,EN_ROUTE_TO_HOSPITAL
2026-09-02 09:56:52,AMB0043,REQ00267,12.992012,80.18485,53.0,135.0,EN_ROUTE_TO_HOSPITAL
2026-09-02 09:57:00,AMB0043,REQ00267,13.021348,80.179064,27.4,135.0,EN_ROUTE_TO_HOSPITAL
2026-08-13 01:17:51,AMB0114,REQ00102,12.920509,80.194327,28.7,135.0,EN_ROUTE_TO_PATIENT
2026-08-13 01:17:57,AMB0114,REQ00102,12.927131,80.195834,35.6,135.0,EN_ROUTE_TO_PATIENT
2026-08-13 01:18:05,AMB0114,REQ00102,12.934317,80.197451,32.2,135.0,EN_ROUTE_TO_PATIENT
2026-08-13 01:18:13,AMB0114,REQ00102,12.942477,80.198591,29.3,135.0,EN_ROUTE_TO_PATIENT
2026-08-13 01:18:21,AMB0114,REQ00102,12.949483,80.200359,30.0,135.0,EN_ROUTE_TO_PATIENT
2026-08-13 01:18:28,AMB0114,REQ00102,12.95687,80.201786,20.2,135.0,EN_ROUTE_TO_PATIENT
2026-08-13 01:18:32,AMB0114,REQ00102,12.963195,80.203706,44.1,135.0,EN_ROUTE_TO_PATIENT
2026-08-13 01:18:38,AMB0114,REQ00102,12.97134,80.205143,33.0,135.0,EN_ROUTE_TO_PATIENT
2026-08-13 01:18:44,AMB0114,REQ00102,12.977827,80.207022,43.3,135.0,EN_ROUTE_TO_PATIENT
2026-08-13 01:18:51,AMB0114,REQ00102,12.985253,80.209529,27.4,135.0,EN_ROUTE_TO_PATIENT
2026-08-13 01:18:56,AMB0114,REQ00102,12.992678,80.2106,36.9,135.0,EN_ROUTE_TO_PATIENT
2026-08-13 01:19:03,AMB0114,REQ00102,12.999637,80.213067,41.1,135.0,EN_ROUTE_TO_PATIENT
2026-08-13 01:19:09,AMB0114,REQ00102,13.007562,80.214777,42.7,135.0,EN_ROUTE_TO_PATIENT
2026-08-13 01:19:13,AMB0114,REQ00102,13.014732,80.216186,38.3,135.0,EN_ROUTE_TO_PATIENT
2026-08-13 01:19:21,AMB0114,REQ00102,13.022152,80.218003,33.8,135.0,EN_ROUTE_TO_PATIENT
2026-08-13 01:19:25,AMB0114,REQ00102,13.028721,80.219833,26.9,135.0,EN_ROUTE_TO_PATIENT
2026-08-13 01:19:32,AMB0114,REQ00102,13.035931,80.220812,49.9,135.0,EN_ROUTE_TO_PATIENT
2026-08-13 01:20:49,AMB0114,REQ00102,13.035897,80.220879,41.6,135.0,EN_ROUTE_TO_HOSPITAL
2026-08-13 01:20:55,AMB0114,REQ00102,13.039248,80.226216,39.7,135.0,EN_ROUTE_TO_HOSPITAL
2026-08-13 01:21:00,AMB0114,REQ00102,13.042868,80.231156,26.2,135.0,EN_ROUTE_TO_HOSPITAL
2026-08-13 01:21:08,AMB0114,REQ00102,13.046727,80.237413,52.9,135.0,EN_ROUTE_TO_HOSPITAL
2026-08-13 01:21:13,AMB0114,REQ00102,13.04926,80.243031,28.6,135.0,EN_ROUTE_TO_HOSPITAL
2026-08-13 01:21:18,AMB0114,REQ00102,13.052872,80.247443,30.1,135.0,EN_ROUTE_TO_HOSPITAL
2026-08-13 01:21:26,AMB0114,REQ00102,13.056141,80.253663,43.4,135.0,EN_ROUTE_TO_HOSPITAL
2026-08-13 01:21:33,AMB0114,REQ00102,13.059632,80.258119,49.7,135.0,EN_ROUTE_TO_HOSPITAL
2026-08-13 01:21:40,AMB0114,REQ00102,13.062434,80.263421,45.2,135.0,EN_ROUTE_TO_HOSPITAL
2026-08-13 01:21:44,AMB0114,REQ00102,13.066152,80.269042,38.2,135.0,EN_ROUTE_TO_HOSPITAL
2026-08-13 01:21:48,AMB0114,REQ00102,13.069869,80.274509,45.0,135.0,EN_ROUTE_TO_HOSPITAL
2026-08-10 02:16:36,AMB0012,REQ02540,13.160426,80.201183,53.9,135.0,EN_ROUTE_TO_PATIENT
2026-08-10 02:16:43,AMB0012,REQ02540,13.164451,80.208956,34.8,135.0,EN_ROUTE_TO_PATIENT
2026-08-10 02:16:49,AMB0012,REQ02540,13.168575,80.216886,33.1,135.0,EN_ROUTE_TO_PATIENT
2026-08-10 02:16:53,AMB0012,REQ02540,13.172883,80.224103,42.4,135.0,EN_ROUTE_TO_PATIENT
2026-08-10 02:17:00,AMB0012,REQ02540,13.176491,80.231765,38.1,135.0,EN_ROUTE_TO_PATIENT
2026-08-10 02:17:05,AMB0012,REQ02540,13.180884,80.239266,21.2,135.0,EN_ROUTE_TO_PATIENT
2026-08-10 02:17:13,AMB0012,REQ02540,13.184113,80.247681,28.5,135.0,EN_ROUTE_TO_PATIENT
2026-08-10 02:17:18,AMB0012,REQ02540,13.188102,80.255716,23.8,135.0,EN_ROUTE_TO_PATIENT
2026-08-10 02:17:26,AMB0012,REQ02540,13.191708,80.26304,44.3,135.0,EN_ROUTE_TO_PATIENT
2026-08-10 02:17:31,AMB0012,REQ02540,13.196315,80.270505,32.2,135.0,EN_ROUTE_TO_PATIENT
2026-08-10 02:17:37,AMB0012,REQ02540,13.200447,80.278436,23.8,135.0,EN_ROUTE_TO_PATIENT
2026-08-10 02:17:42,AMB0012,REQ02540,13.203487,80.286162,46.8,135.0,EN_ROUTE_TO_PATIENT
2026-08-10 02:17:48,AMB0012,REQ02540,13.207253,80.294073,31.5,135.0,EN_ROUTE_TO_PATIENT
2026-08-10 02:17:53,AMB0012,REQ02540,13.211188,80.302181,27.1,135.0,EN_ROUTE_TO_PATIENT
2026-08-10 02:17:59,AMB0012,REQ02540,13.215801,80.3098,44.3,135.0,EN_ROUTE_TO_PATIENT
2026-08-10 02:18:03,AMB0012,REQ02540,13.219386,80.317754,53.8,135.0,EN_ROUTE_TO_PATIENT
2026-08-10 02:18:56,AMB0012,REQ02540,13.219554,80.31666,32.2,135.0,EN_ROUTE_TO_HOSPITAL
2026-08-10 02:19:03,AMB0012,REQ02540,13.206445,80.30863,22.7,135.0,EN_ROUTE_TO_HOSPITAL
2026-08-10 02:19:07,AMB0012,REQ02540,13.194002,80.301232,46.8,135.0,EN_ROUTE_TO_HOSPITAL
2026-08-10 02:19:12,AMB0012,REQ02540,13.180623,80.292491,48.4,135.0,EN_ROUTE_TO_HOSPITAL
2026-08-10 02:19:19,AMB0012,REQ02540,13.168428,80.285354,29.4,135.0,EN_ROUTE_TO_HOSPITAL
2026-08-10 02:19:24,AMB0012,REQ02540,13.155645,80.277056,31.7,135.0,EN_ROUTE_TO_HOSPITAL
2026-08-10 02:19:30,AMB0012,REQ02540,13.141963,80.268613,40.9,135.0,EN_ROUTE_TO_HOSPITAL
2026-08-10 02:19:38,AMB0012,REQ02540,13.129893,80.260327,48.8,135.0,EN_ROUTE_TO_HOSPITAL
2026-08-10 02:19:43,AMB0012,REQ02540,13.116768,80.25255,24.7,135.0,EN_ROUTE_TO_HOSPITAL
2026-08-10 02:19:47,AMB0012,REQ02540,13.104267,80.244632,25.4,135.0,EN_ROUTE_TO_HOSPITAL
2026-08-10 02:19:51,AMB0012,REQ02540,13.090673,80.237071,36.3,135.0,EN_ROUTE_TO_HOSPITAL
2026-08-10 02:19:55,AMB0012,REQ02540,13.07896,80.22856,24.5,135.0,EN_ROUTE_TO_HOSPITAL
2026-08-10 02:19:59,AMB0012,REQ02540,13.066048,80.220973,21.6,135.0,EN_ROUTE_TO_HOSPITAL
2026-08-10 02:20:06,AMB0012,REQ02540,13.052845,80.212445,20.1,135.0,EN_ROUTE_TO_HOSPITAL
2026-08-18 22:21:35,AMB0113,REQ02155,12.916579,80.191614,32.6,135.0,EN_ROUTE_TO_PATIENT
2026-08-18 22:21:40,AMB0113,REQ02155,12.931859,80.196123,21.6,135.0,EN_ROUTE_TO_PATIENT
2026-08-18 22:21:47,AMB0113,REQ02155,12.94764,80.200109,51.3,135.0,EN_ROUTE_TO_PATIENT
2026-08-18 22:21:51,AMB0113,REQ02155,12.964824,80.204249,54.8,135.0,EN_ROUTE_TO_PATIENT
2026-08-18 22:21:59,AMB0113,REQ02155,12.980856,80.207624,20.6,135.0,EN_ROUTE_TO_PATIENT
2026-08-18 22:22:05,AMB0113,REQ02155,12.996588,80.211874,32.8,135.0,EN_ROUTE_TO_PATIENT
2026-08-18 22:22:13,AMB0113,REQ02155,13.011834,80.215903,51.9,135.0,EN_ROUTE_TO_PATIENT
2026-08-18 22:22:18,AMB0113,REQ02155,13.027988,80.220407,36.6,135.0,EN_ROUTE_TO_PATIENT
2026-08-18 22:22:23,AMB0113,REQ02155,13.044596,80.224058,26.9,135.0,EN_ROUTE_TO_PATIENT
2026-08-18 22:22:27,AMB0113,REQ02155,13.060801,80.227882,37.7,135.0,EN_ROUTE_TO_PATIENT
2026-08-18 22:22:31,AMB0113,REQ02155,13.075967,80.232373,46.3,135.0,EN_ROUTE_TO_PATIENT
2026-08-18 22:22:38,AMB0113,REQ02155,13.092932,80.235853,39.7,135.0,EN_ROUTE_TO_PATIENT
2026-08-18 22:23:27,AMB0113,REQ02155,13.093018,80.236555,31.7,135.0,EN_ROUTE_TO_HOSPITAL
2026-08-18 22:23:33,AMB0113,REQ02155,13.088333,80.233402,34.1,135.0,EN_ROUTE_TO_HOSPITAL
2026-08-18 22:23:41,AMB0113,REQ02155,13.084795,80.231419,33.0,135.0,EN_ROUTE_TO_HOSPITAL
2026-08-18 22:23:49,AMB0113,REQ02155,13.081504,80.228729,22.2,135.0,EN_ROUTE_TO_HOSPITAL
2026-08-18 22:23:54,AMB0113,REQ02155,13.07811,80.227345,39.5,135.0,EN_ROUTE_TO_HOSPITAL
2026-08-18 22:23:59,AMB0113,REQ02155,13.073946,80.224544,41.4,135.0,EN_ROUTE_TO_HOSPITAL
2026-08-18 22:24:06,AMB0113,REQ02155,13.070376,80.222583,30.4,135.0,EN_ROUTE_TO_HOSPITAL
2026-08-18 22:24:13,AMB0113,REQ02155,13.067149,80.220525,40.3,135.0,EN_ROUTE_TO_HOSPITAL
2026-08-18 22:24:17,AMB0113,REQ02155,13.063776,80.217654,21.5,135.0,EN_ROUTE_TO_HOSPITAL
2026-08-18 22:24:23,AMB0113,REQ02155,13.05971,80.215154,45.1,135.0,EN_ROUTE_TO_HOSPITAL
2026-08-18 22:24:30,AMB0113,REQ02155,13.055464,80.212727,44.9,135.0,EN_ROUTE_TO_HOSPITAL
2026-08-18 22:24:35,AMB0113,REQ02155,13.051983,80.211269,48.9,135.0,EN_ROUTE_TO_HOSPITAL
2026-08-27 03:33:25,AMB0007,REQ00246,13.165143,80.25702,42.3,135.0,EN_ROUTE_TO_PATIENT
2026-08-27 03:33:31,AMB0007,REQ00246,13.165844,80.253589,30.4,135.0,EN_ROUTE_TO_PATIENT
2026-08-27 03:33:36,AMB0007,REQ00246,13.165541,80.250605,29.1,135.0,EN_ROUTE_TO_PATIENT
2026-08-27 03:33:44,AMB0007,REQ00246,13.165417,80.247782,25.5,135.0,EN_ROUTE_TO_PATIENT
2026-08-27 03:33:50,AMB0007,REQ00246,13.164734,80.245998,28.4,135.0,EN_ROUTE_TO_PATIENT
2026-08-27 03:33:55,AMB0007,REQ00246,13.1647,80.242225,28.1,135.0,EN_ROUTE_TO_PATIENT
2026-08-27 03:34:00,AMB0007,REQ00246,13.165048,80.239287,47.1,135.0,EN_ROUTE_TO_PATIENT
2026-08-27 03:34:04,AMB0007,REQ00246,13.164397,80.237441,20.5,135.0,EN_ROUTE_TO_PATIENT
2026-08-27 03:34:08,AMB0007,REQ00246,13.164142,80.233988,26.7,135.0,EN_ROUTE_TO_PATIENT
2026-08-27 03:34:15,AMB0007,REQ00246,13.164263,80.231501,38.4,135.0,EN_ROUTE_TO_PATIENT
2026-08-27 03:34:23,AMB0007,REQ00246,13.164532,80.227979,26.0,135.0,EN_ROUTE_TO_PATIENT
2026-08-27 03:34:28,AMB0007,REQ00246,13.163673,80.225741,29.3,135.0,EN_ROUTE_TO_PATIENT
2026-08-27 03:34:33,AMB0007,REQ00246,13.163495,80.222974,31.7,135.0,EN_ROUTE_TO_PATIENT
2026-08-27 03:34:41,AMB0007,REQ00246,13.16388,80.220329,49.3,135.0,EN_ROUTE_TO_PATIENT
2026-08-27 03:34:49,AMB0007,REQ00246,13.16352,80.216793,23.4,135.0,EN_ROUTE_TO_PATIENT
2026-08-27 03:34:54,AMB0007,REQ00246,13.162692,80.213981,31.7,135.0,EN_ROUTE_TO_PATIENT
2026-08-27 03:34:59,AMB0007,REQ00246,13.162614,80.210951,41.1,135.0,EN_ROUTE_TO_PATIENT
2026-08-27 03:35:43,AMB0007,REQ00246,13.162599,80.211006,42.3,135.0,EN_ROUTE_TO_HOSPITAL
2026-08-27 03:35:50,AMB0007,REQ00246,13.146737,80.205043,54.9,135.0,EN_ROUTE_TO_HOSPITAL
2026-08-27 03:35:55,AMB0007,REQ00246,13.131426,80.199744,40.6,135.0,EN_ROUTE_TO_HOSPITAL
2026-08-27 03:36:03,AMB0007,REQ00246,13.116215,80.193258,29.6,135.0,EN_ROUTE_TO_HOSPITAL
2026-08-27 03:36:10,AMB0007,REQ00246,13.100526,80.187665,48.0,135.0,EN_ROUTE_TO_HOSPITAL
2026-08-27 03:36:16,AMB0007,REQ00246,13.084098,80.181986,22.0,135.0,EN_ROUTE_TO_HOSPITAL
2026-08-27 03:36:24,AMB0007,REQ00246,13.069021,80.176302,46.4,135.0,EN_ROUTE_TO_HOSPITAL
2026-08-27 03:36:32,AMB0007,REQ00246,13.052515,80.169776,50.4,135.0,EN_ROUTE_TO_HOSPITAL
2026-08-27 03:36:39,AMB0007,REQ00246,13.037568,80.164484,40.3,135.0,EN_ROUTE_TO_HOSPITAL
2026-08-27 03:36:45,AMB0007,REQ00246,13.022175,80.157738,27.5,135.0,EN_ROUTE_TO_HOSPITAL
2026-08-27 03:36:49,AMB0007,REQ00246,13.005781,80.151783,51.7,135.0,EN_ROUTE_TO_HOSPITAL
2026-08-27 03:36:53,AMB0007,REQ00246,12.989776,80.145881,39.3,135.0,EN_ROUTE_TO_HOSPITAL
2026-08-27 03:36:57,AMB0007,REQ00246,12.974395,80.140789,42.5,135.0,EN_ROUTE_TO_HOSPITAL
2026-08-27 03:37:01,AMB0007,REQ00246,12.959367,80.133975,40.9,135.0,EN_ROUTE_TO_HOSPITAL
2026-08-27 03:37:08,AMB0007,REQ00246,12.942502,80.128826,28.6,135.0,EN_ROUTE_TO_HOSPITAL
2026-08-05 11:32:45,AMB0055,REQ02141,13.055488,80.213095,30.5,135.0,EN_ROUTE_TO_PATIENT
2026-08-05 11:32:50,AMB0055,REQ02141,13.057376,80.215845,30.9,135.0,EN_ROUTE_TO_PATIENT
2026-08-05 11:32:55,AMB0055,REQ02141,13.057637,80.218565,26.5,135.0,EN_ROUTE_TO_PATIENT
2026-08-05 11:33:00,AMB0055,REQ02141,13.059056,80.221529,28.8,135.0,EN_ROUTE_TO_PATIENT
2026-08-05 11:33:06,AMB0055,REQ02141,13.059726,80.225164,33.6,135.0,EN_ROUTE_TO_PATIENT
2026-08-05 11:33:10,AMB0055,REQ02141,13.061026,80.227582,38.3,135.0,EN_ROUTE_TO_PATIENT
2026-08-05 11:33:18,AMB0055,REQ02141,13.061746,80.230439,27.7,135.0,EN_ROUTE_TO_PATIENT
2026-08-05 11:33:23,AMB0055,REQ02141,13.062966,80.233913,51.7,135.0,EN_ROUTE_TO_PATIENT
2026-08-05 11:33:29,AMB0055,REQ02141,13.06363,80.236982,21.2,135.0,EN_ROUTE_TO_PATIENT
2026-08-05 11:35:04,AMB0055,REQ02141,13.063178,80.237005,25.5,135.0,EN_ROUTE_TO_HOSPITAL
2026-08-05 11:35:12,AMB0055,REQ02141,13.062406,80.234778,44.2,135.0,EN_ROUTE_TO_HOSPITAL
2026-08-05 11:35:17,AMB0055,REQ02141,13.062566,80.232889,42.5,135.0,EN_ROUTE_TO_HOSPITAL
2026-08-05 11:35:24,AMB0055,REQ02141,13.06101,80.231186,29.7,135.0,EN_ROUTE_TO_HOSPITAL
2026-08-05 11:35:30,AMB0055,REQ02141,13.06011,80.229494,52.3,135.0,EN_ROUTE_TO_HOSPITAL
2026-08-05 11:35:36,AMB0055,REQ02141,13.059355,80.228191,39.3,135.0,EN_ROUTE_TO_HOSPITAL
2026-08-05 11:35:41,AMB0055,REQ02141,13.058674,80.226466,27.3,135.0,EN_ROUTE_TO_HOSPITAL
2026-08-05 11:35:49,AMB0055,REQ02141,13.058593,80.22436,35.6,135.0,EN_ROUTE_TO_HOSPITAL
2026-08-05 11:35:57,AMB0055,REQ02141,13.05802,80.222799,32.8,135.0,EN_ROUTE_TO_HOSPITAL
2026-08-05 11:36:05,AMB0055,REQ02141,13.057003,80.220954,22.8,135.0,EN_ROUTE_TO_HOSPITAL
2026-08-05 11:36:13,AMB0055,REQ02141,13.056103,80.219011,20.8,135.0,EN_ROUTE_TO_HOSPITAL
2026-08-05 11:36:18,AMB0055,REQ02141,13.054798,80.21808,46.7,135.0,EN_ROUTE_TO_HOSPITAL
2026-08-05 11:36:26,AMB0055,REQ02141,13.054794,80.216581,42.4,135.0,EN_ROUTE_TO_HOSPITAL
2026-08-05 11:36:32,AMB0055,REQ02141,13.053462,80.215015,31.9,135.0,EN_ROUTE_TO_HOSPITAL
2026-08-05 11:36:39,AMB0055,REQ02141,13.053378,80.213168,32.6,135.0,EN_ROUTE_TO_HOSPITAL
2026-08-05 11:36:45,AMB0055,REQ02141,13.052425,80.211598,22.1,135.0,EN_ROUTE_TO_HOSPITAL
2026-08-27 02:14:00,AMB0014,REQ02657,13.126828,80.287076,52.7,135.0,EN_ROUTE_TO_PATIENT
2026-08-27 02:14:06,AMB0014,REQ02657,13.125412,80.284067,53.2,135.0,EN_ROUTE_TO_PATIENT
2026-08-27 02:14:12,AMB0014,REQ02657,13.122482,80.280823,39.9,135.0,EN_ROUTE_TO_PATIENT
2026-08-27 02:14:18,AMB0014,REQ02657,13.120881,80.278863,36.9,135.0,EN_ROUTE_TO_PATIENT
2026-08-27 02:14:23,AMB0014,REQ02657,13.118946,80.275501,27.0,135.0,EN_ROUTE_TO_PATIENT
2026-08-27 02:14:29,AMB0014,REQ02657,13.116542,80.272748,26.0,135.0,EN_ROUTE_TO_PATIENT
2026-08-27 02:14:35,AMB0014,REQ02657,13.114551,80.269284,49.5,135.0,EN_ROUTE_TO_PATIENT
2026-08-27 02:14:41,AMB0014,REQ02657,13.112539,80.266472,46.6,135.0,EN_ROUTE_TO_PATIENT
2026-08-27 02:14:46,AMB0014,REQ02657,13.110301,80.263588,20.8,135.0,EN_ROUTE_TO_PATIENT
2026-08-27 02:14:52,AMB0014,REQ02657,13.107899,80.260333,29.5,135.0,EN_ROUTE_TO_PATIENT
2026-08-27 02:14:57,AMB0014,REQ02657,13.10657,80.2578,24.9,135.0,EN_ROUTE_TO_PATIENT
2026-08-27 02:15:04,AMB0014,REQ02657,13.10404,80.254071,42.2,135.0,EN_ROUTE_TO_PATIENT
2026-08-27 02:15:10,AMB0014,REQ02657,13.102151,80.25154,54.6,135.0,EN_ROUTE_TO_PATIENT
2026-08-27 02:15:16,AMB0014,REQ02657,13.100071,80.248392,50.4,135.0,EN_ROUTE_TO_PATIENT
2026-08-27 02:15:21,AMB0014,REQ02657,13.097453,80.245588,36.7,135.0,EN_ROUTE_TO_PATIENT
2026-08-27 02:15:27,AMB0014,REQ02657,13.096224,80.242347,25.2,135.0,EN_ROUTE_TO_PATIENT
2026-08-27 02:16:15,AMB0014,REQ02657,13.095587,80.24171,47.8,135.0,EN_ROUTE_TO_HOSPITAL
2026-08-27 02:16:19,AMB0014,REQ02657,13.094928,80.239312,41.3,135.0,EN_ROUTE_TO_HOSPITAL
2026-08-27 02:16:25,AMB0014,REQ02657,13.093792,80.235991,43.7,135.0,EN_ROUTE_TO_HOSPITAL
2026-08-27 02:16:32,AMB0014,REQ02657,13.093022,80.232062,38.7,135.0,EN_ROUTE_TO_HOSPITAL
2026-08-27 02:16:36,AMB0014,REQ02657,13.091005,80.229534,41.7,135.0,EN_ROUTE_TO_HOSPITAL
2026-08-27 02:16:42,AMB0014,REQ02657,13.090864,80.226576,28.4,135.0,EN_ROUTE_TO_HOSPITAL
2026-08-27 02:16:46,AMB0014,REQ02657,13.089141,80.222814,46.2,135.0,EN_ROUTE_TO_HOSPITAL
2026-08-27 02:16:51,AMB0014,REQ02657,13.08842,80.22029,25.7,135.0,EN_ROUTE_TO_HOSPITAL
2026-08-27 02:16:57,AMB0014,REQ02657,13.086729,80.216702,25.7,135.0,EN_ROUTE_TO_HOSPITAL
2026-08-27 02:17:04,AMB0014,REQ02657,13.086014,80.213781,29.6,135.0,EN_ROUTE_TO_HOSPITAL
2026-08-27 02:17:11,AMB0014,REQ02657,13.085009,80.210443,29.9,135.0,EN_ROUTE_TO_HOSPITAL
2026-09-05 03:43:06,AMB0066,REQ02976,13.057045,80.264224,45.0,135.0,EN_ROUTE_TO_PATIENT
2026-09-05 03:43:13,AMB0066,REQ02976,13.055214,80.264868,30.1,135.0,EN_ROUTE_TO_PATIENT
2026-09-05 03:43:19,AMB0066,REQ02976,13.052497,80.266091,23.0,135.0,EN_ROUTE_TO_PATIENT
2026-09-05 03:43:23,AMB0066,REQ02976,13.051315,80.26695,22.1,135.0,EN_ROUTE_TO_PATIENT
2026-09-05 03:43:27,AMB0066,REQ02976,13.04864,80.268538,43.5,135.0,EN_ROUTE_TO_PATIENT
2026-09-05 03:43:33,AMB0066,REQ02976,13.046005,80.269452,44.0,135.0,EN_ROUTE_TO_PATIENT
2026-09-05 03:43:38,AMB0066,REQ02976,13.04474,80.270777,22.6,135.0,EN_ROUTE_TO_PATIENT
2026-09-05 03:43:44,AMB0066,REQ02976,13.042628,80.271106,33.0,135.0,EN_ROUTE_TO_PATIENT
2026-09-05 03:43:48,AMB0066,REQ02976,13.03999,80.273058,27.6,135.0,EN_ROUTE_TO_PATIENT
2026-09-05 03:45:10,AMB0066,REQ02976,13.040265,80.272062,38.3,135.0,EN_ROUTE_TO_HOSPITAL
2026-09-05 03:45:17,AMB0066,REQ02976,13.041146,80.267798,39.2,135.0,EN_ROUTE_TO_HOSPITAL
2026-09-05 03:45:21,AMB0066,REQ02976,13.042845,80.262135,33.5,135.0,EN_ROUTE_TO_HOSPITAL
2026-09-05 03:45:25,AMB0066,REQ02976,13.043639,80.257567,47.0,135.0,EN_ROUTE_TO_HOSPITAL
2026-09-05 03:45:32,AMB0066,REQ02976,13.044651,80.252751,53.8,135.0,EN_ROUTE_TO_HOSPITAL
2026-09-05 03:45:38,AMB0066,REQ02976,13.044861,80.247254,42.7,135.0,EN_ROUTE_TO_HOSPITAL
2026-09-05 03:45:44,AMB0066,REQ02976,13.045952,80.241991,24.1,135.0,EN_ROUTE_TO_HOSPITAL
2026-09-05 03:45:52,AMB0066,REQ02976,13.04807,80.237772,28.0,135.0,EN_ROUTE_TO_HOSPITAL
2026-09-05 03:45:56,AMB0066,REQ02976,13.048473,80.232722,31.6,135.0,EN_ROUTE_TO_HOSPITAL
2026-09-05 03:46:00,AMB0066,REQ02976,13.04981,80.227741,39.8,135.0,EN_ROUTE_TO_HOSPITAL
2026-09-05 03:46:04,AMB0066,REQ02976,13.05099,80.222943,29.3,135.0,EN_ROUTE_TO_HOSPITAL
2026-09-05 03:46:09,AMB0066,REQ02976,13.051269,80.216858,52.6,135.0,EN_ROUTE_TO_HOSPITAL
2026-09-05 03:46:16,AMB0066,REQ02976,13.052782,80.21205,21.8,135.0,EN_ROUTE_TO_HOSPITAL
2026-08-20 16:17:50,AMB0084,REQ01477,13.007647,80.218686,23.5,135.0,EN_ROUTE_TO_PATIENT
2026-08-20 16:17:54,AMB0084,REQ01477,12.988824,80.21957,52.3,135.0,EN_ROUTE_TO_PATIENT
2026-08-20 16:18:02,AMB0084,REQ01477,12.970805,80.218882,45.7,135.0,EN_ROUTE_TO_PATIENT
2026-08-20 16:18:10,AMB0084,REQ01477,12.953482,80.21937,40.1,135.0,EN_ROUTE_TO_PATIENT
2026-08-20 16:18:14,AMB0084,REQ01477,12.935474,80.220551,49.2,135.0,EN_ROUTE_TO_PATIENT
2026-08-20 16:18:22,AMB0084,REQ01477,12.916884,80.220811,54.4,135.0,EN_ROUTE_TO_PATIENT
2026-08-20 16:18:28,AMB0084,REQ01477,12.899289,80.2206,47.0,135.0,EN_ROUTE_TO_PATIENT
2026-08-20 16:18:32,AMB0084,REQ01477,12.880565,80.220784,48.4,135.0,EN_ROUTE_TO_PATIENT
2026-08-20 16:18:40,AMB0084,REQ01477,12.863523,80.222189,43.9,135.0,EN_ROUTE_TO_PATIENT
2026-08-20 16:18:44,AMB0084,REQ01477,12.84448,80.221712,25.8,135.0,EN_ROUTE_TO_PATIENT
2026-08-20 16:18:52,AMB0084,REQ01477,12.827277,80.22238,35.8,135.0,EN_ROUTE_TO_PATIENT
2026-08-20 16:18:56,AMB0084,REQ01477,12.809549,80.222573,54.8,135.0,EN_ROUTE_TO_PATIENT
2026-08-20 16:19:04,AMB0084,REQ01477,12.790531,80.223368,24.8,135.0,EN_ROUTE_TO_PATIENT
2026-08-20 16:19:09,AMB0084,REQ01477,12.772954,80.223503,38.1,135.0,EN_ROUTE_TO_PATIENT
2026-08-20 16:20:40,AMB0084,REQ01477,12.772582,80.222912,51.5,135.0,EN_ROUTE_TO_HOSPITAL
2026-08-20 16:20:44,AMB0084,REQ01477,12.806459,80.225906,31.7,135.0,EN_ROUTE_TO_HOSPITAL
2026-08-20 16:20:52,AMB0084,REQ01477,12.840867,80.228334,50.2,135.0,EN_ROUTE_TO_HOSPITAL
2026-08-20 16:20:58,AMB0084,REQ01477,12.874524,80.230139,41.8,135.0,EN_ROUTE_TO_HOSPITAL
2026-08-20 16:21:04,AMB0084,REQ01477,12.908278,80.232503,29.3,135.0,EN_ROUTE_TO_HOSPITAL
2026-08-20 16:21:09,AMB0084,REQ01477,12.942651,80.234037,30.4,135.0,EN_ROUTE_TO_HOSPITAL
2026-08-20 16:21:15,AMB0084,REQ01477,12.976869,80.236522,48.7,135.0,EN_ROUTE_TO_HOSPITAL
2026-08-20 16:21:20,AMB0084,REQ01477,13.01036,80.238468,34.2,135.0,EN_ROUTE_TO_HOSPITAL
2026-08-20 16:21:26,AMB0084,REQ01477,13.044154,80.241013,42.6,135.0,EN_ROUTE_TO_HOSPITAL
2026-08-20 16:21:33,AMB0084,REQ01477,13.078675,80.242489,28.5,135.0,EN_ROUTE_TO_HOSPITAL
2026-08-29 11:28:23,AMB0117,REQ01564,12.922762,80.098554,50.2,135.0,EN_ROUTE_TO_PATIENT
2026-08-29 11:28:31,AMB0117,REQ01564,12.921071,80.108575,34.8,135.0,EN_ROUTE_TO_PATIENT
2026-08-29 11:28:35,AMB0117,REQ01564,12.919117,80.117644,54.2,135.0,EN_ROUTE_TO_PATIENT
2026-08-29 11:28:39,AMB0117,REQ01564,12.918649,80.128279,39.4,135.0,EN_ROUTE_TO_PATIENT
2026-08-29 11:28:43,AMB0117,REQ01564,12.917265,80.138478,43.6,135.0,EN_ROUTE_TO_PATIENT
2026-08-29 11:28:51,AMB0117,REQ01564,12.91561,80.148662,20.9,135.0,EN_ROUTE_TO_PATIENT
2026-08-29 11:28:59,AMB0117,REQ01564,12.913934,80.158602,26.3,135.0,EN_ROUTE_TO_PATIENT
2026-08-29 11:29:06,AMB0117,REQ01564,12.912957,80.168356,33.7,135.0,EN_ROUTE_TO_PATIENT
2026-08-29 11:29:13,AMB0117,REQ01564,12.911644,80.178594,27.6,135.0,EN_ROUTE_TO_PATIENT
2026-08-29 11:29:20,AMB0117,REQ01564,12.91023,80.188447,20.7,135.0,EN_ROUTE_TO_PATIENT
2026-08-29 11:29:28,AMB0117,REQ01564,12.908356,80.197881,34.6,135.0,EN_ROUTE_TO_PATIENT
2026-08-29 11:29:33,AMB0117,REQ01564,12.90783,80.208079,27.6,135.0,EN_ROUTE_TO_PATIENT
2026-08-29 11:29:41,AMB0117,REQ01564,12.906812,80.218561,40.8,135.0,EN_ROUTE_TO_PATIENT
2026-08-29 11:29:47,AMB0117,REQ01564,12.905269,80.228756,21.5,135.0,EN_ROUTE_TO_PATIENT
2026-08-29 11:29:54,AMB0117,REQ01564,12.903077,80.23887,44.6,135.0,EN_ROUTE_TO_PATIENT
2026-08-29 11:30:58,AMB0117,REQ01564,12.903206,80.23895,20.3,135.0,EN_ROUTE_TO_HOSPITAL
2026-08-29 11:31:04,AMB0117,REQ01564,12.90608,80.227178,32.4,135.0,EN_ROUTE_TO_HOSPITAL
2026-08-29 11:31:12,AMB0117,REQ01564,12.907013,80.215904,42.6,135.0,EN_ROUTE_TO_HOSPITAL
2026-08-29 11:31:16,AMB0117,REQ01564,12.909517,80.204776,31.9,135.0,EN_ROUTE_TO_HOSPITAL
2026-08-29 11:31:20,AMB0117,REQ01564,12.911084,80.193417,43.8,135.0,EN_ROUTE_TO_HOSPITAL
2026-08-29 11:31:24,AMB0117,REQ01564,12.912998,80.181216,39.2,135.0,EN_ROUTE_TO_HOSPITAL
2026-08-29 11:31:28,AMB0117,REQ01564,12.914543,80.170608,34.6,135.0,EN_ROUTE_TO_HOSPITAL
2026-08-29 11:31:36,AMB0117,REQ01564,12.917456,80.158921,26.5,135.0,EN_ROUTE_TO_HOSPITAL
2026-08-29 11:31:40,AMB0117,REQ01564,12.919427,80.14769,44.2,135.0,EN_ROUTE_TO_HOSPITAL
2026-08-29 11:31:48,AMB0117,REQ01564,12.920993,80.135864,46.7,135.0,EN_ROUTE_TO_HOSPITAL
2026-08-29 11:31:52,AMB0117,REQ01564,12.9231,80.124485,32.3,135.0,EN_ROUTE_TO_HOSPITAL
2026-08-29 11:31:58,AMB0117,REQ01564,12.925058,80.113275,51.2,135.0,EN_ROUTE_TO_HOSPITAL
2026-08-21 12:40:33,AMB0022,REQ00401,13.115325,80.231279,26.9,135.0,EN_ROUTE_TO_PATIENT
2026-08-21 12:40:41,AMB0022,REQ00401,13.111397,80.236137,22.1,135.0,EN_ROUTE_TO_PATIENT
2026-08-21 12:40:48,AMB0022,REQ00401,13.106624,80.240369,37.3,135.0,EN_ROUTE_TO_PATIENT
2026-08-21 12:40:56,AMB0022,REQ00401,13.102625,80.245057,35.0,135.0,EN_ROUTE_TO_PATIENT
2026-08-21 12:41:02,AMB0022,REQ00401,13.098837,80.25007,50.9,135.0,EN_ROUTE_TO_PATIENT
2026-08-21 12:41:09,AMB0022,REQ00401,13.094744,80.2548,53.3,135.0,EN_ROUTE_TO_PATIENT
2026-08-21 12:41:14,AMB0022,REQ00401,13.090848,80.25937,47.0,135.0,EN_ROUTE_TO_PATIENT
2026-08-21 12:41:20,AMB0022,REQ00401,13.08564,80.263727,53.0,135.0,EN_ROUTE_TO_PATIENT
2026-08-21 12:41:26,AMB0022,REQ00401,13.08213,80.268461,28.7,135.0,EN_ROUTE_TO_PATIENT
2026-08-21 12:41:33,AMB0022,REQ00401,13.078295,80.273446,30.0,135.0,EN_ROUTE_TO_PATIENT
2026-08-21 12:43:10,AMB0022,REQ00401,13.07747,80.273665,24.8,135.0,EN_ROUTE_TO_HOSPITAL
2026-08-21 12:43:14,AMB0022,REQ00401,13.075088,80.264779,38.1,135.0,EN_ROUTE_TO_HOSPITAL
2026-08-21 12:43:19,AMB0022,REQ00401,13.072488,80.257586,22.0,135.0,EN_ROUTE_TO_HOSPITAL
2026-08-21 12:43:27,AMB0022,REQ00401,13.070422,80.248475,21.6,135.0,EN_ROUTE_TO_HOSPITAL
2026-08-21 12:43:31,AMB0022,REQ00401,13.068438,80.240664,27.3,135.0,EN_ROUTE_TO_HOSPITAL
2026-08-21 12:43:39,AMB0022,REQ00401,13.066162,80.232439,23.1,135.0,EN_ROUTE_TO_HOSPITAL
2026-08-21 12:43:43,AMB0022,REQ00401,13.063071,80.223608,24.0,135.0,EN_ROUTE_TO_HOSPITAL
2026-08-21 12:43:48,AMB0022,REQ00401,13.060131,80.215729,42.2,135.0,EN_ROUTE_TO_HOSPITAL
2026-08-21 12:43:52,AMB0022,REQ00401,13.05846,80.206635,37.6,135.0,EN_ROUTE_TO_HOSPITAL
2026-08-21 12:43:57,AMB0022,REQ00401,13.05544,80.198868,29.0,135.0,EN_ROUTE_TO_HOSPITAL
2026-08-21 12:44:01,AMB0022,REQ00401,13.053539,80.190204,48.4,135.0,EN_ROUTE_TO_HOSPITAL
2026-08-21 12:44:08,AMB0022,REQ00401,13.051373,80.182053,20.3,135.0,EN_ROUTE_TO_HOSPITAL
2026-08-21 12:44:16,AMB0022,REQ00401,13.048414,80.174117,20.9,135.0,EN_ROUTE_TO_HOSPITAL
2026-08-21 12:44:23,AMB0022,REQ00401,13.046232,80.165191,32.2,135.0,EN_ROUTE_TO_HOSPITAL
2026-08-21 12:44:31,AMB0022,REQ00401,13.043202,80.157108,38.7,135.0,EN_ROUTE_TO_HOSPITAL
2026-08-21 12:44:37,AMB0022,REQ00401,13.041404,80.148708,24.0,135.0,EN_ROUTE_TO_HOSPITAL
2026-08-21 12:44:44,AMB0022,REQ00401,13.038771,80.140143,34.0,135.0,EN_ROUTE_TO_HOSPITAL
2026-08-11 04:58:44,AMB0067,REQ02169,13.033745,80.267626,47.5,135.0,EN_ROUTE_TO_PATIENT
2026-08-11 04:58:50,AMB0067,REQ02169,13.036542,80.264936,30.6,135.0,EN_ROUTE_TO_PATIENT
2026-08-11 04:58:55,AMB0067,REQ02169,13.040094,80.262062,45.6,135.0,EN_ROUTE_TO_PATIENT
2026-08-11 04:59:00,AMB0067,REQ02169,13.043638,80.258831,43.4,135.0,EN_ROUTE_TO_PATIENT
2026-08-11 04:59:07,AMB0067,REQ02169,13.047896,80.255408,51.6,135.0,EN_ROUTE_TO_PATIENT
2026-08-11 04:59:14,AMB0067,REQ02169,13.05045,80.252985,47.0,135.0,EN_ROUTE_TO_PATIENT
2026-08-11 04:59:18,AMB0067,REQ02169,13.054064,80.249566,41.7,135.0,EN_ROUTE_TO_PATIENT
2026-08-11 04:59:22,AMB0067,REQ02169,13.058611,80.246471,37.9,135.0,EN_ROUTE_TO_PATIENT
2026-08-11 04:59:29,AMB0067,REQ02169,13.06202,80.242706,31.9,135.0,EN_ROUTE_TO_PATIENT
2026-08-11 04:59:36,AMB0067,REQ02169,13.064622,80.23986,41.1,135.0,EN_ROUTE_TO_PATIENT
2026-08-11 04:59:43,AMB0067,REQ02169,13.068968,80.237306,33.7,135.0,EN_ROUTE_TO_PATIENT
2026-08-11 04:59:48,AMB0067,REQ02169,13.072701,80.233463,23.7,135.0,EN_ROUTE_TO_PATIENT
2026-08-11 04:59:53,AMB0067,REQ02169,13.075557,80.231059,42.9,135.0,EN_ROUTE_TO_PATIENT
2026-08-11 04:59:58,AMB0067,REQ02169,13.07885,80.227848,44.9,135.0,EN_ROUTE_TO_PATIENT
2026-08-11 05:00:02,AMB0067,REQ02169,13.08319,80.224467,20.5,135.0,EN_ROUTE_TO_PATIENT
2026-08-11 05:00:08,AMB0067,REQ02169,13.086567,80.221579,52.6,135.0,EN_ROUTE_TO_PATIENT
2026-08-11 05:01:24,AMB0067,REQ02169,13.086551,80.221582,37.1,135.0,EN_ROUTE_TO_HOSPITAL
2026-08-11 05:01:30,AMB0067,REQ02169,13.085573,80.227699,25.5,135.0,EN_ROUTE_TO_HOSPITAL
2026-08-11 05:01:35,AMB0067,REQ02169,13.085005,80.233605,30.3,135.0,EN_ROUTE_TO_HOSPITAL
2026-08-11 05:01:39,AMB0067,REQ02169,13.085108,80.240209,31.1,135.0,EN_ROUTE_TO_HOSPITAL
2026-08-11 05:01:44,AMB0067,REQ02169,13.083606,80.245962,23.9,135.0,EN_ROUTE_TO_HOSPITAL
2026-08-11 05:01:51,AMB0067,REQ02169,13.083458,80.25312,37.2,135.0,EN_ROUTE_TO_HOSPITAL
2026-08-11 05:01:55,AMB0067,REQ02169,13.08259,80.259211,48.7,135.0,EN_ROUTE_TO_HOSPITAL
2026-08-11 05:02:03,AMB0067,REQ02169,13.082734,80.265011,34.3,135.0,EN_ROUTE_TO_HOSPITAL
2026-08-11 05:02:07,AMB0067,REQ02169,13.081201,80.271236,20.7,135.0,EN_ROUTE_TO_HOSPITAL
2026-08-11 05:02:14,AMB0067,REQ02169,13.081068,80.277293,50.6,135.0,EN_ROUTE_TO_HOSPITAL
2026-08-26 12:59:54,AMB0116,REQ02158,12.926206,80.096264,54.7,135.0,EN_ROUTE_TO_PATIENT
2026-08-26 13:00:00,AMB0116,REQ02158,12.925963,80.102066,32.1,135.0,EN_ROUTE_TO_PATIENT
2026-08-26 13:00:04,AMB0116,REQ02158,12.926593,80.106729,37.8,135.0,EN_ROUTE_TO_PATIENT
2026-08-26 13:00:09,AMB0116,REQ02158,12.925719,80.1121,47.3,135.0,EN_ROUTE_TO_PATIENT
2026-08-26 13:00:17,AMB0116,REQ02158,12.926216,80.116915,38.2,135.0,EN_ROUTE_TO_PATIENT
2026-08-26 13:00:23,AMB0116,REQ02158,12.926377,80.122732,42.8,135.0,EN_ROUTE_TO_PATIENT
2026-08-26 13:00:29,AMB0116,REQ02158,12.926274,80.127104,25.1,135.0,EN_ROUTE_TO_PATIENT
2026-08-26 13:00:35,AMB0116,REQ02158,12.925859,80.13226,20.8,135.0,EN_ROUTE_TO_PATIENT
2026-08-26 13:00:41,AMB0116,REQ02158,12.926319,80.138025,27.8,135.0,EN_ROUTE_TO_PATIENT
2026-08-26 13:00:46,AMB0116,REQ02158,12.926139,80.142312,21.6,135.0,EN_ROUTE_TO_PATIENT
2026-08-26 13:00:51,AMB0116,REQ02158,12.926524,80.14743,40.8,135.0,EN_ROUTE_TO_PATIENT
2026-08-26 13:00:55,AMB0116,REQ02158,12.925755,80.153479,42.8,135.0,EN_ROUTE_TO_PATIENT
2026-08-26 13:00:59,AMB0116,REQ02158,12.926624,80.158138,35.5,135.0,EN_ROUTE_TO_PATIENT
2026-08-26 13:01:06,AMB0116,REQ02158,12.925449,80.162671,35.7,135.0,EN_ROUTE_TO_PATIENT
2026-08-26 13:01:12,AMB0116,REQ02158,12.925717,80.168368,31.7,135.0,EN_ROUTE_TO_PATIENT
2026-08-26 13:01:16,AMB0116,REQ02158,12.925864,80.172803,47.2,135.0,EN_ROUTE_TO_PATIENT
2026-08-26 13:02:38,AMB0116,REQ02158,12.926346,80.173937,31.2,135.0,EN_ROUTE_TO_HOSPITAL
2026-08-26 13:02:45,AMB0116,REQ02158,12.931336,80.17895,45.0,135.0,EN_ROUTE_TO_HOSPITAL
2026-08-26 13:02:50,AMB0116,REQ02158,12.937908,80.184854,33.7,135.0,EN_ROUTE_TO_HOSPITAL
2026-08-26 13:02:57,AMB0116,REQ02158,12.942973,80.19047,27.3,135.0,EN_ROUTE_TO_HOSPITAL
2026-08-26 13:03:04,AMB0116,REQ02158,12.948308,80.194899,22.4,135.0,EN_ROUTE_TO_HOSPITAL
2026-08-26 13:03:09,AMB0116,REQ02158,12.955074,80.201369,54.0,135.0,EN_ROUTE_TO_HOSPITAL
2026-08-26 13:03:16,AMB0116,REQ02158,12.95985,80.205994,29.8,135.0,EN_ROUTE_TO_HOSPITAL
2026-08-26 13:03:22,AMB0116,REQ02158,12.965797,80.212108,46.8,135.0,EN_ROUTE_TO_HOSPITAL
2026-08-26 13:03:26,AMB0116,REQ02158,12.971764,80.217517,49.1,135.0,EN_ROUTE_TO_HOSPITAL
2026-08-26 13:03:31,AMB0116,REQ02158,12.976918,80.22297,25.2,135.0,EN_ROUTE_TO_HOSPITAL
2026-08-26 13:03:37,AMB0116,REQ02158,12.983231,80.22899,35.3,135.0,EN_ROUTE_TO_HOSPITAL
2026-08-26 13:03:41,AMB0116,REQ02158,12.989296,80.234698,42.4,135.0,EN_ROUTE_TO_HOSPITAL
2026-08-26 13:03:49,AMB0116,REQ02158,12.994343,80.240331,50.8,135.0,EN_ROUTE_TO_HOSPITAL
2026-08-26 13:03:54,AMB0116,REQ02158,13.000749,80.244752,53.6,135.0,EN_ROUTE_TO_HOSPITAL
2026-08-26 13:04:00,AMB0116,REQ02158,13.006227,80.250379,42.8,135.0,EN_ROUTE_TO_HOSPITAL
2026-08-13 05:03:58,AMB0057,REQ01963,13.058296,80.24329,47.3,135.0,EN_ROUTE_TO_PATIENT
2026-08-13 05:04:06,AMB0057,REQ01963,13.049013,80.241306,42.2,135.0,EN_ROUTE_TO_PATIENT
2026-08-13 05:04:14,AMB0057,REQ01963,13.040185,80.23937,46.5,135.0,EN_ROUTE_TO_PATIENT
2026-08-13 05:04:22,AMB0057,REQ01963,13.030926,80.237699,28.6,135.0,EN_ROUTE_TO_PATIENT
2026-08-13 05:04:29,AMB0057,REQ01963,13.021697,80.235837,32.6,135.0,EN_ROUTE_TO_PATIENT
2026-08-13 05:04:35,AMB0057,REQ01963,13.013016,80.232898,31.5,135.0,EN_ROUTE_TO_PATIENT
2026-08-13 05:04:42,AMB0057,REQ01963,13.004283,80.23173,43.0,135.0,EN_ROUTE_TO_PATIENT
2026-08-13 05:04:47,AMB0057,REQ01963,12.995126,80.229187,26.3,135.0,EN_ROUTE_TO_PATIENT
2026-08-13 05:04:51,AMB0057,REQ01963,12.986422,80.2269,50.0,135.0,EN_ROUTE_TO_PATIENT
2026-08-13 05:04:57,AMB0057,REQ01963,12.977266,80.225543,35.3,135.0,EN_ROUTE_TO_PATIENT
2026-08-13 05:05:03,AMB0057,REQ01963,12.967601,80.223657,29.0,135.0,EN_ROUTE_TO_PATIENT
2026-08-13 05:05:09,AMB0057,REQ01963,12.959089,80.22194,37.3,135.0,EN_ROUTE_TO_PATIENT
2026-08-13 05:05:16,AMB0057,REQ01963,12.949885,80.219976,32.5,135.0,EN_ROUTE_TO_PATIENT
2026-08-13 05:05:21,AMB0057,REQ01963,12.940791,80.217384,41.4,135.0,EN_ROUTE_TO_PATIENT
2026-08-13 05:05:25,AMB0057,REQ01963,12.931089,80.215505,22.4,135.0,EN_ROUTE_TO_PATIENT
2026-08-13 05:05:33,AMB0057,REQ01963,12.922621,80.214046,45.5,135.0,EN_ROUTE_TO_PATIENT
2026-08-13 05:05:40,AMB0057,REQ01963,12.913371,80.211472,33.5,135.0,EN_ROUTE_TO_PATIENT
2026-08-13 05:06:28,AMB0057,REQ01963,12.913115,80.211059,49.2,135.0,EN_ROUTE_TO_HOSPITAL
2026-08-13 05:06:32,AMB0057,REQ01963,12.922798,80.206649,29.5,135.0,EN_ROUTE_TO_HOSPITAL
2026-08-13 05:06:37,AMB0057,REQ01963,12.932993,80.200346,37.9,135.0,EN_ROUTE_TO_HOSPITAL
2026-08-13 05:06:43,AMB0057,REQ01963,12.941854,80.194792,51.7,135.0,EN_ROUTE_TO_HOSPITAL
2026-08-13 05:06:48,AMB0057,REQ01963,12.951682,80.190168,50.3,135.0,EN_ROUTE_TO_HOSPITAL
2026-08-13 05:06:56,AMB0057,REQ01963,12.961929,80.184306,35.8,135.0,EN_ROUTE_TO_HOSPITAL
2026-08-13 05:07:02,AMB0057,REQ01963,12.97157,80.178724,46.9,135.0,EN_ROUTE_TO_HOSPITAL
2026-08-13 05:07:10,AMB0057,REQ01963,12.980697,80.173752,28.2,135.0,EN_ROUTE_TO_HOSPITAL
2026-08-13 05:07:16,AMB0057,REQ01963,12.990834,80.168487,27.9,135.0,EN_ROUTE_TO_HOSPITAL
2026-08-13 05:07:21,AMB0057,REQ01963,12.999764,80.162151,48.8,135.0,EN_ROUTE_TO_HOSPITAL
2026-08-13 05:07:29,AMB0057,REQ01963,13.009986,80.157012,44.1,135.0,EN_ROUTE_TO_HOSPITAL
2026-08-13 05:07:36,AMB0057,REQ01963,13.01929,80.151537,51.5,135.0,EN_ROUTE_TO_HOSPITAL
2026-08-13 05:07:41,AMB0057,REQ01963,13.029376,80.145955,39.2,135.0,EN_ROUTE_TO_HOSPITAL
2026-08-13 05:07:47,AMB0057,REQ01963,13.03909,80.140117,29.5,135.0,EN_ROUTE_TO_HOSPITAL
2026-08-31 22:08:38,AMB0064,REQ00480,13.050847,80.261061,35.1,135.0,EN_ROUTE_TO_PATIENT
2026-08-31 22:08:45,AMB0064,REQ00480,13.056825,80.264416,26.0,135.0,EN_ROUTE_TO_PATIENT
2026-08-31 22:08:49,AMB0064,REQ00480,13.061552,80.268803,37.6,135.0,EN_ROUTE_TO_PATIENT
2026-08-31 22:08:54,AMB0064,REQ00480,13.065705,80.272175,30.9,135.0,EN_ROUTE_TO_PATIENT
2026-08-31 22:09:02,AMB0064,REQ00480,13.070829,80.27629,54.1,135.0,EN_ROUTE_TO_PATIENT
2026-08-31 22:09:07,AMB0064,REQ00480,13.076123,80.279973,24.4,135.0,EN_ROUTE_TO_PATIENT
2026-08-31 22:09:14,AMB0064,REQ00480,13.081061,80.283773,34.2,135.0,EN_ROUTE_TO_PATIENT
2026-08-31 22:09:22,AMB0064,REQ00480,13.084824,80.287645,34.8,135.0,EN_ROUTE_TO_PATIENT
2026-08-31 22:09:26,AMB0064,REQ00480,13.090105,80.291638,54.5,135.0,EN_ROUTE_TO_PATIENT
2026-08-31 22:09:33,AMB0064,REQ00480,13.095489,80.295478,23.6,135.0,EN_ROUTE_TO_PATIENT
2026-08-31 22:09:40,AMB0064,REQ00480,13.099545,80.298333,23.2,135.0,EN_ROUTE_TO_PATIENT
2026-08-31 22:09:46,AMB0064,REQ00480,13.10472,80.302473,38.2,135.0,EN_ROUTE_TO_PATIENT
2026-08-31 22:09:54,AMB0064,REQ00480,13.109183,80.306231,32.6,135.0,EN_ROUTE_TO_PATIENT
2026-08-31 22:10:41,AMB0064,REQ00480,13.109281,80.306634,31.7,135.0,EN_ROUTE_TO_HOSPITAL
2026-08-31 22:10:49,AMB0064,REQ00480,13.109937,80.304753,33.0,135.0,EN_ROUTE_TO_HOSPITAL
2026-08-31 22:10:54,AMB0064,REQ00480,13.110024,80.303997,26.7,135.0,EN_ROUTE_TO_HOSPITAL
2026-08-31 22:11:00,AMB0064,REQ00480,13.110264,80.301715,54.9,135.0,EN_ROUTE_TO_HOSPITAL
2026-08-31 22:11:08,AMB0064,REQ00480,13.110609,80.300737,37.6,135.0,EN_ROUTE_TO_HOSPITAL
2026-08-31 22:11:12,AMB0064,REQ00480,13.110834,80.299034,47.5,135.0,EN_ROUTE_TO_HOSPITAL
2026-08-31 22:11:17,AMB0064,REQ00480,13.1114,80.298445,30.2,135.0,EN_ROUTE_TO_HOSPITAL
2026-08-31 22:11:21,AMB0064,REQ00480,13.11099,80.296575,27.8,135.0,EN_ROUTE_TO_HOSPITAL
2026-08-31 22:11:28,AMB0064,REQ00480,13.111835,80.296049,28.4,135.0,EN_ROUTE_TO_HOSPITAL
2026-08-31 22:11:34,AMB0064,REQ00480,13.112327,80.294201,29.4,135.0,EN_ROUTE_TO_HOSPITAL
2026-08-31 22:11:40,AMB0064,REQ00480,13.112495,80.292643,36.7,135.0,EN_ROUTE_TO_HOSPITAL
2026-08-31 22:11:44,AMB0064,REQ00480,13.112225,80.291742,53.7,135.0,EN_ROUTE_TO_HOSPITAL
2026-08-31 22:11:50,AMB0064,REQ00480,13.112114,80.289663,50.7,135.0,EN_ROUTE_TO_HOSPITAL
2026-08-31 22:11:58,AMB0064,REQ00480,13.113109,80.288899,54.7,135.0,EN_ROUTE_TO_HOSPITAL
2026-08-31 22:12:03,AMB0064,REQ00480,13.113197,80.287408,53.2,135.0,EN_ROUTE_TO_HOSPITAL
2026-08-31 22:12:11,AMB0064,REQ00480,13.113568,80.286172,24.0,135.0,EN_ROUTE_TO_HOSPITAL
2026-08-19 11:22:48,AMB0019,REQ00513,13.110051,80.296299,49.7,135.0,EN_ROUTE_TO_PATIENT
2026-08-19 11:22:55,AMB0019,REQ00513,13.101853,80.280096,36.5,135.0,EN_ROUTE_TO_PATIENT
2026-08-19 11:23:00,AMB0019,REQ00513,13.091897,80.264297,23.3,135.0,EN_ROUTE_TO_PATIENT
2026-08-19 11:23:07,AMB0019,REQ00513,13.083823,80.249115,20.1,135.0,EN_ROUTE_TO_PATIENT
2026-08-19 11:23:14,AMB0019,REQ00513,13.074941,80.233131,38.7,135.0,EN_ROUTE_TO_PATIENT
2026-08-19 11:23:19,AMB0019,REQ00513,13.065528,80.216451,32.9,135.0,EN_ROUTE_TO_PATIENT
2026-08-19 11:23:24,AMB0019,REQ00513,13.05758,80.201611,26.5,135.0,EN_ROUTE_TO_PATIENT
2026-08-19 11:23:28,AMB0019,REQ00513,13.048094,80.185016,51.5,135.0,EN_ROUTE_TO_PATIENT
2026-08-19 11:23:33,AMB0019,REQ00513,13.039147,80.169399,31.5,135.0,EN_ROUTE_TO_PATIENT
2026-08-19 11:23:39,AMB0019,REQ00513,13.03044,80.153532,33.6,135.0,EN_ROUTE_TO_PATIENT
2026-08-19 11:25:04,AMB0019,REQ00513,13.031111,80.154266,33.9,135.0,EN_ROUTE_TO_HOSPITAL
2026-08-19 11:25:11,AMB0019,REQ00513,13.037256,80.15807,41.6,135.0,EN_ROUTE_TO_HOSPITAL
2026-08-19 11:25:19,AMB0019,REQ00513,13.044724,80.162229,44.0,135.0,EN_ROUTE_TO_HOSPITAL
2026-08-19 11:25:24,AMB0019,REQ00513,13.050925,80.166362,35.3,135.0,EN_ROUTE_TO_HOSPITAL
2026-08-19 11:25:31,AMB0019,REQ00513,13.057632,80.169799,28.2,135.0,EN_ROUTE_TO_HOSPITAL
2026-08-19 11:25:37,AMB0019,REQ00513,13.065607,80.174568,54.4,135.0,EN_ROUTE_TO_HOSPITAL
2026-08-19 11:25:43,AMB0019,REQ00513,13.071888,80.178776,45.2,135.0,EN_ROUTE_TO_HOSPITAL
2026-08-19 11:25:51,AMB0019,REQ00513,13.078938,80.182327,37.8,135.0,EN_ROUTE_TO_HOSPITAL
2026-08-19 11:25:55,AMB0019,REQ00513,13.085807,80.186826,21.1,135.0,EN_ROUTE_TO_HOSPITAL
2026-08-01 16:58:02,AMB0107,REQ02418,12.959366,80.243063,53.3,135.0,EN_ROUTE_TO_PATIENT
2026-08-01 16:58:06,AMB0107,REQ02418,12.963709,80.244405,30.9,135.0,EN_ROUTE_TO_PATIENT
2026-08-01 16:58:10,AMB0107,REQ02418,12.967568,80.245621,20.2,135.0,EN_ROUTE_TO_PATIENT
2026-08-01 16:58:16,AMB0107,REQ02418,12.971556,80.247081,43.9,135.0,EN_ROUTE_TO_PATIENT
2026-08-01 16:58:22,AMB0107,REQ02418,12.975345,80.247767,50.5,135.0,EN_ROUTE_TO_PATIENT
2026-08-01 16:58:30,AMB0107,REQ02418,12.980721,80.24932,20.6,135.0,EN_ROUTE_TO_PATIENT
2026-08-01 16:58:35,AMB0107,REQ02418,12.984483,80.251373,24.1,135.0,EN_ROUTE_TO_PATIENT
2026-08-01 16:58:41,AMB0107,REQ02418,12.988865,80.251812,27.4,135.0,EN_ROUTE_TO_PATIENT
2026-08-01 16:58:46,AMB0107,REQ02418,12.993166,80.253394,34.6,135.0,EN_ROUTE_TO_PATIENT
2026-08-01 16:58:52,AMB0107,REQ02418,12.996699,80.254698,37.3,135.0,EN_ROUTE_TO_PATIENT
2026-08-01 16:58:57,AMB0107,REQ02418,13.00151,80.256569,26.5,135.0,EN_ROUTE_TO_PATIENT
2026-08-01 16:59:01,AMB0107,REQ02418,13.00487,80.257903,24.2,135.0,EN_ROUTE_TO_PATIENT
2026-08-01 16:59:54,AMB0107,REQ02418,13.00546,80.257384,40.1,135.0,EN_ROUTE_TO_HOSPITAL
2026-08-01 17:00:02,AMB0107,REQ02418,13.001347,80.249448,42.1,135.0,EN_ROUTE_TO_HOSPITAL
2026-08-01 17:00:10,AMB0107,REQ02418,12.997105,80.240105,24.6,135.0,EN_ROUTE_TO_HOSPITAL
2026-08-01 17:00:14,AMB0107,REQ02418,12.99249,80.231491,46.6,135.0,EN_ROUTE_TO_HOSPITAL
2026-08-01 17:00:21,AMB0107,REQ02418,12.988216,80.22332,40.8,135.0,EN_ROUTE_TO_HOSPITAL
2026-08-01 17:00:25,AMB0107,REQ02418,12.984908,80.214826,40.9,135.0,EN_ROUTE_TO_HOSPITAL
2026-08-01 17:00:33,AMB0107,REQ02418,12.980116,80.206377,48.0,135.0,EN_ROUTE_TO_HOSPITAL
2026-08-01 17:00:37,AMB0107,REQ02418,12.976898,80.197906,41.1,135.0,EN_ROUTE_TO_HOSPITAL
2026-08-01 17:00:41,AMB0107,REQ02418,12.972678,80.188357,28.2,135.0,EN_ROUTE_TO_HOSPITAL
2026-08-01 17:00:47,AMB0107,REQ02418,12.968491,80.18055,22.3,135.0,EN_ROUTE_TO_HOSPITAL
2026-08-01 17:00:54,AMB0107,REQ02418,12.964411,80.171807,31.1,135.0,EN_ROUTE_TO_HOSPITAL
2026-08-01 17:01:02,AMB0107,REQ02418,12.959557,80.162794,24.5,135.0,EN_ROUTE_TO_HOSPITAL
2026-08-01 17:01:08,AMB0107,REQ02418,12.95532,80.154937,54.2,135.0,EN_ROUTE_TO_HOSPITAL
2026-08-01 17:01:14,AMB0107,REQ02418,12.950902,80.145808,39.0,135.0,EN_ROUTE_TO_HOSPITAL
2026-08-01 17:01:19,AMB0107,REQ02418,12.947556,80.137386,47.5,135.0,EN_ROUTE_TO_HOSPITAL
2026-08-01 17:01:23,AMB0107,REQ02418,12.943672,80.128515,51.5,135.0,EN_ROUTE_TO_HOSPITAL
2026-08-14 15:44:39,AMB0036,REQ02361,13.077517,80.241007,53.9,135.0,EN_ROUTE_TO_PATIENT
2026-08-14 15:44:43,AMB0036,REQ02361,13.064001,80.230598,50.2,135.0,EN_ROUTE_TO_PATIENT
2026-08-14 15:44:49,AMB0036,REQ02361,13.051806,80.221606,54.8,135.0,EN_ROUTE_TO_PATIENT
2026-08-14 15:44:56,AMB0036,REQ02361,13.037854,80.211624,21.5,135.0,EN_ROUTE_TO_PATIENT
2026-08-14 15:45:03,AMB0036,REQ02361,13.024476,80.201312,29.7,135.0,EN_ROUTE_TO_PATIENT
2026-08-14 15:45:09,AMB0036,REQ02361,13.011567,80.191326,31.3,135.0,EN_ROUTE_TO_PATIENT
2026-08-14 15:45:13,AMB0036,REQ02361,12.998933,80.182263,43.9,135.0,EN_ROUTE_TO_PATIENT
2026-08-14 15:45:21,AMB0036,REQ02361,12.985822,80.172274,45.6,135.0,EN_ROUTE_TO_PATIENT
2026-08-14 15:45:26,AMB0036,REQ02361,12.972488,80.161469,45.1,135.0,EN_ROUTE_TO_PATIENT
2026-08-14 15:45:30,AMB0036,REQ02361,12.958761,80.152134,49.5,135.0,EN_ROUTE_TO_PATIENT
2026-08-14 15:46:55,AMB0036,REQ02361,12.959892,80.15188,47.7,135.0,EN_ROUTE_TO_HOSPITAL
2026-08-14 15:47:01,AMB0036,REQ02361,12.965002,80.164745,23.5,135.0,EN_ROUTE_TO_HOSPITAL
2026-08-14 15:47:09,AMB0036,REQ02361,12.971624,80.177075,27.2,135.0,EN_ROUTE_TO_HOSPITAL
2026-08-14 15:47:14,AMB0036,REQ02361,12.976716,80.188686,39.8,135.0,EN_ROUTE_TO_HOSPITAL
2026-08-14 15:47:18,AMB0036,REQ02361,12.983054,80.201975,28.2,135.0,EN_ROUTE_TO_HOSPITAL
2026-08-14 15:47:26,AMB0036,REQ02361,12.988865,80.214275,22.6,135.0,EN_ROUTE_TO_HOSPITAL
2026-08-14 15:47:33,AMB0036,REQ02361,12.994627,80.226706,48.5,135.0,EN_ROUTE_TO_HOSPITAL
2026-08-14 15:47:40,AMB0036,REQ02361,13.000313,80.238884,37.4,135.0,EN_ROUTE_TO_HOSPITAL
2026-08-14 15:47:44,AMB0036,REQ02361,13.006276,80.251026,41.9,135.0,EN_ROUTE_TO_HOSPITAL
2026-08-06 20:05:13,AMB0123,REQ00776,12.950229,80.145648,20.5,135.0,EN_ROUTE_TO_PATIENT
2026-08-06 20:05:17,AMB0123,REQ00776,12.963661,80.158963,46.0,135.0,EN_ROUTE_TO_PATIENT
2026-08-06 20:05:25,AMB0123,REQ00776,12.978646,80.172801,23.5,135.0,EN_ROUTE_TO_PATIENT
2026-08-06 20:05:32,AMB0123,REQ00776,12.992546,80.186284,22.6,135.0,EN_ROUTE_TO_PATIENT
2026-08-06 20:05:36,AMB0123,REQ00776,13.007094,80.200504,20.1,135.0,EN_ROUTE_TO_PATIENT
2026-08-06 20:05:42,AMB0123,REQ00776,13.020285,80.2136,38.0,135.0,EN_ROUTE_TO_PATIENT
2026-08-06 20:05:48,AMB0123,REQ00776,13.03552,80.228007,30.7,135.0,EN_ROUTE_TO_PATIENT
2026-08-06 20:05:52,AMB0123,REQ00776,13.049329,80.2419,45.3,135.0,EN_ROUTE_TO_PATIENT
2026-08-06 20:05:57,AMB0123,REQ00776,13.06292,80.255931,43.9,135.0,EN_ROUTE_TO_PATIENT
2026-08-06 20:06:03,AMB0123,REQ00776,13.077906,80.269803,37.7,135.0,EN_ROUTE_TO_PATIENT
2026-08-06 20:06:37,AMB0123,REQ00776,13.077542,80.269758,50.6,135.0,EN_ROUTE_TO_HOSPITAL
2026-08-06 20:06:45,AMB0123,REQ00776,13.077087,80.270199,30.0,135.0,EN_ROUTE_TO_HOSPITAL
2026-08-06 20:06:51,AMB0123,REQ00776,13.076405,80.269853,25.8,135.0,EN_ROUTE_TO_HOSPITAL
2026-08-06 20:06:57,AMB0123,REQ00776,13.075175,80.270573,50.9,135.0,EN_ROUTE_TO_HOSPITAL
2026-08-06 20:07:05,AMB0123,REQ00776,13.07479,80.270536,33.5,135.0,EN_ROUTE_TO_HOSPITAL
2026-08-06 20:07:11,AMB0123,REQ00776,13.074,80.272005,49.5,135.0,EN_ROUTE_TO_HOSPITAL
2026-08-06 20:07:18,AMB0123,REQ00776,13.074281,80.271742,22.7,135.0,EN_ROUTE_TO_HOSPITAL
2026-08-06 20:07:24,AMB0123,REQ00776,13.073499,80.272025,23.5,135.0,EN_ROUTE_TO_HOSPITAL
2026-08-06 20:07:29,AMB0123,REQ00776,13.072549,80.272895,43.2,135.0,EN_ROUTE_TO_HOSPITAL
2026-08-06 20:07:37,AMB0123,REQ00776,13.072067,80.273097,39.0,135.0,EN_ROUTE_TO_HOSPITAL
2026-08-06 20:07:41,AMB0123,REQ00776,13.072051,80.272972,22.2,135.0,EN_ROUTE_TO_HOSPITAL
2026-08-06 20:07:45,AMB0123,REQ00776,13.070536,80.274456,41.4,135.0,EN_ROUTE_TO_HOSPITAL
2026-08-06 20:07:50,AMB0123,REQ00776,13.070572,80.274112,24.2,135.0,EN_ROUTE_TO_HOSPITAL
2026-08-06 20:07:55,AMB0123,REQ00776,13.069885,80.275209,40.6,135.0,EN_ROUTE_TO_HOSPITAL
2026-09-07 13:08:05,AMB0082,REQ01412,13.0507,80.090321,46.7,135.0,EN_ROUTE_TO_PATIENT
2026-09-07 13:08:11,AMB0082,REQ01412,13.050339,80.098014,25.7,135.0,EN_ROUTE_TO_PATIENT
2026-09-07 13:08:15,AMB0082,REQ01412,13.048349,80.104887,35.3,135.0,EN_ROUTE_TO_PATIENT
2026-09-07 13:08:20,AMB0082,REQ01412,13.047661,80.112495,33.9,135.0,EN_ROUTE_TO_PATIENT
2026-09-07 13:08:26,AMB0082,REQ01412,13.046466,80.12008,53.3,135.0,EN_ROUTE_TO_PATIENT
2026-09-07 13:08:33,AMB0082,REQ01412,13.04448,80.126969,26.3,135.0,EN_ROUTE_TO_PATIENT
2026-09-07 13:08:37,AMB0082,REQ01412,13.044043,80.133505,44.5,135.0,EN_ROUTE_TO_PATIENT
2026-09-07 13:08:44,AMB0082,REQ01412,13.042282,80.141482,26.5,135.0,EN_ROUTE_TO_PATIENT
2026-09-07 13:08:50,AMB0082,REQ01412,13.041762,80.148403,53.4,135.0,EN_ROUTE_TO_PATIENT
2026-09-07 13:08:54,AMB0082,REQ01412,13.039936,80.156018,53.4,135.0,EN_ROUTE_TO_PATIENT
2026-09-07 13:09:00,AMB0082,REQ01412,13.03908,80.16218,40.4,135.0,EN_ROUTE_TO_PATIENT
2026-09-07 13:09:06,AMB0082,REQ01412,13.036908,80.169495,45.9,135.0,EN_ROUTE_TO_PATIENT
2026-09-07 13:09:14,AMB0082,REQ01412,13.035814,80.17766,37.8,135.0,EN_ROUTE_TO_PATIENT
2026-09-07 13:09:18,AMB0082,REQ01412,13.034343,80.184182,33.1,135.0,EN_ROUTE_TO_PATIENT
2026-09-07 13:09:24,AMB0082,REQ01412,13.033761,80.191326,23.2,135.0,EN_ROUTE_TO_PATIENT
2026-09-07 13:10:37,AMB0082,REQ01412,13.033816,80.191336,32.5,135.0,EN_ROUTE_TO_HOSPITAL
2026-09-07 13:10:43,AMB0082,REQ01412,13.027933,80.195365,25.9,135.0,EN_ROUTE_TO_HOSPITAL
2026-09-07 13:10:50,AMB0082,REQ01412,13.021951,80.200145,29.0,135.0,EN_ROUTE_TO_HOSPITAL
2026-09-07 13:10:56,AMB0082,REQ01412,13.016955,80.204657,24.9,135.0,EN_ROUTE_TO_HOSPITAL
2026-09-07 13:11:00,AMB0082,REQ01412,13.010772,80.208047,36.9,135.0,EN_ROUTE_TO_HOSPITAL
2026-09-07 13:11:05,AMB0082,REQ01412,13.004969,80.212249,39.3,135.0,EN_ROUTE_TO_HOSPITAL
2026-09-07 13:11:10,AMB0082,REQ01412,12.999399,80.216287,29.3,135.0,EN_ROUTE_TO_HOSPITAL
2026-09-07 13:11:18,AMB0082,REQ01412,12.9942,80.220312,36.8,135.0,EN_ROUTE_TO_HOSPITAL
2026-09-07 13:11:23,AMB0082,REQ01412,12.988132,80.225283,39.8,135.0,EN_ROUTE_TO_HOSPITAL
2026-09-07 13:11:27,AMB0082,REQ01412,12.98263,80.229067,43.2,135.0,EN_ROUTE_TO_HOSPITAL
2026-09-07 13:11:31,AMB0082,REQ01412,12.976409,80.233701,51.2,135.0,EN_ROUTE_TO_HOSPITAL
2026-09-07 13:11:39,AMB0082,REQ01412,12.971511,80.237781,22.7,135.0,EN_ROUTE_TO_HOSPITAL
2026-09-07 13:11:46,AMB0082,REQ01412,12.965558,80.241709,54.6,135.0,EN_ROUTE_TO_HOSPITAL
2026-09-07 13:11:53,AMB0082,REQ01412,12.959836,80.245509,31.0,135.0,EN_ROUTE_TO_HOSPITAL
2026-08-30 17:46:12,AMB0100,REQ00830,12.982222,80.220915,42.7,135.0,EN_ROUTE_TO_PATIENT
2026-08-30 17:46:18,AMB0100,REQ00830,12.974741,80.212522,22.7,135.0,EN_ROUTE_TO_PATIENT
2026-08-30 17:46:23,AMB0100,REQ00830,12.967962,80.204402,32.2,135.0,EN_ROUTE_TO_PATIENT
2026-08-30 17:46:30,AMB0100,REQ00830,12.961565,80.19517,44.2,135.0,EN_ROUTE_TO_PATIENT
2026-08-30 17:46:36,AMB0100,REQ00830,12.953736,80.187406,41.6,135.0,EN_ROUTE_TO_PATIENT
2026-08-30 17:46:43,AMB0100,REQ00830,12.94743,80.177799,35.8,135.0,EN_ROUTE_TO_PATIENT
2026-08-30 17:46:50,AMB0100,REQ00830,12.939848,80.169086,44.7,135.0,EN_ROUTE_TO_PATIENT
2026-08-30 17:46:55,AMB0100,REQ00830,12.93248,80.160558,27.6,135.0,EN_ROUTE_TO_PATIENT
2026-08-30 17:47:02,AMB0100,REQ00830,12.926434,80.152034,37.7,135.0,EN_ROUTE_TO_PATIENT
2026-08-30 17:47:06,AMB0100,REQ00830,12.918439,80.143285,35.5,135.0,EN_ROUTE_TO_PATIENT
2026-08-30 17:47:10,AMB0100,REQ00830,12.911507,80.135037,41.6,135.0,EN_ROUTE_TO_PATIENT
2026-08-30 17:47:16,AMB0100,REQ00830,12.905434,80.126129,37.5,135.0,EN_ROUTE_TO_PATIENT
2026-08-30 17:48:32,AMB0100,REQ00830,12.904733,80.126678,53.2,135.0,EN_ROUTE_TO_HOSPITAL
2026-08-30 17:48:38,AMB0100,REQ00830,12.906668,80.125848,42.2,135.0,EN_ROUTE_TO_HOSPITAL
2026-08-30 17:48:43,AMB0100,REQ00830,12.907729,80.124707,21.6,135.0,EN_ROUTE_TO_HOSPITAL
2026-08-30 17:48:47,AMB0100,REQ00830,12.909729,80.12367,25.0,135.0,EN_ROUTE_TO_HOSPITAL
2026-08-30 17:48:54,AMB0100,REQ00830,12.911122,80.121631,48.5,135.0,EN_ROUTE_TO_HOSPITAL
2026-08-30 17:48:58,AMB0100,REQ00830,12.913161,80.120932,45.6,135.0,EN_ROUTE_TO_HOSPITAL
2026-08-30 17:49:03,AMB0100,REQ00830,12.915348,80.119406,24.5,135.0,EN_ROUTE_TO_HOSPITAL
2026-08-30 17:49:09,AMB0100,REQ00830,12.915912,80.118512,52.6,135.0,EN_ROUTE_TO_HOSPITAL
2026-08-30 17:49:14,AMB0100,REQ00830,12.918038,80.117783,28.2,135.0,EN_ROUTE_TO_HOSPITAL
2026-08-30 17:49:19,AMB0100,REQ00830,12.919889,80.116662,27.4,135.0,EN_ROUTE_TO_HOSPITAL
2026-08-30 17:49:27,AMB0100,REQ00830,12.921622,80.11544,23.0,135.0,EN_ROUTE_TO_HOSPITAL
2026-08-30 17:49:33,AMB0100,REQ00830,12.922909,80.11393,28.1,135.0,EN_ROUTE_TO_HOSPITAL
2026-08-30 17:49:37,AMB0100,REQ00830,12.924483,80.11331,34.2,135.0,EN_ROUTE_TO_HOSPITAL
2026-09-08 14:26:45,AMB0063,REQ00009,13.057123,80.262541,37.8,135.0,EN_ROUTE_TO_PATIENT
2026-09-08 14:26:51,AMB0063,REQ00009,13.064098,80.25774,25.9,135.0,EN_ROUTE_TO_PATIENT
2026-09-08 14:26:57,AMB0063,REQ00009,13.070733,80.254,52.8,135.0,EN_ROUTE_TO_PATIENT
2026-09-08 14:27:04,AMB0063,REQ00009,13.078126,80.248571,41.3,135.0,EN_ROUTE_TO_PATIENT
2026-09-08 14:27:09,AMB0063,REQ00009,13.084628,80.244824,34.2,135.0,EN_ROUTE_TO_PATIENT
2026-09-08 14:27:16,AMB0063,REQ00009,13.092187,80.240537,53.5,135.0,EN_ROUTE_TO_PATIENT
2026-09-08 14:27:22,AMB0063,REQ00009,13.099014,80.235333,30.8,135.0,EN_ROUTE_TO_PATIENT
2026-09-08 14:27:29,AMB0063,REQ00009,13.105813,80.231272,47.5,135.0,EN_ROUTE_TO_PATIENT
2026-09-08 14:27:36,AMB0063,REQ00009,13.113399,80.226949,24.1,135.0,EN_ROUTE_TO_PATIENT
2026-09-08 14:27:44,AMB0063,REQ00009,13.120096,80.222052,38.3,135.0,EN_ROUTE_TO_PATIENT
2026-09-08 14:27:51,AMB0063,REQ00009,13.127108,80.217697,22.4,135.0,EN_ROUTE_TO_PATIENT
2026-09-08 14:27:56,AMB0063,REQ00009,13.134711,80.214256,45.9,135.0,EN_ROUTE_TO_PATIENT
2026-09-08 14:28:03,AMB0063,REQ00009,13.141617,80.208721,42.6,135.0,EN_ROUTE_TO_PATIENT
2026-09-08 14:28:09,AMB0063,REQ00009,13.148544,80.204441,48.8,135.0,EN_ROUTE_TO_PATIENT
2026-09-08 14:28:16,AMB0063,REQ00009,13.155609,80.200074,30.1,135.0,EN_ROUTE_TO_PATIENT
2026-09-08 14:29:21,AMB0063,REQ00009,13.155532,80.200472,54.0,135.0,EN_ROUTE_TO_HOSPITAL
2026-09-08 14:29:27,AMB0063,REQ00009,13.14723,80.201165,33.1,135.0,EN_ROUTE_TO_HOSPITAL
2026-09-08 14:29:32,AMB0063,REQ00009,13.138056,80.202481,36.2,135.0,EN_ROUTE_TO_HOSPITAL
2026-09-08 14:29:37,AMB0063,REQ00009,13.129092,80.202829,44.2,135.0,EN_ROUTE_TO_HOSPITAL
2026-09-08 14:29:42,AMB0063,REQ00009,13.120421,80.204484,42.5,135.0,EN_ROUTE_TO_HOSPITAL
2026-09-08 14:29:46,AMB0063,REQ00009,13.111919,80.205706,42.4,135.0,EN_ROUTE_TO_HOSPITAL
2026-09-08 14:29:54,AMB0063,REQ00009,13.103185,80.205658,23.7,135.0,EN_ROUTE_TO_HOSPITAL
2026-09-08 14:30:01,AMB0063,REQ00009,13.094577,80.207144,37.3,135.0,EN_ROUTE_TO_HOSPITAL
2026-09-08 14:30:07,AMB0063,REQ00009,13.08512,80.20862,24.2,135.0,EN_ROUTE_TO_HOSPITAL
2026-09-08 14:30:12,AMB0063,REQ00009,13.077264,80.209113,47.7,135.0,EN_ROUTE_TO_HOSPITAL
2026-09-08 14:30:18,AMB0063,REQ00009,13.067831,80.209845,42.0,135.0,EN_ROUTE_TO_HOSPITAL
2026-09-08 14:30:24,AMB0063,REQ00009,13.058819,80.210626,32.0,135.0,EN_ROUTE_TO_HOSPITAL
2026-09-08 14:30:31,AMB0063,REQ00009,13.050585,80.211713,40.9,135.0,EN_ROUTE_TO_HOSPITAL
2026-09-08 05:05:06,AMB0009,REQ02072,13.146666,80.232692,54.1,135.0,EN_ROUTE_TO_PATIENT
2026-09-08 05:05:14,AMB0009,REQ02072,13.139179,80.231781,32.0,135.0,EN_ROUTE_TO_PATIENT
2026-09-08 05:05:22,AMB0009,REQ02072,13.131337,80.231043,26.8,135.0,EN_ROUTE_TO_PATIENT
2026-09-08 05:05:27,AMB0009,REQ02072,13.124701,80.230499,22.1,135.0,EN_ROUTE_TO_PATIENT
2026-09-08 05:05:31,AMB0009,REQ02072,13.116849,80.230705,34.8,135.0,EN_ROUTE_TO_PATIENT
2026-09-08 05:05:37,AMB0009,REQ02072,13.109344,80.229173,21.5,135.0,EN_ROUTE_TO_PATIENT
2026-09-08 05:05:45,AMB0009,REQ02072,13.102853,80.228674,33.6,135.0,EN_ROUTE_TO_PATIENT
2026-09-08 05:05:49,AMB0009,REQ02072,13.094766,80.227988,43.6,135.0,EN_ROUTE_TO_PATIENT
2026-09-08 05:05:55,AMB0009,REQ02072,13.087669,80.227413,52.0,135.0,EN_ROUTE_TO_PATIENT
2026-09-08 05:06:03,AMB0009,REQ02072,13.080676,80.227314,28.9,135.0,EN_ROUTE_TO_PATIENT
2026-09-08 05:06:09,AMB0009,REQ02072,13.073237,80.226505,24.4,135.0,EN_ROUTE_TO_PATIENT
2026-09-08 05:06:16,AMB0009,REQ02072,13.066064,80.225778,28.8,135.0,EN_ROUTE_TO_PATIENT
2026-09-08 05:06:22,AMB0009,REQ02072,13.058338,80.2253,22.5,135.0,EN_ROUTE_TO_PATIENT
2026-09-08 05:06:26,AMB0009,REQ02072,13.051335,80.225063,48.0,135.0,EN_ROUTE_TO_PATIENT
2026-09-08 05:06:31,AMB0009,REQ02072,13.043615,80.224739,21.2,135.0,EN_ROUTE_TO_PATIENT
2026-09-08 05:06:39,AMB0009,REQ02072,13.036484,80.223501,33.1,135.0,EN_ROUTE_TO_PATIENT
2026-09-08 05:08:03,AMB0009,REQ02072,13.036312,80.22354,21.2,135.0,EN_ROUTE_TO_HOSPITAL
2026-09-08 05:08:07,AMB0009,REQ02072,13.039645,80.223655,53.2,135.0,EN_ROUTE_TO_HOSPITAL
2026-09-08 05:08:14,AMB0009,REQ02072,13.042283,80.224097,25.0,135.0,EN_ROUTE_TO_HOSPITAL
2026-09-08 05:08:19,AMB0009,REQ02072,13.044737,80.22346,23.4,135.0,EN_ROUTE_TO_HOSPITAL
2026-09-08 05:08:25,AMB0009,REQ02072,13.046859,80.223823,24.2,135.0,EN_ROUTE_TO_HOSPITAL
2026-09-08 05:08:32,AMB0009,REQ02072,13.049303,80.223416,31.0,135.0,EN_ROUTE_TO_HOSPITAL
2026-09-08 05:08:40,AMB0009,REQ02072,13.052013,80.223308,33.2,135.0,EN_ROUTE_TO_HOSPITAL
2026-09-08 05:08:48,AMB0009,REQ02072,13.05453,80.223764,47.7,135.0,EN_ROUTE_TO_HOSPITAL
2026-09-08 05:08:56,AMB0009,REQ02072,13.058178,80.223764,34.3,135.0,EN_ROUTE_TO_HOSPITAL
2026-09-08 05:09:02,AMB0009,REQ02072,13.060293,80.223744,38.3,135.0,EN_ROUTE_TO_HOSPITAL
2026-09-08 05:09:08,AMB0009,REQ02072,13.062582,80.223382,28.2,135.0,EN_ROUTE_TO_HOSPITAL
2026-09-08 05:09:14,AMB0009,REQ02072,13.06604,80.224147,43.8,135.0,EN_ROUTE_TO_HOSPITAL
2026-09-08 05:09:19,AMB0009,REQ02072,13.068566,80.223955,29.5,135.0,EN_ROUTE_TO_HOSPITAL
2026-09-08 05:09:24,AMB0009,REQ02072,13.070851,80.224102,26.3,135.0,EN_ROUTE_TO_HOSPITAL
2026-09-08 05:09:31,AMB0009,REQ02072,13.07354,80.223648,48.9,135.0,EN_ROUTE_TO_HOSPITAL
2026-09-08 05:09:37,AMB0009,REQ02072,13.075853,80.223425,27.6,135.0,EN_ROUTE_TO_HOSPITAL
2026-09-08 05:09:41,AMB0009,REQ02072,13.078988,80.22459,52.6,135.0,EN_ROUTE_TO_HOSPITAL
2026-08-29 15:07:15,AMB0072,REQ02374,13.039053,80.232056,42.0,135.0,EN_ROUTE_TO_PATIENT
2026-08-29 15:07:21,AMB0072,REQ02374,13.03951,80.23502,29.8,135.0,EN_ROUTE_TO_PATIENT
2026-08-29 15:07:29,AMB0072,REQ02374,13.0397,80.237361,34.0,135.0,EN_ROUTE_TO_PATIENT
2026-08-29 15:07:35,AMB0072,REQ02374,13.039222,80.239532,34.3,135.0,EN_ROUTE_TO_PATIENT
2026-08-29 15:07:41,AMB0072,REQ02374,13.039013,80.241388,49.5,135.0,EN_ROUTE_TO_PATIENT
2026-08-29 15:07:46,AMB0072,REQ02374,13.038965,80.243898,34.6,135.0,EN_ROUTE_TO_PATIENT
2026-08-29 15:07:53,AMB0072,REQ02374,13.038302,80.246735,45.3,135.0,EN_ROUTE_TO_PATIENT
2026-08-29 15:07:59,AMB0072,REQ02374,13.039272,80.24902,31.4,135.0,EN_ROUTE_TO_PATIENT
2026-08-29 15:08:05,AMB0072,REQ02374,13.038543,80.251616,24.5,135.0,EN_ROUTE_TO_PATIENT
2026-08-29 15:08:13,AMB0072,REQ02374,13.038405,80.253217,28.7,135.0,EN_ROUTE_TO_PATIENT
2026-08-29 15:08:21,AMB0072,REQ02374,13.038355,80.256396,40.0,135.0,EN_ROUTE_TO_PATIENT
2026-08-29 15:09:03,AMB0072,REQ02374,13.037894,80.255422,24.2,135.0,EN_ROUTE_TO_HOSPITAL
2026-08-29 15:09:09,AMB0072,REQ02374,13.042393,80.256724,43.5,135.0,EN_ROUTE_TO_HOSPITAL
2026-08-29 15:09:13,AMB0072,REQ02374,13.046746,80.257656,45.9,135.0,EN_ROUTE_TO_HOSPITAL
2026-08-29 15:09:21,AMB0072,REQ02374,13.051113,80.257378,49.0,135.0,EN_ROUTE_TO_HOSPITAL
2026-08-29 15:09:25,AMB0072,REQ02374,13.055593,80.258832,30.9,135.0,EN_ROUTE_TO_HOSPITAL
2026-08-29 15:09:32,AMB0072,REQ02374,13.059917,80.25857,22.6,135.0,EN_ROUTE_TO_HOSPITAL
2026-08-29 15:09:37,AMB0072,REQ02374,13.064706,80.258965,53.8,135.0,EN_ROUTE_TO_HOSPITAL
2026-08-29 15:09:44,AMB0072,REQ02374,13.06885,80.260135,43.2,135.0,EN_ROUTE_TO_HOSPITAL
2026-08-29 15:09:50,AMB0072,REQ02374,13.072936,80.260884,29.2,135.0,EN_ROUTE_TO_HOSPITAL
2026-08-13 11:45:58,AMB0096,REQ00247,12.981892,80.258434,24.9,135.0,EN_ROUTE_TO_PATIENT
2026-08-13 11:46:03,AMB0096,REQ00247,12.999425,80.264224,24.6,135.0,EN_ROUTE_TO_PATIENT
2026-08-13 11:46:11,AMB0096,REQ00247,13.016892,80.269044,25.0,135.0,EN_ROUTE_TO_PATIENT
2026-08-13 11:46:17,AMB0096,REQ00247,13.035096,80.274374,28.6,135.0,EN_ROUTE_TO_PATIENT
2026-08-13 11:46:23,AMB0096,REQ00247,13.052797,80.278635,22.5,135.0,EN_ROUTE_TO_PATIENT
2026-08-13 11:46:30,AMB0096,REQ00247,13.070751,80.284448,31.6,135.0,EN_ROUTE_TO_PATIENT
2026-08-13 11:46:37,AMB0096,REQ00247,13.088311,80.289663,53.8,135.0,EN_ROUTE_TO_PATIENT
2026-08-13 11:46:44,AMB0096,REQ00247,13.106945,80.294768,23.0,135.0,EN_ROUTE_TO_PATIENT
2026-08-13 11:46:51,AMB0096,REQ00247,13.124147,80.299461,33.1,135.0,EN_ROUTE_TO_PATIENT
2026-08-13 11:47:38,AMB0096,REQ00247,13.124997,80.29963,25.6,135.0,EN_ROUTE_TO_HOSPITAL
2026-08-13 11:47:44,AMB0096,REQ00247,13.110397,80.292469,50.2,135.0,EN_ROUTE_TO_HOSPITAL
2026-08-13 11:47:50,AMB0096,REQ00247,13.09803,80.285418,49.4,135.0,EN_ROUTE_TO_HOSPITAL
2026-08-13 11:47:58,AMB0096,REQ00247,13.083625,80.278856,54.2,135.0,EN_ROUTE_TO_HOSPITAL
2026-08-13 11:48:03,AMB0096,REQ00247,13.070127,80.271804,35.3,135.0,EN_ROUTE_TO_HOSPITAL
2026-08-13 11:48:07,AMB0096,REQ00247,13.057561,80.265362,37.5,135.0,EN_ROUTE_TO_HOSPITAL
2026-08-13 11:48:15,AMB0096,REQ00247,13.043436,80.257871,27.6,135.0,EN_ROUTE_TO_HOSPITAL
2026-08-13 11:48:21,AMB0096,REQ00247,13.030278,80.251539,21.7,135.0,EN_ROUTE_TO_HOSPITAL
2026-08-13 11:48:26,AMB0096,REQ00247,13.017273,80.244069,45.7,135.0,EN_ROUTE_TO_HOSPITAL
2026-08-13 11:48:31,AMB0096,REQ00247,13.003518,80.237546,36.5,135.0,EN_ROUTE_TO_HOSPITAL
2026-08-13 11:48:36,AMB0096,REQ00247,12.989712,80.231029,33.7,135.0,EN_ROUTE_TO_HOSPITAL
2026-08-13 11:48:40,AMB0096,REQ00247,12.97627,80.224016,32.3,135.0,EN_ROUTE_TO_HOSPITAL
2026-08-13 11:48:48,AMB0096,REQ00247,12.963588,80.217333,26.4,135.0,EN_ROUTE_TO_HOSPITAL
2026-08-13 11:48:55,AMB0096,REQ00247,12.949687,80.210149,34.5,135.0,EN_ROUTE_TO_HOSPITAL
2026-08-05 06:26:40,AMB0121,REQ02839,12.970525,80.147228,41.0,135.0,EN_ROUTE_TO_PATIENT
2026-08-05 06:26:48,AMB0121,REQ02839,12.977252,80.153589,45.3,135.0,EN_ROUTE_TO_PATIENT
2026-08-05 06:26:54,AMB0121,REQ02839,12.983256,80.160258,20.7,135.0,EN_ROUTE_TO_PATIENT
2026-08-05 06:26:59,AMB0121,REQ02839,12.98909,80.168222,28.1,135.0,EN_ROUTE_TO_PATIENT
2026-08-05 06:27:04,AMB0121,REQ02839,12.99579,80.174737,35.3,135.0,EN_ROUTE_TO_PATIENT
2026-08-05 06:27:10,AMB0121,REQ02839,13.002125,80.18218,47.2,135.0,EN_ROUTE_TO_PATIENT
2026-08-05 06:27:16,AMB0121,REQ02839,13.008355,80.18842,49.0,135.0,EN_ROUTE_TO_PATIENT
2026-08-05 06:27:21,AMB0121,REQ02839,13.014307,80.195459,36.9,135.0,EN_ROUTE_TO_PATIENT
2026-08-05 06:27:29,AMB0121,REQ02839,13.020106,80.202546,29.1,135.0,EN_ROUTE_TO_PATIENT
2026-08-05 06:27:36,AMB0121,REQ02839,13.027172,80.210097,37.1,135.0,EN_ROUTE_TO_PATIENT
2026-08-05 06:27:41,AMB0121,REQ02839,13.03238,80.216775,44.1,135.0,EN_ROUTE_TO_PATIENT
2026-08-05 06:27:48,AMB0121,REQ02839,13.038587,80.224621,26.3,135.0,EN_ROUTE_TO_PATIENT
2026-08-05 06:27:53,AMB0121,REQ02839,13.044978,80.231696,23.6,135.0,EN_ROUTE_TO_PATIENT
2026-08-05 06:27:59,AMB0121,REQ02839,13.051408,80.23844,54.9,135.0,EN_ROUTE_TO_PATIENT
2026-08-05 06:28:04,AMB0121,REQ02839,13.057682,80.245566,25.1,135.0,EN_ROUTE_TO_PATIENT
2026-08-05 06:28:08,AMB0121,REQ02839,13.063987,80.253047,47.2,135.0,EN_ROUTE_TO_PATIENT
2026-08-05 06:28:15,AMB0121,REQ02839,13.070187,80.259658,41.6,135.0,EN_ROUTE_TO_PATIENT
2026-08-05 06:29:05,AMB0121,REQ02839,13.069655,80.259509,47.2,135.0,EN_ROUTE_TO_HOSPITAL
2026-08-05 06:29:10,AMB0121,REQ02839,13.068478,80.256231,39.8,135.0,EN_ROUTE_TO_HOSPITAL
2026-08-05 06:29:17,AMB0121,REQ02839,13.067346,80.252322,28.9,135.0,EN_ROUTE_TO_HOSPITAL
2026-08-05 06:29:21,AMB0121,REQ02839,13.066161,80.248844,23.0,135.0,EN_ROUTE_TO_HOSPITAL
2026-08-05 06:29:28,AMB0121,REQ02839,13.064761,80.245031,31.8,135.0,EN_ROUTE_TO_HOSPITAL
2026-08-05 06:29:32,AMB0121,REQ02839,13.063132,80.240422,34.8,135.0,EN_ROUTE_TO_HOSPITAL
2026-08-05 06:29:40,AMB0121,REQ02839,13.061525,80.237336,34.0,135.0,EN_ROUTE_TO_HOSPITAL
2026-08-05 06:29:46,AMB0121,REQ02839,13.059998,80.23389,49.2,135.0,EN_ROUTE_TO_HOSPITAL
2026-08-05 06:29:52,AMB0121,REQ02839,13.058527,80.230249,50.8,135.0,EN_ROUTE_TO_HOSPITAL
2026-08-05 06:29:57,AMB0121,REQ02839,13.058054,80.226061,27.0,135.0,EN_ROUTE_TO_HOSPITAL
2026-08-05 06:30:04,AMB0121,REQ02839,13.05582,80.222687,34.9,135.0,EN_ROUTE_TO_HOSPITAL
2026-08-05 06:30:08,AMB0121,REQ02839,13.054829,80.217954,53.2,135.0,EN_ROUTE_TO_HOSPITAL
2026-08-05 06:30:14,AMB0121,REQ02839,13.053566,80.214839,49.0,135.0,EN_ROUTE_TO_HOSPITAL
2026-08-05 06:30:20,AMB0121,REQ02839,13.052207,80.211301,49.5,135.0,EN_ROUTE_TO_HOSPITAL
2026-08-27 19:08:59,AMB0104,REQ00142,12.951807,80.213207,37.4,135.0,EN_ROUTE_TO_PATIENT
2026-08-27 19:09:06,AMB0104,REQ00142,12.959247,80.21327,46.7,135.0,EN_ROUTE_TO_PATIENT
2026-08-27 19:09:12,AMB0104,REQ00142,12.966544,80.212181,25.2,135.0,EN_ROUTE_TO_PATIENT
2026-08-27 19:09:17,AMB0104,REQ00142,12.975285,80.212219,23.5,135.0,EN_ROUTE_TO_PATIENT
2026-08-27 19:09:22,AMB0104,REQ00142,12.981954,80.212223,43.8,135.0,EN_ROUTE_TO_PATIENT
2026-08-27 19:09:27,AMB0104,REQ00142,12.990592,80.212159,53.8,135.0,EN_ROUTE_TO_PATIENT
2026-08-27 19:09:31,AMB0104,REQ00142,12.998319,80.212641,48.4,135.0,EN_ROUTE_TO_PATIENT
2026-08-27 19:09:39,AMB0104,REQ00142,13.006394,80.212372,49.4,135.0,EN_ROUTE_TO_PATIENT
2026-08-27 19:09:44,AMB0104,REQ00142,13.013422,80.212021,54.1,135.0,EN_ROUTE_TO_PATIENT
2026-08-27 19:09:48,AMB0104,REQ00142,13.021236,80.212196,43.4,135.0,EN_ROUTE_TO_PATIENT
2026-08-27 19:09:56,AMB0104,REQ00142,13.029198,80.212712,21.0,135.0,EN_ROUTE_TO_PATIENT
2026-08-27 19:10:01,AMB0104,REQ00142,13.036871,80.213091,29.0,135.0,EN_ROUTE_TO_PATIENT
2026-08-27 19:10:06,AMB0104,REQ00142,13.044965,80.213038,23.6,135.0,EN_ROUTE_TO_PATIENT
2026-08-27 19:10:12,AMB0104,REQ00142,13.052328,80.212738,23.5,135.0,EN_ROUTE_TO_PATIENT
2026-08-27 19:10:17,AMB0104,REQ00142,13.060042,80.212882,40.7,135.0,EN_ROUTE_TO_PATIENT
2026-08-27 19:11:27,AMB0104,REQ00142,13.060281,80.21296,28.3,135.0,EN_ROUTE_TO_HOSPITAL
2026-08-27 19:11:35,AMB0104,REQ00142,13.059623,80.212853,31.4,135.0,EN_ROUTE_TO_HOSPITAL
2026-08-27 19:11:43,AMB0104,REQ00142,13.059032,80.21281,45.7,135.0,EN_ROUTE_TO_HOSPITAL
2026-08-27 19:11:48,AMB0104,REQ00142,13.0582,80.212034,25.9,135.0,EN_ROUTE_TO_HOSPITAL
2026-08-27 19:11:52,AMB0104,REQ00142,13.057169,80.211613,20.9,135.0,EN_ROUTE_TO_HOSPITAL
2026-08-27 19:11:58,AMB0104,REQ00142,13.056721,80.211612,27.3,135.0,EN_ROUTE_TO_HOSPITAL
2026-08-27 19:12:04,AMB0104,REQ00142,13.056241,80.212023,23.1,135.0,EN_ROUTE_TO_HOSPITAL
2026-08-27 19:12:09,AMB0104,REQ00142,13.056215,80.211478,31.1,135.0,EN_ROUTE_TO_HOSPITAL
2026-08-27 19:12:16,AMB0104,REQ00142,13.054778,80.211298,45.6,135.0,EN_ROUTE_TO_HOSPITAL
2026-08-27 19:12:22,AMB0104,REQ00142,13.054583,80.210846,54.9,135.0,EN_ROUTE_TO_HOSPITAL
2026-08-27 19:12:26,AMB0104,REQ00142,13.053754,80.211796,44.4,135.0,EN_ROUTE_TO_HOSPITAL
2026-08-27 19:12:30,AMB0104,REQ00142,13.053123,80.210807,41.2,135.0,EN_ROUTE_TO_HOSPITAL
2026-08-27 19:12:34,AMB0104,REQ00142,13.052939,80.211532,51.3,135.0,EN_ROUTE_TO_HOSPITAL
2026-08-27 19:12:41,AMB0104,REQ00142,13.051786,80.210637,28.1,135.0,EN_ROUTE_TO_HOSPITAL
2026-08-24 23:36:18,AMB0114,REQ01732,12.920098,80.193947,47.5,135.0,EN_ROUTE_TO_PATIENT
2026-08-24 23:36:25,AMB0114,REQ01732,12.919811,80.187971,36.3,135.0,EN_ROUTE_TO_PATIENT
2026-08-24 23:36:31,AMB0114,REQ01732,12.919192,80.180911,49.7,135.0,EN_ROUTE_TO_PATIENT
2026-08-24 23:36:35,AMB0114,REQ01732,12.918463,80.17515,35.1,135.0,EN_ROUTE_TO_PATIENT
2026-08-24 23:36:42,AMB0114,REQ01732,12.917657,80.168321,48.9,135.0,EN_ROUTE_TO_PATIENT
2026-08-24 23:36:48,AMB0114,REQ01732,12.916071,80.162435,29.5,135.0,EN_ROUTE_TO_PATIENT
2026-08-24 23:36:53,AMB0114,REQ01732,12.915384,80.156271,35.8,135.0,EN_ROUTE_TO_PATIENT
2026-08-24 23:36:57,AMB0114,REQ01732,12.914246,80.150126,36.9,135.0,EN_ROUTE_TO_PATIENT
2026-08-24 23:37:02,AMB0114,REQ01732,12.9133,80.144157,33.4,135.0,EN_ROUTE_TO_PATIENT
2026-08-24 23:37:06,AMB0114,REQ01732,12.912605,80.137918,24.4,135.0,EN_ROUTE_TO_PATIENT
2026-08-24 23:37:12,AMB0114,REQ01732,12.912341,80.131385,36.9,135.0,EN_ROUTE_TO_PATIENT
2026-08-24 23:37:19,AMB0114,REQ01732,12.911224,80.124907,41.2,135.0,EN_ROUTE_TO_PATIENT
2026-08-24 23:37:25,AMB0114,REQ01732,12.910049,80.119093,53.7,135.0,EN_ROUTE_TO_PATIENT
2026-08-24 23:37:29,AMB0114,REQ01732,12.910301,80.112126,26.1,135.0,EN_ROUTE_TO_PATIENT
2026-08-24 23:38:56,AMB0114,REQ01732,12.909993,80.112211,38.5,135.0,EN_ROUTE_TO_HOSPITAL
2026-08-24 23:39:04,AMB0114,REQ01732,12.934475,80.132518,30.6,135.0,EN_ROUTE_TO_HOSPITAL
2026-08-24 23:39:08,AMB0114,REQ01732,12.958384,80.151771,43.2,135.0,EN_ROUTE_TO_HOSPITAL
2026-08-24 23:39:15,AMB0114,REQ01732,12.98224,80.170709,41.8,135.0,EN_ROUTE_TO_HOSPITAL
2026-08-24 23:39:22,AMB0114,REQ01732,13.006661,80.190682,24.9,135.0,EN_ROUTE_TO_HOSPITAL
2026-08-24 23:39:30,AMB0114,REQ01732,13.030267,80.210597,34.9,135.0,EN_ROUTE_TO_HOSPITAL
2026-08-24 23:39:35,AMB0114,REQ01732,13.054189,80.229866,49.9,135.0,EN_ROUTE_TO_HOSPITAL
2026-08-24 23:39:41,AMB0114,REQ01732,13.078506,80.249637,23.1,135.0,EN_ROUTE_TO_HOSPITAL
2026-08-24 23:39:48,AMB0114,REQ01732,13.102474,80.269028,25.9,135.0,EN_ROUTE_TO_HOSPITAL
2026-08-24 23:39:53,AMB0114,REQ01732,13.127121,80.28892,22.3,135.0,EN_ROUTE_TO_HOSPITAL
2026-08-26 23:09:32,AMB0126,REQ02639,12.951687,80.25647,43.5,135.0,EN_ROUTE_TO_PATIENT
2026-08-26 23:09:40,AMB0126,REQ02639,12.965358,80.258819,40.3,135.0,EN_ROUTE_TO_PATIENT
2026-08-26 23:09:48,AMB0126,REQ02639,12.978863,80.261867,36.2,135.0,EN_ROUTE_TO_PATIENT
2026-08-26 23:09:55,AMB0126,REQ02639,12.992109,80.263521,34.3,135.0,EN_ROUTE_TO_PATIENT
2026-08-26 23:10:03,AMB0126,REQ02639,13.00648,80.265697,32.7,135.0,EN_ROUTE_TO_PATIENT
2026-08-26 23:10:10,AMB0126,REQ02639,13.019933,80.268288,44.6,135.0,EN_ROUTE_TO_PATIENT
2026-08-26 23:10:18,AMB0126,REQ02639,13.033659,80.271381,25.2,135.0,EN_ROUTE_TO_PATIENT
2026-08-26 23:10:24,AMB0126,REQ02639,13.046763,80.274136,44.9,135.0,EN_ROUTE_TO_PATIENT
2026-08-26 23:10:30,AMB0126,REQ02639,13.060569,80.275953,27.9,135.0,EN_ROUTE_TO_PATIENT
2026-08-26 23:10:37,AMB0126,REQ02639,13.07466,80.278332,26.9,135.0,EN_ROUTE_TO_PATIENT
2026-08-26 23:10:44,AMB0126,REQ02639,13.088382,80.281009,26.2,135.0,EN_ROUTE_TO_PATIENT
2026-08-26 23:10:51,AMB0126,REQ02639,13.101406,80.283236,23.4,135.0,EN_ROUTE_TO_PATIENT
2026-08-26 23:10:58,AMB0126,REQ02639,13.115743,80.286506,48.4,135.0,EN_ROUTE_TO_PATIENT
2026-08-26 23:11:05,AMB0126,REQ02639,13.12873,80.288163,33.0,135.0,EN_ROUTE_TO_PATIENT
2026-08-26 23:11:10,AMB0126,REQ02639,13.143127,80.29051,53.8,135.0,EN_ROUTE_TO_PATIENT
2026-08-26 23:12:24,AMB0126,REQ02639,13.142651,80.290697,46.5,135.0,EN_ROUTE_TO_HOSPITAL
2026-08-26 23:12:30,AMB0126,REQ02639,13.12703,80.278644,54.2,135.0,EN_ROUTE_TO_HOSPITAL
2026-08-26 23:12:38,AMB0126,REQ02639,13.111684,80.265663,29.4,135.0,EN_ROUTE_TO_HOSPITAL
2026-08-26 23:12:44,AMB0126,REQ02639,13.095455,80.252423,48.2,135.0,EN_ROUTE_TO_HOSPITAL
2026-08-26 23:12:51,AMB0126,REQ02639,13.080891,80.240474,43.3,135.0,EN_ROUTE_TO_HOSPITAL
2026-08-26 23:12:59,AMB0126,REQ02639,13.064933,80.227344,41.5,135.0,EN_ROUTE_TO_HOSPITAL
2026-08-26 23:13:07,AMB0126,REQ02639,13.049107,80.215054,47.2,135.0,EN_ROUTE_TO_HOSPITAL
2026-08-26 23:13:12,AMB0126,REQ02639,13.033301,80.201876,41.2,135.0,EN_ROUTE_TO_HOSPITAL
2026-08-26 23:13:20,AMB0126,REQ02639,13.017849,80.189391,34.5,135.0,EN_ROUTE_TO_HOSPITAL
2026-08-26 23:13:24,AMB0126,REQ02639,13.002513,80.176313,41.2,135.0,EN_ROUTE_TO_HOSPITAL
2026-08-26 23:13:31,AMB0126,REQ02639,12.987437,80.163567,44.6,135.0,EN_ROUTE_TO_HOSPITAL
2026-08-26 23:13:39,AMB0126,REQ02639,12.971475,80.151204,31.7,135.0,EN_ROUTE_TO_HOSPITAL
2026-08-26 23:13:45,AMB0126,REQ02639,12.955768,80.139067,24.2,135.0,EN_ROUTE_TO_HOSPITAL
2026-08-26 23:13:53,AMB0126,REQ02639,12.940609,80.12554,27.2,135.0,EN_ROUTE_TO_HOSPITAL
2026-08-26 23:14:01,AMB0126,REQ02639,12.924431,80.113439,30.5,135.0,EN_ROUTE_TO_HOSPITAL
2026-08-23 21:44:21,AMB0039,REQ01741,13.083381,80.211598,24.9,135.0,EN_ROUTE_TO_PATIENT
2026-08-23 21:44:29,AMB0039,REQ01741,13.068558,80.214837,25.0,135.0,EN_ROUTE_TO_PATIENT
2026-08-23 21:44:35,AMB0039,REQ01741,13.054608,80.217108,23.1,135.0,EN_ROUTE_TO_PATIENT
2026-08-23 21:44:40,AMB0039,REQ01741,13.041167,80.220777,41.6,135.0,EN_ROUTE_TO_PATIENT
2026-08-23 21:44:44,AMB0039,REQ01741,13.026753,80.223274,26.3,135.0,EN_ROUTE_TO_PATIENT
2026-08-23 21:44:50,AMB0039,REQ01741,13.012463,80.226085,21.6,135.0,EN_ROUTE_TO_PATIENT
2026-08-23 21:44:54,AMB0039,REQ01741,12.998106,80.229848,30.6,135.0,EN_ROUTE_TO_PATIENT
2026-08-23 21:45:00,AMB0039,REQ01741,12.984306,80.232009,51.6,135.0,EN_ROUTE_TO_PATIENT
2026-08-23 21:45:07,AMB0039,REQ01741,12.970182,80.235825,26.2,135.0,EN_ROUTE_TO_PATIENT
2026-08-23 21:45:15,AMB0039,REQ01741,12.956194,80.238572,21.9,135.0,EN_ROUTE_TO_PATIENT
2026-08-23 21:45:21,AMB0039,REQ01741,12.942518,80.241434,55.0,135.0,EN_ROUTE_TO_PATIENT
2026-08-23 21:45:27,AMB0039,REQ01741,12.928185,80.244776,24.4,135.0,EN_ROUTE_TO_PATIENT
2026-08-23 21:45:34,AMB0039,REQ01741,12.913589,80.247096,37.6,135.0,EN_ROUTE_TO_PATIENT
2026-08-23 21:46:13,AMB0039,REQ01741,12.914082,80.247775,28.8,135.0,EN_ROUTE_TO_HOSPITAL
2026-08-23 21:46:20,AMB0039,REQ01741,12.925467,80.246621,32.1,135.0,EN_ROUTE_TO_HOSPITAL
2026-08-23 21:46:26,AMB0039,REQ01741,12.936607,80.246981,31.0,135.0,EN_ROUTE_TO_HOSPITAL
2026-08-23 21:46:34,AMB0039,REQ01741,12.947183,80.246253,29.9,135.0,EN_ROUTE_TO_HOSPITAL
2026-08-23 21:46:39,AMB0039,REQ01741,12.958309,80.245999,48.9,135.0,EN_ROUTE_TO_HOSPITAL
2026-08-23 21:46:44,AMB0039,REQ01741,12.968369,80.245876,26.8,135.0,EN_ROUTE_TO_HOSPITAL
2026-08-23 21:46:49,AMB0039,REQ01741,12.979918,80.245267,47.2,135.0,EN_ROUTE_TO_HOSPITAL
2026-08-23 21:46:57,AMB0039,REQ01741,12.990948,80.245402,39.0,135.0,EN_ROUTE_TO_HOSPITAL
2026-08-23 21:47:03,AMB0039,REQ01741,13.002263,80.24429,51.0,135.0,EN_ROUTE_TO_HOSPITAL
2026-08-23 21:47:10,AMB0039,REQ01741,13.013067,80.243889,32.0,135.0,EN_ROUTE_TO_HOSPITAL
2026-08-23 21:47:18,AMB0039,REQ01741,13.023192,80.244511,52.2,135.0,EN_ROUTE_TO_HOSPITAL
2026-08-23 21:47:23,AMB0039,REQ01741,13.034205,80.244382,45.0,135.0,EN_ROUTE_TO_HOSPITAL
2026-08-23 21:47:31,AMB0039,REQ01741,13.045363,80.243366,27.0,135.0,EN_ROUTE_TO_HOSPITAL
2026-08-23 21:47:35,AMB0039,REQ01741,13.055865,80.242763,39.6,135.0,EN_ROUTE_TO_HOSPITAL
2026-08-23 21:47:41,AMB0039,REQ01741,13.067646,80.242909,23.1,135.0,EN_ROUTE_TO_HOSPITAL
2026-08-23 21:47:45,AMB0039,REQ01741,13.078316,80.242676,24.1,135.0,EN_ROUTE_TO_HOSPITAL
2026-09-04 08:49:35,AMB0004,REQ02825,13.161393,80.301647,50.5,135.0,EN_ROUTE_TO_PATIENT
2026-09-04 08:49:43,AMB0004,REQ02825,13.141528,80.284536,39.5,135.0,EN_ROUTE_TO_PATIENT
2026-09-04 08:49:50,AMB0004,REQ02825,13.120966,80.269106,54.9,135.0,EN_ROUTE_TO_PATIENT
2026-09-04 08:49:57,AMB0004,REQ02825,13.100782,80.253134,51.8,135.0,EN_ROUTE_TO_PATIENT
2026-09-04 08:50:02,AMB0004,REQ02825,13.081566,80.235809,47.9,135.0,EN_ROUTE_TO_PATIENT
2026-09-04 08:50:08,AMB0004,REQ02825,13.061,80.219973,35.7,135.0,EN_ROUTE_TO_PATIENT
2026-09-04 08:50:14,AMB0004,REQ02825,13.041442,80.204296,28.4,135.0,EN_ROUTE_TO_PATIENT
2026-09-04 08:50:20,AMB0004,REQ02825,13.020589,80.187707,34.8,135.0,EN_ROUTE_TO_PATIENT
2026-09-04 08:50:26,AMB0004,REQ02825,13.00109,80.171694,43.1,135.0,EN_ROUTE_TO_PATIENT
2026-09-04 08:50:30,AMB0004,REQ02825,12.981122,80.154349,41.2,135.0,EN_ROUTE_TO_PATIENT
2026-09-04 08:50:35,AMB0004,REQ02825,12.961145,80.139026,32.2,135.0,EN_ROUTE_TO_PATIENT
2026-09-04 08:50:42,AMB0004,REQ02825,12.941299,80.121885,44.3,135.0,EN_ROUTE_TO_PATIENT
2026-09-04 08:50:50,AMB0004,REQ02825,12.921027,80.10566,33.7,135.0,EN_ROUTE_TO_PATIENT
2026-09-04 08:52:04,AMB0004,REQ02825,12.920914,80.106116,44.5,135.0,EN_ROUTE_TO_HOSPITAL
2026-09-04 08:52:09,AMB0004,REQ02825,12.934878,80.117595,30.7,135.0,EN_ROUTE_TO_HOSPITAL
2026-09-04 08:52:13,AMB0004,REQ02825,12.949391,80.129315,43.2,135.0,EN_ROUTE_TO_HOSPITAL
2026-09-04 08:52:18,AMB0004,REQ02825,12.964201,80.14065,37.6,135.0,EN_ROUTE_TO_HOSPITAL
2026-09-04 08:52:24,AMB0004,REQ02825,12.978843,80.152744,53.9,135.0,EN_ROUTE_TO_HOSPITAL
2026-09-04 08:52:29,AMB0004,REQ02825,12.993635,80.164958,22.0,135.0,EN_ROUTE_TO_HOSPITAL
2026-09-04 08:52:33,AMB0004,REQ02825,13.008587,80.175562,36.6,135.0,EN_ROUTE_TO_HOSPITAL
2026-09-04 08:52:39,AMB0004,REQ02825,13.022494,80.188051,41.8,135.0,EN_ROUTE_TO_HOSPITAL
2026-09-04 08:52:45,AMB0004,REQ02825,13.037029,80.199705,31.2,135.0,EN_ROUTE_TO_HOSPITAL
2026-09-04 08:52:53,AMB0004,REQ02825,13.052715,80.210585,21.6,135.0,EN_ROUTE_TO_HOSPITAL
2026-08-01 11:57:07,AMB0093,REQ00783,13.004917,80.257949,45.5,135.0,EN_ROUTE_TO_PATIENT
2026-08-01 11:57:15,AMB0093,REQ00783,13.004279,80.257486,49.9,135.0,EN_ROUTE_TO_PATIENT
2026-08-01 11:57:22,AMB0093,REQ00783,13.003689,80.2565,20.5,135.0,EN_ROUTE_TO_PATIENT
2026-08-01 11:57:27,AMB0093,REQ00783,13.003179,80.256251,43.7,135.0,EN_ROUTE_TO_PATIENT
2026-08-01 11:57:32,AMB0093,REQ00783,13.003072,80.256038,23.6,135.0,EN_ROUTE_TO_PATIENT
2026-08-01 11:57:39,AMB0093,REQ00783,13.002837,80.254288,36.0,135.0,EN_ROUTE_TO_PATIENT
2026-08-01 11:57:47,AMB0093,REQ00783,13.002393,80.254185,41.4,135.0,EN_ROUTE_TO_PATIENT
2026-08-01 11:57:52,AMB0093,REQ00783,13.001171,80.254061,32.1,135.0,EN_ROUTE_TO_PATIENT
2026-08-01 11:57:58,AMB0093,REQ00783,13.000662,80.252768,46.2,135.0,EN_ROUTE_TO_PATIENT
2026-08-01 11:58:06,AMB0093,REQ00783,13.001158,80.252641,52.8,135.0,EN_ROUTE_TO_PATIENT
2026-08-01 11:58:14,AMB0093,REQ00783,13.000646,80.251361,28.4,135.0,EN_ROUTE_TO_PATIENT
2026-08-01 11:58:18,AMB0093,REQ00783,12.999846,80.251387,20.9,135.0,EN_ROUTE_TO_PATIENT
2026-08-01 11:59:04,AMB0093,REQ00783,12.999734,80.250825,20.2,135.0,EN_ROUTE_TO_HOSPITAL
2026-08-01 11:59:10,AMB0093,REQ00783,12.993527,80.239722,23.7,135.0,EN_ROUTE_TO_HOSPITAL
2026-08-01 11:59:14,AMB0093,REQ00783,12.986818,80.228065,28.0,135.0,EN_ROUTE_TO_HOSPITAL
2026-08-01 11:59:21,AMB0093,REQ00783,12.980939,80.216786,24.6,135.0,EN_ROUTE_TO_HOSPITAL
2026-08-01 11:59:25,AMB0093,REQ00783,12.974915,80.20447,21.9,135.0,EN_ROUTE_TO_HOSPITAL
2026-08-01 11:59:30,AMB0093,REQ00783,12.967776,80.194065,51.8,135.0,EN_ROUTE_TO_HOSPITAL
2026-08-01 11:59:38,AMB0093,REQ00783,12.962699,80.182317,35.9,135.0,EN_ROUTE_TO_HOSPITAL
2026-08-01 11:59:46,AMB0093,REQ00783,12.956352,80.171108,32.0,135.0,EN_ROUTE_TO_HOSPITAL
2026-08-01 11:59:53,AMB0093,REQ00783,12.94983,80.159333,31.4,135.0,EN_ROUTE_TO_HOSPITAL
2026-08-01 11:59:59,AMB0093,REQ00783,12.943124,80.147409,51.0,135.0,EN_ROUTE_TO_HOSPITAL
2026-08-01 12:00:03,AMB0093,REQ00783,12.937526,80.136149,25.5,135.0,EN_ROUTE_TO_HOSPITAL
2026-08-01 12:00:08,AMB0093,REQ00783,12.930423,80.124616,36.2,135.0,EN_ROUTE_TO_HOSPITAL
2026-08-01 12:00:12,AMB0093,REQ00783,12.924068,80.112726,37.3,135.0,EN_ROUTE_TO_HOSPITAL
2026-09-04 21:37:39,AMB0030,REQ01421,13.069005,80.263761,35.0,135.0,EN_ROUTE_TO_PATIENT
2026-09-04 21:37:45,AMB0030,REQ01421,13.063331,80.258202,54.8,135.0,EN_ROUTE_TO_PATIENT
2026-09-04 21:37:52,AMB0030,REQ01421,13.058033,80.252349,34.6,135.0,EN_ROUTE_TO_PATIENT
2026-09-04 21:37:58,AMB0030,REQ01421,13.052833,80.246632,51.5,135.0,EN_ROUTE_TO_PATIENT
2026-09-04 21:38:04,AMB0030,REQ01421,13.046398,80.241023,43.7,135.0,EN_ROUTE_TO_PATIENT
2026-09-04 21:38:11,AMB0030,REQ01421,13.041134,80.234487,45.3,135.0,EN_ROUTE_TO_PATIENT
2026-09-04 21:38:17,AMB0030,REQ01421,13.035023,80.228286,24.1,135.0,EN_ROUTE_TO_PATIENT
2026-09-04 21:38:24,AMB0030,REQ01421,13.029627,80.222779,50.2,135.0,EN_ROUTE_TO_PATIENT
2026-09-04 21:38:28,AMB0030,REQ01421,13.024482,80.216811,33.9,135.0,EN_ROUTE_TO_PATIENT
2026-09-04 21:38:36,AMB0030,REQ01421,13.018746,80.211324,45.5,135.0,EN_ROUTE_TO_PATIENT
2026-09-04 21:38:44,AMB0030,REQ01421,13.013492,80.205363,34.5,135.0,EN_ROUTE_TO_PATIENT
2026-09-04 21:38:50,AMB0030,REQ01421,13.007173,80.198366,50.3,135.0,EN_ROUTE_TO_PATIENT
2026-09-04 21:39:30,AMB0030,REQ01421,13.007414,80.199159,33.1,135.0,EN_ROUTE_TO_HOSPITAL
2026-09-04 21:39:34,AMB0030,REQ01421,13.01204,80.19964,31.0,135.0,EN_ROUTE_TO_HOSPITAL
2026-09-04 21:39:39,AMB0030,REQ01421,13.016432,80.201591,50.6,135.0,EN_ROUTE_TO_HOSPITAL
2026-09-04 21:39:45,AMB0030,REQ01421,13.020737,80.202312,34.4,135.0,EN_ROUTE_TO_HOSPITAL
2026-09-04 21:39:52,AMB0030,REQ01421,13.024376,80.203971,20.1,135.0,EN_ROUTE_TO_HOSPITAL
2026-09-04 21:39:57,AMB0030,REQ01421,13.028598,80.205371,34.9,135.0,EN_ROUTE_TO_HOSPITAL
2026-09-04 21:40:04,AMB0030,REQ01421,13.033694,80.207062,53.5,135.0,EN_ROUTE_TO_HOSPITAL
2026-09-04 21:40:11,AMB0030,REQ01421,13.037922,80.208555,41.6,135.0,EN_ROUTE_TO_HOSPITAL
2026-09-04 21:40:15,AMB0030,REQ01421,13.042514,80.208988,49.7,135.0,EN_ROUTE_TO_HOSPITAL
2026-09-04 21:40:23,AMB0030,REQ01421,13.046823,80.211211,21.6,135.0,EN_ROUTE_TO_HOSPITAL
2026-09-04 21:40:29,AMB0030,REQ01421,13.050924,80.211825,44.1,135.0,EN_ROUTE_TO_HOSPITAL
2026-08-19 02:16:29,AMB0080,REQ00055,13.034364,80.160086,43.6,135.0,EN_ROUTE_TO_PATIENT
2026-08-19 02:16:35,AMB0080,REQ00055,13.029523,80.17374,29.7,135.0,EN_ROUTE_TO_PATIENT
2026-08-19 02:16:43,AMB0080,REQ00055,13.025968,80.186678,40.9,135.0,EN_ROUTE_TO_PATIENT
2026-08-19 02:16:51,AMB0080,REQ00055,13.021157,80.20088,31.0,135.0,EN_ROUTE_TO_PATIENT
2026-08-19 02:16:56,AMB0080,REQ00055,13.01656,80.213755,31.6,135.0,EN_ROUTE_TO_PATIENT
2026-08-19 02:17:02,AMB0080,REQ00055,13.012721,80.227147,40.0,135.0,EN_ROUTE_TO_PATIENT
2026-08-19 02:17:10,AMB0080,REQ00055,13.008847,80.241477,43.9,135.0,EN_ROUTE_TO_PATIENT
2026-08-19 02:17:14,AMB0080,REQ00055,13.003648,80.25501,35.2,135.0,EN_ROUTE_TO_PATIENT
2026-08-19 02:17:20,AMB0080,REQ00055,12.999558,80.268046,27.8,135.0,EN_ROUTE_TO_PATIENT
2026-08-19 02:18:55,AMB0080,REQ00055,13.00026,80.268812,46.7,135.0,EN_ROUTE_TO_HOSPITAL
2026-08-19 02:19:03,AMB0080,REQ00055,13.0072,80.263382,44.9,135.0,EN_ROUTE_TO_HOSPITAL
2026-08-19 02:19:08,AMB0080,REQ00055,13.014693,80.259374,24.7,135.0,EN_ROUTE_TO_HOSPITAL
2026-08-19 02:19:15,AMB0080,REQ00055,13.021217,80.254829,42.8,135.0,EN_ROUTE_TO_HOSPITAL
2026-08-19 02:19:21,AMB0080,REQ00055,13.029259,80.250236,22.8,135.0,EN_ROUTE_TO_HOSPITAL
2026-08-19 02:19:25,AMB0080,REQ00055,13.035432,80.245109,40.0,135.0,EN_ROUTE_TO_HOSPITAL
2026-08-19 02:19:29,AMB0080,REQ00055,13.042749,80.241002,22.3,135.0,EN_ROUTE_TO_HOSPITAL
2026-08-19 02:19:33,AMB0080,REQ00055,13.049757,80.236236,37.4,135.0,EN_ROUTE_TO_HOSPITAL
2026-08-19 02:19:39,AMB0080,REQ00055,13.057442,80.230843,46.4,135.0,EN_ROUTE_TO_HOSPITAL
2026-08-19 02:19:46,AMB0080,REQ00055,13.065038,80.22662,28.7,135.0,EN_ROUTE_TO_HOSPITAL
2026-08-19 02:19:50,AMB0080,REQ00055,13.071578,80.221317,24.3,135.0,EN_ROUTE_TO_HOSPITAL
2026-09-07 00:28:33,AMB0115,REQ02986,12.921533,80.192181,40.1,135.0,EN_ROUTE_TO_PATIENT
2026-09-07 00:28:40,AMB0115,REQ02986,12.924136,80.194896,32.9,135.0,EN_ROUTE_TO_PATIENT
2026-09-07 00:28:47,AMB0115,REQ02986,12.927827,80.197932,46.6,135.0,EN_ROUTE_TO_PATIENT
2026-09-07 00:28:51,AMB0115,REQ02986,12.92989,80.200192,54.4,135.0,EN_ROUTE_TO_PATIENT
2026-09-07 00:28:58,AMB0115,REQ02986,12.933024,80.203155,49.0,135.0,EN_ROUTE_TO_PATIENT
2026-09-07 00:29:06,AMB0115,REQ02986,12.935932,80.205435,54.8,135.0,EN_ROUTE_TO_PATIENT
2026-09-07 00:29:10,AMB0115,REQ02986,12.939168,80.207227,54.5,135.0,EN_ROUTE_TO_PATIENT
2026-09-07 00:29:17,AMB0115,REQ02986,12.942051,80.210757,23.2,135.0,EN_ROUTE_TO_PATIENT
2026-09-07 00:29:24,AMB0115,REQ02986,12.94528,80.212323,40.5,135.0,EN_ROUTE_TO_PATIENT
2026-09-07 00:29:28,AMB0115,REQ02986,12.948002,80.215256,27.4,135.0,EN_ROUTE_TO_PATIENT
2026-09-07 00:29:34,AMB0115,REQ02986,12.950434,80.218325,48.6,135.0,EN_ROUTE_TO_PATIENT
2026-09-07 00:29:39,AMB0115,REQ02986,12.952955,80.221058,48.6,135.0,EN_ROUTE_TO_PATIENT
2026-09-07 00:29:45,AMB0115,REQ02986,12.956756,80.222966,47.6,135.0,EN_ROUTE_TO_PATIENT
2026-09-07 00:29:53,AMB0115,REQ02986,12.959308,80.225311,27.2,135.0,EN_ROUTE_TO_PATIENT
2026-09-07 00:30:01,AMB0115,REQ02986,12.961305,80.228041,31.0,135.0,EN_ROUTE_TO_PATIENT
2026-09-07 00:31:14,AMB0115,REQ02986,12.962096,80.228767,49.0,135.0,EN_ROUTE_TO_HOSPITAL
2026-09-07 00:31:22,AMB0115,REQ02986,12.967788,80.231548,53.9,135.0,EN_ROUTE_TO_HOSPITAL
2026-09-07 00:31:29,AMB0115,REQ02986,12.972563,80.234063,36.2,135.0,EN_ROUTE_TO_HOSPITAL
2026-09-07 00:31:33,AMB0115,REQ02986,12.979005,80.23651,44.3,135.0,EN_ROUTE_TO_HOSPITAL
2026-09-07 00:31:41,AMB0115,REQ02986,12.984077,80.23994,41.7,135.0,EN_ROUTE_TO_HOSPITAL
2026-09-07 00:31:46,AMB0115,REQ02986,12.989576,80.241964,51.0,135.0,EN_ROUTE_TO_HOSPITAL
2026-09-07 00:31:53,AMB0115,REQ02986,12.994841,80.245418,41.0,135.0,EN_ROUTE_TO_HOSPITAL
2026-09-07 00:31:57,AMB0115,REQ02986,13.000346,80.247787,48.7,135.0,EN_ROUTE_TO_HOSPITAL
2026-09-07 00:32:04,AMB0115,REQ02986,13.006564,80.250927,39.7,135.0,EN_ROUTE_TO_HOSPITAL
2026-08-04 13:37:02,AMB0099,REQ02433,12.979173,80.219858,29.3,135.0,EN_ROUTE_TO_PATIENT
2026-08-04 13:37:07,AMB0099,REQ02433,12.982172,80.217638,29.6,135.0,EN_ROUTE_TO_PATIENT
2026-08-04 13:37:14,AMB0099,REQ02433,12.984945,80.215039,20.4,135.0,EN_ROUTE_TO_PATIENT
2026-08-04 13:37:21,AMB0099,REQ02433,12.987532,80.212878,50.7,135.0,EN_ROUTE_TO_PATIENT
2026-08-04 13:37:25,AMB0099,REQ02433,12.991198,80.210989,25.1,135.0,EN_ROUTE_TO_PATIENT
2026-08-04 13:37:33,AMB0099,REQ02433,12.993145,80.208539,37.0,135.0,EN_ROUTE_TO_PATIENT
2026-08-04 13:37:41,AMB0099,REQ02433,12.997047,80.205821,34.6,135.0,EN_ROUTE_TO_PATIENT
2026-08-04 13:37:46,AMB0099,REQ02433,12.999601,80.203907,46.1,135.0,EN_ROUTE_TO_PATIENT
2026-08-04 13:37:53,AMB0099,REQ02433,13.00249,80.200966,46.6,135.0,EN_ROUTE_TO_PATIENT
2026-08-04 13:39:12,AMB0099,REQ02433,13.002037,80.200878,21.4,135.0,EN_ROUTE_TO_HOSPITAL
2026-08-04 13:39:20,AMB0099,REQ02433,13.000604,80.202101,45.4,135.0,EN_ROUTE_TO_HOSPITAL
2026-08-04 13:39:25,AMB0099,REQ02433,12.999207,80.203931,43.6,135.0,EN_ROUTE_TO_HOSPITAL
2026-08-04 13:39:30,AMB0099,REQ02433,12.9978,80.204717,26.0,135.0,EN_ROUTE_TO_HOSPITAL
2026-08-04 13:39:34,AMB0099,REQ02433,12.996223,80.206814,49.1,135.0,EN_ROUTE_TO_HOSPITAL
2026-08-04 13:39:39,AMB0099,REQ02433,12.995127,80.207399,26.3,135.0,EN_ROUTE_TO_HOSPITAL
2026-08-04 13:39:43,AMB0099,REQ02433,12.993625,80.20867,30.7,135.0,EN_ROUTE_TO_HOSPITAL
2026-08-04 13:39:51,AMB0099,REQ02433,12.991943,80.21025,30.3,135.0,EN_ROUTE_TO_HOSPITAL
2026-08-04 13:39:56,AMB0099,REQ02433,12.990643,80.211581,50.2,135.0,EN_ROUTE_TO_HOSPITAL
2026-08-04 13:40:00,AMB0099,REQ02433,12.988299,80.212959,41.1,135.0,EN_ROUTE_TO_HOSPITAL
2026-08-04 13:40:08,AMB0099,REQ02433,12.986903,80.214528,47.2,135.0,EN_ROUTE_TO_HOSPITAL
2026-08-04 13:40:16,AMB0099,REQ02433,12.986124,80.215737,23.4,135.0,EN_ROUTE_TO_HOSPITAL
2026-08-04 13:40:22,AMB0099,REQ02433,12.983903,80.217058,40.5,135.0,EN_ROUTE_TO_HOSPITAL
2026-08-04 13:40:29,AMB0099,REQ02433,12.982579,80.218063,23.9,135.0,EN_ROUTE_TO_HOSPITAL
2026-08-04 13:40:33,AMB0099,REQ02433,12.98119,80.2196,48.0,135.0,EN_ROUTE_TO_HOSPITAL
2026-08-04 13:40:38,AMB0099,REQ02433,12.979492,80.220342,43.4,135.0,EN_ROUTE_TO_HOSPITAL
2026-08-30 23:33:00,AMB0048,REQ02454,13.068026,80.191607,50.0,135.0,EN_ROUTE_TO_PATIENT
2026-08-30 23:33:08,AMB0048,REQ02454,13.081382,80.2055,53.5,135.0,EN_ROUTE_TO_PATIENT
2026-08-30 23:33:15,AMB0048,REQ02454,13.093436,80.219434,41.6,135.0,EN_ROUTE_TO_PATIENT
2026-08-30 23:33:23,AMB0048,REQ02454,13.105971,80.233374,32.9,135.0,EN_ROUTE_TO_PATIENT
2026-08-30 23:33:29,AMB0048,REQ02454,13.118619,80.2485,34.1,135.0,EN_ROUTE_TO_PATIENT
2026-08-30 23:33:33,AMB0048,REQ02454,13.131869,80.262892,23.2,135.0,EN_ROUTE_TO_PATIENT
2026-08-30 23:33:40,AMB0048,REQ02454,13.143968,80.276726,20.3,135.0,EN_ROUTE_TO_PATIENT
2026-08-30 23:33:44,AMB0048,REQ02454,13.15643,80.290785,34.6,135.0,EN_ROUTE_TO_PATIENT
2026-08-30 23:33:48,AMB0048,REQ02454,13.169742,80.304661,38.0,135.0,EN_ROUTE_TO_PATIENT
2026-08-30 23:35:14,AMB0048,REQ02454,13.1692,80.305477,24.6,135.0,EN_ROUTE_TO_HOSPITAL
2026-08-30 23:35:18,AMB0048,REQ02454,13.145298,80.29428,36.0,135.0,EN_ROUTE_TO_HOSPITAL
2026-08-30 23:35:25,AMB0048,REQ02454,13.122324,80.284021,35.1,135.0,EN_ROUTE_TO_HOSPITAL
2026-08-30 23:35:31,AMB0048,REQ02454,13.098218,80.273761,43.4,135.0,EN_ROUTE_TO_HOSPITAL
2026-08-30 23:35:36,AMB0048,REQ02454,13.074225,80.262522,33.6,135.0,EN_ROUTE_TO_HOSPITAL
2026-08-30 23:35:44,AMB0048,REQ02454,13.050707,80.252133,24.5,135.0,EN_ROUTE_TO_HOSPITAL
2026-08-30 23:35:49,AMB0048,REQ02454,13.026846,80.241667,51.1,135.0,EN_ROUTE_TO_HOSPITAL
2026-08-30 23:35:55,AMB0048,REQ02454,13.0032,80.230833,21.5,135.0,EN_ROUTE_TO_HOSPITAL
2026-08-30 23:35:59,AMB0048,REQ02454,12.979398,80.221154,23.7,135.0,EN_ROUTE_TO_HOSPITAL
2026-08-10 22:38:10,AMB0073,REQ01633,13.044923,80.233577,36.6,135.0,EN_ROUTE_TO_PATIENT
2026-08-10 22:38:18,AMB0073,REQ01633,13.046208,80.22849,30.3,135.0,EN_ROUTE_TO_PATIENT
2026-08-10 22:38:22,AMB0073,REQ01633,13.046172,80.222967,28.3,135.0,EN_ROUTE_TO_PATIENT
2026-08-10 22:38:30,AMB0073,REQ01633,13.047518,80.217112,23.4,135.0,EN_ROUTE_TO_PATIENT
2026-08-10 22:38:37,AMB0073,REQ01633,13.048279,80.21211,44.6,135.0,EN_ROUTE_TO_PATIENT
2026-08-10 22:38:45,AMB0073,REQ01633,13.049171,80.207638,53.2,135.0,EN_ROUTE_TO_PATIENT
2026-08-10 22:38:51,AMB0073,REQ01633,13.049104,80.201601,29.1,135.0,EN_ROUTE_TO_PATIENT
2026-08-10 22:38:56,AMB0073,REQ01633,13.050644,80.19673,41.5,135.0,EN_ROUTE_TO_PATIENT
2026-08-10 22:39:03,AMB0073,REQ01633,13.051186,80.191311,37.0,135.0,EN_ROUTE_TO_PATIENT
2026-08-10 22:39:08,AMB0073,REQ01633,13.05148,80.186097,46.2,135.0,EN_ROUTE_TO_PATIENT
2026-08-10 22:39:15,AMB0073,REQ01633,13.051988,80.181371,45.8,135.0,EN_ROUTE_TO_PATIENT
2026-08-10 22:39:21,AMB0073,REQ01633,13.052632,80.175633,28.8,135.0,EN_ROUTE_TO_PATIENT
2026-08-10 22:39:26,AMB0073,REQ01633,13.054264,80.170168,25.7,135.0,EN_ROUTE_TO_PATIENT
2026-08-10 22:39:30,AMB0073,REQ01633,13.054224,80.164683,25.7,135.0,EN_ROUTE_TO_PATIENT
2026-08-10 22:39:36,AMB0073,REQ01633,13.055831,80.159802,54.0,135.0,EN_ROUTE_TO_PATIENT
2026-08-10 22:40:55,AMB0073,REQ01633,13.055531,80.160438,27.1,135.0,EN_ROUTE_TO_HOSPITAL
2026-08-10 22:41:03,AMB0073,REQ01633,13.052976,80.161281,43.7,135.0,EN_ROUTE_TO_HOSPITAL
2026-08-10 22:41:09,AMB0073,REQ01633,13.05022,80.162835,46.5,135.0,EN_ROUTE_TO_HOSPITAL
2026-08-10 22:41:14,AMB0073,REQ01633,13.046711,80.164889,30.1,135.0,EN_ROUTE_TO_HOSPITAL
2026-08-10 22:41:19,AMB0073,REQ01633,13.043954,80.16601,26.3,135.0,EN_ROUTE_TO_HOSPITAL
2026-08-10 22:41:26,AMB0073,REQ01633,13.040773,80.167572,52.0,135.0,EN_ROUTE_TO_HOSPITAL
2026-08-10 22:41:30,AMB0073,REQ01633,13.038245,80.169184,35.6,135.0,EN_ROUTE_TO_HOSPITAL
2026-08-10 22:41:34,AMB0073,REQ01633,13.03588,80.171001,41.0,135.0,EN_ROUTE_TO_HOSPITAL
2026-08-10 22:41:40,AMB0073,REQ01633,13.032822,80.172769,27.6,135.0,EN_ROUTE_TO_HOSPITAL
2026-08-10 22:41:47,AMB0073,REQ01633,13.029854,80.174007,21.7,135.0,EN_ROUTE_TO_HOSPITAL
2026-08-10 22:41:51,AMB0073,REQ01633,13.027592,80.176196,50.0,135.0,EN_ROUTE_TO_HOSPITAL
2026-08-10 22:41:56,AMB0073,REQ01633,13.02446,80.177791,25.6,135.0,EN_ROUTE_TO_HOSPITAL
2026-08-10 22:42:04,AMB0073,REQ01633,13.0212,80.179477,52.1,135.0,EN_ROUTE_TO_HOSPITAL
2026-08-16 17:37:25,AMB0022,REQ02453,13.115706,80.231506,27.5,135.0,EN_ROUTE_TO_PATIENT
2026-08-16 17:37:31,AMB0022,REQ02453,13.109591,80.232575,25.2,135.0,EN_ROUTE_TO_PATIENT
2026-08-16 17:37:36,AMB0022,REQ02453,13.104248,80.233666,49.0,135.0,EN_ROUTE_TO_PATIENT
2026-08-16 17:37:40,AMB0022,REQ02453,13.09941,80.234623,50.3,135.0,EN_ROUTE_TO_PATIENT
2026-08-16 17:37:48,AMB0022,REQ02453,13.093717,80.235339,42.6,135.0,EN_ROUTE_TO_PATIENT
2026-08-16 17:37:55,AMB0022,REQ02453,13.088646,80.236438,27.9,135.0,EN_ROUTE_TO_PATIENT
2026-08-16 17:38:02,AMB0022,REQ02453,13.083579,80.237609,26.7,135.0,EN_ROUTE_TO_PATIENT
2026-08-16 17:38:07,AMB0022,REQ02453,13.077855,80.238212,30.3,135.0,EN_ROUTE_TO_PATIENT
2026-08-16 17:38:12,AMB0022,REQ02453,13.072629,80.239899,20.1,135.0,EN_ROUTE_TO_PATIENT
2026-08-16 17:38:20,AMB0022,REQ02453,13.067707,80.240147,42.9,135.0,EN_ROUTE_TO_PATIENT
2026-08-16 17:38:27,AMB0022,REQ02453,13.062976,80.241777,46.8,135.0,EN_ROUTE_TO_PATIENT
2026-08-16 17:38:32,AMB0022,REQ02453,13.057562,80.242778,30.7,135.0,EN_ROUTE_TO_PATIENT
2026-08-16 17:38:39,AMB0022,REQ02453,13.051892,80.243369,37.6,135.0,EN_ROUTE_TO_PATIENT
2026-08-16 17:38:47,AMB0022,REQ02453,13.04655,80.244848,45.8,135.0,EN_ROUTE_TO_PATIENT
2026-08-16 17:38:54,AMB0022,REQ02453,13.041352,80.246216,24.2,135.0,EN_ROUTE_TO_PATIENT
2026-08-16 17:38:59,AMB0022,REQ02453,13.036176,80.24673,22.9,135.0,EN_ROUTE_TO_PATIENT
2026-08-16 17:39:04,AMB0022,REQ02453,13.031185,80.248103,32.8,135.0,EN_ROUTE_TO_PATIENT
2026-08-16 17:40:33,AMB0022,REQ02453,13.030309,80.247288,38.9,135.0,EN_ROUTE_TO_HOSPITAL
2026-08-16 17:40:41,AMB0022,REQ02453,13.011598,80.245727,35.1,135.0,EN_ROUTE_TO_HOSPITAL
2026-08-16 17:40:49,AMB0022,REQ02453,12.991425,80.242765,54.5,135.0,EN_ROUTE_TO_HOSPITAL
2026-08-16 17:40:53,AMB0022,REQ02453,12.972439,80.240827,25.1,135.0,EN_ROUTE_TO_HOSPITAL
2026-08-16 17:40:57,AMB0022,REQ02453,12.952422,80.238852,39.9,135.0,EN_ROUTE_TO_HOSPITAL
2026-08-16 17:41:05,AMB0022,REQ02453,12.933426,80.236579,49.3,135.0,EN_ROUTE_TO_HOSPITAL
2026-08-16 17:41:10,AMB0022,REQ02453,12.914424,80.233929,36.5,135.0,EN_ROUTE_TO_HOSPITAL
2026-08-16 17:41:15,AMB0022,REQ02453,12.894744,80.231486,54.9,135.0,EN_ROUTE_TO_HOSPITAL
2026-08-16 17:41:21,AMB0022,REQ02453,12.874638,80.229794,42.8,135.0,EN_ROUTE_TO_HOSPITAL
2026-08-16 17:41:27,AMB0022,REQ02453,12.855677,80.227633,26.2,135.0,EN_ROUTE_TO_HOSPITAL
2026-08-16 17:41:31,AMB0022,REQ02453,12.835882,80.225191,35.4,135.0,EN_ROUTE_TO_HOSPITAL
2026-08-16 17:41:39,AMB0022,REQ02453,12.816199,80.223165,40.4,135.0,EN_ROUTE_TO_HOSPITAL
2026-08-16 17:41:43,AMB0022,REQ02453,12.797446,80.22071,32.4,135.0,EN_ROUTE_TO_HOSPITAL
2026-08-31 23:20:11,AMB0055,REQ00901,13.055441,80.212886,32.8,135.0,EN_ROUTE_TO_PATIENT
2026-08-31 23:20:15,AMB0055,REQ00901,13.056871,80.219784,50.3,135.0,EN_ROUTE_TO_PATIENT
2026-08-31 23:20:20,AMB0055,REQ00901,13.057725,80.226907,50.1,135.0,EN_ROUTE_TO_PATIENT
2026-08-31 23:20:25,AMB0055,REQ00901,13.058709,80.234712,23.8,135.0,EN_ROUTE_TO_PATIENT
2026-08-31 23:20:33,AMB0055,REQ00901,13.060378,80.241889,48.2,135.0,EN_ROUTE_TO_PATIENT
2026-08-31 23:20:41,AMB0055,REQ00901,13.0603,80.2485,25.6,135.0,EN_ROUTE_TO_PATIENT
2026-08-31 23:20:48,AMB0055,REQ00901,13.06158,80.255297,26.8,135.0,EN_ROUTE_TO_PATIENT
2026-08-31 23:20:55,AMB0055,REQ00901,13.062379,80.263017,54.0,135.0,EN_ROUTE_TO_PATIENT
2026-08-31 23:21:01,AMB0055,REQ00901,13.063259,80.270509,48.9,135.0,EN_ROUTE_TO_PATIENT
2026-08-31 23:21:05,AMB0055,REQ00901,13.064322,80.277047,24.9,135.0,EN_ROUTE_TO_PATIENT
2026-08-31 23:22:42,AMB0055,REQ00901,13.064577,80.277496,21.1,135.0,EN_ROUTE_TO_HOSPITAL
2026-08-31 23:22:47,AMB0055,REQ00901,13.062244,80.275316,53.4,135.0,EN_ROUTE_TO_HOSPITAL
2026-08-31 23:22:51,AMB0055,REQ00901,13.060119,80.271807,21.8,135.0,EN_ROUTE_TO_HOSPITAL
2026-08-31 23:22:58,AMB0055,REQ00901,13.058552,80.269196,25.4,135.0,EN_ROUTE_TO_HOSPITAL
2026-08-31 23:23:05,AMB0055,REQ00901,13.056588,80.266133,20.9,135.0,EN_ROUTE_TO_HOSPITAL
2026-08-31 23:23:09,AMB0055,REQ00901,13.054688,80.264083,33.4,135.0,EN_ROUTE_TO_HOSPITAL
2026-08-31 23:23:16,AMB0055,REQ00901,13.052518,80.260943,43.6,135.0,EN_ROUTE_TO_HOSPITAL
2026-08-31 23:23:24,AMB0055,REQ00901,13.050569,80.258408,45.3,135.0,EN_ROUTE_TO_HOSPITAL
2026-08-31 23:23:29,AMB0055,REQ00901,13.048415,80.255353,43.7,135.0,EN_ROUTE_TO_HOSPITAL
2026-08-31 23:23:34,AMB0055,REQ00901,13.04679,80.252687,50.2,135.0,EN_ROUTE_TO_HOSPITAL
2026-08-31 23:23:39,AMB0055,REQ00901,13.044456,80.249962,40.2,135.0,EN_ROUTE_TO_HOSPITAL
2026-08-19 01:11:37,AMB0015,REQ01442,13.130207,80.291385,33.3,135.0,EN_ROUTE_TO_PATIENT
2026-08-19 01:11:43,AMB0015,REQ01442,13.130229,80.276521,28.2,135.0,EN_ROUTE_TO_PATIENT
2026-08-19 01:11:51,AMB0015,REQ01442,13.129418,80.262942,41.1,135.0,EN_ROUTE_TO_PATIENT
2026-08-19 01:11:56,AMB0015,REQ01442,13.129067,80.24786,52.4,135.0,EN_ROUTE_TO_PATIENT
2026-08-19 01:12:00,AMB0015,REQ01442,13.128574,80.234611,47.0,135.0,EN_ROUTE_TO_PATIENT
2026-08-19 01:12:06,AMB0015,REQ01442,13.128854,80.219377,29.8,135.0,EN_ROUTE_TO_PATIENT
2026-08-19 01:12:11,AMB0015,REQ01442,13.127755,80.205365,28.9,135.0,EN_ROUTE_TO_PATIENT
2026-08-19 01:12:15,AMB0015,REQ01442,13.128073,80.191987,32.2,135.0,EN_ROUTE_TO_PATIENT
2026-08-19 01:12:21,AMB0015,REQ01442,13.127523,80.176848,27.5,135.0,EN_ROUTE_TO_PATIENT
2026-08-19 01:12:28,AMB0015,REQ01442,13.127155,80.162968,41.4,135.0,EN_ROUTE_TO_PATIENT
2026-08-19 01:12:32,AMB0015,REQ01442,13.126805,80.148527,44.6,135.0,EN_ROUTE_TO_PATIENT
2026-08-19 01:12:39,AMB0015,REQ01442,13.12571,80.135043,49.3,135.0,EN_ROUTE_TO_PATIENT
2026-08-19 01:12:43,AMB0015,REQ01442,13.125677,80.119935,38.6,135.0,EN_ROUTE_TO_PATIENT
2026-08-19 01:12:51,AMB0015,REQ01442,13.124856,80.106403,28.4,135.0,EN_ROUTE_TO_PATIENT
2026-08-19 01:12:59,AMB0015,REQ01442,13.124414,80.091939,45.1,135.0,EN_ROUTE_TO_PATIENT
2026-08-19 01:14:32,AMB0015,REQ01442,13.124652,80.09168,32.3,135.0,EN_ROUTE_TO_HOSPITAL
2026-08-19 01:14:40,AMB0015,REQ01442,13.11865,80.095499,42.6,135.0,EN_ROUTE_TO_HOSPITAL
2026-08-19 01:14:45,AMB0015,REQ01442,13.113627,80.098755,35.0,135.0,EN_ROUTE_TO_HOSPITAL
2026-08-19 01:14:51,AMB0015,REQ01442,13.10713,80.102006,29.2,135.0,EN_ROUTE_TO_HOSPITAL
2026-08-19 01:14:59,AMB0015,REQ01442,13.101884,80.10478,35.7,135.0,EN_ROUTE_TO_HOSPITAL
2026-08-19 01:15:07,AMB0015,REQ01442,13.096269,80.107911,35.7,135.0,EN_ROUTE_TO_HOSPITAL
2026-08-19 01:15:15,AMB0015,REQ01442,13.090793,80.111288,47.0,135.0,EN_ROUTE_TO_HOSPITAL
2026-08-19 01:15:22,AMB0015,REQ01442,13.08461,80.114737,29.1,135.0,EN_ROUTE_TO_HOSPITAL
2026-08-19 01:15:28,AMB0015,REQ01442,13.078612,80.117624,45.7,135.0,EN_ROUTE_TO_HOSPITAL
2026-08-19 01:15:33,AMB0015,REQ01442,13.072538,80.121609,42.1,135.0,EN_ROUTE_TO_HOSPITAL
2026-08-19 01:15:37,AMB0015,REQ01442,13.067867,80.124961,45.6,135.0,EN_ROUTE_TO_HOSPITAL
2026-08-19 01:15:43,AMB0015,REQ01442,13.06104,80.127875,27.5,135.0,EN_ROUTE_TO_HOSPITAL
2026-08-19 01:15:51,AMB0015,REQ01442,13.055617,80.13125,25.9,135.0,EN_ROUTE_TO_HOSPITAL
2026-08-19 01:15:58,AMB0015,REQ01442,13.05016,80.134183,31.4,135.0,EN_ROUTE_TO_HOSPITAL
2026-08-19 01:16:06,AMB0015,REQ01442,13.044958,80.136933,29.0,135.0,EN_ROUTE_TO_HOSPITAL
2026-08-19 01:16:13,AMB0015,REQ01442,13.038614,80.140247,51.0,135.0,EN_ROUTE_TO_HOSPITAL
2026-08-18 14:57:55,AMB0055,REQ00031,13.056301,80.213025,39.6,135.0,EN_ROUTE_TO_PATIENT
2026-08-18 14:58:02,AMB0055,REQ00031,13.042773,80.2185,32.3,135.0,EN_ROUTE_TO_PATIENT
2026-08-18 14:58:06,AMB0055,REQ00031,13.030174,80.224063,32.8,135.0,EN_ROUTE_TO_PATIENT
2026-08-18 14:58:11,AMB0055,REQ00031,13.016599,80.2287,21.5,135.0,EN_ROUTE_TO_PATIENT
2026-08-18 14:58:16,AMB0055,REQ00031,13.003299,80.234059,33.2,135.0,EN_ROUTE_TO_PATIENT
2026-08-18 14:58:21,AMB0055,REQ00031,12.990428,80.2399,43.9,135.0,EN_ROUTE_TO_PATIENT
2026-08-18 14:58:25,AMB0055,REQ00031,12.976717,80.246038,22.3,135.0,EN_ROUTE_TO_PATIENT
2026-08-18 14:58:31,AMB0055,REQ00031,12.964763,80.251143,48.2,135.0,EN_ROUTE_TO_PATIENT
2026-08-18 14:58:37,AMB0055,REQ00031,12.951436,80.257088,47.7,135.0,EN_ROUTE_TO_PATIENT
2026-08-18 14:59:50,AMB0055,REQ00031,12.950951,80.256154,53.5,135.0,EN_ROUTE_TO_HOSPITAL
2026-08-18 14:59:55,AMB0055,REQ00031,12.962864,80.250921,44.9,135.0,EN_ROUTE_TO_HOSPITAL
2026-08-18 15:00:01,AMB0055,REQ00031,12.973203,80.245458,22.5,135.0,EN_ROUTE_TO_HOSPITAL
2026-08-18 15:00:05,AMB0055,REQ00031,12.984343,80.238884,27.4,135.0,EN_ROUTE_TO_HOSPITAL
2026-08-18 15:00:12,AMB0055,REQ00031,12.995947,80.233492,31.5,135.0,EN_ROUTE_TO_HOSPITAL
2026-08-18 15:00:16,AMB0055,REQ00031,13.007356,80.22763,33.6,135.0,EN_ROUTE_TO_HOSPITAL
2026-08-18 15:00:21,AMB0055,REQ00031,13.017987,80.221466,25.4,135.0,EN_ROUTE_TO_HOSPITAL
2026-08-18 15:00:29,AMB0055,REQ00031,13.029278,80.216315,51.2,135.0,EN_ROUTE_TO_HOSPITAL
2026-08-18 15:00:35,AMB0055,REQ00031,13.040259,80.209418,21.4,135.0,EN_ROUTE_TO_HOSPITAL
2026-08-18 15:00:39,AMB0055,REQ00031,13.051627,80.204537,36.0,135.0,EN_ROUTE_TO_HOSPITAL
2026-08-18 15:00:44,AMB0055,REQ00031,13.063821,80.198196,51.0,135.0,EN_ROUTE_TO_HOSPITAL
2026-08-18 15:00:49,AMB0055,REQ00031,13.074619,80.19239,53.2,135.0,EN_ROUTE_TO_HOSPITAL
2026-08-18 15:00:56,AMB0055,REQ00031,13.085482,80.187062,21.0,135.0,EN_ROUTE_TO_HOSPITAL
2026-08-15 13:41:28,AMB0066,REQ00158,13.05684,80.264443,52.3,135.0,EN_ROUTE_TO_PATIENT
2026-08-15 13:41:32,AMB0066,REQ00158,13.05737,80.264668,46.6,135.0,EN_ROUTE_TO_PATIENT
2026-08-15 13:41:40,AMB0066,REQ00158,13.057369,80.265405,51.8,135.0,EN_ROUTE_TO_PATIENT
2026-08-15 13:41:47,AMB0066,REQ00158,13.057507,80.266295,39.8,135.0,EN_ROUTE_TO_PATIENT
2026-08-15 13:41:53,AMB0066,REQ00158,13.0572,80.266192,45.4,135.0,EN_ROUTE_TO_PATIENT
2026-08-15 13:41:57,AMB0066,REQ00158,13.057896,80.266426,20.2,135.0,EN_ROUTE_TO_PATIENT
2026-08-15 13:42:04,AMB0066,REQ00158,13.057762,80.26702,52.1,135.0,EN_ROUTE_TO_PATIENT
2026-08-15 13:42:11,AMB0066,REQ00158,13.057857,80.268491,41.6,135.0,EN_ROUTE_TO_PATIENT
2026-08-15 13:42:18,AMB0066,REQ00158,13.057725,80.267961,49.5,135.0,EN_ROUTE_TO_PATIENT
2026-08-15 13:42:22,AMB0066,REQ00158,13.058241,80.269235,49.4,135.0,EN_ROUTE_TO_PATIENT
2026-08-15 13:42:26,AMB0066,REQ00158,13.058681,80.269597,29.9,135.0,EN_ROUTE_TO_PATIENT
2026-08-15 13:42:32,AMB0066,REQ00158,13.058387,80.26963,22.8,135.0,EN_ROUTE_TO_PATIENT
2026-08-15 13:42:39,AMB0066,REQ00158,13.059001,80.270257,28.0,135.0,EN_ROUTE_TO_PATIENT
2026-08-15 13:42:44,AMB0066,REQ00158,13.058928,80.270912,39.6,135.0,EN_ROUTE_TO_PATIENT
2026-08-15 13:42:49,AMB0066,REQ00158,13.059205,80.272142,32.7,135.0,EN_ROUTE_TO_PATIENT
2026-08-15 13:42:57,AMB0066,REQ00158,13.059064,80.27277,33.3,135.0,EN_ROUTE_TO_PATIENT
2026-08-15 13:43:02,AMB0066,REQ00158,13.05881,80.27245,51.9,135.0,EN_ROUTE_TO_PATIENT
2026-08-15 13:44:39,AMB0066,REQ00158,13.058728,80.273532,31.5,135.0,EN_ROUTE_TO_HOSPITAL
2026-08-15 13:44:46,AMB0066,REQ00158,13.059132,80.272353,24.3,135.0,EN_ROUTE_TO_HOSPITAL
2026-08-15 13:44:53,AMB0066,REQ00158,13.057701,80.27092,25.1,135.0,EN_ROUTE_TO_HOSPITAL
2026-08-15 13:44:57,AMB0066,REQ00158,13.058111,80.26938,51.4,135.0,EN_ROUTE_TO_HOSPITAL
2026-08-15 13:45:04,AMB0066,REQ00158,13.057683,80.2691,20.7,135.0,EN_ROUTE_TO_HOSPITAL
2026-08-15 13:45:09,AMB0066,REQ00158,13.056203,80.26728,48.4,135.0,EN_ROUTE_TO_HOSPITAL
2026-08-15 13:45:15,AMB0066,REQ00158,13.056351,80.266752,49.9,135.0,EN_ROUTE_TO_HOSPITAL
2026-08-15 13:45:23,AMB0066,REQ00158,13.055234,80.266195,33.7,135.0,EN_ROUTE_TO_HOSPITAL
2026-08-15 13:45:29,AMB0066,REQ00158,13.055173,80.264342,21.3,135.0,EN_ROUTE_TO_HOSPITAL
2026-08-15 13:45:34,AMB0066,REQ00158,13.054914,80.262943,44.7,135.0,EN_ROUTE_TO_HOSPITAL
2026-09-08 11:36:43,AMB0020,REQ01181,13.11784,80.234564,37.1,135.0,EN_ROUTE_TO_PATIENT
2026-09-08 11:36:47,AMB0020,REQ01181,13.112185,80.234105,37.5,135.0,EN_ROUTE_TO_PATIENT
2026-09-08 11:36:52,AMB0020,REQ01181,13.10664,80.232559,41.5,135.0,EN_ROUTE_TO_PATIENT
2026-09-08 11:36:56,AMB0020,REQ01181,13.100676,80.231878,52.2,135.0,EN_ROUTE_TO_PATIENT
2026-09-08 11:37:02,AMB0020,REQ01181,13.095012,80.231132,41.4,135.0,EN_ROUTE_TO_PATIENT
2026-09-08 11:37:07,AMB0020,REQ01181,13.089863,80.23035,21.1,135.0,EN_ROUTE_TO_PATIENT
2026-09-08 11:37:15,AMB0020,REQ01181,13.084444,80.229397,52.0,135.0,EN_ROUTE_TO_PATIENT
2026-09-08 11:37:22,AMB0020,REQ01181,13.077841,80.228732,33.7,135.0,EN_ROUTE_TO_PATIENT
2026-09-08 11:37:29,AMB0020,REQ01181,13.072998,80.22817,46.5,135.0,EN_ROUTE_TO_PATIENT
2026-09-08 11:37:36,AMB0020,REQ01181,13.066778,80.227355,26.1,135.0,EN_ROUTE_TO_PATIENT
2026-09-08 11:38:15,AMB0020,REQ01181,13.066622,80.227461,42.1,135.0,EN_ROUTE_TO_HOSPITAL
2026-09-08 11:38:23,AMB0020,REQ01181,13.061324,80.229627,49.7,135.0,EN_ROUTE_TO_HOSPITAL
2026-09-08 11:38:29,AMB0020,REQ01181,13.055993,80.23129,49.6,135.0,EN_ROUTE_TO_HOSPITAL
2026-09-08 11:38:37,AMB0020,REQ01181,13.050676,80.233491,22.5,135.0,EN_ROUTE_TO_HOSPITAL
2026-09-08 11:38:41,AMB0020,REQ01181,13.044311,80.235396,29.0,135.0,EN_ROUTE_TO_HOSPITAL
2026-09-08 11:38:48,AMB0020,REQ01181,13.038872,80.237741,24.3,135.0,EN_ROUTE_TO_HOSPITAL
2026-09-08 11:38:55,AMB0020,REQ01181,13.034182,80.239768,30.4,135.0,EN_ROUTE_TO_HOSPITAL
2026-09-08 11:39:03,AMB0020,REQ01181,13.027958,80.242663,31.5,135.0,EN_ROUTE_TO_HOSPITAL
2026-09-08 11:39:09,AMB0020,REQ01181,13.02263,80.244357,54.6,135.0,EN_ROUTE_TO_HOSPITAL
2026-09-08 11:39:15,AMB0020,REQ01181,13.017466,80.246945,42.3,135.0,EN_ROUTE_TO_HOSPITAL
2026-09-08 11:39:21,AMB0020,REQ01181,13.01138,80.248704,45.7,135.0,EN_ROUTE_TO_HOSPITAL
2026-09-08 11:39:28,AMB0020,REQ01181,13.005701,80.250812,32.0,135.0,EN_ROUTE_TO_HOSPITAL
2026-08-09 23:26:42,AMB0116,REQ00287,12.925898,80.09705,54.5,135.0,EN_ROUTE_TO_PATIENT
2026-08-09 23:26:50,AMB0116,REQ00287,12.940503,80.114891,41.0,135.0,EN_ROUTE_TO_PATIENT
2026-08-09 23:26:57,AMB0116,REQ00287,12.95412,80.133643,48.6,135.0,EN_ROUTE_TO_PATIENT
2026-08-09 23:27:04,AMB0116,REQ00287,12.968625,80.152826,43.5,135.0,EN_ROUTE_TO_PATIENT
2026-08-09 23:27:10,AMB0116,REQ00287,12.982925,80.171022,41.2,135.0,EN_ROUTE_TO_PATIENT
2026-08-09 23:27:15,AMB0116,REQ00287,12.997392,80.190055,43.3,135.0,EN_ROUTE_TO_PATIENT
2026-08-09 23:27:20,AMB0116,REQ00287,13.010699,80.209308,49.4,135.0,EN_ROUTE_TO_PATIENT
2026-08-09 23:27:28,AMB0116,REQ00287,13.025513,80.227836,39.2,135.0,EN_ROUTE_TO_PATIENT
2026-08-09 23:27:32,AMB0116,REQ00287,13.039641,80.246065,27.1,135.0,EN_ROUTE_TO_PATIENT
2026-08-09 23:27:39,AMB0116,REQ00287,13.053244,80.265146,42.4,135.0,EN_ROUTE_TO_PATIENT
2026-08-09 23:29:03,AMB0116,REQ00287,13.053618,80.264393,41.4,135.0,EN_ROUTE_TO_HOSPITAL
2026-08-09 23:29:09,AMB0116,REQ00287,13.052927,80.261384,43.5,135.0,EN_ROUTE_TO_HOSPITAL
2026-08-09 23:29:16,AMB0116,REQ00287,13.051852,80.257032,54.0,135.0,EN_ROUTE_TO_HOSPITAL
2026-08-09 23:29:20,AMB0116,REQ00287,13.050475,80.253273,52.0,135.0,EN_ROUTE_TO_HOSPITAL
2026-08-09 23:29:24,AMB0116,REQ00287,13.049749,80.249906,24.0,135.0,EN_ROUTE_TO_HOSPITAL
2026-08-09 23:29:28,AMB0116,REQ00287,13.048256,80.246227,32.5,135.0,EN_ROUTE_TO_HOSPITAL
2026-08-09 23:29:36,AMB0116,REQ00287,13.047927,80.241761,23.8,135.0,EN_ROUTE_TO_HOSPITAL
2026-08-09 23:29:43,AMB0116,REQ00287,13.046216,80.238157,49.3,135.0,EN_ROUTE_TO_HOSPITAL
2026-08-09 23:29:48,AMB0116,REQ00287,13.045592,80.234411,22.4,135.0,EN_ROUTE_TO_HOSPITAL
2026-08-09 23:29:53,AMB0116,REQ00287,13.045185,80.2314,41.3,135.0,EN_ROUTE_TO_HOSPITAL
2026-08-09 23:29:58,AMB0116,REQ00287,13.04355,80.227544,39.2,135.0,EN_ROUTE_TO_HOSPITAL
2026-08-09 23:30:02,AMB0116,REQ00287,13.042473,80.223875,32.5,135.0,EN_ROUTE_TO_HOSPITAL
2026-08-09 23:30:09,AMB0116,REQ00287,13.041472,80.220084,50.6,135.0,EN_ROUTE_TO_HOSPITAL
2026-08-09 23:30:16,AMB0116,REQ00287,13.040462,80.215431,31.8,135.0,EN_ROUTE_TO_HOSPITAL
2026-08-09 23:30:24,AMB0116,REQ00287,13.04028,80.211754,47.2,135.0,EN_ROUTE_TO_HOSPITAL
2026-08-09 23:30:31,AMB0116,REQ00287,13.03866,80.207996,27.1,135.0,EN_ROUTE_TO_HOSPITAL
2026-08-09 23:30:39,AMB0116,REQ00287,13.037901,80.204771,35.7,135.0,EN_ROUTE_TO_HOSPITAL
2026-08-27 00:18:00,AMB0110,REQ01008,12.903589,80.227327,27.0,135.0,EN_ROUTE_TO_PATIENT
2026-08-27 00:18:05,AMB0110,REQ01008,12.915516,80.23116,49.2,135.0,EN_ROUTE_TO_PATIENT
2026-08-27 00:18:13,AMB0110,REQ01008,12.927218,80.235138,50.5,135.0,EN_ROUTE_TO_PATIENT
2026-08-27 00:18:17,AMB0110,REQ01008,12.939762,80.238013,34.5,135.0,EN_ROUTE_TO_PATIENT
2026-08-27 00:18:23,AMB0110,REQ01008,12.952708,80.242509,44.8,135.0,EN_ROUTE_TO_PATIENT
2026-08-27 00:18:28,AMB0110,REQ01008,12.963956,80.245752,44.2,135.0,EN_ROUTE_TO_PATIENT
2026-08-27 00:18:36,AMB0110,REQ01008,12.976803,80.249908,49.2,135.0,EN_ROUTE_TO_PATIENT
2026-08-27 00:18:42,AMB0110,REQ01008,12.988639,80.253507,50.5,135.0,EN_ROUTE_TO_PATIENT
2026-08-27 00:18:48,AMB0110,REQ01008,13.001189,80.25761,38.6,135.0,EN_ROUTE_TO_PATIENT
2026-08-27 00:18:55,AMB0110,REQ01008,13.013802,80.262027,29.1,135.0,EN_ROUTE_TO_PATIENT
2026-08-27 00:19:03,AMB0110,REQ01008,13.025569,80.265767,47.7,135.0,EN_ROUTE_TO_PATIENT
2026-08-27 00:19:09,AMB0110,REQ01008,13.037605,80.269735,37.1,135.0,EN_ROUTE_TO_PATIENT
2026-08-27 00:19:15,AMB0110,REQ01008,13.050448,80.273502,24.7,135.0,EN_ROUTE_TO_PATIENT
2026-08-27 00:19:23,AMB0110,REQ01008,13.062959,80.277343,53.2,135.0,EN_ROUTE_TO_PATIENT
2026-08-27 00:20:51,AMB0110,REQ01008,13.062994,80.277833,48.8,135.0,EN_ROUTE_TO_HOSPITAL
2026-08-27 00:20:57,AMB0110,REQ01008,13.064321,80.27769,31.7,135.0,EN_ROUTE_TO_HOSPITAL
2026-08-27 00:21:05,AMB0110,REQ01008,13.065093,80.276996,36.0,135.0,EN_ROUTE_TO_HOSPITAL
2026-08-27 00:21:13,AMB0110,REQ01008,13.066679,80.276836,39.5,135.0,EN_ROUTE_TO_HOSPITAL
2026-08-27 00:21:21,AMB0110,REQ01008,13.067523,80.277633,39.0,135.0,EN_ROUTE_TO_HOSPITAL
2026-08-27 00:21:26,AMB0110,REQ01008,13.069095,80.277018,52.4,135.0,EN_ROUTE_TO_HOSPITAL
2026-08-27 00:21:32,AMB0110,REQ01008,13.070578,80.277787,31.9,135.0,EN_ROUTE_TO_HOSPITAL
2026-08-27 00:21:38,AMB0110,REQ01008,13.072235,80.277327,20.9,135.0,EN_ROUTE_TO_HOSPITAL
2026-08-27 00:21:44,AMB0110,REQ01008,13.07259,80.276893,25.3,135.0,EN_ROUTE_TO_HOSPITAL
2026-08-27 00:21:48,AMB0110,REQ01008,13.074834,80.277926,20.3,135.0,EN_ROUTE_TO_HOSPITAL
2026-08-27 00:21:54,AMB0110,REQ01008,13.075649,80.277849,42.3,135.0,EN_ROUTE_TO_HOSPITAL
2026-08-27 00:22:02,AMB0110,REQ01008,13.076609,80.277046,34.0,135.0,EN_ROUTE_TO_HOSPITAL
2026-08-27 00:22:06,AMB0110,REQ01008,13.078718,80.277592,46.6,135.0,EN_ROUTE_TO_HOSPITAL
2026-08-27 00:22:13,AMB0110,REQ01008,13.080044,80.27767,35.6,135.0,EN_ROUTE_TO_HOSPITAL
2026-08-27 00:22:19,AMB0110,REQ01008,13.081466,80.277138,48.0,135.0,EN_ROUTE_TO_HOSPITAL
2026-09-03 02:31:10,AMB0093,REQ00415,13.005036,80.258039,39.7,135.0,EN_ROUTE_TO_PATIENT
2026-09-03 02:31:15,AMB0093,REQ00415,13.013853,80.251475,24.4,135.0,EN_ROUTE_TO_PATIENT
2026-09-03 02:31:19,AMB0093,REQ00415,13.023168,80.245698,31.9,135.0,EN_ROUTE_TO_PATIENT
2026-09-03 02:31:27,AMB0093,REQ00415,13.031504,80.238246,30.8,135.0,EN_ROUTE_TO_PATIENT
2026-09-03 02:31:32,AMB0093,REQ00415,13.040868,80.231826,39.4,135.0,EN_ROUTE_TO_PATIENT
2026-09-03 02:31:40,AMB0093,REQ00415,13.049271,80.225339,36.6,135.0,EN_ROUTE_TO_PATIENT
2026-09-03 02:31:47,AMB0093,REQ00415,13.058919,80.219559,52.6,135.0,EN_ROUTE_TO_PATIENT
2026-09-03 02:31:52,AMB0093,REQ00415,13.066782,80.21287,31.3,135.0,EN_ROUTE_TO_PATIENT
2026-09-03 02:32:00,AMB0093,REQ00415,13.076756,80.206357,27.6,135.0,EN_ROUTE_TO_PATIENT
2026-09-03 02:33:21,AMB0093,REQ00415,13.076813,80.206286,40.5,135.0,EN_ROUTE_TO_HOSPITAL
2026-09-03 02:33:25,AMB0093,REQ00415,13.074262,80.209133,52.0,135.0,EN_ROUTE_TO_HOSPITAL
2026-09-03 02:33:31,AMB0093,REQ00415,13.071545,80.212734,38.8,135.0,EN_ROUTE_TO_HOSPITAL
2026-09-03 02:33:36,AMB0093,REQ00415,13.068572,80.216605,31.6,135.0,EN_ROUTE_TO_HOSPITAL
2026-09-03 02:33:41,AMB0093,REQ00415,13.066457,80.21983,45.3,135.0,EN_ROUTE_TO_HOSPITAL
2026-09-03 02:33:48,AMB0093,REQ00415,13.063546,80.223256,27.5,135.0,EN_ROUTE_TO_HOSPITAL
2026-09-03 02:33:55,AMB0093,REQ00415,13.061157,80.22605,47.5,135.0,EN_ROUTE_TO_HOSPITAL
2026-09-03 02:34:00,AMB0093,REQ00415,13.059378,80.229544,43.6,135.0,EN_ROUTE_TO_HOSPITAL
2026-09-03 02:34:05,AMB0093,REQ00415,13.056101,80.232562,49.9,135.0,EN_ROUTE_TO_HOSPITAL
2026-09-03 02:34:12,AMB0093,REQ00415,13.053724,80.236615,22.9,135.0,EN_ROUTE_TO_HOSPITAL
2026-09-03 02:34:17,AMB0093,REQ00415,13.051232,80.239399,20.0,135.0,EN_ROUTE_TO_HOSPITAL
2026-09-03 02:34:25,AMB0093,REQ00415,13.049294,80.243119,41.6,135.0,EN_ROUTE_TO_HOSPITAL
2026-09-03 02:34:33,AMB0093,REQ00415,13.04669,80.245895,34.7,135.0,EN_ROUTE_TO_HOSPITAL
2026-09-03 02:34:41,AMB0093,REQ00415,13.04397,80.249353,43.1,135.0,EN_ROUTE_TO_HOSPITAL
2026-08-03 10:30:32,AMB0097,REQ01847,12.986155,80.259589,43.1,135.0,EN_ROUTE_TO_PATIENT
2026-08-03 10:30:39,AMB0097,REQ01847,12.970162,80.254565,48.7,135.0,EN_ROUTE_TO_PATIENT
2026-08-03 10:30:46,AMB0097,REQ01847,12.953463,80.250918,23.3,135.0,EN_ROUTE_TO_PATIENT
2026-08-03 10:30:50,AMB0097,REQ01847,12.937758,80.245872,49.3,135.0,EN_ROUTE_TO_PATIENT
2026-08-03 10:30:55,AMB0097,REQ01847,12.92113,80.242536,48.0,135.0,EN_ROUTE_TO_PATIENT
2026-08-03 10:31:03,AMB0097,REQ01847,12.904934,80.237614,53.4,135.0,EN_ROUTE_TO_PATIENT
2026-08-03 10:31:07,AMB0097,REQ01847,12.88864,80.233327,42.7,135.0,EN_ROUTE_TO_PATIENT
2026-08-03 10:31:13,AMB0097,REQ01847,12.871972,80.229384,37.9,135.0,EN_ROUTE_TO_PATIENT
2026-08-03 10:31:19,AMB0097,REQ01847,12.855644,80.225447,53.4,135.0,EN_ROUTE_TO_PATIENT
2026-08-03 10:31:25,AMB0097,REQ01847,12.839142,80.221096,52.3,135.0,EN_ROUTE_TO_PATIENT
2026-08-03 10:31:30,AMB0097,REQ01847,12.822985,80.216246,21.0,135.0,EN_ROUTE_TO_PATIENT
2026-08-03 10:31:37,AMB0097,REQ01847,12.806391,80.211641,42.6,135.0,EN_ROUTE_TO_PATIENT
2026-08-03 10:31:43,AMB0097,REQ01847,12.789419,80.207341,48.5,135.0,EN_ROUTE_TO_PATIENT
2026-08-03 10:33:07,AMB0097,REQ01847,12.789572,80.207917,37.1,135.0,EN_ROUTE_TO_HOSPITAL
2026-08-03 10:33:13,AMB0097,REQ01847,12.790069,80.208555,24.2,135.0,EN_ROUTE_TO_HOSPITAL
2026-08-03 10:33:19,AMB0097,REQ01847,12.79152,80.210193,51.5,135.0,EN_ROUTE_TO_HOSPITAL
2026-08-03 10:33:25,AMB0097,REQ01847,12.791636,80.211674,50.4,135.0,EN_ROUTE_TO_HOSPITAL
2026-08-03 10:33:33,AMB0097,REQ01847,12.792102,80.212588,27.3,135.0,EN_ROUTE_TO_HOSPITAL
2026-08-03 10:33:40,AMB0097,REQ01847,12.792691,80.213484,28.6,135.0,EN_ROUTE_TO_HOSPITAL
2026-08-03 10:33:45,AMB0097,REQ01847,12.793656,80.214867,51.0,135.0,EN_ROUTE_TO_HOSPITAL
2026-08-03 10:33:50,AMB0097,REQ01847,12.794769,80.216067,50.1,135.0,EN_ROUTE_TO_HOSPITAL
2026-08-03 10:33:55,AMB0097,REQ01847,12.795371,80.216872,44.7,135.0,EN_ROUTE_TO_HOSPITAL
2026-08-03 10:34:00,AMB0097,REQ01847,12.795317,80.218376,21.4,135.0,EN_ROUTE_TO_HOSPITAL
2026-08-03 10:34:07,AMB0097,REQ01847,12.796644,80.219387,45.7,135.0,EN_ROUTE_TO_HOSPITAL
2026-08-03 10:34:14,AMB0097,REQ01847,12.79744,80.220074,44.1,135.0,EN_ROUTE_TO_HOSPITAL
2026-08-01 02:52:19,AMB0110,REQ00318,12.903069,80.226413,38.6,135.0,EN_ROUTE_TO_PATIENT
2026-08-01 02:52:27,AMB0110,REQ00318,12.919481,80.232538,24.3,135.0,EN_ROUTE_TO_PATIENT
2026-08-01 02:52:32,AMB0110,REQ00318,12.934479,80.237516,44.9,135.0,EN_ROUTE_TO_PATIENT
2026-08-01 02:52:40,AMB0110,REQ00318,12.950873,80.24232,42.1,135.0,EN_ROUTE_TO_PATIENT
2026-08-01 02:52:45,AMB0110,REQ00318,12.967501,80.247654,36.7,135.0,EN_ROUTE_TO_PATIENT
2026-08-01 02:52:53,AMB0110,REQ00318,12.983149,80.252141,23.3,135.0,EN_ROUTE_TO_PATIENT
2026-08-01 02:53:01,AMB0110,REQ00318,12.999428,80.258127,40.1,135.0,EN_ROUTE_TO_PATIENT
2026-08-01 02:53:06,AMB0110,REQ00318,13.014779,80.263566,39.6,135.0,EN_ROUTE_TO_PATIENT
2026-08-01 02:53:10,AMB0110,REQ00318,13.030735,80.268323,53.4,135.0,EN_ROUTE_TO_PATIENT
2026-08-01 02:54:18,AMB0110,REQ00318,13.030645,80.2686,50.6,135.0,EN_ROUTE_TO_HOSPITAL
2026-08-01 02:54:23,AMB0110,REQ00318,13.032125,80.263647,23.4,135.0,EN_ROUTE_TO_HOSPITAL
2026-08-01 02:54:29,AMB0110,REQ00318,13.034691,80.259381,20.1,135.0,EN_ROUTE_TO_HOSPITAL
2026-08-01 02:54:37,AMB0110,REQ00318,13.0362,80.255165,53.4,135.0,EN_ROUTE_TO_HOSPITAL
2026-08-01 02:54:44,AMB0110,REQ00318,13.037117,80.250205,45.8,135.0,EN_ROUTE_TO_HOSPITAL
2026-08-01 02:54:51,AMB0110,REQ00318,13.038776,80.246399,34.7,135.0,EN_ROUTE_TO_HOSPITAL
2026-08-01 02:54:55,AMB0110,REQ00318,13.041098,80.241425,23.6,135.0,EN_ROUTE_TO_HOSPITAL
2026-08-01 02:54:59,AMB0110,REQ00318,13.04226,80.237132,53.8,135.0,EN_ROUTE_TO_HOSPITAL
2026-08-01 02:55:06,AMB0110,REQ00318,13.044393,80.232775,44.9,135.0,EN_ROUTE_TO_HOSPITAL
2026-08-01 02:55:12,AMB0110,REQ00318,13.04597,80.22846,46.2,135.0,EN_ROUTE_TO_HOSPITAL
2026-08-01 02:55:17,AMB0110,REQ00318,13.046677,80.224654,34.4,135.0,EN_ROUTE_TO_HOSPITAL
2026-08-01 02:55:23,AMB0110,REQ00318,13.048975,80.220021,40.9,135.0,EN_ROUTE_TO_HOSPITAL
2026-08-01 02:55:27,AMB0110,REQ00318,13.049965,80.215415,31.7,135.0,EN_ROUTE_TO_HOSPITAL
2026-08-01 02:55:35,AMB0110,REQ00318,13.051727,80.211159,41.5,135.0,EN_ROUTE_TO_HOSPITAL
2026-08-06 09:04:40,AMB0028,REQ02643,13.081849,80.275075,50.4,135.0,EN_ROUTE_TO_PATIENT
2026-08-06 09:04:45,AMB0028,REQ02643,13.083226,80.262787,30.1,135.0,EN_ROUTE_TO_PATIENT
2026-08-06 09:04:50,AMB0028,REQ02643,13.085674,80.250732,47.4,135.0,EN_ROUTE_TO_PATIENT
2026-08-06 09:04:54,AMB0028,REQ02643,13.08784,80.239249,26.6,135.0,EN_ROUTE_TO_PATIENT
2026-08-06 09:05:00,AMB0028,REQ02643,13.08893,80.228396,34.1,135.0,EN_ROUTE_TO_PATIENT
2026-08-06 09:05:07,AMB0028,REQ02643,13.091585,80.216306,30.9,135.0,EN_ROUTE_TO_PATIENT
2026-08-06 09:05:15,AMB0028,REQ02643,13.092991,80.204421,34.6,135.0,EN_ROUTE_TO_PATIENT
2026-08-06 09:05:23,AMB0028,REQ02643,13.094911,80.192663,35.4,135.0,EN_ROUTE_TO_PATIENT
2026-08-06 09:05:30,AMB0028,REQ02643,13.09777,80.181763,30.6,135.0,EN_ROUTE_TO_PATIENT
2026-08-06 09:05:36,AMB0028,REQ02643,13.099397,80.169755,35.0,135.0,EN_ROUTE_TO_PATIENT
2026-08-06 09:06:31,AMB0028,REQ02643,13.099525,80.169657,44.8,135.0,EN_ROUTE_TO_HOSPITAL
2026-08-06 09:06:39,AMB0028,REQ02643,13.079947,80.176262,25.0,135.0,EN_ROUTE_TO_HOSPITAL
2026-08-06 09:06:47,AMB0028,REQ02643,13.060336,80.181438,49.7,135.0,EN_ROUTE_TO_HOSPITAL
2026-08-06 09:06:54,AMB0028,REQ02643,13.040561,80.187493,27.6,135.0,EN_ROUTE_TO_HOSPITAL
2026-08-06 09:07:02,AMB0028,REQ02643,13.021224,80.193271,43.1,135.0,EN_ROUTE_TO_HOSPITAL
2026-08-06 09:07:06,AMB0028,REQ02643,13.002745,80.199373,46.5,135.0,EN_ROUTE_TO_HOSPITAL
2026-08-06 09:07:12,AMB0028,REQ02643,12.982719,80.204957,51.7,135.0,EN_ROUTE_TO_HOSPITAL
2026-08-06 09:07:20,AMB0028,REQ02643,12.963651,80.21092,39.0,135.0,EN_ROUTE_TO_HOSPITAL
2026-08-06 09:07:27,AMB0028,REQ02643,12.94412,80.217169,53.5,135.0,EN_ROUTE_TO_HOSPITAL
2026-08-06 09:07:33,AMB0028,REQ02643,12.924481,80.222956,48.7,135.0,EN_ROUTE_TO_HOSPITAL
2026-08-06 09:07:39,AMB0028,REQ02643,12.905296,80.228642,22.0,135.0,EN_ROUTE_TO_HOSPITAL
2026-08-17 16:11:27,AMB0047,REQ02096,13.10914,80.094647,37.0,135.0,EN_ROUTE_TO_PATIENT
2026-08-17 16:11:33,AMB0047,REQ02096,13.100268,80.092131,30.9,135.0,EN_ROUTE_TO_PATIENT
2026-08-17 16:11:37,AMB0047,REQ02096,13.091581,80.090902,21.2,135.0,EN_ROUTE_TO_PATIENT
2026-08-17 16:11:45,AMB0047,REQ02096,13.08249,80.089483,28.8,135.0,EN_ROUTE_TO_PATIENT
2026-08-17 16:11:53,AMB0047,REQ02096,13.073684,80.087903,36.4,135.0,EN_ROUTE_TO_PATIENT
2026-08-17 16:11:57,AMB0047,REQ02096,13.063766,80.086,46.2,135.0,EN_ROUTE_TO_PATIENT
2026-08-17 16:12:01,AMB0047,REQ02096,13.054746,80.084323,38.2,135.0,EN_ROUTE_TO_PATIENT
2026-08-17 16:12:05,AMB0047,REQ02096,13.045939,80.082359,51.6,135.0,EN_ROUTE_TO_PATIENT
2026-08-17 16:12:10,AMB0047,REQ02096,13.036375,80.080828,43.5,135.0,EN_ROUTE_TO_PATIENT
2026-08-17 16:12:16,AMB0047,REQ02096,13.02748,80.079719,21.2,135.0,EN_ROUTE_TO_PATIENT
2026-08-17 16:13:12,AMB0047,REQ02096,13.02751,80.079754,45.8,135.0,EN_ROUTE_TO_HOSPITAL
2026-08-17 16:13:20,AMB0047,REQ02096,13.032489,80.088958,26.4,135.0,EN_ROUTE_TO_HOSPITAL
2026-08-17 16:13:24,AMB0047,REQ02096,13.038273,80.099351,52.2,135.0,EN_ROUTE_TO_HOSPITAL
2026-08-17 16:13:31,AMB0047,REQ02096,13.04372,80.108902,26.9,135.0,EN_ROUTE_TO_HOSPITAL
2026-08-17 16:13:36,AMB0047,REQ02096,13.04942,80.118924,48.5,135.0,EN_ROUTE_TO_HOSPITAL
2026-08-17 16:13:40,AMB0047,REQ02096,13.054021,80.128008,27.4,135.0,EN_ROUTE_TO_HOSPITAL
2026-08-17 16:13:44,AMB0047,REQ02096,13.059285,80.137496,35.3,135.0,EN_ROUTE_TO_HOSPITAL
2026-08-17 16:13:51,AMB0047,REQ02096,13.064899,80.147117,29.9,135.0,EN_ROUTE_TO_HOSPITAL
2026-08-17 16:13:58,AMB0047,REQ02096,13.069813,80.157423,44.6,135.0,EN_ROUTE_TO_HOSPITAL
2026-08-17 16:14:02,AMB0047,REQ02096,13.074631,80.166867,49.5,135.0,EN_ROUTE_TO_HOSPITAL
2026-08-17 16:14:10,AMB0047,REQ02096,13.080564,80.176598,52.6,135.0,EN_ROUTE_TO_HOSPITAL
2026-08-17 16:14:17,AMB0047,REQ02096,13.085551,80.187126,37.8,135.0,EN_ROUTE_TO_HOSPITAL
2026-08-21 08:11:25,AMB0030,REQ00464,13.069387,80.264347,45.7,135.0,EN_ROUTE_TO_PATIENT
2026-08-21 08:11:32,AMB0030,REQ00464,13.067404,80.258169,33.1,135.0,EN_ROUTE_TO_PATIENT
2026-08-21 08:11:36,AMB0030,REQ00464,13.066071,80.251426,54.9,135.0,EN_ROUTE_TO_PATIENT
2026-08-21 08:11:41,AMB0030,REQ00464,13.064346,80.245022,27.6,135.0,EN_ROUTE_TO_PATIENT
2026-08-21 08:11:46,AMB0030,REQ00464,13.062443,80.238076,49.4,135.0,EN_ROUTE_TO_PATIENT
2026-08-21 08:11:52,AMB0030,REQ00464,13.060269,80.23114,41.0,135.0,EN_ROUTE_TO_PATIENT
2026-08-21 08:11:59,AMB0030,REQ00464,13.059168,80.224751,35.3,135.0,EN_ROUTE_TO_PATIENT
2026-08-21 08:12:04,AMB0030,REQ00464,13.057886,80.218623,44.9,135.0,EN_ROUTE_TO_PATIENT
2026-08-21 08:12:12,AMB0030,REQ00464,13.055514,80.2118,34.6,135.0,EN_ROUTE_TO_PATIENT
2026-08-21 08:12:16,AMB0030,REQ00464,13.05403,80.205552,54.8,135.0,EN_ROUTE_TO_PATIENT
2026-08-21 08:12:24,AMB0030,REQ00464,13.052285,80.198936,29.5,135.0,EN_ROUTE_TO_PATIENT
2026-08-21 08:12:32,AMB0030,REQ00464,13.050073,80.191528,25.8,135.0,EN_ROUTE_TO_PATIENT
2026-08-21 08:12:40,AMB0030,REQ00464,13.049004,80.185633,36.7,135.0,EN_ROUTE_TO_PATIENT
2026-08-21 08:12:46,AMB0030,REQ00464,13.04654,80.178727,47.0,135.0,EN_ROUTE_TO_PATIENT
2026-08-21 08:12:51,AMB0030,REQ00464,13.045486,80.172519,38.3,135.0,EN_ROUTE_TO_PATIENT
2026-08-21 08:12:58,AMB0030,REQ00464,13.043926,80.165997,39.0,135.0,EN_ROUTE_TO_PATIENT
2026-08-21 08:13:39,AMB0030,REQ00464,13.043903,80.165708,25.0,135.0,EN_ROUTE_TO_HOSPITAL
2026-08-21 08:13:47,AMB0030,REQ00464,13.035755,80.173434,35.7,135.0,EN_ROUTE_TO_HOSPITAL
2026-08-21 08:13:54,AMB0030,REQ00464,13.027239,80.181673,33.2,135.0,EN_ROUTE_TO_HOSPITAL
2026-08-21 08:13:58,AMB0030,REQ00464,13.018615,80.18981,53.2,135.0,EN_ROUTE_TO_HOSPITAL
2026-08-21 08:14:03,AMB0030,REQ00464,13.010064,80.197317,31.7,135.0,EN_ROUTE_TO_HOSPITAL
2026-08-21 08:14:09,AMB0030,REQ00464,13.00107,80.205426,34.1,135.0,EN_ROUTE_TO_HOSPITAL
2026-08-21 08:14:13,AMB0030,REQ00464,12.993118,80.214234,54.8,135.0,EN_ROUTE_TO_HOSPITAL
2026-08-21 08:14:18,AMB0030,REQ00464,12.984339,80.221595,54.6,135.0,EN_ROUTE_TO_HOSPITAL
2026-08-21 08:14:22,AMB0030,REQ00464,12.975937,80.229761,32.1,135.0,EN_ROUTE_TO_HOSPITAL
2026-08-21 08:14:27,AMB0030,REQ00464,12.967657,80.237553,52.7,135.0,EN_ROUTE_TO_HOSPITAL
2026-08-21 08:14:35,AMB0030,REQ00464,12.959427,80.245702,41.9,135.0,EN_ROUTE_TO_HOSPITAL
2026-08-07 08:35:01,AMB0024,REQ02267,13.10202,80.275755,50.3,135.0,EN_ROUTE_TO_PATIENT
2026-08-07 08:35:07,AMB0024,REQ02267,13.089076,80.265297,40.5,135.0,EN_ROUTE_TO_PATIENT
2026-08-07 08:35:11,AMB0024,REQ02267,13.07606,80.254215,41.8,135.0,EN_ROUTE_TO_PATIENT
2026-08-07 08:35:18,AMB0024,REQ02267,13.063534,80.244175,44.5,135.0,EN_ROUTE_TO_PATIENT
2026-08-07 08:35:24,AMB0024,REQ02267,13.050646,80.233711,23.2,135.0,EN_ROUTE_TO_PATIENT
2026-08-07 08:35:31,AMB0024,REQ02267,13.037444,80.222231,33.7,135.0,EN_ROUTE_TO_PATIENT
2026-08-07 08:35:38,AMB0024,REQ02267,13.02467,80.21231,23.2,135.0,EN_ROUTE_TO_PATIENT
2026-08-07 08:35:44,AMB0024,REQ02267,13.01172,80.201458,36.9,135.0,EN_ROUTE_TO_PATIENT
2026-08-07 08:35:51,AMB0024,REQ02267,12.99912,80.191511,31.1,135.0,EN_ROUTE_TO_PATIENT
2026-08-07 08:35:59,AMB0024,REQ02267,12.986913,80.180793,51.6,135.0,EN_ROUTE_TO_PATIENT
2026-08-07 08:36:06,AMB0024,REQ02267,12.973353,80.169648,47.3,135.0,EN_ROUTE_TO_PATIENT
2026-08-07 08:36:13,AMB0024,REQ02267,12.961209,80.159057,25.7,135.0,EN_ROUTE_TO_PATIENT
2026-08-07 08:36:18,AMB0024,REQ02267,12.94744,80.149416,35.5,135.0,EN_ROUTE_TO_PATIENT
2026-08-07 08:36:24,AMB0024,REQ02267,12.935029,80.138793,44.4,135.0,EN_ROUTE_TO_PATIENT
2026-08-07 08:37:30,AMB0024,REQ02267,12.935546,80.138303,23.4,135.0,EN_ROUTE_TO_HOSPITAL
2026-08-07 08:37:37,AMB0024,REQ02267,12.926308,80.144214,24.3,135.0,EN_ROUTE_TO_HOSPITAL
2026-08-07 08:37:41,AMB0024,REQ02267,12.917028,80.149336,40.1,135.0,EN_ROUTE_TO_HOSPITAL
2026-08-07 08:37:49,AMB0024,REQ02267,12.907905,80.155036,53.9,135.0,EN_ROUTE_TO_HOSPITAL
2026-08-07 08:37:57,AMB0024,REQ02267,12.898554,80.160853,47.6,135.0,EN_ROUTE_TO_HOSPITAL
2026-08-07 08:38:04,AMB0024,REQ02267,12.88934,80.166342,33.3,135.0,EN_ROUTE_TO_HOSPITAL
2026-08-07 08:38:11,AMB0024,REQ02267,12.880031,80.170872,20.0,135.0,EN_ROUTE_TO_HOSPITAL
2026-08-07 08:38:18,AMB0024,REQ02267,12.870096,80.176254,42.3,135.0,EN_ROUTE_TO_HOSPITAL
2026-08-07 08:38:22,AMB0024,REQ02267,12.86101,80.182672,24.4,135.0,EN_ROUTE_TO_HOSPITAL
2026-08-07 08:38:29,AMB0024,REQ02267,12.852291,80.187232,40.2,135.0,EN_ROUTE_TO_HOSPITAL
2026-08-07 08:38:36,AMB0024,REQ02267,12.843284,80.193616,47.1,135.0,EN_ROUTE_TO_HOSPITAL
2026-08-07 08:38:42,AMB0024,REQ02267,12.83431,80.198935,30.7,135.0,EN_ROUTE_TO_HOSPITAL
2026-08-07 08:38:47,AMB0024,REQ02267,12.825202,80.204365,35.5,135.0,EN_ROUTE_TO_HOSPITAL
2026-08-07 08:38:53,AMB0024,REQ02267,12.815402,80.209638,53.2,135.0,EN_ROUTE_TO_HOSPITAL
2026-08-07 08:38:57,AMB0024,REQ02267,12.80589,80.214699,44.5,135.0,EN_ROUTE_TO_HOSPITAL
2026-08-07 08:39:01,AMB0024,REQ02267,12.796729,80.219972,27.7,135.0,EN_ROUTE_TO_HOSPITAL
2026-08-13 18:16:34,AMB0019,REQ01758,13.110282,80.295408,53.9,135.0,EN_ROUTE_TO_PATIENT
2026-08-13 18:16:41,AMB0019,REQ01758,13.108257,80.290087,28.1,135.0,EN_ROUTE_TO_PATIENT
2026-08-13 18:16:47,AMB0019,REQ01758,13.105134,80.283636,47.0,135.0,EN_ROUTE_TO_PATIENT
2026-08-13 18:16:52,AMB0019,REQ01758,13.10318,80.27643,43.1,135.0,EN_ROUTE_TO_PATIENT
2026-08-13 18:16:59,AMB0019,REQ01758,13.100451,80.270418,34.8,135.0,EN_ROUTE_TO_PATIENT
2026-08-13 18:17:04,AMB0019,REQ01758,13.098315,80.263693,48.3,135.0,EN_ROUTE_TO_PATIENT
2026-08-13 18:17:10,AMB0019,REQ01758,13.095618,80.25775,37.2,135.0,EN_ROUTE_TO_PATIENT
2026-08-13 18:17:17,AMB0019,REQ01758,13.092762,80.25111,20.1,135.0,EN_ROUTE_TO_PATIENT
2026-08-13 18:17:25,AMB0019,REQ01758,13.090536,80.244222,25.3,135.0,EN_ROUTE_TO_PATIENT
2026-08-13 18:17:33,AMB0019,REQ01758,13.088359,80.238302,22.1,135.0,EN_ROUTE_TO_PATIENT
2026-08-13 18:17:37,AMB0019,REQ01758,13.08507,80.231896,22.1,135.0,EN_ROUTE_TO_PATIENT
2026-08-13 18:17:42,AMB0019,REQ01758,13.082785,80.225051,28.9,135.0,EN_ROUTE_TO_PATIENT
2026-08-13 18:17:50,AMB0019,REQ01758,13.0812,80.218647,47.0,135.0,EN_ROUTE_TO_PATIENT
2026-08-13 18:17:58,AMB0019,REQ01758,13.078289,80.212509,43.7,135.0,EN_ROUTE_TO_PATIENT
2026-08-13 18:18:05,AMB0019,REQ01758,13.075527,80.205738,29.5,135.0,EN_ROUTE_TO_PATIENT
2026-08-13 18:18:12,AMB0019,REQ01758,13.073997,80.19975,42.9,135.0,EN_ROUTE_TO_PATIENT
2026-08-13 18:18:17,AMB0019,REQ01758,13.070976,80.192874,40.9,135.0,EN_ROUTE_TO_PATIENT
2026-08-13 18:19:33,AMB0019,REQ01758,13.07078,80.193278,36.7,135.0,EN_ROUTE_TO_HOSPITAL
2026-08-13 18:19:38,AMB0019,REQ01758,13.06219,80.197919,43.0,135.0,EN_ROUTE_TO_HOSPITAL
2026-08-13 18:19:43,AMB0019,REQ01758,13.052096,80.201973,46.5,135.0,EN_ROUTE_TO_HOSPITAL
2026-08-13 18:19:51,AMB0019,REQ01758,13.042878,80.206843,46.8,135.0,EN_ROUTE_TO_HOSPITAL
2026-08-13 18:19:56,AMB0019,REQ01758,13.033637,80.210143,37.7,135.0,EN_ROUTE_TO_HOSPITAL
2026-08-13 18:20:01,AMB0019,REQ01758,13.024624,80.214811,38.4,135.0,EN_ROUTE_TO_HOSPITAL
2026-08-13 18:20:08,AMB0019,REQ01758,13.014924,80.219381,39.4,135.0,EN_ROUTE_TO_HOSPITAL
2026-08-13 18:20:13,AMB0019,REQ01758,13.006022,80.223411,39.3,135.0,EN_ROUTE_TO_HOSPITAL
2026-08-13 18:20:20,AMB0019,REQ01758,12.996287,80.228007,38.3,135.0,EN_ROUTE_TO_HOSPITAL
2026-08-13 18:20:28,AMB0019,REQ01758,12.987394,80.233136,25.2,135.0,EN_ROUTE_TO_HOSPITAL
2026-08-13 18:20:36,AMB0019,REQ01758,12.978478,80.237103,24.3,135.0,EN_ROUTE_TO_HOSPITAL
2026-08-13 18:20:43,AMB0019,REQ01758,12.969286,80.241764,27.4,135.0,EN_ROUTE_TO_HOSPITAL
2026-08-13 18:20:50,AMB0019,REQ01758,12.960106,80.245878,53.8,135.0,EN_ROUTE_TO_HOSPITAL
2026-08-12 21:11:35,AMB0045,REQ02847,13.117114,80.151694,53.2,135.0,EN_ROUTE_TO_PATIENT
2026-08-12 21:11:43,AMB0045,REQ02847,13.112295,80.151555,51.3,135.0,EN_ROUTE_TO_PATIENT
2026-08-12 21:11:48,AMB0045,REQ02847,13.108265,80.152981,27.6,135.0,EN_ROUTE_TO_PATIENT
2026-08-12 21:11:54,AMB0045,REQ02847,13.103596,80.153685,27.5,135.0,EN_ROUTE_TO_PATIENT
2026-08-12 21:12:01,AMB0045,REQ02847,13.098178,80.154286,29.8,135.0,EN_ROUTE_TO_PATIENT
2026-08-12 21:12:08,AMB0045,REQ02847,13.093783,80.155221,25.5,135.0,EN_ROUTE_TO_PATIENT
2026-08-12 21:12:14,AMB0045,REQ02847,13.088926,80.155187,24.9,135.0,EN_ROUTE_TO_PATIENT
2026-08-12 21:12:18,AMB0045,REQ02847,13.084518,80.155788,21.9,135.0,EN_ROUTE_TO_PATIENT
2026-08-12 21:12:23,AMB0045,REQ02847,13.080224,80.156772,28.5,135.0,EN_ROUTE_TO_PATIENT
2026-08-12 21:12:29,AMB0045,REQ02847,13.075491,80.157658,54.4,135.0,EN_ROUTE_TO_PATIENT
2026-08-12 21:12:36,AMB0045,REQ02847,13.070493,80.158996,37.4,135.0,EN_ROUTE_TO_PATIENT
2026-08-12 21:12:43,AMB0045,REQ02847,13.066108,80.1588,32.3,135.0,EN_ROUTE_TO_PATIENT
2026-08-12 21:12:51,AMB0045,REQ02847,13.061383,80.160232,38.8,135.0,EN_ROUTE_TO_PATIENT
2026-08-12 21:12:59,AMB0045,REQ02847,13.056462,80.160073,23.9,135.0,EN_ROUTE_TO_PATIENT
2026-08-12 21:13:07,AMB0045,REQ02847,13.051366,80.160897,48.8,135.0,EN_ROUTE_TO_PATIENT
2026-08-12 21:13:49,AMB0045,REQ02847,13.051382,80.161469,27.4,135.0,EN_ROUTE_TO_HOSPITAL
2026-08-12 21:13:57,AMB0045,REQ02847,13.040275,80.157537,30.5,135.0,EN_ROUTE_TO_HOSPITAL
2026-08-12 21:14:04,AMB0045,REQ02847,13.029281,80.154635,28.3,135.0,EN_ROUTE_TO_HOSPITAL
2026-08-12 21:14:10,AMB0045,REQ02847,13.018923,80.152046,54.0,135.0,EN_ROUTE_TO_HOSPITAL
2026-08-12 21:14:15,AMB0045,REQ02847,13.008503,80.148233,29.3,135.0,EN_ROUTE_TO_HOSPITAL
2026-08-12 21:14:22,AMB0045,REQ02847,12.997192,80.144838,49.7,135.0,EN_ROUTE_TO_HOSPITAL
2026-08-12 21:14:30,AMB0045,REQ02847,12.986711,80.141866,39.3,135.0,EN_ROUTE_TO_HOSPITAL
2026-08-12 21:14:37,AMB0045,REQ02847,12.975596,80.138383,46.8,135.0,EN_ROUTE_TO_HOSPITAL
2026-08-12 21:14:44,AMB0045,REQ02847,12.96426,80.135193,43.1,135.0,EN_ROUTE_TO_HOSPITAL
2026-08-12 21:14:52,AMB0045,REQ02847,12.95377,80.131873,31.3,135.0,EN_ROUTE_TO_HOSPITAL
2026-08-12 21:14:56,AMB0045,REQ02847,12.942818,80.128416,36.3,135.0,EN_ROUTE_TO_HOSPITAL
2026-08-30 16:04:44,AMB0076,REQ02202,13.041825,80.206496,48.2,135.0,EN_ROUTE_TO_PATIENT
2026-08-30 16:04:52,AMB0076,REQ02202,13.045485,80.21166,36.5,135.0,EN_ROUTE_TO_PATIENT
2026-08-30 16:04:59,AMB0076,REQ02202,13.049377,80.217532,44.3,135.0,EN_ROUTE_TO_PATIENT
2026-08-30 16:05:04,AMB0076,REQ02202,13.052297,80.222675,50.0,135.0,EN_ROUTE_TO_PATIENT
2026-08-30 16:05:08,AMB0076,REQ02202,13.056789,80.22789,51.4,135.0,EN_ROUTE_TO_PATIENT
2026-08-30 16:05:12,AMB0076,REQ02202,13.06042,80.233448,28.8,135.0,EN_ROUTE_TO_PATIENT
2026-08-30 16:05:17,AMB0076,REQ02202,13.064557,80.238165,50.5,135.0,EN_ROUTE_TO_PATIENT
2026-08-30 16:05:24,AMB0076,REQ02202,13.06837,80.243641,42.7,135.0,EN_ROUTE_TO_PATIENT
2026-08-30 16:05:28,AMB0076,REQ02202,13.072308,80.249854,24.1,135.0,EN_ROUTE_TO_PATIENT
2026-08-30 16:05:35,AMB0076,REQ02202,13.075996,80.255131,38.1,135.0,EN_ROUTE_TO_PATIENT
2026-08-30 16:05:39,AMB0076,REQ02202,13.079063,80.259683,25.4,135.0,EN_ROUTE_TO_PATIENT
2026-08-30 16:05:43,AMB0076,REQ02202,13.082837,80.265314,37.4,135.0,EN_ROUTE_TO_PATIENT
2026-08-30 16:05:47,AMB0076,REQ02202,13.087181,80.270326,21.9,135.0,EN_ROUTE_TO_PATIENT
2026-08-30 16:07:03,AMB0076,REQ02202,13.08707,80.270329,50.1,135.0,EN_ROUTE_TO_HOSPITAL
2026-08-30 16:07:11,AMB0076,REQ02202,13.077357,80.261535,43.9,135.0,EN_ROUTE_TO_HOSPITAL
2026-08-30 16:07:17,AMB0076,REQ02202,13.067686,80.251562,32.8,135.0,EN_ROUTE_TO_HOSPITAL
2026-08-30 16:07:23,AMB0076,REQ02202,13.058148,80.242305,52.5,135.0,EN_ROUTE_TO_HOSPITAL
2026-08-30 16:07:28,AMB0076,REQ02202,13.048308,80.232223,50.3,135.0,EN_ROUTE_TO_HOSPITAL
2026-08-30 16:07:33,AMB0076,REQ02202,13.039179,80.223774,50.3,135.0,EN_ROUTE_TO_HOSPITAL
2026-08-30 16:07:39,AMB0076,REQ02202,13.029698,80.213728,29.0,135.0,EN_ROUTE_TO_HOSPITAL
2026-08-30 16:07:45,AMB0076,REQ02202,13.019535,80.20391,53.0,135.0,EN_ROUTE_TO_HOSPITAL
2026-08-30 16:07:51,AMB0076,REQ02202,13.010593,80.194609,26.4,135.0,EN_ROUTE_TO_HOSPITAL
2026-08-30 16:07:56,AMB0076,REQ02202,13.001237,80.18564,24.5,135.0,EN_ROUTE_TO_HOSPITAL
2026-08-30 16:08:02,AMB0076,REQ02202,12.990641,80.176474,46.0,135.0,EN_ROUTE_TO_HOSPITAL
2026-08-30 16:08:10,AMB0076,REQ02202,12.982053,80.166093,54.5,135.0,EN_ROUTE_TO_HOSPITAL
2026-08-30 16:08:16,AMB0076,REQ02202,12.971365,80.156509,29.8,135.0,EN_ROUTE_TO_HOSPITAL
2026-08-30 16:08:20,AMB0076,REQ02202,12.961729,80.147407,26.6,135.0,EN_ROUTE_TO_HOSPITAL
2026-08-30 16:08:28,AMB0076,REQ02202,12.952544,80.137449,40.1,135.0,EN_ROUTE_TO_HOSPITAL
2026-08-30 16:08:32,AMB0076,REQ02202,12.943516,80.128911,51.8,135.0,EN_ROUTE_TO_HOSPITAL
2026-08-19 00:29:45,AMB0093,REQ00911,13.00442,80.257573,42.5,135.0,EN_ROUTE_TO_PATIENT
2026-08-19 00:29:53,AMB0093,REQ00911,12.99683,80.243947,30.0,135.0,EN_ROUTE_TO_PATIENT
2026-08-19 00:29:59,AMB0093,REQ00911,12.988866,80.230328,25.1,135.0,EN_ROUTE_TO_PATIENT
2026-08-19 00:30:07,AMB0093,REQ00911,12.980213,80.215696,32.6,135.0,EN_ROUTE_TO_PATIENT
2026-08-19 00:30:13,AMB0093,REQ00911,12.973047,80.202545,33.4,135.0,EN_ROUTE_TO_PATIENT
2026-08-19 00:30:17,AMB0093,REQ00911,12.964682,80.188236,39.6,135.0,EN_ROUTE_TO_PATIENT
2026-08-19 00:30:22,AMB0093,REQ00911,12.956235,80.174856,46.0,135.0,EN_ROUTE_TO_PATIENT
2026-08-19 00:30:30,AMB0093,REQ00911,12.949141,80.160155,23.4,135.0,EN_ROUTE_TO_PATIENT
2026-08-19 00:30:37,AMB0093,REQ00911,12.941237,80.146742,21.9,135.0,EN_ROUTE_TO_PATIENT
2026-08-19 00:30:45,AMB0093,REQ00911,12.932227,80.132186,32.4,135.0,EN_ROUTE_TO_PATIENT
2026-08-19 00:30:53,AMB0093,REQ00911,12.92517,80.118423,39.9,135.0,EN_ROUTE_TO_PATIENT
2026-08-19 00:30:59,AMB0093,REQ00911,12.916992,80.104733,29.2,135.0,EN_ROUTE_TO_PATIENT
2026-08-19 00:31:41,AMB0093,REQ00911,12.916223,80.105123,39.2,135.0,EN_ROUTE_TO_HOSPITAL
2026-08-19 00:31:47,AMB0093,REQ00911,12.920996,80.116695,29.5,135.0,EN_ROUTE_TO_HOSPITAL
2026-08-19 00:31:51,AMB0093,REQ00911,12.924185,80.128334,40.8,135.0,EN_ROUTE_TO_HOSPITAL
2026-08-19 00:31:56,AMB0093,REQ00911,12.928163,80.139528,39.0,135.0,EN_ROUTE_TO_HOSPITAL
2026-08-19 00:32:03,AMB0093,REQ00911,12.931167,80.151253,32.4,135.0,EN_ROUTE_TO_HOSPITAL
2026-08-19 00:32:09,AMB0093,REQ00911,12.935038,80.164035,36.1,135.0,EN_ROUTE_TO_HOSPITAL
2026-08-19 00:32:17,AMB0093,REQ00911,12.938805,80.1753,47.0,135.0,EN_ROUTE_TO_HOSPITAL
2026-08-19 00:32:24,AMB0093,REQ00911,12.942551,80.186996,42.5,135.0,EN_ROUTE_TO_HOSPITAL
2026-08-19 00:32:28,AMB0093,REQ00911,12.945689,80.19875,44.1,135.0,EN_ROUTE_TO_HOSPITAL
2026-08-19 00:32:34,AMB0093,REQ00911,12.950327,80.209809,28.9,135.0,EN_ROUTE_TO_HOSPITAL
2026-08-10 16:55:22,AMB0084,REQ02950,13.007279,80.218442,28.8,135.0,EN_ROUTE_TO_PATIENT
2026-08-10 16:55:27,AMB0084,REQ02950,13.012627,80.221963,25.9,135.0,EN_ROUTE_TO_PATIENT
2026-08-10 16:55:31,AMB0084,REQ02950,13.018657,80.22646,22.6,135.0,EN_ROUTE_TO_PATIENT
2026-08-10 16:55:39,AMB0084,REQ02950,13.023142,80.229448,21.7,135.0,EN_ROUTE_TO_PATIENT
2026-08-10 16:55:46,AMB0084,REQ02950,13.029738,80.233359,42.7,135.0,EN_ROUTE_TO_PATIENT
2026-08-10 16:55:51,AMB0084,REQ02950,13.035198,80.236639,28.2,135.0,EN_ROUTE_TO_PATIENT
2026-08-10 16:55:58,AMB0084,REQ02950,13.039926,80.240097,26.7,135.0,EN_ROUTE_TO_PATIENT
2026-08-10 16:56:06,AMB0084,REQ02950,13.044926,80.243739,23.8,135.0,EN_ROUTE_TO_PATIENT
2026-08-10 16:56:11,AMB0084,REQ02950,13.051379,80.248366,53.2,135.0,EN_ROUTE_TO_PATIENT
2026-08-10 16:56:16,AMB0084,REQ02950,13.056636,80.251803,20.3,135.0,EN_ROUTE_TO_PATIENT
2026-08-10 16:56:24,AMB0084,REQ02950,13.062386,80.25465,28.5,135.0,EN_ROUTE_TO_PATIENT
2026-08-10 16:56:30,AMB0084,REQ02950,13.067216,80.258692,32.9,135.0,EN_ROUTE_TO_PATIENT
2026-08-10 16:56:35,AMB0084,REQ02950,13.072651,80.2629,28.7,135.0,EN_ROUTE_TO_PATIENT
2026-08-10 16:56:43,AMB0084,REQ02950,13.078673,80.266547,52.2,135.0,EN_ROUTE_TO_PATIENT
2026-08-10 16:56:47,AMB0084,REQ02950,13.083149,80.269625,27.3,135.0,EN_ROUTE_TO_PATIENT
2026-08-10 16:56:54,AMB0084,REQ02950,13.088597,80.273475,27.6,135.0,EN_ROUTE_TO_PATIENT
2026-08-10 16:56:59,AMB0084,REQ02950,13.094462,80.276963,45.8,135.0,EN_ROUTE_TO_PATIENT
2026-08-10 16:58:06,AMB0084,REQ02950,13.094543,80.277098,35.5,135.0,EN_ROUTE_TO_HOSPITAL
2026-08-10 16:58:11,AMB0084,REQ02950,13.09137,80.267677,48.1,135.0,EN_ROUTE_TO_HOSPITAL
2026-08-10 16:58:18,AMB0084,REQ02950,13.087537,80.259015,31.2,135.0,EN_ROUTE_TO_HOSPITAL
2026-08-10 16:58:26,AMB0084,REQ02950,13.084004,80.249933,33.7,135.0,EN_ROUTE_TO_HOSPITAL
2026-08-10 16:58:34,AMB0084,REQ02950,13.080227,80.240508,21.2,135.0,EN_ROUTE_TO_HOSPITAL
2026-08-10 16:58:40,AMB0084,REQ02950,13.075706,80.231598,52.2,135.0,EN_ROUTE_TO_HOSPITAL
2026-08-10 16:58:44,AMB0084,REQ02950,13.072709,80.222962,21.1,135.0,EN_ROUTE_TO_HOSPITAL
2026-08-10 16:58:50,AMB0084,REQ02950,13.067979,80.213084,51.8,135.0,EN_ROUTE_TO_HOSPITAL
2026-08-10 16:58:58,AMB0084,REQ02950,13.065244,80.20386,43.0,135.0,EN_ROUTE_TO_HOSPITAL
2026-08-10 16:59:03,AMB0084,REQ02950,13.06142,80.195598,39.1,135.0,EN_ROUTE_TO_HOSPITAL
2026-08-10 16:59:09,AMB0084,REQ02950,13.057621,80.18669,36.4,135.0,EN_ROUTE_TO_HOSPITAL
2026-08-10 16:59:15,AMB0084,REQ02950,13.053984,80.1765,50.3,135.0,EN_ROUTE_TO_HOSPITAL
2026-08-10 16:59:19,AMB0084,REQ02950,13.049435,80.167549,52.0,135.0,EN_ROUTE_TO_HOSPITAL
2026-08-10 16:59:25,AMB0084,REQ02950,13.046064,80.159227,29.4,135.0,EN_ROUTE_TO_HOSPITAL
2026-08-10 16:59:33,AMB0084,REQ02950,13.042425,80.150286,54.6,135.0,EN_ROUTE_TO_HOSPITAL
2026-08-10 16:59:39,AMB0084,REQ02950,13.039023,80.14047,35.9,135.0,EN_ROUTE_TO_HOSPITAL
2026-08-05 03:03:48,AMB0007,REQ01574,13.166293,80.256817,47.1,135.0,EN_ROUTE_TO_PATIENT
2026-08-05 03:03:53,AMB0007,REQ01574,13.156841,80.248893,28.2,135.0,EN_ROUTE_TO_PATIENT
2026-08-05 03:04:01,AMB0007,REQ01574,13.146551,80.240915,23.6,135.0,EN_ROUTE_TO_PATIENT
2026-08-05 03:04:08,AMB0007,REQ01574,13.137868,80.232528,26.3,135.0,EN_ROUTE_TO_PATIENT
2026-08-05 03:04:15,AMB0007,REQ01574,13.128362,80.22451,35.0,135.0,EN_ROUTE_TO_PATIENT
2026-08-05 03:04:21,AMB0007,REQ01574,13.118894,80.215237,37.9,135.0,EN_ROUTE_TO_PATIENT
2026-08-05 03:04:27,AMB0007,REQ01574,13.109194,80.207877,41.5,135.0,EN_ROUTE_TO_PATIENT
2026-08-05 03:04:31,AMB0007,REQ01574,13.100111,80.199639,38.4,135.0,EN_ROUTE_TO_PATIENT
2026-08-05 03:04:38,AMB0007,REQ01574,13.09062,80.190722,23.4,135.0,EN_ROUTE_TO_PATIENT
2026-08-05 03:06:11,AMB0007,REQ01574,13.089585,80.191113,25.6,135.0,EN_ROUTE_TO_HOSPITAL
2026-08-05 03:06:19,AMB0007,REQ01574,13.069253,80.192807,28.2,135.0,EN_ROUTE_TO_HOSPITAL
2026-08-05 03:06:24,AMB0007,REQ01574,13.048151,80.194654,44.9,135.0,EN_ROUTE_TO_HOSPITAL
2026-08-05 03:06:32,AMB0007,REQ01574,13.027714,80.197207,52.9,135.0,EN_ROUTE_TO_HOSPITAL
2026-08-05 03:06:38,AMB0007,REQ01574,13.006175,80.199839,46.3,135.0,EN_ROUTE_TO_HOSPITAL
2026-08-05 03:06:43,AMB0007,REQ01574,12.985898,80.201403,23.0,135.0,EN_ROUTE_TO_HOSPITAL
2026-08-05 03:06:49,AMB0007,REQ01574,12.964514,80.203476,22.9,135.0,EN_ROUTE_TO_HOSPITAL
2026-08-05 03:06:54,AMB0007,REQ01574,12.943965,80.205525,22.7,135.0,EN_ROUTE_TO_HOSPITAL
2026-08-05 03:06:59,AMB0007,REQ01574,12.922402,80.208189,32.1,135.0,EN_ROUTE_TO_HOSPITAL
2026-08-05 03:07:03,AMB0007,REQ01574,12.90183,80.209842,48.5,135.0,EN_ROUTE_TO_HOSPITAL
2026-08-05 03:07:10,AMB0007,REQ01574,12.880733,80.212434,51.4,135.0,EN_ROUTE_TO_HOSPITAL
2026-08-05 03:07:15,AMB0007,REQ01574,12.859712,80.214011,37.0,135.0,EN_ROUTE_TO_HOSPITAL
2026-08-05 03:07:21,AMB0007,REQ01574,12.839013,80.216108,36.6,135.0,EN_ROUTE_TO_HOSPITAL
2026-08-05 03:07:27,AMB0007,REQ01574,12.818053,80.217995,30.7,135.0,EN_ROUTE_TO_HOSPITAL
2026-08-05 03:07:35,AMB0007,REQ01574,12.796674,80.220238,47.6,135.0,EN_ROUTE_TO_HOSPITAL
2026-08-04 17:12:35,AMB0045,REQ01544,13.116968,80.151548,43.2,135.0,EN_ROUTE_TO_PATIENT
2026-08-04 17:12:41,AMB0045,REQ01544,13.109693,80.156352,23.7,135.0,EN_ROUTE_TO_PATIENT
2026-08-04 17:12:46,AMB0045,REQ01544,13.101671,80.161728,38.0,135.0,EN_ROUTE_TO_PATIENT
2026-08-04 17:12:53,AMB0045,REQ01544,13.093623,80.168095,28.3,135.0,EN_ROUTE_TO_PATIENT
2026-08-04 17:13:01,AMB0045,REQ01544,13.085482,80.173528,28.8,135.0,EN_ROUTE_TO_PATIENT
2026-08-04 17:13:05,AMB0045,REQ01544,13.077258,80.178543,53.7,135.0,EN_ROUTE_TO_PATIENT
2026-08-04 17:13:09,AMB0045,REQ01544,13.069671,80.183932,43.5,135.0,EN_ROUTE_TO_PATIENT
2026-08-04 17:13:13,AMB0045,REQ01544,13.062038,80.189698,51.2,135.0,EN_ROUTE_TO_PATIENT
2026-08-04 17:13:20,AMB0045,REQ01544,13.053724,80.194282,28.8,135.0,EN_ROUTE_TO_PATIENT
2026-08-04 17:13:24,AMB0045,REQ01544,13.045721,80.200457,30.7,135.0,EN_ROUTE_TO_PATIENT
2026-08-04 17:13:30,AMB0045,REQ01544,13.037824,80.205789,27.4,135.0,EN_ROUTE_TO_PATIENT
2026-08-04 17:14:36,AMB0045,REQ01544,13.037007,80.205509,44.1,135.0,EN_ROUTE_TO_HOSPITAL
2026-08-04 17:14:42,AMB0045,REQ01544,13.040518,80.209599,49.5,135.0,EN_ROUTE_TO_HOSPITAL
2026-08-04 17:14:46,AMB0045,REQ01544,13.043516,80.214892,23.4,135.0,EN_ROUTE_TO_HOSPITAL
2026-08-04 17:14:52,AMB0045,REQ01544,13.046149,80.219508,33.3,135.0,EN_ROUTE_TO_HOSPITAL
2026-08-04 17:14:56,AMB0045,REQ01544,13.049085,80.223933,29.7,135.0,EN_ROUTE_TO_HOSPITAL
2026-08-04 17:15:00,AMB0045,REQ01544,13.052441,80.228469,33.3,135.0,EN_ROUTE_TO_HOSPITAL
2026-08-04 17:15:06,AMB0045,REQ01544,13.055652,80.233508,54.8,135.0,EN_ROUTE_TO_HOSPITAL
2026-08-04 17:15:12,AMB0045,REQ01544,13.058004,80.23728,50.8,135.0,EN_ROUTE_TO_HOSPITAL
2026-08-04 17:15:17,AMB0045,REQ01544,13.062008,80.242613,26.6,135.0,EN_ROUTE_TO_HOSPITAL
2026-08-04 17:15:24,AMB0045,REQ01544,13.064237,80.246713,51.3,135.0,EN_ROUTE_TO_HOSPITAL
2026-08-04 17:15:32,AMB0045,REQ01544,13.067018,80.250957,29.5,135.0,EN_ROUTE_TO_HOSPITAL
2026-08-04 17:15:40,AMB0045,REQ01544,13.070287,80.255906,23.1,135.0,EN_ROUTE_TO_HOSPITAL
2026-08-04 17:15:46,AMB0045,REQ01544,13.072994,80.261177,22.5,135.0,EN_ROUTE_TO_HOSPITAL
2026-08-11 15:50:40,AMB0096,REQ02371,12.981002,80.258123,29.6,135.0,EN_ROUTE_TO_PATIENT
2026-08-11 15:50:46,AMB0096,REQ02371,12.985065,80.257125,20.1,135.0,EN_ROUTE_TO_PATIENT
2026-08-11 15:50:50,AMB0096,REQ02371,12.989651,80.256023,43.2,135.0,EN_ROUTE_TO_PATIENT
2026-08-11 15:50:57,AMB0096,REQ02371,12.993188,80.254208,43.5,135.0,EN_ROUTE_TO_PATIENT
2026-08-11 15:51:03,AMB0096,REQ02371,12.997152,80.252783,32.5,135.0,EN_ROUTE_TO_PATIENT
2026-08-11 15:51:07,AMB0096,REQ02371,13.001062,80.251941,43.6,135.0,EN_ROUTE_TO_PATIENT
2026-08-11 15:51:15,AMB0096,REQ02371,13.005457,80.249864,21.7,135.0,EN_ROUTE_TO_PATIENT
2026-08-11 15:51:19,AMB0096,REQ02371,13.009553,80.248682,49.4,135.0,EN_ROUTE_TO_PATIENT
2026-08-11 15:51:26,AMB0096,REQ02371,13.013601,80.247051,28.1,135.0,EN_ROUTE_TO_PATIENT
2026-08-11 15:51:30,AMB0096,REQ02371,13.016565,80.246196,21.0,135.0,EN_ROUTE_TO_PATIENT
2026-08-11 15:52:47,AMB0096,REQ02371,13.017235,80.245662,48.8,135.0,EN_ROUTE_TO_HOSPITAL
2026-08-11 15:52:52,AMB0096,REQ02371,13.005442,80.244478,45.0,135.0,EN_ROUTE_TO_HOSPITAL
2026-08-11 15:52:57,AMB0096,REQ02371,12.994236,80.242029,48.3,135.0,EN_ROUTE_TO_HOSPITAL
2026-08-11 15:53:04,AMB0096,REQ02371,12.984078,80.240627,26.4,135.0,EN_ROUTE_TO_HOSPITAL
2026-08-11 15:53:09,AMB0096,REQ02371,12.971915,80.239283,47.4,135.0,EN_ROUTE_TO_HOSPITAL
2026-08-11 15:53:14,AMB0096,REQ02371,12.961034,80.236743,49.1,135.0,EN_ROUTE_TO_HOSPITAL
2026-08-11 15:53:22,AMB0096,REQ02371,12.95005,80.235064,50.0,135.0,EN_ROUTE_TO_HOSPITAL
2026-08-11 15:53:26,AMB0096,REQ02371,12.938551,80.234207,29.2,135.0,EN_ROUTE_TO_HOSPITAL
2026-08-11 15:53:31,AMB0096,REQ02371,12.928132,80.232155,25.1,135.0,EN_ROUTE_TO_HOSPITAL
2026-08-11 15:53:38,AMB0096,REQ02371,12.916519,80.229736,51.2,135.0,EN_ROUTE_TO_HOSPITAL
2026-08-11 15:53:44,AMB0096,REQ02371,12.905174,80.229124,40.5,135.0,EN_ROUTE_TO_HOSPITAL
2026-08-19 14:52:18,AMB0080,REQ02125,13.033961,80.159725,30.9,135.0,EN_ROUTE_TO_PATIENT
2026-08-19 14:52:22,AMB0080,REQ02125,13.035732,80.164252,54.1,135.0,EN_ROUTE_TO_PATIENT
2026-08-19 14:52:27,AMB0080,REQ02125,13.038582,80.169261,44.4,135.0,EN_ROUTE_TO_PATIENT
2026-08-19 14:52:33,AMB0080,REQ02125,13.039934,80.172834,51.0,135.0,EN_ROUTE_TO_PATIENT
2026-08-19 14:52:38,AMB0080,REQ02125,13.04281,80.177984,35.0,135.0,EN_ROUTE_TO_PATIENT
2026-08-19 14:52:42,AMB0080,REQ02125,13.044094,80.181674,34.4,135.0,EN_ROUTE_TO_PATIENT
2026-08-19 14:52:50,AMB0080,REQ02125,13.046861,80.186402,46.3,135.0,EN_ROUTE_TO_PATIENT
2026-08-19 14:52:58,AMB0080,REQ02125,13.047969,80.190625,43.1,135.0,EN_ROUTE_TO_PATIENT
2026-08-19 14:53:03,AMB0080,REQ02125,13.050214,80.19491,26.6,135.0,EN_ROUTE_TO_PATIENT
2026-08-19 14:53:09,AMB0080,REQ02125,13.052591,80.200066,27.1,135.0,EN_ROUTE_TO_PATIENT
2026-08-19 14:53:16,AMB0080,REQ02125,13.054535,80.203868,41.3,135.0,EN_ROUTE_TO_PATIENT
2026-08-19 14:53:24,AMB0080,REQ02125,13.056365,80.208691,26.6,135.0,EN_ROUTE_TO_PATIENT
2026-08-19 14:54:22,AMB0080,REQ02125,13.056718,80.208663,52.3,135.0,EN_ROUTE_TO_HOSPITAL
2026-08-19 14:54:28,AMB0080,REQ02125,13.056137,80.208965,32.9,135.0,EN_ROUTE_TO_HOSPITAL
2026-08-19 14:54:36,AMB0080,REQ02125,13.05548,80.209957,39.8,135.0,EN_ROUTE_TO_HOSPITAL
2026-08-19 14:54:41,AMB0080,REQ02125,13.055291,80.20949,31.4,135.0,EN_ROUTE_TO_HOSPITAL
2026-08-19 14:54:48,AMB0080,REQ02125,13.054766,80.210156,29.8,135.0,EN_ROUTE_TO_HOSPITAL
2026-08-19 14:54:55,AMB0080,REQ02125,13.05461,80.210813,31.3,135.0,EN_ROUTE_TO_HOSPITAL
2026-08-19 14:55:03,AMB0080,REQ02125,13.053149,80.210915,29.5,135.0,EN_ROUTE_TO_HOSPITAL
2026-08-19 14:55:10,AMB0080,REQ02125,13.053308,80.211423,36.0,135.0,EN_ROUTE_TO_HOSPITAL
2026-08-19 14:55:17,AMB0080,REQ02125,13.05234,80.212241,32.8,135.0,EN_ROUTE_TO_HOSPITAL
2026-08-16 07:52:45,AMB0102,REQ01349,12.951957,80.209913,47.3,135.0,EN_ROUTE_TO_PATIENT
2026-08-16 07:52:52,AMB0102,REQ01349,12.953204,80.20667,51.2,135.0,EN_ROUTE_TO_PATIENT
2026-08-16 07:52:56,AMB0102,REQ01349,12.95425,80.20344,39.1,135.0,EN_ROUTE_TO_PATIENT
2026-08-16 07:53:00,AMB0102,REQ01349,12.955947,80.200419,21.4,135.0,EN_ROUTE_TO_PATIENT
2026-08-16 07:53:05,AMB0102,REQ01349,12.957247,80.197309,48.7,135.0,EN_ROUTE_TO_PATIENT
2026-08-16 07:53:10,AMB0102,REQ01349,12.958756,80.194133,26.3,135.0,EN_ROUTE_TO_PATIENT
2026-08-16 07:53:14,AMB0102,REQ01349,12.960547,80.190963,45.1,135.0,EN_ROUTE_TO_PATIENT
2026-08-16 07:53:19,AMB0102,REQ01349,12.961272,80.187942,40.4,135.0,EN_ROUTE_TO_PATIENT
2026-08-16 07:53:25,AMB0102,REQ01349,12.962842,80.185757,23.7,135.0,EN_ROUTE_TO_PATIENT
2026-08-16 07:53:29,AMB0102,REQ01349,12.964867,80.182451,50.1,135.0,EN_ROUTE_TO_PATIENT
2026-08-16 07:53:36,AMB0102,REQ01349,12.965908,80.179073,40.9,135.0,EN_ROUTE_TO_PATIENT
2026-08-16 07:53:41,AMB0102,REQ01349,12.967867,80.176751,24.8,135.0,EN_ROUTE_TO_PATIENT
2026-08-16 07:53:46,AMB0102,REQ01349,12.968603,80.173158,39.4,135.0,EN_ROUTE_TO_PATIENT
2026-08-16 07:53:52,AMB0102,REQ01349,12.970727,80.170042,23.5,135.0,EN_ROUTE_TO_PATIENT
2026-08-16 07:53:57,AMB0102,REQ01349,12.972248,80.167118,52.7,135.0,EN_ROUTE_TO_PATIENT
2026-08-16 07:54:04,AMB0102,REQ01349,12.973681,80.164158,48.7,135.0,EN_ROUTE_TO_PATIENT
2026-08-16 07:54:09,AMB0102,REQ01349,12.975145,80.161094,34.4,135.0,EN_ROUTE_TO_PATIENT
2026-08-16 07:54:51,AMB0102,REQ01349,12.974836,80.161502,30.3,135.0,EN_ROUTE_TO_HOSPITAL
2026-08-16 07:54:57,AMB0102,REQ01349,12.981115,80.16802,27.1,135.0,EN_ROUTE_TO_HOSPITAL
2026-08-16 07:55:04,AMB0102,REQ01349,12.987706,80.173841,23.7,135.0,EN_ROUTE_TO_HOSPITAL
2026-08-16 07:55:08,AMB0102,REQ01349,12.992862,80.179557,29.3,135.0,EN_ROUTE_TO_HOSPITAL
2026-08-16 07:55:12,AMB0102,REQ01349,12.999919,80.185844,49.2,135.0,EN_ROUTE_TO_HOSPITAL
2026-08-16 07:55:19,AMB0102,REQ01349,13.005794,80.192026,37.1,135.0,EN_ROUTE_TO_HOSPITAL
2026-08-16 07:55:26,AMB0102,REQ01349,13.011625,80.198304,37.3,135.0,EN_ROUTE_TO_HOSPITAL
2026-08-16 07:55:34,AMB0102,REQ01349,13.01829,80.204422,48.3,135.0,EN_ROUTE_TO_HOSPITAL
2026-08-16 07:55:38,AMB0102,REQ01349,13.023629,80.2105,43.8,135.0,EN_ROUTE_TO_HOSPITAL
2026-08-16 07:55:44,AMB0102,REQ01349,13.029955,80.217815,46.7,135.0,EN_ROUTE_TO_HOSPITAL
2026-08-16 07:55:48,AMB0102,REQ01349,13.036837,80.223347,27.3,135.0,EN_ROUTE_TO_HOSPITAL
2026-08-16 07:55:55,AMB0102,REQ01349,13.043077,80.230181,38.8,135.0,EN_ROUTE_TO_HOSPITAL
2026-08-16 07:56:00,AMB0102,REQ01349,13.048745,80.235901,26.8,135.0,EN_ROUTE_TO_HOSPITAL
2026-08-16 07:56:05,AMB0102,REQ01349,13.055083,80.24215,44.7,135.0,EN_ROUTE_TO_HOSPITAL
2026-08-16 07:56:12,AMB0102,REQ01349,13.061418,80.24886,26.7,135.0,EN_ROUTE_TO_HOSPITAL
2026-08-16 07:56:18,AMB0102,REQ01349,13.067898,80.254197,47.8,135.0,EN_ROUTE_TO_HOSPITAL
2026-08-16 07:56:25,AMB0102,REQ01349,13.073022,80.26053,41.4,135.0,EN_ROUTE_TO_HOSPITAL
2026-08-14 16:40:28,AMB0030,REQ00501,13.069617,80.26472,43.9,135.0,EN_ROUTE_TO_PATIENT
2026-08-14 16:40:34,AMB0030,REQ00501,13.068634,80.259224,33.6,135.0,EN_ROUTE_TO_PATIENT
2026-08-14 16:40:39,AMB0030,REQ00501,13.067203,80.255318,28.2,135.0,EN_ROUTE_TO_PATIENT
2026-08-14 16:40:43,AMB0030,REQ00501,13.066773,80.249629,41.0,135.0,EN_ROUTE_TO_PATIENT
2026-08-14 16:40:47,AMB0030,REQ00501,13.066112,80.245006,21.3,135.0,EN_ROUTE_TO_PATIENT
2026-08-14 16:40:53,AMB0030,REQ00501,13.065612,80.240181,23.2,135.0,EN_ROUTE_TO_PATIENT
2026-08-14 16:40:59,AMB0030,REQ00501,13.064323,80.235732,24.0,135.0,EN_ROUTE_TO_PATIENT
2026-08-14 16:41:05,AMB0030,REQ00501,13.063718,80.231777,38.2,135.0,EN_ROUTE_TO_PATIENT
2026-08-14 16:41:12,AMB0030,REQ00501,13.063047,80.22642,51.7,135.0,EN_ROUTE_TO_PATIENT
2026-08-14 16:41:19,AMB0030,REQ00501,13.062345,80.221316,27.4,135.0,EN_ROUTE_TO_PATIENT
2026-08-14 16:41:24,AMB0030,REQ00501,13.061238,80.217443,27.1,135.0,EN_ROUTE_TO_PATIENT
2026-08-14 16:41:31,AMB0030,REQ00501,13.061038,80.212049,21.2,135.0,EN_ROUTE_TO_PATIENT
2026-08-14 16:42:58,AMB0030,REQ00501,13.060009,80.212464,48.5,135.0,EN_ROUTE_TO_HOSPITAL
2026-08-14 16:43:06,AMB0030,REQ00501,13.058914,80.215512,34.1,135.0,EN_ROUTE_TO_HOSPITAL
2026-08-14 16:43:13,AMB0030,REQ00501,13.058198,80.218518,37.6,135.0,EN_ROUTE_TO_HOSPITAL
2026-08-14 16:43:21,AMB0030,REQ00501,13.056548,80.222164,32.9,135.0,EN_ROUTE_TO_HOSPITAL
2026-08-14 16:43:29,AMB0030,REQ00501,13.055308,80.22455,49.2,135.0,EN_ROUTE_TO_HOSPITAL
2026-08-14 16:43:35,AMB0030,REQ00501,13.053818,80.227887,27.4,135.0,EN_ROUTE_TO_HOSPITAL
2026-08-14 16:43:39,AMB0030,REQ00501,13.052486,80.231009,33.5,135.0,EN_ROUTE_TO_HOSPITAL
2026-08-14 16:43:43,AMB0030,REQ00501,13.051013,80.234124,22.1,135.0,EN_ROUTE_TO_HOSPITAL
2026-08-14 16:43:50,AMB0030,REQ00501,13.049874,80.237352,32.4,135.0,EN_ROUTE_TO_HOSPITAL
2026-08-14 16:43:54,AMB0030,REQ00501,13.048987,80.240862,30.7,135.0,EN_ROUTE_TO_HOSPITAL
2026-08-14 16:44:02,AMB0030,REQ00501,13.047695,80.242923,28.9,135.0,EN_ROUTE_TO_HOSPITAL
2026-08-14 16:44:09,AMB0030,REQ00501,13.046222,80.24657,27.2,135.0,EN_ROUTE_TO_HOSPITAL
2026-08-14 16:44:17,AMB0030,REQ00501,13.044474,80.249982,52.7,135.0,EN_ROUTE_TO_HOSPITAL
2026-08-17 13:11:21,AMB0030,REQ01376,13.069655,80.263827,44.6,135.0,EN_ROUTE_TO_PATIENT
2026-08-17 13:11:27,AMB0030,REQ01376,13.074631,80.260823,36.8,135.0,EN_ROUTE_TO_PATIENT
2026-08-17 13:11:33,AMB0030,REQ01376,13.07977,80.256914,45.0,135.0,EN_ROUTE_TO_PATIENT
2026-08-17 13:11:41,AMB0030,REQ01376,13.085403,80.253489,44.1,135.0,EN_ROUTE_TO_PATIENT
2026-08-17 13:11:46,AMB0030,REQ01376,13.091418,80.250159,47.4,135.0,EN_ROUTE_TO_PATIENT
2026-08-17 13:11:52,AMB0030,REQ01376,13.096488,80.247047,22.5,135.0,EN_ROUTE_TO_PATIENT
2026-08-17 13:11:57,AMB0030,REQ01376,13.102227,80.243869,26.0,135.0,EN_ROUTE_TO_PATIENT
2026-08-17 13:12:04,AMB0030,REQ01376,13.108213,80.240592,30.6,135.0,EN_ROUTE_TO_PATIENT
2026-08-17 13:12:09,AMB0030,REQ01376,13.11315,80.236971,31.2,135.0,EN_ROUTE_TO_PATIENT
2026-08-17 13:12:15,AMB0030,REQ01376,13.118689,80.233989,44.1,135.0,EN_ROUTE_TO_PATIENT
2026-08-17 13:12:23,AMB0030,REQ01376,13.124468,80.229726,45.9,135.0,EN_ROUTE_TO_PATIENT
2026-08-17 13:12:28,AMB0030,REQ01376,13.129201,80.226123,30.0,135.0,EN_ROUTE_TO_PATIENT
2026-08-17 13:12:33,AMB0030,REQ01376,13.134481,80.223174,41.0,135.0,EN_ROUTE_TO_PATIENT
2026-08-17 13:13:10,AMB0030,REQ01376,13.134561,80.222615,49.7,135.0,EN_ROUTE_TO_HOSPITAL
2026-08-17 13:13:15,AMB0030,REQ01376,13.118556,80.216183,28.9,135.0,EN_ROUTE_TO_HOSPITAL
2026-08-17 13:13:23,AMB0030,REQ01376,13.103041,80.208306,53.4,135.0,EN_ROUTE_TO_HOSPITAL
2026-08-17 13:13:30,AMB0030,REQ01376,13.08621,80.201204,29.9,135.0,EN_ROUTE_TO_HOSPITAL
2026-08-17 13:13:36,AMB0030,REQ01376,13.070394,80.193988,24.8,135.0,EN_ROUTE_TO_HOSPITAL
2026-08-17 13:13:41,AMB0030,REQ01376,13.054335,80.185855,52.5,135.0,EN_ROUTE_TO_HOSPITAL
2026-08-17 13:13:48,AMB0030,REQ01376,13.037094,80.1787,38.5,135.0,EN_ROUTE_TO_HOSPITAL
2026-08-17 13:13:54,AMB0030,REQ01376,13.021604,80.172067,46.3,135.0,EN_ROUTE_TO_HOSPITAL
2026-08-17 13:13:59,AMB0030,REQ01376,13.005465,80.16454,35.8,135.0,EN_ROUTE_TO_HOSPITAL
2026-08-17 13:14:06,AMB0030,REQ01376,12.989123,80.156452,37.6,135.0,EN_ROUTE_TO_HOSPITAL
2026-08-17 13:14:11,AMB0030,REQ01376,12.972309,80.150117,20.7,135.0,EN_ROUTE_TO_HOSPITAL
2026-08-17 13:14:15,AMB0030,REQ01376,12.956834,80.141957,39.2,135.0,EN_ROUTE_TO_HOSPITAL
2026-08-17 13:14:23,AMB0030,REQ01376,12.94015,80.134325,23.6,135.0,EN_ROUTE_TO_HOSPITAL
2026-08-17 13:14:28,AMB0030,REQ01376,12.923918,80.127698,30.7,135.0,EN_ROUTE_TO_HOSPITAL
2026-09-05 09:49:16,AMB0097,REQ01752,12.987094,80.259815,26.5,135.0,EN_ROUTE_TO_PATIENT
2026-09-05 09:49:23,AMB0097,REQ01752,12.997334,80.260583,40.1,135.0,EN_ROUTE_TO_PATIENT
2026-09-05 09:49:30,AMB0097,REQ01752,13.007554,80.261709,29.5,135.0,EN_ROUTE_TO_PATIENT
2026-09-05 09:49:36,AMB0097,REQ01752,13.017449,80.263036,52.1,135.0,EN_ROUTE_TO_PATIENT
2026-09-05 09:49:40,AMB0097,REQ01752,13.028693,80.264195,26.7,135.0,EN_ROUTE_TO_PATIENT
2026-09-05 09:49:45,AMB0097,REQ01752,13.038129,80.265197,22.4,135.0,EN_ROUTE_TO_PATIENT
2026-09-05 09:49:49,AMB0097,REQ01752,13.048835,80.266898,32.5,135.0,EN_ROUTE_TO_PATIENT
2026-09-05 09:49:57,AMB0097,REQ01752,13.059089,80.268039,34.5,135.0,EN_ROUTE_TO_PATIENT
2026-09-05 09:50:02,AMB0097,REQ01752,13.069777,80.268319,41.4,135.0,EN_ROUTE_TO_PATIENT
2026-09-05 09:50:10,AMB0097,REQ01752,13.080386,80.270189,46.3,135.0,EN_ROUTE_TO_PATIENT
2026-09-05 09:50:56,AMB0097,REQ01752,13.079964,80.269476,24.9,135.0,EN_ROUTE_TO_HOSPITAL
2026-09-05 09:51:03,AMB0097,REQ01752,13.078062,80.264466,26.9,135.0,EN_ROUTE_TO_HOSPITAL
2026-09-05 09:51:09,AMB0097,REQ01752,13.074936,80.25928,30.6,135.0,EN_ROUTE_TO_HOSPITAL
2026-09-05 09:51:14,AMB0097,REQ01752,13.072695,80.253954,20.6,135.0,EN_ROUTE_TO_HOSPITAL
2026-09-05 09:51:22,AMB0097,REQ01752,13.069622,80.24903,21.0,135.0,EN_ROUTE_TO_HOSPITAL
2026-09-05 09:51:27,AMB0097,REQ01752,13.067277,80.243503,42.5,135.0,EN_ROUTE_TO_HOSPITAL
2026-09-05 09:51:33,AMB0097,REQ01752,13.065534,80.237883,44.2,135.0,EN_ROUTE_TO_HOSPITAL
2026-09-05 09:51:37,AMB0097,REQ01752,13.062079,80.2323,28.6,135.0,EN_ROUTE_TO_HOSPITAL
2026-09-05 09:51:43,AMB0097,REQ01752,13.059858,80.227084,48.7,135.0,EN_ROUTE_TO_HOSPITAL
2026-09-05 09:51:49,AMB0097,REQ01752,13.056774,80.221267,26.9,135.0,EN_ROUTE_TO_HOSPITAL
2026-09-05 09:51:56,AMB0097,REQ01752,13.054442,80.216037,35.1,135.0,EN_ROUTE_TO_HOSPITAL
2026-09-05 09:52:00,AMB0097,REQ01752,13.051609,80.21151,27.3,135.0,EN_ROUTE_TO_HOSPITAL
2026-09-05 12:01:08,AMB0049,REQ02570,13.067316,80.197369,50.3,135.0,EN_ROUTE_TO_PATIENT
2026-09-05 12:01:14,AMB0049,REQ02570,13.06698,80.19928,24.4,135.0,EN_ROUTE_TO_PATIENT
2026-09-05 12:01:22,AMB0049,REQ02570,13.066931,80.202449,42.0,135.0,EN_ROUTE_TO_PATIENT
2026-09-05 12:01:27,AMB0049,REQ02570,13.066264,80.205345,48.7,135.0,EN_ROUTE_TO_PATIENT
2026-09-05 12:01:34,AMB0049,REQ02570,13.066529,80.207889,52.7,135.0,EN_ROUTE_TO_PATIENT
2026-09-05 12:01:39,AMB0049,REQ02570,13.066014,80.209882,36.3,135.0,EN_ROUTE_TO_PATIENT
2026-09-05 12:01:44,AMB0049,REQ02570,13.065321,80.212961,45.6,135.0,EN_ROUTE_TO_PATIENT
2026-09-05 12:01:49,AMB0049,REQ02570,13.065328,80.215441,51.9,135.0,EN_ROUTE_TO_PATIENT
2026-09-05 12:01:56,AMB0049,REQ02570,13.064742,80.217618,53.2,135.0,EN_ROUTE_TO_PATIENT
2026-09-05 12:02:02,AMB0049,REQ02570,13.065202,80.220342,43.9,135.0,EN_ROUTE_TO_PATIENT
2026-09-05 12:02:08,AMB0049,REQ02570,13.064405,80.222899,27.1,135.0,EN_ROUTE_TO_PATIENT
2026-09-05 12:02:15,AMB0049,REQ02570,13.063863,80.225895,34.6,135.0,EN_ROUTE_TO_PATIENT
2026-09-05 12:03:31,AMB0049,REQ02570,13.063787,80.225928,53.5,135.0,EN_ROUTE_TO_HOSPITAL
2026-09-05 12:03:38,AMB0049,REQ02570,13.063126,80.225244,43.1,135.0,EN_ROUTE_TO_HOSPITAL
2026-09-05 12:03:45,AMB0049,REQ02570,13.061952,80.223021,36.8,135.0,EN_ROUTE_TO_HOSPITAL
2026-09-05 12:03:50,AMB0049,REQ02570,13.060962,80.222064,33.5,135.0,EN_ROUTE_TO_HOSPITAL
2026-09-05 12:03:58,AMB0049,REQ02570,13.059634,80.221732,34.3,135.0,EN_ROUTE_TO_HOSPITAL
2026-09-05 12:04:03,AMB0049,REQ02570,13.059298,80.220615,20.2,135.0,EN_ROUTE_TO_HOSPITAL
2026-09-05 12:04:07,AMB0049,REQ02570,13.057698,80.218839,44.2,135.0,EN_ROUTE_TO_HOSPITAL
2026-09-05 12:04:12,AMB0049,REQ02570,13.056635,80.218911,27.7,135.0,EN_ROUTE_TO_HOSPITAL
2026-09-05 12:04:19,AMB0049,REQ02570,13.055825,80.216689,41.5,135.0,EN_ROUTE_TO_HOSPITAL
2026-09-05 12:04:27,AMB0049,REQ02570,13.055313,80.216691,45.8,135.0,EN_ROUTE_TO_HOSPITAL
2026-09-05 12:04:35,AMB0049,REQ02570,13.05315,80.215047,53.2,135.0,EN_ROUTE_TO_HOSPITAL
2026-09-05 12:04:39,AMB0049,REQ02570,13.052259,80.214273,49.0,135.0,EN_ROUTE_TO_HOSPITAL
2026-09-05 12:04:43,AMB0049,REQ02570,13.052195,80.213237,26.0,135.0,EN_ROUTE_TO_HOSPITAL
2026-09-05 12:04:50,AMB0049,REQ02570,13.050685,80.211703,43.3,135.0,EN_ROUTE_TO_HOSPITAL
2026-08-29 21:18:47,AMB0038,REQ01085,13.080956,80.206967,28.2,135.0,EN_ROUTE_TO_PATIENT
2026-08-29 21:18:55,AMB0038,REQ01085,13.070199,80.198827,41.9,135.0,EN_ROUTE_TO_PATIENT
2026-08-29 21:19:01,AMB0038,REQ01085,13.059496,80.191633,42.3,135.0,EN_ROUTE_TO_PATIENT
2026-08-29 21:19:07,AMB0038,REQ01085,13.048717,80.18469,44.6,135.0,EN_ROUTE_TO_PATIENT
2026-08-29 21:19:11,AMB0038,REQ01085,13.037965,80.178209,44.3,135.0,EN_ROUTE_TO_PATIENT
2026-08-29 21:19:16,AMB0038,REQ01085,13.026699,80.17077,40.7,135.0,EN_ROUTE_TO_PATIENT
2026-08-29 21:19:21,AMB0038,REQ01085,13.015454,80.163289,54.4,135.0,EN_ROUTE_TO_PATIENT
2026-08-29 21:19:25,AMB0038,REQ01085,13.00418,80.156194,36.3,135.0,EN_ROUTE_TO_PATIENT
2026-08-29 21:19:30,AMB0038,REQ01085,12.993255,80.149123,26.9,135.0,EN_ROUTE_TO_PATIENT
2026-08-29 21:19:35,AMB0038,REQ01085,12.982383,80.141135,28.5,135.0,EN_ROUTE_TO_PATIENT
2026-08-29 21:19:43,AMB0038,REQ01085,12.970942,80.134292,25.3,135.0,EN_ROUTE_TO_PATIENT
2026-08-29 21:19:48,AMB0038,REQ01085,12.960421,80.127318,40.2,135.0,EN_ROUTE_TO_PATIENT
2026-08-29 21:19:56,AMB0038,REQ01085,12.948816,80.120174,43.7,135.0,EN_ROUTE_TO_PATIENT
2026-08-29 21:20:00,AMB0038,REQ01085,12.938622,80.112694,23.7,135.0,EN_ROUTE_TO_PATIENT
2026-08-29 21:20:04,AMB0038,REQ01085,12.927162,80.104874,53.5,135.0,EN_ROUTE_TO_PATIENT
2026-08-29 21:21:19,AMB0038,REQ01085,12.927444,80.105535,37.4,135.0,EN_ROUTE_TO_HOSPITAL
2026-08-29 21:21:26,AMB0038,REQ01085,12.936718,80.11783,52.2,135.0,EN_ROUTE_TO_HOSPITAL
2026-08-29 21:21:31,AMB0038,REQ01085,12.947418,80.129657,38.9,135.0,EN_ROUTE_TO_HOSPITAL
2026-08-29 21:21:38,AMB0038,REQ01085,12.956777,80.14237,41.1,135.0,EN_ROUTE_TO_HOSPITAL
2026-08-29 21:21:45,AMB0038,REQ01085,12.966448,80.154395,39.3,135.0,EN_ROUTE_TO_HOSPITAL
2026-08-29 21:21:52,AMB0038,REQ01085,12.975679,80.166284,33.7,135.0,EN_ROUTE_TO_HOSPITAL
2026-08-29 21:21:59,AMB0038,REQ01085,12.98564,80.178741,53.0,135.0,EN_ROUTE_TO_HOSPITAL
2026-08-29 21:22:04,AMB0038,REQ01085,12.996249,80.190193,28.6,135.0,EN_ROUTE_TO_HOSPITAL
2026-08-29 21:22:08,AMB0038,REQ01085,13.005862,80.203235,42.2,135.0,EN_ROUTE_TO_HOSPITAL
2026-08-29 21:22:14,AMB0038,REQ01085,13.015647,80.215233,26.4,135.0,EN_ROUTE_TO_HOSPITAL
2026-08-29 21:22:22,AMB0038,REQ01085,13.0257,80.227294,47.0,135.0,EN_ROUTE_TO_HOSPITAL
2026-08-29 21:22:29,AMB0038,REQ01085,13.034426,80.238635,31.5,135.0,EN_ROUTE_TO_HOSPITAL
2026-08-29 21:22:35,AMB0038,REQ01085,13.044678,80.250767,29.0,135.0,EN_ROUTE_TO_HOSPITAL
2026-08-29 21:22:41,AMB0038,REQ01085,13.054912,80.263067,47.9,135.0,EN_ROUTE_TO_HOSPITAL
2026-08-01 18:19:19,AMB0127,REQ00927,12.951405,80.26203,26.3,135.0,EN_ROUTE_TO_PATIENT
2026-08-01 18:19:23,AMB0127,REQ00927,12.962204,80.26525,38.2,135.0,EN_ROUTE_TO_PATIENT
2026-08-01 18:19:31,AMB0127,REQ00927,12.972819,80.266608,46.8,135.0,EN_ROUTE_TO_PATIENT
2026-08-01 18:19:35,AMB0127,REQ00927,12.983812,80.269964,53.1,135.0,EN_ROUTE_TO_PATIENT
2026-08-01 18:19:42,AMB0127,REQ00927,12.994309,80.271418,28.1,135.0,EN_ROUTE_TO_PATIENT
2026-08-01 18:19:47,AMB0127,REQ00927,13.00496,80.274075,37.7,135.0,EN_ROUTE_TO_PATIENT
2026-08-01 18:19:52,AMB0127,REQ00927,13.015626,80.276432,37.2,135.0,EN_ROUTE_TO_PATIENT
2026-08-01 18:19:58,AMB0127,REQ00927,13.025731,80.278061,36.9,135.0,EN_ROUTE_TO_PATIENT
2026-08-01 18:20:04,AMB0127,REQ00927,13.03691,80.280212,22.7,135.0,EN_ROUTE_TO_PATIENT
2026-08-01 18:20:09,AMB0127,REQ00927,13.047092,80.283293,36.7,135.0,EN_ROUTE_TO_PATIENT
2026-08-01 18:20:14,AMB0127,REQ00927,13.058103,80.284931,26.1,135.0,EN_ROUTE_TO_PATIENT
2026-08-01 18:20:20,AMB0127,REQ00927,13.068898,80.287612,41.0,135.0,EN_ROUTE_TO_PATIENT
2026-08-01 18:20:24,AMB0127,REQ00927,13.079962,80.290253,45.2,135.0,EN_ROUTE_TO_PATIENT
2026-08-01 18:20:29,AMB0127,REQ00927,13.090098,80.292099,32.6,135.0,EN_ROUTE_TO_PATIENT
2026-08-01 18:20:37,AMB0127,REQ00927,13.100949,80.293794,27.4,135.0,EN_ROUTE_TO_PATIENT
2026-08-01 18:20:43,AMB0127,REQ00927,13.111835,80.296494,22.9,135.0,EN_ROUTE_TO_PATIENT
2026-08-01 18:21:34,AMB0127,REQ00927,13.110982,80.296202,31.0,135.0,EN_ROUTE_TO_HOSPITAL
2026-08-01 18:21:42,AMB0127,REQ00927,13.109606,80.289315,22.6,135.0,EN_ROUTE_TO_HOSPITAL
2026-08-01 18:21:46,AMB0127,REQ00927,13.108227,80.281176,34.4,135.0,EN_ROUTE_TO_HOSPITAL
2026-08-01 18:21:52,AMB0127,REQ00927,13.105536,80.273576,45.0,135.0,EN_ROUTE_TO_HOSPITAL
2026-08-01 18:21:59,AMB0127,REQ00927,13.103437,80.264916,48.8,135.0,EN_ROUTE_TO_HOSPITAL
2026-08-01 18:22:05,AMB0127,REQ00927,13.101833,80.257777,48.2,135.0,EN_ROUTE_TO_HOSPITAL
2026-08-01 18:22:09,AMB0127,REQ00927,13.100248,80.249873,48.8,135.0,EN_ROUTE_TO_HOSPITAL
2026-08-01 18:22:14,AMB0127,REQ00927,13.0986,80.241718,44.0,135.0,EN_ROUTE_TO_HOSPITAL
2026-08-01 18:22:22,AMB0127,REQ00927,13.097128,80.234344,22.1,135.0,EN_ROUTE_TO_HOSPITAL
2026-08-01 18:22:26,AMB0127,REQ00927,13.094407,80.225963,47.2,135.0,EN_ROUTE_TO_HOSPITAL
2026-08-01 18:22:31,AMB0127,REQ00927,13.093581,80.218271,49.1,135.0,EN_ROUTE_TO_HOSPITAL
2026-08-01 18:22:35,AMB0127,REQ00927,13.091497,80.209777,52.9,135.0,EN_ROUTE_TO_HOSPITAL
2026-08-01 18:22:43,AMB0127,REQ00927,13.089696,80.201899,47.0,135.0,EN_ROUTE_TO_HOSPITAL
2026-08-01 18:22:49,AMB0127,REQ00927,13.087381,80.194203,44.0,135.0,EN_ROUTE_TO_HOSPITAL
2026-08-01 18:22:53,AMB0127,REQ00927,13.085921,80.18659,39.3,135.0,EN_ROUTE_TO_HOSPITAL
2026-08-08 14:59:01,AMB0121,REQ01835,12.971489,80.146159,43.4,135.0,EN_ROUTE_TO_PATIENT
2026-08-08 14:59:08,AMB0121,REQ01835,12.972858,80.160702,46.2,135.0,EN_ROUTE_TO_PATIENT
2026-08-08 14:59:14,AMB0121,REQ01835,12.974765,80.176093,54.1,135.0,EN_ROUTE_TO_PATIENT
2026-08-08 14:59:18,AMB0121,REQ01835,12.976854,80.190156,42.7,135.0,EN_ROUTE_TO_PATIENT
2026-08-08 14:59:24,AMB0121,REQ01835,12.979516,80.205468,36.6,135.0,EN_ROUTE_TO_PATIENT
2026-08-08 14:59:28,AMB0121,REQ01835,12.981203,80.219466,54.6,135.0,EN_ROUTE_TO_PATIENT
2026-08-08 14:59:36,AMB0121,REQ01835,12.982629,80.234347,21.1,135.0,EN_ROUTE_TO_PATIENT
2026-08-08 14:59:44,AMB0121,REQ01835,12.985784,80.248603,25.8,135.0,EN_ROUTE_TO_PATIENT
2026-08-08 14:59:48,AMB0121,REQ01835,12.987668,80.263341,27.5,135.0,EN_ROUTE_TO_PATIENT
2026-08-08 14:59:52,AMB0121,REQ01835,12.989072,80.277334,44.4,135.0,EN_ROUTE_TO_PATIENT
2026-08-08 15:00:41,AMB0121,REQ01835,12.989147,80.278041,30.9,135.0,EN_ROUTE_TO_HOSPITAL
2026-08-08 15:00:45,AMB0121,REQ01835,12.999035,80.273337,49.1,135.0,EN_ROUTE_TO_HOSPITAL
2026-08-08 15:00:51,AMB0121,REQ01835,13.008567,80.269943,45.8,135.0,EN_ROUTE_TO_HOSPITAL
2026-08-08 15:00:55,AMB0121,REQ01835,13.018561,80.266008,29.6,135.0,EN_ROUTE_TO_HOSPITAL
2026-08-08 15:01:01,AMB0121,REQ01835,13.028997,80.262146,30.8,135.0,EN_ROUTE_TO_HOSPITAL
2026-08-08 15:01:09,AMB0121,REQ01835,13.039175,80.258198,36.3,135.0,EN_ROUTE_TO_HOSPITAL
2026-08-08 15:01:17,AMB0121,REQ01835,13.048846,80.254239,30.4,135.0,EN_ROUTE_TO_HOSPITAL
2026-08-08 15:01:23,AMB0121,REQ01835,13.058023,80.249883,39.7,135.0,EN_ROUTE_TO_HOSPITAL
2026-08-08 15:01:28,AMB0121,REQ01835,13.068546,80.246908,30.5,135.0,EN_ROUTE_TO_HOSPITAL
2026-08-08 15:01:32,AMB0121,REQ01835,13.078338,80.242369,46.6,135.0,EN_ROUTE_TO_HOSPITAL
2026-08-30 22:43:07,AMB0113,REQ00370,12.916087,80.192149,54.0,135.0,EN_ROUTE_TO_PATIENT
2026-08-30 22:43:11,AMB0113,REQ00370,12.925985,80.193126,34.3,135.0,EN_ROUTE_TO_PATIENT
2026-08-30 22:43:17,AMB0113,REQ00370,12.935357,80.194449,40.4,135.0,EN_ROUTE_TO_PATIENT
2026-08-30 22:43:23,AMB0113,REQ00370,12.944721,80.196357,53.3,135.0,EN_ROUTE_TO_PATIENT
2026-08-30 22:43:30,AMB0113,REQ00370,12.955068,80.197704,45.7,135.0,EN_ROUTE_TO_PATIENT
2026-08-30 22:43:35,AMB0113,REQ00370,12.963992,80.199043,50.2,135.0,EN_ROUTE_TO_PATIENT
2026-08-30 22:43:39,AMB0113,REQ00370,12.974541,80.201587,51.3,135.0,EN_ROUTE_TO_PATIENT
2026-08-30 22:43:43,AMB0113,REQ00370,12.983366,80.202106,22.2,135.0,EN_ROUTE_TO_PATIENT
2026-08-30 22:43:47,AMB0113,REQ00370,12.993796,80.203774,44.5,135.0,EN_ROUTE_TO_PATIENT
2026-08-30 22:43:54,AMB0113,REQ00370,13.003446,80.205674,34.8,135.0,EN_ROUTE_TO_PATIENT
2026-08-30 22:44:02,AMB0113,REQ00370,13.013175,80.207763,52.3,135.0,EN_ROUTE_TO_PATIENT
2026-08-30 22:44:07,AMB0113,REQ00370,13.022339,80.20911,48.6,135.0,EN_ROUTE_TO_PATIENT
2026-08-30 22:44:12,AMB0113,REQ00370,13.032447,80.20999,23.5,135.0,EN_ROUTE_TO_PATIENT
2026-08-30 22:44:20,AMB0113,REQ00370,13.042078,80.21141,47.8,135.0,EN_ROUTE_TO_PATIENT
2026-08-30 22:44:28,AMB0113,REQ00370,13.051699,80.213504,40.2,135.0,EN_ROUTE_TO_PATIENT
2026-08-30 22:44:34,AMB0113,REQ00370,13.061288,80.215385,38.0,135.0,EN_ROUTE_TO_PATIENT
2026-08-30 22:45:56,AMB0113,REQ00370,13.061265,80.215104,45.2,135.0,EN_ROUTE_TO_HOSPITAL
2026-08-30 22:46:00,AMB0113,REQ00370,13.048956,80.21467,48.2,135.0,EN_ROUTE_TO_HOSPITAL
2026-08-30 22:46:06,AMB0113,REQ00370,13.036156,80.213764,36.8,135.0,EN_ROUTE_TO_HOSPITAL
2026-08-30 22:46:12,AMB0113,REQ00370,13.024577,80.212976,44.3,135.0,EN_ROUTE_TO_HOSPITAL
2026-08-30 22:46:16,AMB0113,REQ00370,13.011561,80.212561,48.9,135.0,EN_ROUTE_TO_HOSPITAL
2026-08-30 22:46:21,AMB0113,REQ00370,12.999842,80.212471,49.1,135.0,EN_ROUTE_TO_HOSPITAL
2026-08-30 22:46:27,AMB0113,REQ00370,12.986904,80.211454,33.6,135.0,EN_ROUTE_TO_HOSPITAL
2026-08-30 22:46:33,AMB0113,REQ00370,12.974234,80.211521,33.4,135.0,EN_ROUTE_TO_HOSPITAL
2026-08-30 22:46:39,AMB0113,REQ00370,12.962608,80.211098,23.5,135.0,EN_ROUTE_TO_HOSPITAL
2026-08-30 22:46:46,AMB0113,REQ00370,12.949684,80.209831,31.0,135.0,EN_ROUTE_TO_HOSPITAL
2026-09-07 03:32:21,AMB0033,REQ00181,13.077316,80.243348,30.8,135.0,EN_ROUTE_TO_PATIENT
2026-09-07 03:32:29,AMB0033,REQ00181,13.076349,80.2415,43.1,135.0,EN_ROUTE_TO_PATIENT
2026-09-07 03:32:33,AMB0033,REQ00181,13.073693,80.240076,23.7,135.0,EN_ROUTE_TO_PATIENT
2026-09-07 03:32:39,AMB0033,REQ00181,13.071836,80.239095,21.5,135.0,EN_ROUTE_TO_PATIENT
2026-09-07 03:32:45,AMB0033,REQ00181,13.07011,80.237896,35.1,135.0,EN_ROUTE_TO_PATIENT
2026-09-07 03:32:49,AMB0033,REQ00181,13.068202,80.236042,25.2,135.0,EN_ROUTE_TO_PATIENT
2026-09-07 03:32:55,AMB0033,REQ00181,13.067008,80.234885,35.8,135.0,EN_ROUTE_TO_PATIENT
2026-09-07 03:33:02,AMB0033,REQ00181,13.06549,80.233457,21.3,135.0,EN_ROUTE_TO_PATIENT
2026-09-07 03:33:10,AMB0033,REQ00181,13.063357,80.232049,21.6,135.0,EN_ROUTE_TO_PATIENT
2026-09-07 03:33:16,AMB0033,REQ00181,13.061187,80.231047,41.4,135.0,EN_ROUTE_TO_PATIENT
2026-09-07 03:33:21,AMB0033,REQ00181,13.05965,80.228911,43.9,135.0,EN_ROUTE_TO_PATIENT
2026-09-07 03:33:28,AMB0033,REQ00181,13.058401,80.227209,45.7,135.0,EN_ROUTE_TO_PATIENT
2026-09-07 03:33:36,AMB0033,REQ00181,13.056103,80.225706,20.2,135.0,EN_ROUTE_TO_PATIENT
2026-09-07 03:33:43,AMB0033,REQ00181,13.05378,80.225035,26.8,135.0,EN_ROUTE_TO_PATIENT
2026-09-07 03:33:51,AMB0033,REQ00181,13.052958,80.223801,50.1,135.0,EN_ROUTE_TO_PATIENT
2026-09-07 03:33:59,AMB0033,REQ00181,13.050363,80.222362,46.7,135.0,EN_ROUTE_TO_PATIENT
2026-09-07 03:35:06,AMB0033,REQ00181,13.050913,80.221959,46.8,135.0,EN_ROUTE_TO_HOSPITAL
2026-09-07 03:35:14,AMB0033,REQ00181,13.051138,80.221198,34.7,135.0,EN_ROUTE_TO_HOSPITAL
2026-09-07 03:35:20,AMB0033,REQ00181,13.050726,80.220883,38.6,135.0,EN_ROUTE_TO_HOSPITAL
2026-09-07 03:35:28,AMB0033,REQ00181,13.050915,80.22022,26.6,135.0,EN_ROUTE_TO_HOSPITAL
2026-09-07 03:35:33,AMB0033,REQ00181,13.050992,80.219066,34.3,135.0,EN_ROUTE_TO_HOSPITAL
2026-09-07 03:35:40,AMB0033,REQ00181,13.050107,80.218521,22.8,135.0,EN_ROUTE_TO_HOSPITAL
2026-09-07 03:35:45,AMB0033,REQ00181,13.050423,80.217772,33.6,135.0,EN_ROUTE_TO_HOSPITAL
2026-09-07 03:35:52,AMB0033,REQ00181,13.050789,80.218027,43.5,135.0,EN_ROUTE_TO_HOSPITAL
2026-09-07 03:35:59,AMB0033,REQ00181,13.051078,80.217006,51.0,135.0,EN_ROUTE_TO_HOSPITAL
2026-09-07 03:36:06,AMB0033,REQ00181,13.050321,80.21673,52.1,135.0,EN_ROUTE_TO_HOSPITAL
2026-09-07 03:36:13,AMB0033,REQ00181,13.0502,80.215946,31.1,135.0,EN_ROUTE_TO_HOSPITAL
2026-09-07 03:36:21,AMB0033,REQ00181,13.050121,80.214787,34.4,135.0,EN_ROUTE_TO_HOSPITAL
2026-09-07 03:36:29,AMB0033,REQ00181,13.051116,80.214532,44.7,135.0,EN_ROUTE_TO_HOSPITAL
2026-09-07 03:36:34,AMB0033,REQ00181,13.051018,80.213271,44.1,135.0,EN_ROUTE_TO_HOSPITAL
2026-09-07 03:36:42,AMB0033,REQ00181,13.050034,80.212648,23.5,135.0,EN_ROUTE_TO_HOSPITAL
2026-09-07 03:36:48,AMB0033,REQ00181,13.050305,80.213139,44.8,135.0,EN_ROUTE_TO_HOSPITAL
2026-09-07 03:36:56,AMB0033,REQ00181,13.05105,80.211814,36.2,135.0,EN_ROUTE_TO_HOSPITAL
2026-08-23 01:10:12,AMB0045,REQ00411,13.117502,80.151121,45.5,135.0,EN_ROUTE_TO_PATIENT
2026-08-23 01:10:18,AMB0045,REQ00411,13.110464,80.157371,49.4,135.0,EN_ROUTE_TO_PATIENT
2026-08-23 01:10:23,AMB0045,REQ00411,13.103575,80.164274,27.5,135.0,EN_ROUTE_TO_PATIENT
2026-08-23 01:10:28,AMB0045,REQ00411,13.096419,80.170145,36.9,135.0,EN_ROUTE_TO_PATIENT
2026-08-23 01:10:33,AMB0045,REQ00411,13.08889,80.176788,28.1,135.0,EN_ROUTE_TO_PATIENT
2026-08-23 01:10:41,AMB0045,REQ00411,13.082362,80.182663,43.1,135.0,EN_ROUTE_TO_PATIENT
2026-08-23 01:10:45,AMB0045,REQ00411,13.075455,80.188403,28.5,135.0,EN_ROUTE_TO_PATIENT
2026-08-23 01:10:51,AMB0045,REQ00411,13.067793,80.194932,47.2,135.0,EN_ROUTE_TO_PATIENT
2026-08-23 01:10:57,AMB0045,REQ00411,13.061228,80.201513,33.9,135.0,EN_ROUTE_TO_PATIENT
2026-08-23 01:11:05,AMB0045,REQ00411,13.053809,80.208273,29.9,135.0,EN_ROUTE_TO_PATIENT
2026-08-23 01:12:28,AMB0045,REQ00411,13.053796,80.208115,26.3,135.0,EN_ROUTE_TO_HOSPITAL
2026-08-23 01:12:32,AMB0045,REQ00411,13.037572,80.208548,54.2,135.0,EN_ROUTE_TO_HOSPITAL
2026-08-23 01:12:36,AMB0045,REQ00411,13.021772,80.209168,50.3,135.0,EN_ROUTE_TO_HOSPITAL
2026-08-23 01:12:44,AMB0045,REQ00411,13.005045,80.209795,31.3,135.0,EN_ROUTE_TO_HOSPITAL
2026-08-23 01:12:52,AMB0045,REQ00411,12.989657,80.211427,33.5,135.0,EN_ROUTE_TO_HOSPITAL
2026-08-23 01:12:59,AMB0045,REQ00411,12.973162,80.211674,23.6,135.0,EN_ROUTE_TO_HOSPITAL
2026-08-23 01:13:06,AMB0045,REQ00411,12.957399,80.212253,48.1,135.0,EN_ROUTE_TO_HOSPITAL
2026-08-23 01:13:11,AMB0045,REQ00411,12.941684,80.213075,22.0,135.0,EN_ROUTE_TO_HOSPITAL
2026-08-23 01:13:18,AMB0045,REQ00411,12.92498,80.213636,39.8,135.0,EN_ROUTE_TO_HOSPITAL
2026-08-23 01:13:22,AMB0045,REQ00411,12.909063,80.215061,40.1,135.0,EN_ROUTE_TO_HOSPITAL
2026-08-23 01:13:26,AMB0045,REQ00411,12.893471,80.215757,44.3,135.0,EN_ROUTE_TO_HOSPITAL
2026-08-23 01:13:34,AMB0045,REQ00411,12.877008,80.216572,41.4,135.0,EN_ROUTE_TO_HOSPITAL
2026-08-23 01:13:42,AMB0045,REQ00411,12.861654,80.216917,49.6,135.0,EN_ROUTE_TO_HOSPITAL
2026-08-23 01:13:48,AMB0045,REQ00411,12.845338,80.21862,33.9,135.0,EN_ROUTE_TO_HOSPITAL
2026-08-23 01:13:55,AMB0045,REQ00411,12.829617,80.218677,22.4,135.0,EN_ROUTE_TO_HOSPITAL
2026-08-23 01:13:59,AMB0045,REQ00411,12.812799,80.219314,40.9,135.0,EN_ROUTE_TO_HOSPITAL
2026-08-23 01:14:05,AMB0045,REQ00411,12.79697,80.220425,24.1,135.0,EN_ROUTE_TO_HOSPITAL
2026-08-03 19:10:13,AMB0093,REQ00047,13.004655,80.258674,32.8,135.0,EN_ROUTE_TO_PATIENT
2026-08-03 19:10:20,AMB0093,REQ00047,13.0091,80.254856,36.7,135.0,EN_ROUTE_TO_PATIENT
2026-08-03 19:10:26,AMB0093,REQ00047,13.013424,80.250605,52.7,135.0,EN_ROUTE_TO_PATIENT
2026-08-03 19:10:33,AMB0093,REQ00047,13.019007,80.247801,50.3,135.0,EN_ROUTE_TO_PATIENT
2026-08-03 19:10:39,AMB0093,REQ00047,13.0224,80.244195,27.2,135.0,EN_ROUTE_TO_PATIENT
2026-08-03 19:10:44,AMB0093,REQ00047,13.027323,80.240985,29.7,135.0,EN_ROUTE_TO_PATIENT
2026-08-03 19:10:50,AMB0093,REQ00047,13.032487,80.237757,37.7,135.0,EN_ROUTE_TO_PATIENT
2026-08-03 19:10:55,AMB0093,REQ00047,13.036414,80.233129,34.6,135.0,EN_ROUTE_TO_PATIENT
2026-08-03 19:11:03,AMB0093,REQ00047,13.041514,80.230533,41.2,135.0,EN_ROUTE_TO_PATIENT
2026-08-03 19:11:11,AMB0093,REQ00047,13.045454,80.226216,45.5,135.0,EN_ROUTE_TO_PATIENT
2026-08-03 19:11:18,AMB0093,REQ00047,13.050156,80.223652,35.4,135.0,EN_ROUTE_TO_PATIENT
2026-08-03 19:11:25,AMB0093,REQ00047,13.055113,80.219969,50.4,135.0,EN_ROUTE_TO_PATIENT
2026-08-03 19:11:31,AMB0093,REQ00047,13.058788,80.216755,35.3,135.0,EN_ROUTE_TO_PATIENT
2026-08-03 19:11:37,AMB0093,REQ00047,13.064158,80.213254,38.5,135.0,EN_ROUTE_TO_PATIENT
2026-08-03 19:12:49,AMB0093,REQ00047,13.063734,80.212365,33.0,135.0,EN_ROUTE_TO_HOSPITAL
2026-08-03 19:12:55,AMB0093,REQ00047,13.063048,80.215678,32.8,135.0,EN_ROUTE_TO_HOSPITAL
2026-08-03 19:13:03,AMB0093,REQ00047,13.060714,80.217225,26.3,135.0,EN_ROUTE_TO_HOSPITAL
2026-08-03 19:13:08,AMB0093,REQ00047,13.059772,80.220225,35.7,135.0,EN_ROUTE_TO_HOSPITAL
2026-08-03 19:13:13,AMB0093,REQ00047,13.059077,80.222672,29.3,135.0,EN_ROUTE_TO_HOSPITAL
2026-08-03 19:13:21,AMB0093,REQ00047,13.057468,80.224479,43.8,135.0,EN_ROUTE_TO_HOSPITAL
2026-08-03 19:13:29,AMB0093,REQ00047,13.055724,80.226942,43.4,135.0,EN_ROUTE_TO_HOSPITAL
2026-08-03 19:13:35,AMB0093,REQ00047,13.055086,80.230133,23.2,135.0,EN_ROUTE_TO_HOSPITAL
2026-08-03 19:13:41,AMB0093,REQ00047,13.053744,80.23266,25.1,135.0,EN_ROUTE_TO_HOSPITAL
2026-08-03 19:13:49,AMB0093,REQ00047,13.051629,80.235403,37.2,135.0,EN_ROUTE_TO_HOSPITAL
2026-08-03 19:13:54,AMB0093,REQ00047,13.050843,80.236732,31.4,135.0,EN_ROUTE_TO_HOSPITAL
2026-08-03 19:13:58,AMB0093,REQ00047,13.049996,80.239364,39.3,135.0,EN_ROUTE_TO_HOSPITAL
2026-08-03 19:14:05,AMB0093,REQ00047,13.048575,80.242259,38.6,135.0,EN_ROUTE_TO_HOSPITAL
2026-08-03 19:14:10,AMB0093,REQ00047,13.047128,80.245088,29.1,135.0,EN_ROUTE_TO_HOSPITAL
2026-08-03 19:14:14,AMB0093,REQ00047,13.045268,80.247323,29.6,135.0,EN_ROUTE_TO_HOSPITAL
2026-08-03 19:14:22,AMB0093,REQ00047,13.044869,80.249578,51.6,135.0,EN_ROUTE_TO_HOSPITAL
2026-08-01 15:41:42,AMB0109,REQ00685,12.90005,80.229947,30.3,135.0,EN_ROUTE_TO_PATIENT
2026-08-01 15:41:46,AMB0109,REQ00685,12.912387,80.234369,43.7,135.0,EN_ROUTE_TO_PATIENT
2026-08-01 15:41:51,AMB0109,REQ00685,12.925651,80.239355,44.9,135.0,EN_ROUTE_TO_PATIENT
2026-08-01 15:41:56,AMB0109,REQ00685,12.938617,80.242819,42.0,135.0,EN_ROUTE_TO_PATIENT
2026-08-01 15:42:04,AMB0109,REQ00685,12.950684,80.24749,42.5,135.0,EN_ROUTE_TO_PATIENT
2026-08-01 15:42:11,AMB0109,REQ00685,12.963621,80.252539,41.8,135.0,EN_ROUTE_TO_PATIENT
2026-08-01 15:42:19,AMB0109,REQ00685,12.976309,80.256313,46.2,135.0,EN_ROUTE_TO_PATIENT
2026-08-01 15:42:26,AMB0109,REQ00685,12.989008,80.261231,43.1,135.0,EN_ROUTE_TO_PATIENT
2026-08-01 15:42:33,AMB0109,REQ00685,13.001756,80.265519,31.0,135.0,EN_ROUTE_TO_PATIENT
2026-08-01 15:42:37,AMB0109,REQ00685,13.01403,80.269452,52.2,135.0,EN_ROUTE_TO_PATIENT
2026-08-01 15:42:43,AMB0109,REQ00685,13.02649,80.27368,35.3,135.0,EN_ROUTE_TO_PATIENT
2026-08-01 15:42:50,AMB0109,REQ00685,13.039299,80.278537,48.3,135.0,EN_ROUTE_TO_PATIENT
2026-08-01 15:42:54,AMB0109,REQ00685,13.05201,80.282184,37.3,135.0,EN_ROUTE_TO_PATIENT
2026-08-01 15:44:06,AMB0109,REQ00685,13.05153,80.282817,28.3,135.0,EN_ROUTE_TO_HOSPITAL
2026-08-01 15:44:13,AMB0109,REQ00685,13.052051,80.274212,36.2,135.0,EN_ROUTE_TO_HOSPITAL
2026-08-01 15:44:17,AMB0109,REQ00685,13.05194,80.265592,54.9,135.0,EN_ROUTE_TO_HOSPITAL
2026-08-01 15:44:23,AMB0109,REQ00685,13.05198,80.255832,32.9,135.0,EN_ROUTE_TO_HOSPITAL
2026-08-01 15:44:28,AMB0109,REQ00685,13.0517,80.247138,26.4,135.0,EN_ROUTE_TO_HOSPITAL
2026-08-01 15:44:34,AMB0109,REQ00685,13.052663,80.238512,22.7,135.0,EN_ROUTE_TO_HOSPITAL
2026-08-01 15:44:39,AMB0109,REQ00685,13.052496,80.229829,29.2,135.0,EN_ROUTE_TO_HOSPITAL
2026-08-01 15:44:46,AMB0109,REQ00685,13.052361,80.220708,53.5,135.0,EN_ROUTE_TO_HOSPITAL
2026-08-01 15:44:52,AMB0109,REQ00685,13.052379,80.211959,31.7,135.0,EN_ROUTE_TO_HOSPITAL
2026-09-06 07:15:44,AMB0107,REQ02039,12.959137,80.243281,35.9,135.0,EN_ROUTE_TO_PATIENT
2026-09-06 07:15:50,AMB0107,REQ02039,12.963735,80.236249,37.9,135.0,EN_ROUTE_TO_PATIENT
2026-09-06 07:15:56,AMB0107,REQ02039,12.967062,80.230362,34.9,135.0,EN_ROUTE_TO_PATIENT
2026-09-06 07:16:03,AMB0107,REQ02039,12.971077,80.223806,23.7,135.0,EN_ROUTE_TO_PATIENT
2026-09-06 07:16:08,AMB0107,REQ02039,12.975879,80.217883,36.3,135.0,EN_ROUTE_TO_PATIENT
2026-09-06 07:16:13,AMB0107,REQ02039,12.980068,80.212445,29.1,135.0,EN_ROUTE_TO_PATIENT
2026-09-06 07:16:19,AMB0107,REQ02039,12.983216,80.20626,33.7,135.0,EN_ROUTE_TO_PATIENT
2026-09-06 07:16:27,AMB0107,REQ02039,12.987826,80.199442,38.4,135.0,EN_ROUTE_TO_PATIENT
2026-09-06 07:16:33,AMB0107,REQ02039,12.991433,80.193596,39.7,135.0,EN_ROUTE_TO_PATIENT
2026-09-06 07:16:41,AMB0107,REQ02039,12.996066,80.187193,45.4,135.0,EN_ROUTE_TO_PATIENT
2026-09-06 07:16:49,AMB0107,REQ02039,13.00047,80.181688,22.1,135.0,EN_ROUTE_TO_PATIENT
2026-09-06 07:16:56,AMB0107,REQ02039,13.004192,80.175763,52.5,135.0,EN_ROUTE_TO_PATIENT
2026-09-06 07:17:00,AMB0107,REQ02039,13.008748,80.169232,40.1,135.0,EN_ROUTE_TO_PATIENT
2026-09-06 07:17:07,AMB0107,REQ02039,13.012414,80.163308,38.4,135.0,EN_ROUTE_TO_PATIENT
2026-09-06 07:17:11,AMB0107,REQ02039,13.016335,80.157392,48.6,135.0,EN_ROUTE_TO_PATIENT
2026-09-06 07:17:16,AMB0107,REQ02039,13.020276,80.150727,52.3,135.0,EN_ROUTE_TO_PATIENT
2026-09-06 07:18:11,AMB0107,REQ02039,13.020322,80.151703,34.2,135.0,EN_ROUTE_TO_HOSPITAL
2026-09-06 07:18:17,AMB0107,REQ02039,13.028088,80.157144,37.6,135.0,EN_ROUTE_TO_HOSPITAL
2026-09-06 07:18:25,AMB0107,REQ02039,13.035336,80.16438,52.3,135.0,EN_ROUTE_TO_HOSPITAL
2026-09-06 07:18:33,AMB0107,REQ02039,13.04203,80.17087,39.4,135.0,EN_ROUTE_TO_HOSPITAL
2026-09-06 07:18:38,AMB0107,REQ02039,13.049547,80.177043,54.5,135.0,EN_ROUTE_TO_HOSPITAL
2026-09-06 07:18:44,AMB0107,REQ02039,13.056441,80.183712,46.6,135.0,EN_ROUTE_TO_HOSPITAL
2026-09-06 07:18:51,AMB0107,REQ02039,13.063581,80.189849,51.8,135.0,EN_ROUTE_TO_HOSPITAL
2026-09-06 07:18:56,AMB0107,REQ02039,13.070436,80.197112,22.9,135.0,EN_ROUTE_TO_HOSPITAL
2026-09-06 07:19:04,AMB0107,REQ02039,13.078231,80.203542,44.0,135.0,EN_ROUTE_TO_HOSPITAL
2026-09-06 07:19:09,AMB0107,REQ02039,13.084566,80.210677,44.1,135.0,EN_ROUTE_TO_HOSPITAL
2026-08-04 17:01:30,AMB0069,REQ01189,13.033271,80.26588,22.2,135.0,EN_ROUTE_TO_PATIENT
2026-08-04 17:01:35,AMB0069,REQ01189,13.007605,80.260847,24.9,135.0,EN_ROUTE_TO_PATIENT
2026-08-04 17:01:40,AMB0069,REQ01189,12.98155,80.254641,39.1,135.0,EN_ROUTE_TO_PATIENT
2026-08-04 17:01:46,AMB0069,REQ01189,12.955001,80.249374,48.4,135.0,EN_ROUTE_TO_PATIENT
2026-08-04 17:01:51,AMB0069,REQ01189,12.929184,80.244787,35.6,135.0,EN_ROUTE_TO_PATIENT
2026-08-04 17:01:58,AMB0069,REQ01189,12.903437,80.238677,53.5,135.0,EN_ROUTE_TO_PATIENT
2026-08-04 17:02:05,AMB0069,REQ01189,12.877255,80.23406,28.3,135.0,EN_ROUTE_TO_PATIENT
2026-08-04 17:02:11,AMB0069,REQ01189,12.851575,80.228168,39.2,135.0,EN_ROUTE_TO_PATIENT
2026-08-04 17:02:19,AMB0069,REQ01189,12.825823,80.222631,26.1,135.0,EN_ROUTE_TO_PATIENT
2026-08-04 17:02:27,AMB0069,REQ01189,12.799621,80.217399,34.8,135.0,EN_ROUTE_TO_PATIENT
2026-08-04 17:02:33,AMB0069,REQ01189,12.773799,80.212344,46.7,135.0,EN_ROUTE_TO_PATIENT
2026-08-04 17:03:50,AMB0069,REQ01189,12.77392,80.211947,34.7,135.0,EN_ROUTE_TO_HOSPITAL
2026-08-04 17:03:55,AMB0069,REQ01189,12.789967,80.212838,24.9,135.0,EN_ROUTE_TO_HOSPITAL
2026-08-04 17:04:00,AMB0069,REQ01189,12.805907,80.212002,23.3,135.0,EN_ROUTE_TO_HOSPITAL
2026-08-04 17:04:05,AMB0069,REQ01189,12.822035,80.212262,43.8,135.0,EN_ROUTE_TO_HOSPITAL
2026-08-04 17:04:09,AMB0069,REQ01189,12.837532,80.211356,25.2,135.0,EN_ROUTE_TO_HOSPITAL
2026-08-04 17:04:15,AMB0069,REQ01189,12.854144,80.211002,53.0,135.0,EN_ROUTE_TO_HOSPITAL
2026-08-04 17:04:23,AMB0069,REQ01189,12.869551,80.211688,41.5,135.0,EN_ROUTE_TO_HOSPITAL
2026-08-04 17:04:28,AMB0069,REQ01189,12.885806,80.211477,45.7,135.0,EN_ROUTE_TO_HOSPITAL
2026-08-04 17:04:33,AMB0069,REQ01189,12.901524,80.210897,44.1,135.0,EN_ROUTE_TO_HOSPITAL
2026-08-04 17:04:37,AMB0069,REQ01189,12.918371,80.211247,36.7,135.0,EN_ROUTE_TO_HOSPITAL
2026-08-04 17:04:41,AMB0069,REQ01189,12.933584,80.210322,29.4,135.0,EN_ROUTE_TO_HOSPITAL
2026-08-04 17:04:46,AMB0069,REQ01189,12.949963,80.209893,52.3,135.0,EN_ROUTE_TO_HOSPITAL
2026-08-11 11:41:39,AMB0089,REQ01087,13.02056,80.182464,27.5,135.0,EN_ROUTE_TO_PATIENT
2026-08-11 11:41:43,AMB0089,REQ01087,13.012755,80.178935,48.3,135.0,EN_ROUTE_TO_PATIENT
2026-08-11 11:41:51,AMB0089,REQ01087,13.00635,80.175561,20.5,135.0,EN_ROUTE_TO_PATIENT
2026-08-11 11:41:57,AMB0089,REQ01087,12.999695,80.171948,39.4,135.0,EN_ROUTE_TO_PATIENT
2026-08-11 11:42:03,AMB0089,REQ01087,12.992226,80.16859,37.6,135.0,EN_ROUTE_TO_PATIENT
2026-08-11 11:42:10,AMB0089,REQ01087,12.98473,80.165072,24.7,135.0,EN_ROUTE_TO_PATIENT
2026-08-11 11:42:15,AMB0089,REQ01087,12.978273,80.16077,43.8,135.0,EN_ROUTE_TO_PATIENT
2026-08-11 11:42:22,AMB0089,REQ01087,12.971204,80.157386,32.2,135.0,EN_ROUTE_TO_PATIENT
2026-08-11 11:42:27,AMB0089,REQ01087,12.963919,80.154395,37.2,135.0,EN_ROUTE_TO_PATIENT
2026-08-11 11:43:39,AMB0089,REQ01087,12.963258,80.154246,25.4,135.0,EN_ROUTE_TO_HOSPITAL
2026-08-11 11:43:45,AMB0089,REQ01087,12.973468,80.160651,26.4,135.0,EN_ROUTE_TO_HOSPITAL
2026-08-11 11:43:49,AMB0089,REQ01087,12.984098,80.167212,26.1,135.0,EN_ROUTE_TO_HOSPITAL
2026-08-11 11:43:57,AMB0089,REQ01087,12.99379,80.173012,47.3,135.0,EN_ROUTE_TO_HOSPITAL
2026-08-11 11:44:02,AMB0089,REQ01087,13.003483,80.179422,52.5,135.0,EN_ROUTE_TO_HOSPITAL
2026-08-11 11:44:10,AMB0089,REQ01087,13.012748,80.186738,53.4,135.0,EN_ROUTE_TO_HOSPITAL
2026-08-11 11:44:18,AMB0089,REQ01087,13.022825,80.19315,21.1,135.0,EN_ROUTE_TO_HOSPITAL
2026-08-11 11:44:23,AMB0089,REQ01087,13.032845,80.199063,35.2,135.0,EN_ROUTE_TO_HOSPITAL
2026-08-11 11:44:30,AMB0089,REQ01087,13.04335,80.206453,52.7,135.0,EN_ROUTE_TO_HOSPITAL
2026-08-11 11:44:36,AMB0089,REQ01087,13.052734,80.212245,39.9,135.0,EN_ROUTE_TO_HOSPITAL
2026-09-02 17:30:35,AMB0094,REQ01340,13.010294,80.255068,46.9,135.0,EN_ROUTE_TO_PATIENT
2026-09-02 17:30:42,AMB0094,REQ01340,13.011661,80.242794,26.7,135.0,EN_ROUTE_TO_PATIENT
2026-09-02 17:30:46,AMB0094,REQ01340,13.013291,80.230839,47.7,135.0,EN_ROUTE_TO_PATIENT
2026-09-02 17:30:53,AMB0094,REQ01340,13.014008,80.218975,31.3,135.0,EN_ROUTE_TO_PATIENT
2026-09-02 17:31:00,AMB0094,REQ01340,13.016114,80.20694,38.0,135.0,EN_ROUTE_TO_PATIENT
2026-09-02 17:31:08,AMB0094,REQ01340,13.017034,80.194723,32.8,135.0,EN_ROUTE_TO_PATIENT
2026-09-02 17:31:15,AMB0094,REQ01340,13.019073,80.182313,47.3,135.0,EN_ROUTE_TO_PATIENT
2026-09-02 17:31:20,AMB0094,REQ01340,13.019843,80.170566,36.3,135.0,EN_ROUTE_TO_PATIENT
2026-09-02 17:31:25,AMB0094,REQ01340,13.022067,80.158045,24.2,135.0,EN_ROUTE_TO_PATIENT
2026-09-02 17:31:29,AMB0094,REQ01340,13.023639,80.146843,28.4,135.0,EN_ROUTE_TO_PATIENT
2026-09-02 17:31:35,AMB0094,REQ01340,13.025082,80.134964,21.9,135.0,EN_ROUTE_TO_PATIENT
2026-09-02 17:31:41,AMB0094,REQ01340,13.026039,80.122572,51.5,135.0,EN_ROUTE_TO_PATIENT
2026-09-02 17:31:47,AMB0094,REQ01340,13.028076,80.109766,20.5,135.0,EN_ROUTE_TO_PATIENT
2026-09-02 17:31:52,AMB0094,REQ01340,13.029421,80.097903,24.4,135.0,EN_ROUTE_TO_PATIENT
2026-09-02 17:31:59,AMB0094,REQ01340,13.031011,80.086089,47.5,135.0,EN_ROUTE_TO_PATIENT
2026-09-02 17:33:32,AMB0094,REQ01340,13.030725,80.085709,44.2,135.0,EN_ROUTE_TO_HOSPITAL
2026-09-02 17:33:38,AMB0094,REQ01340,13.038166,80.106373,25.4,135.0,EN_ROUTE_TO_HOSPITAL
2026-09-02 17:33:44,AMB0094,REQ01340,13.045531,80.126889,52.0,135.0,EN_ROUTE_TO_HOSPITAL
2026-09-02 17:33:51,AMB0094,REQ01340,13.052797,80.146416,41.3,135.0,EN_ROUTE_TO_HOSPITAL
2026-09-02 17:33:57,AMB0094,REQ01340,13.060411,80.166264,47.2,135.0,EN_ROUTE_TO_HOSPITAL
2026-09-02 17:34:03,AMB0094,REQ01340,13.068098,80.186315,35.1,135.0,EN_ROUTE_TO_HOSPITAL
2026-09-02 17:34:09,AMB0094,REQ01340,13.076653,80.205822,33.4,135.0,EN_ROUTE_TO_HOSPITAL
2026-09-02 17:34:16,AMB0094,REQ01340,13.083398,80.226392,33.3,135.0,EN_ROUTE_TO_HOSPITAL
2026-09-02 17:34:23,AMB0094,REQ01340,13.091569,80.246168,47.1,135.0,EN_ROUTE_TO_HOSPITAL
2026-09-02 17:34:29,AMB0094,REQ01340,13.099121,80.266299,34.4,135.0,EN_ROUTE_TO_HOSPITAL
2026-09-02 17:34:33,AMB0094,REQ01340,13.106878,80.286765,29.7,135.0,EN_ROUTE_TO_HOSPITAL
2026-08-09 12:41:59,AMB0081,REQ00673,13.042942,80.098037,43.3,135.0,EN_ROUTE_TO_PATIENT
2026-08-09 12:42:03,AMB0081,REQ00673,13.059062,80.112261,30.0,135.0,EN_ROUTE_TO_PATIENT
2026-08-09 12:42:08,AMB0081,REQ00673,13.073329,80.126509,33.8,135.0,EN_ROUTE_TO_PATIENT
2026-08-09 12:42:16,AMB0081,REQ00673,13.089491,80.140253,42.5,135.0,EN_ROUTE_TO_PATIENT
2026-08-09 12:42:23,AMB0081,REQ00673,13.10401,80.154603,53.7,135.0,EN_ROUTE_TO_PATIENT
2026-08-09 12:42:28,AMB0081,REQ00673,13.11949,80.168639,23.0,135.0,EN_ROUTE_TO_PATIENT
2026-08-09 12:42:34,AMB0081,REQ00673,13.134319,80.183568,54.0,135.0,EN_ROUTE_TO_PATIENT
2026-08-09 12:42:40,AMB0081,REQ00673,13.149102,80.19845,42.2,135.0,EN_ROUTE_TO_PATIENT
2026-08-09 12:42:48,AMB0081,REQ00673,13.164203,80.212656,21.7,135.0,EN_ROUTE_TO_PATIENT
2026-08-09 12:43:54,AMB0081,REQ00673,13.164854,80.211908,36.8,135.0,EN_ROUTE_TO_HOSPITAL
2026-08-09 12:44:01,AMB0081,REQ00673,13.156669,80.208093,47.0,135.0,EN_ROUTE_TO_HOSPITAL
2026-08-09 12:44:08,AMB0081,REQ00673,13.148483,80.203574,31.5,135.0,EN_ROUTE_TO_HOSPITAL
2026-08-09 12:44:13,AMB0081,REQ00673,13.14146,80.198477,23.8,135.0,EN_ROUTE_TO_HOSPITAL
2026-08-09 12:44:18,AMB0081,REQ00673,13.132827,80.19415,45.7,135.0,EN_ROUTE_TO_HOSPITAL
2026-08-09 12:44:26,AMB0081,REQ00673,13.124813,80.189615,24.8,135.0,EN_ROUTE_TO_HOSPITAL
2026-08-09 12:44:31,AMB0081,REQ00673,13.117369,80.185298,37.2,135.0,EN_ROUTE_TO_HOSPITAL
2026-08-09 12:44:39,AMB0081,REQ00673,13.109488,80.18154,29.8,135.0,EN_ROUTE_TO_HOSPITAL
2026-08-09 12:44:45,AMB0081,REQ00673,13.102261,80.176395,33.6,135.0,EN_ROUTE_TO_HOSPITAL
2026-08-09 12:44:51,AMB0081,REQ00673,13.093243,80.172181,20.6,135.0,EN_ROUTE_TO_HOSPITAL
2026-08-09 12:44:56,AMB0081,REQ00673,13.085365,80.167992,42.1,135.0,EN_ROUTE_TO_HOSPITAL
2026-08-09 12:45:00,AMB0081,REQ00673,13.07817,80.163479,28.6,135.0,EN_ROUTE_TO_HOSPITAL
2026-08-09 12:45:06,AMB0081,REQ00673,13.069729,80.159062,45.0,135.0,EN_ROUTE_TO_HOSPITAL
2026-08-09 12:45:12,AMB0081,REQ00673,13.061906,80.154392,49.8,135.0,EN_ROUTE_TO_HOSPITAL
2026-08-09 12:45:20,AMB0081,REQ00673,13.05444,80.149945,52.9,135.0,EN_ROUTE_TO_HOSPITAL
2026-08-09 12:45:25,AMB0081,REQ00673,13.046718,80.145322,41.6,135.0,EN_ROUTE_TO_HOSPITAL
2026-08-09 12:45:30,AMB0081,REQ00673,13.038347,80.140462,53.3,135.0,EN_ROUTE_TO_HOSPITAL
2026-08-12 16:07:48,AMB0063,REQ00730,13.056292,80.262359,31.2,135.0,EN_ROUTE_TO_PATIENT
2026-08-12 16:07:55,AMB0063,REQ00730,13.059224,80.259584,39.1,135.0,EN_ROUTE_TO_PATIENT
2026-08-12 16:08:00,AMB0063,REQ00730,13.060806,80.255339,28.8,135.0,EN_ROUTE_TO_PATIENT
2026-08-12 16:08:06,AMB0063,REQ00730,13.063327,80.252494,43.1,135.0,EN_ROUTE_TO_PATIENT
2026-08-12 16:08:14,AMB0063,REQ00730,13.064377,80.248842,53.6,135.0,EN_ROUTE_TO_PATIENT
2026-08-12 16:08:20,AMB0063,REQ00730,13.066543,80.245023,43.4,135.0,EN_ROUTE_TO_PATIENT
2026-08-12 16:08:25,AMB0063,REQ00730,13.06868,80.242475,26.0,135.0,EN_ROUTE_TO_PATIENT
2026-08-12 16:08:32,AMB0063,REQ00730,13.07102,80.23834,48.3,135.0,EN_ROUTE_TO_PATIENT
2026-08-12 16:08:40,AMB0063,REQ00730,13.072925,80.235155,51.2,135.0,EN_ROUTE_TO_PATIENT
2026-08-12 16:08:48,AMB0063,REQ00730,13.075124,80.232151,43.3,135.0,EN_ROUTE_TO_PATIENT
2026-08-12 16:08:54,AMB0063,REQ00730,13.077441,80.228344,47.1,135.0,EN_ROUTE_TO_PATIENT
2026-08-12 16:09:02,AMB0063,REQ00730,13.07918,80.225342,47.1,135.0,EN_ROUTE_TO_PATIENT
2026-08-12 16:09:06,AMB0063,REQ00730,13.080919,80.222345,20.4,135.0,EN_ROUTE_TO_PATIENT
2026-08-12 16:09:12,AMB0063,REQ00730,13.083305,80.218777,38.7,135.0,EN_ROUTE_TO_PATIENT
2026-08-12 16:09:20,AMB0063,REQ00730,13.085184,80.214686,47.2,135.0,EN_ROUTE_TO_PATIENT
2026-08-12 16:09:26,AMB0063,REQ00730,13.087296,80.211682,34.2,135.0,EN_ROUTE_TO_PATIENT
2026-08-12 16:10:17,AMB0063,REQ00730,13.086982,80.212306,46.1,135.0,EN_ROUTE_TO_HOSPITAL
2026-08-12 16:10:25,AMB0063,REQ00730,13.08639,80.210908,23.4,135.0,EN_ROUTE_TO_HOSPITAL
2026-08-12 16:10:29,AMB0063,REQ00730,13.086753,80.209205,37.7,135.0,EN_ROUTE_TO_HOSPITAL
2026-08-12 16:10:35,AMB0063,REQ00730,13.086327,80.207576,49.5,135.0,EN_ROUTE_TO_HOSPITAL
2026-08-12 16:10:41,AMB0063,REQ00730,13.087153,80.20524,54.3,135.0,EN_ROUTE_TO_HOSPITAL
2026-08-12 16:10:49,AMB0063,REQ00730,13.086729,80.204476,28.4,135.0,EN_ROUTE_TO_HOSPITAL
2026-08-12 16:10:53,AMB0063,REQ00730,13.086799,80.203048,51.3,135.0,EN_ROUTE_TO_HOSPITAL
2026-08-12 16:10:58,AMB0063,REQ00730,13.086242,80.200804,35.4,135.0,EN_ROUTE_TO_HOSPITAL
2026-08-12 16:11:03,AMB0063,REQ00730,13.086044,80.199385,52.8,135.0,EN_ROUTE_TO_HOSPITAL
2026-08-12 16:11:10,AMB0063,REQ00730,13.085981,80.197836,37.7,135.0,EN_ROUTE_TO_HOSPITAL
2026-08-12 16:11:15,AMB0063,REQ00730,13.085997,80.196744,30.1,135.0,EN_ROUTE_TO_HOSPITAL
2026-08-12 16:11:22,AMB0063,REQ00730,13.086355,80.194219,40.4,135.0,EN_ROUTE_TO_HOSPITAL
2026-08-12 16:11:27,AMB0063,REQ00730,13.08659,80.193099,24.8,135.0,EN_ROUTE_TO_HOSPITAL
2026-08-12 16:11:35,AMB0063,REQ00730,13.086534,80.190991,22.8,135.0,EN_ROUTE_TO_HOSPITAL
2026-08-12 16:11:43,AMB0063,REQ00730,13.086026,80.189742,23.1,135.0,EN_ROUTE_TO_HOSPITAL
2026-08-12 16:11:50,AMB0063,REQ00730,13.08588,80.188296,23.0,135.0,EN_ROUTE_TO_HOSPITAL
2026-08-12 16:11:57,AMB0063,REQ00730,13.085585,80.186891,35.8,135.0,EN_ROUTE_TO_HOSPITAL
2026-08-07 16:12:13,AMB0068,REQ02242,13.034668,80.267248,25.2,135.0,EN_ROUTE_TO_PATIENT
2026-08-07 16:12:20,AMB0068,REQ02242,13.030902,80.262073,52.9,135.0,EN_ROUTE_TO_PATIENT
2026-08-07 16:12:26,AMB0068,REQ02242,13.028324,80.255276,30.1,135.0,EN_ROUTE_TO_PATIENT
2026-08-07 16:12:33,AMB0068,REQ02242,13.024317,80.248912,44.9,135.0,EN_ROUTE_TO_PATIENT
2026-08-07 16:12:39,AMB0068,REQ02242,13.021068,80.242621,31.3,135.0,EN_ROUTE_TO_PATIENT
2026-08-07 16:12:43,AMB0068,REQ02242,13.017169,80.236821,38.1,135.0,EN_ROUTE_TO_PATIENT
2026-08-07 16:12:49,AMB0068,REQ02242,13.013643,80.230629,34.9,135.0,EN_ROUTE_TO_PATIENT
2026-08-07 16:12:57,AMB0068,REQ02242,13.009488,80.224591,51.1,135.0,EN_ROUTE_TO_PATIENT
2026-08-07 16:13:03,AMB0068,REQ02242,13.005956,80.217436,51.6,135.0,EN_ROUTE_TO_PATIENT
2026-08-07 16:14:28,AMB0068,REQ02242,13.006195,80.217489,49.0,135.0,EN_ROUTE_TO_HOSPITAL
2026-08-07 16:14:33,AMB0068,REQ02242,13.012259,80.223237,51.9,135.0,EN_ROUTE_TO_HOSPITAL
2026-08-07 16:14:39,AMB0068,REQ02242,13.01745,80.227857,41.7,135.0,EN_ROUTE_TO_HOSPITAL
2026-08-07 16:14:46,AMB0068,REQ02242,13.022572,80.232601,30.8,135.0,EN_ROUTE_TO_HOSPITAL
2026-08-07 16:14:50,AMB0068,REQ02242,13.028344,80.237728,52.6,135.0,EN_ROUTE_TO_HOSPITAL
2026-08-07 16:14:58,AMB0068,REQ02242,13.033448,80.243762,23.6,135.0,EN_ROUTE_TO_HOSPITAL
2026-08-07 16:15:06,AMB0068,REQ02242,13.038909,80.248664,36.1,135.0,EN_ROUTE_TO_HOSPITAL
2026-08-07 16:15:10,AMB0068,REQ02242,13.043923,80.252924,41.1,135.0,EN_ROUTE_TO_HOSPITAL
2026-08-07 16:15:18,AMB0068,REQ02242,13.049362,80.258517,46.4,135.0,EN_ROUTE_TO_HOSPITAL
2026-08-07 16:15:26,AMB0068,REQ02242,13.054772,80.262994,47.6,135.0,EN_ROUTE_TO_HOSPITAL
2026-08-31 23:19:29,AMB0066,REQ02461,13.057534,80.263894,47.0,135.0,EN_ROUTE_TO_PATIENT
2026-08-31 23:19:33,AMB0066,REQ02461,13.062825,80.267727,52.4,135.0,EN_ROUTE_TO_PATIENT
2026-08-31 23:19:38,AMB0066,REQ02461,13.068756,80.271615,35.2,135.0,EN_ROUTE_TO_PATIENT
2026-08-31 23:19:46,AMB0066,REQ02461,13.074607,80.274907,37.5,135.0,EN_ROUTE_TO_PATIENT
2026-08-31 23:19:52,AMB0066,REQ02461,13.07979,80.278311,35.7,135.0,EN_ROUTE_TO_PATIENT
2026-08-31 23:19:59,AMB0066,REQ02461,13.085995,80.282203,28.6,135.0,EN_ROUTE_TO_PATIENT
2026-08-31 23:20:07,AMB0066,REQ02461,13.091438,80.285943,51.7,135.0,EN_ROUTE_TO_PATIENT
2026-08-31 23:20:13,AMB0066,REQ02461,13.097781,80.289351,29.2,135.0,EN_ROUTE_TO_PATIENT
2026-08-31 23:20:20,AMB0066,REQ02461,13.103077,80.293136,20.1,135.0,EN_ROUTE_TO_PATIENT
2026-08-31 23:20:26,AMB0066,REQ02461,13.109232,80.296423,25.4,135.0,EN_ROUTE_TO_PATIENT
2026-08-31 23:20:33,AMB0066,REQ02461,13.114511,80.300489,54.8,135.0,EN_ROUTE_TO_PATIENT
2026-08-31 23:21:16,AMB0066,REQ02461,13.115314,80.299935,22.3,135.0,EN_ROUTE_TO_HOSPITAL
2026-08-31 23:21:21,AMB0066,REQ02461,13.100049,80.295463,20.1,135.0,EN_ROUTE_TO_HOSPITAL
2026-08-31 23:21:27,AMB0066,REQ02461,13.084881,80.289918,38.0,135.0,EN_ROUTE_TO_HOSPITAL
2026-08-31 23:21:34,AMB0066,REQ02461,13.070057,80.285173,43.8,135.0,EN_ROUTE_TO_HOSPITAL
2026-08-31 23:21:42,AMB0066,REQ02461,13.055111,80.279856,25.9,135.0,EN_ROUTE_TO_HOSPITAL
2026-08-31 23:21:50,AMB0066,REQ02461,13.039977,80.275044,38.4,135.0,EN_ROUTE_TO_HOSPITAL
2026-08-31 23:21:54,AMB0066,REQ02461,13.025173,80.269368,54.4,135.0,EN_ROUTE_TO_HOSPITAL
2026-08-31 23:21:59,AMB0066,REQ02461,13.009896,80.26454,40.6,135.0,EN_ROUTE_TO_HOSPITAL
2026-08-31 23:22:05,AMB0066,REQ02461,12.995629,80.259244,31.7,135.0,EN_ROUTE_TO_HOSPITAL
2026-08-31 23:22:12,AMB0066,REQ02461,12.979732,80.254084,33.9,135.0,EN_ROUTE_TO_HOSPITAL
2026-08-31 23:22:17,AMB0066,REQ02461,12.964749,80.249402,21.9,135.0,EN_ROUTE_TO_HOSPITAL
2026-08-31 23:22:25,AMB0066,REQ02461,12.950361,80.243548,38.8,135.0,EN_ROUTE_TO_HOSPITAL
2026-08-31 23:22:32,AMB0066,REQ02461,12.935631,80.239148,48.5,135.0,EN_ROUTE_TO_HOSPITAL
2026-08-31 23:22:36,AMB0066,REQ02461,12.920059,80.234187,35.4,135.0,EN_ROUTE_TO_HOSPITAL
2026-08-31 23:22:44,AMB0066,REQ02461,12.905479,80.228335,45.4,135.0,EN_ROUTE_TO_HOSPITAL
2026-08-08 23:19:18,AMB0024,REQ02396,13.102227,80.274865,50.3,135.0,EN_ROUTE_TO_PATIENT
2026-08-08 23:19:22,AMB0024,REQ02396,13.062328,80.268319,37.9,135.0,EN_ROUTE_TO_PATIENT
2026-08-08 23:19:26,AMB0024,REQ02396,13.02223,80.262069,36.3,135.0,EN_ROUTE_TO_PATIENT
2026-08-08 23:19:30,AMB0024,REQ02396,12.981517,80.256129,29.4,135.0,EN_ROUTE_TO_PATIENT
2026-08-08 23:19:36,AMB0024,REQ02396,12.941632,80.24955,45.1,135.0,EN_ROUTE_TO_PATIENT
2026-08-08 23:19:44,AMB0024,REQ02396,12.901836,80.243085,48.1,135.0,EN_ROUTE_TO_PATIENT
2026-08-08 23:19:49,AMB0024,REQ02396,12.861338,80.237286,45.1,135.0,EN_ROUTE_TO_PATIENT
2026-08-08 23:19:53,AMB0024,REQ02396,12.820722,80.230592,36.7,135.0,EN_ROUTE_TO_PATIENT
2026-08-08 23:19:57,AMB0024,REQ02396,12.780773,80.223415,51.9,135.0,EN_ROUTE_TO_PATIENT
2026-08-08 23:21:10,AMB0024,REQ02396,12.781092,80.223471,52.7,135.0,EN_ROUTE_TO_HOSPITAL
2026-08-08 23:21:14,AMB0024,REQ02396,12.803086,80.22818,25.2,135.0,EN_ROUTE_TO_HOSPITAL
2026-08-08 23:21:18,AMB0024,REQ02396,12.825517,80.232016,28.5,135.0,EN_ROUTE_TO_HOSPITAL
2026-08-08 23:21:26,AMB0024,REQ02396,12.846997,80.236212,40.4,135.0,EN_ROUTE_TO_HOSPITAL
2026-08-08 23:21:33,AMB0024,REQ02396,12.869854,80.241015,21.1,135.0,EN_ROUTE_TO_HOSPITAL
2026-08-08 23:21:37,AMB0024,REQ02396,12.892055,80.245151,26.7,135.0,EN_ROUTE_TO_HOSPITAL
2026-08-08 23:21:43,AMB0024,REQ02396,12.913493,80.24863,33.5,135.0,EN_ROUTE_TO_HOSPITAL
2026-08-08 23:21:47,AMB0024,REQ02396,12.935529,80.253105,36.6,135.0,EN_ROUTE_TO_HOSPITAL
2026-08-08 23:21:53,AMB0024,REQ02396,12.95836,80.256881,23.1,135.0,EN_ROUTE_TO_HOSPITAL
2026-08-08 23:22:00,AMB0024,REQ02396,12.980241,80.260872,51.5,135.0,EN_ROUTE_TO_HOSPITAL
2026-08-08 23:22:06,AMB0024,REQ02396,13.002469,80.265149,51.9,135.0,EN_ROUTE_TO_HOSPITAL
2026-08-08 23:22:12,AMB0024,REQ02396,13.024701,80.269426,34.3,135.0,EN_ROUTE_TO_HOSPITAL
2026-08-08 23:22:18,AMB0024,REQ02396,13.046297,80.273832,32.7,135.0,EN_ROUTE_TO_HOSPITAL
2026-08-08 23:22:24,AMB0024,REQ02396,13.068536,80.277239,23.0,135.0,EN_ROUTE_TO_HOSPITAL
2026-08-08 23:22:29,AMB0024,REQ02396,13.091582,80.281736,53.5,135.0,EN_ROUTE_TO_HOSPITAL
2026-08-08 23:22:34,AMB0024,REQ02396,13.113239,80.285476,52.7,135.0,EN_ROUTE_TO_HOSPITAL
2026-08-01 16:06:24,AMB0084,REQ00270,13.007211,80.219223,29.6,135.0,EN_ROUTE_TO_PATIENT
2026-08-01 16:06:30,AMB0084,REQ00270,12.9997,80.224899,39.2,135.0,EN_ROUTE_TO_PATIENT
2026-08-01 16:06:37,AMB0084,REQ00270,12.992382,80.230765,29.6,135.0,EN_ROUTE_TO_PATIENT
2026-08-01 16:06:45,AMB0084,REQ00270,12.98482,80.237218,22.3,135.0,EN_ROUTE_TO_PATIENT
2026-08-01 16:06:51,AMB0084,REQ00270,12.977671,80.242786,27.6,135.0,EN_ROUTE_TO_PATIENT
2026-08-01 16:06:55,AMB0084,REQ00270,12.970332,80.248993,40.0,135.0,EN_ROUTE_TO_PATIENT
2026-08-01 16:07:01,AMB0084,REQ00270,12.962942,80.254764,26.9,135.0,EN_ROUTE_TO_PATIENT
2026-08-01 16:07:07,AMB0084,REQ00270,12.955623,80.261211,45.7,135.0,EN_ROUTE_TO_PATIENT
2026-08-01 16:07:11,AMB0084,REQ00270,12.947963,80.26719,49.2,135.0,EN_ROUTE_TO_PATIENT
2026-08-01 16:07:17,AMB0084,REQ00270,12.941301,80.274109,21.4,135.0,EN_ROUTE_TO_PATIENT
2026-08-01 16:08:54,AMB0084,REQ00270,12.940414,80.273772,27.3,135.0,EN_ROUTE_TO_HOSPITAL
2026-08-01 16:08:59,AMB0084,REQ00270,12.958841,80.26542,41.0,135.0,EN_ROUTE_TO_HOSPITAL
2026-08-01 16:09:05,AMB0084,REQ00270,12.976664,80.257218,42.3,135.0,EN_ROUTE_TO_HOSPITAL
2026-08-01 16:09:12,AMB0084,REQ00270,12.994832,80.249767,32.7,135.0,EN_ROUTE_TO_HOSPITAL
2026-08-01 16:09:17,AMB0084,REQ00270,13.012881,80.242266,25.1,135.0,EN_ROUTE_TO_HOSPITAL
2026-08-01 16:09:24,AMB0084,REQ00270,13.031312,80.233923,23.0,135.0,EN_ROUTE_TO_HOSPITAL
2026-08-01 16:09:28,AMB0084,REQ00270,13.048993,80.225517,30.5,135.0,EN_ROUTE_TO_HOSPITAL
2026-08-01 16:09:36,AMB0084,REQ00270,13.067407,80.217767,23.6,135.0,EN_ROUTE_TO_HOSPITAL
2026-08-01 16:09:41,AMB0084,REQ00270,13.084771,80.209911,35.0,135.0,EN_ROUTE_TO_HOSPITAL
2026-09-06 01:45:59,AMB0111,REQ02700,12.900679,80.230751,24.1,135.0,EN_ROUTE_TO_PATIENT
2026-09-06 01:46:06,AMB0111,REQ02700,12.918169,80.235689,40.0,135.0,EN_ROUTE_TO_PATIENT
2026-09-06 01:46:13,AMB0111,REQ02700,12.936417,80.241001,35.8,135.0,EN_ROUTE_TO_PATIENT
2026-09-06 01:46:17,AMB0111,REQ02700,12.954729,80.246885,43.9,135.0,EN_ROUTE_TO_PATIENT
2026-09-06 01:46:25,AMB0111,REQ02700,12.972286,80.25245,35.3,135.0,EN_ROUTE_TO_PATIENT
2026-09-06 01:46:32,AMB0111,REQ02700,12.990048,80.257019,41.7,135.0,EN_ROUTE_TO_PATIENT
2026-09-06 01:46:36,AMB0111,REQ02700,13.00827,80.262464,23.3,135.0,EN_ROUTE_TO_PATIENT
2026-09-06 01:46:41,AMB0111,REQ02700,13.026981,80.267192,41.5,135.0,EN_ROUTE_TO_PATIENT
2026-09-06 01:46:46,AMB0111,REQ02700,13.044474,80.273376,28.3,135.0,EN_ROUTE_TO_PATIENT
2026-09-06 01:46:52,AMB0111,REQ02700,13.062734,80.277842,39.8,135.0,EN_ROUTE_TO_PATIENT
2026-09-06 01:46:57,AMB0111,REQ02700,13.081543,80.282847,45.6,135.0,EN_ROUTE_TO_PATIENT
2026-09-06 01:47:03,AMB0111,REQ02700,13.099093,80.288345,27.2,135.0,EN_ROUTE_TO_PATIENT
2026-09-06 01:47:54,AMB0111,REQ02700,13.098563,80.288744,32.3,135.0,EN_ROUTE_TO_HOSPITAL
2026-09-06 01:47:59,AMB0111,REQ02700,13.102642,80.288168,44.9,135.0,EN_ROUTE_TO_HOSPITAL
2026-09-06 01:48:07,AMB0111,REQ02700,13.105019,80.288708,50.0,135.0,EN_ROUTE_TO_HOSPITAL
2026-09-06 01:48:12,AMB0111,REQ02700,13.107916,80.288687,45.1,135.0,EN_ROUTE_TO_HOSPITAL
2026-09-06 01:48:18,AMB0111,REQ02700,13.111798,80.289056,44.4,135.0,EN_ROUTE_TO_HOSPITAL
2026-09-06 01:48:22,AMB0111,REQ02700,13.114028,80.288215,47.0,135.0,EN_ROUTE_TO_HOSPITAL
2026-09-06 01:48:26,AMB0111,REQ02700,13.117351,80.288524,40.1,135.0,EN_ROUTE_TO_HOSPITAL
2026-09-06 01:48:30,AMB0111,REQ02700,13.120901,80.288906,29.3,135.0,EN_ROUTE_TO_HOSPITAL
2026-09-06 01:48:37,AMB0111,REQ02700,13.124475,80.289537,43.3,135.0,EN_ROUTE_TO_HOSPITAL
2026-09-06 01:48:41,AMB0111,REQ02700,13.127247,80.288722,46.5,135.0,EN_ROUTE_TO_HOSPITAL
2026-09-03 20:59:36,AMB0072,REQ01659,13.039519,80.232228,44.4,135.0,EN_ROUTE_TO_PATIENT
2026-09-03 20:59:43,AMB0072,REQ01659,13.045861,80.236236,34.8,135.0,EN_ROUTE_TO_PATIENT
2026-09-03 20:59:48,AMB0072,REQ01659,13.05258,80.240031,29.6,135.0,EN_ROUTE_TO_PATIENT
2026-09-03 20:59:52,AMB0072,REQ01659,13.059854,80.24476,20.1,135.0,EN_ROUTE_TO_PATIENT
2026-09-03 20:59:59,AMB0072,REQ01659,13.066086,80.248114,40.5,135.0,EN_ROUTE_TO_PATIENT
2026-09-03 21:00:03,AMB0072,REQ01659,13.072898,80.252563,33.5,135.0,EN_ROUTE_TO_PATIENT
2026-09-03 21:00:09,AMB0072,REQ01659,13.079768,80.256591,26.4,135.0,EN_ROUTE_TO_PATIENT
2026-09-03 21:00:15,AMB0072,REQ01659,13.087057,80.260942,27.6,135.0,EN_ROUTE_TO_PATIENT
2026-09-03 21:00:23,AMB0072,REQ01659,13.093894,80.265464,28.6,135.0,EN_ROUTE_TO_PATIENT
2026-09-03 21:00:28,AMB0072,REQ01659,13.100622,80.269132,29.4,135.0,EN_ROUTE_TO_PATIENT
2026-09-03 21:00:34,AMB0072,REQ01659,13.107656,80.272628,43.2,135.0,EN_ROUTE_TO_PATIENT
2026-09-03 21:01:26,AMB0072,REQ01659,13.106863,80.272625,45.4,135.0,EN_ROUTE_TO_HOSPITAL
2026-09-03 21:01:30,AMB0072,REQ01659,13.075748,80.267393,40.2,135.0,EN_ROUTE_TO_HOSPITAL
2026-09-03 21:01:38,AMB0072,REQ01659,13.045081,80.26249,32.9,135.0,EN_ROUTE_TO_HOSPITAL
2026-09-03 21:01:42,AMB0072,REQ01659,13.014586,80.257561,46.4,135.0,EN_ROUTE_TO_HOSPITAL
2026-09-03 21:01:50,AMB0072,REQ01659,12.982992,80.25233,35.7,135.0,EN_ROUTE_TO_HOSPITAL
2026-09-03 21:01:56,AMB0072,REQ01659,12.951691,80.246481,52.3,135.0,EN_ROUTE_TO_HOSPITAL
2026-09-03 21:02:02,AMB0072,REQ01659,12.920833,80.242122,37.3,135.0,EN_ROUTE_TO_HOSPITAL
2026-09-03 21:02:10,AMB0072,REQ01659,12.890581,80.236601,47.4,135.0,EN_ROUTE_TO_HOSPITAL
2026-09-03 21:02:16,AMB0072,REQ01659,12.85957,80.231061,43.4,135.0,EN_ROUTE_TO_HOSPITAL
2026-09-03 21:02:20,AMB0072,REQ01659,12.827992,80.225889,51.9,135.0,EN_ROUTE_TO_HOSPITAL
2026-09-03 21:02:27,AMB0072,REQ01659,12.796733,80.220459,26.2,135.0,EN_ROUTE_TO_HOSPITAL
2026-08-20 16:06:21,AMB0121,REQ01555,12.971624,80.14632,37.9,135.0,EN_ROUTE_TO_PATIENT
2026-08-20 16:06:29,AMB0121,REQ01555,12.975509,80.152085,28.7,135.0,EN_ROUTE_TO_PATIENT
2026-08-20 16:06:37,AMB0121,REQ01555,12.980338,80.157679,44.2,135.0,EN_ROUTE_TO_PATIENT
2026-08-20 16:06:43,AMB0121,REQ01555,12.984762,80.16273,52.5,135.0,EN_ROUTE_TO_PATIENT
2026-08-20 16:06:48,AMB0121,REQ01555,12.989759,80.16746,35.1,135.0,EN_ROUTE_TO_PATIENT
2026-08-20 16:06:52,AMB0121,REQ01555,12.994091,80.172388,28.1,135.0,EN_ROUTE_TO_PATIENT
2026-08-20 16:06:57,AMB0121,REQ01555,12.999564,80.177802,30.5,135.0,EN_ROUTE_TO_PATIENT
2026-08-20 16:07:05,AMB0121,REQ01555,13.003474,80.183596,20.2,135.0,EN_ROUTE_TO_PATIENT
2026-08-20 16:07:12,AMB0121,REQ01555,13.008753,80.188505,36.6,135.0,EN_ROUTE_TO_PATIENT
2026-08-20 16:07:16,AMB0121,REQ01555,13.013172,80.192889,20.4,135.0,EN_ROUTE_TO_PATIENT
2026-08-20 16:07:23,AMB0121,REQ01555,13.017911,80.19874,47.0,135.0,EN_ROUTE_TO_PATIENT
2026-08-20 16:07:27,AMB0121,REQ01555,13.022534,80.204311,37.2,135.0,EN_ROUTE_TO_PATIENT
2026-08-20 16:07:33,AMB0121,REQ01555,13.026983,80.208534,21.7,135.0,EN_ROUTE_TO_PATIENT
2026-08-20 16:07:40,AMB0121,REQ01555,13.031174,80.214546,39.0,135.0,EN_ROUTE_TO_PATIENT
2026-08-20 16:07:45,AMB0121,REQ01555,13.036384,80.219899,30.3,135.0,EN_ROUTE_TO_PATIENT
2026-08-20 16:08:51,AMB0121,REQ01555,13.036231,80.219094,37.9,135.0,EN_ROUTE_TO_HOSPITAL
2026-08-20 16:08:59,AMB0121,REQ01555,13.037955,80.222323,47.9,135.0,EN_ROUTE_TO_HOSPITAL
2026-08-20 16:09:05,AMB0121,REQ01555,13.038055,80.22459,48.8,135.0,EN_ROUTE_TO_HOSPITAL
2026-08-20 16:09:10,AMB0121,REQ01555,13.039181,80.227906,53.4,135.0,EN_ROUTE_TO_HOSPITAL
2026-08-20 16:09:14,AMB0121,REQ01555,13.041147,80.23021,38.9,135.0,EN_ROUTE_TO_HOSPITAL
2026-08-20 16:09:18,AMB0121,REQ01555,13.041501,80.233395,53.1,135.0,EN_ROUTE_TO_HOSPITAL
2026-08-20 16:09:22,AMB0121,REQ01555,13.043286,80.235974,47.3,135.0,EN_ROUTE_TO_HOSPITAL
2026-08-20 16:09:27,AMB0121,REQ01555,13.043713,80.238196,42.6,135.0,EN_ROUTE_TO_HOSPITAL
2026-08-20 16:09:35,AMB0121,REQ01555,13.044945,80.241926,34.6,135.0,EN_ROUTE_TO_HOSPITAL
2026-08-20 16:09:42,AMB0121,REQ01555,13.046597,80.244344,53.7,135.0,EN_ROUTE_TO_HOSPITAL
2026-08-20 16:09:46,AMB0121,REQ01555,13.048194,80.246404,53.7,135.0,EN_ROUTE_TO_HOSPITAL
2026-08-20 16:09:54,AMB0121,REQ01555,13.048564,80.249169,41.8,135.0,EN_ROUTE_TO_HOSPITAL
2026-08-20 16:10:01,AMB0121,REQ01555,13.050283,80.25299,53.8,135.0,EN_ROUTE_TO_HOSPITAL
2026-08-20 16:10:07,AMB0121,REQ01555,13.050675,80.255363,40.2,135.0,EN_ROUTE_TO_HOSPITAL
2026-08-20 16:10:11,AMB0121,REQ01555,13.052724,80.25756,23.6,135.0,EN_ROUTE_TO_HOSPITAL
2026-08-20 16:10:18,AMB0121,REQ01555,13.05319,80.260705,23.8,135.0,EN_ROUTE_TO_HOSPITAL
2026-08-20 16:10:26,AMB0121,REQ01555,13.055071,80.263585,51.4,135.0,EN_ROUTE_TO_HOSPITAL
2026-08-30 21:05:31,AMB0113,REQ00846,12.916582,80.191886,26.6,135.0,EN_ROUTE_TO_PATIENT
2026-08-30 21:05:38,AMB0113,REQ00846,12.927158,80.197412,48.5,135.0,EN_ROUTE_TO_PATIENT
2026-08-30 21:05:44,AMB0113,REQ00846,12.938398,80.203144,41.8,135.0,EN_ROUTE_TO_PATIENT
2026-08-30 21:05:48,AMB0113,REQ00846,12.949513,80.208902,41.9,135.0,EN_ROUTE_TO_PATIENT
2026-08-30 21:05:55,AMB0113,REQ00846,12.960445,80.213706,26.3,135.0,EN_ROUTE_TO_PATIENT
2026-08-30 21:06:01,AMB0113,REQ00846,12.971251,80.219603,20.4,135.0,EN_ROUTE_TO_PATIENT
2026-08-30 21:06:07,AMB0113,REQ00846,12.981853,80.225481,46.4,135.0,EN_ROUTE_TO_PATIENT
2026-08-30 21:06:11,AMB0113,REQ00846,12.99283,80.23049,33.0,135.0,EN_ROUTE_TO_PATIENT
2026-08-30 21:06:19,AMB0113,REQ00846,13.003659,80.236454,53.7,135.0,EN_ROUTE_TO_PATIENT
2026-08-30 21:06:27,AMB0113,REQ00846,13.015308,80.241868,42.6,135.0,EN_ROUTE_TO_PATIENT
2026-08-30 21:06:34,AMB0113,REQ00846,13.02658,80.247411,34.7,135.0,EN_ROUTE_TO_PATIENT
2026-08-30 21:06:38,AMB0113,REQ00846,13.037052,80.252863,54.4,135.0,EN_ROUTE_TO_PATIENT
2026-08-30 21:06:44,AMB0113,REQ00846,13.048626,80.259216,43.3,135.0,EN_ROUTE_TO_PATIENT
2026-08-30 21:07:51,AMB0113,REQ00846,13.048424,80.258901,22.0,135.0,EN_ROUTE_TO_HOSPITAL
2026-08-30 21:07:55,AMB0113,REQ00846,13.048548,80.254175,22.3,135.0,EN_ROUTE_TO_HOSPITAL
2026-08-30 21:08:01,AMB0113,REQ00846,13.04869,80.249243,25.1,135.0,EN_ROUTE_TO_HOSPITAL
2026-08-30 21:08:05,AMB0113,REQ00846,13.049762,80.244646,23.9,135.0,EN_ROUTE_TO_HOSPITAL
2026-08-30 21:08:13,AMB0113,REQ00846,13.049501,80.239555,46.6,135.0,EN_ROUTE_TO_HOSPITAL
2026-08-30 21:08:21,AMB0113,REQ00846,13.050472,80.234573,48.2,135.0,EN_ROUTE_TO_HOSPITAL
2026-08-30 21:08:29,AMB0113,REQ00846,13.050747,80.230235,29.0,135.0,EN_ROUTE_TO_HOSPITAL
2026-08-30 21:08:33,AMB0113,REQ00846,13.050418,80.225248,41.8,135.0,EN_ROUTE_TO_HOSPITAL
2026-08-30 21:08:40,AMB0113,REQ00846,13.050877,80.220899,31.4,135.0,EN_ROUTE_TO_HOSPITAL
2026-08-30 21:08:48,AMB0113,REQ00846,13.052075,80.216008,31.8,135.0,EN_ROUTE_TO_HOSPITAL
2026-08-30 21:08:55,AMB0113,REQ00846,13.052705,80.210679,27.2,135.0,EN_ROUTE_TO_HOSPITAL
2026-09-06 02:26:58,AMB0016,REQ02965,13.129116,80.28739,26.6,135.0,EN_ROUTE_TO_PATIENT
2026-09-06 02:27:03,AMB0016,REQ02965,13.128954,80.28346,23.0,135.0,EN_ROUTE_TO_PATIENT
2026-09-06 02:27:10,AMB0016,REQ02965,13.129579,80.281058,40.6,135.0,EN_ROUTE_TO_PATIENT
2026-09-06 02:27:15,AMB0016,REQ02965,13.128672,80.277516,33.6,135.0,EN_ROUTE_TO_PATIENT
2026-09-06 02:27:22,AMB0016,REQ02965,13.128656,80.273333,30.1,135.0,EN_ROUTE_TO_PATIENT
2026-09-06 02:27:27,AMB0016,REQ02965,13.129324,80.270912,44.8,135.0,EN_ROUTE_TO_PATIENT
2026-09-06 02:27:34,AMB0016,REQ02965,13.129671,80.266472,32.1,135.0,EN_ROUTE_TO_PATIENT
2026-09-06 02:27:40,AMB0016,REQ02965,13.129183,80.263755,39.7,135.0,EN_ROUTE_TO_PATIENT
2026-09-06 02:27:48,AMB0016,REQ02965,13.128921,80.260716,39.8,135.0,EN_ROUTE_TO_PATIENT
2026-09-06 02:27:55,AMB0016,REQ02965,13.128998,80.256795,29.7,135.0,EN_ROUTE_TO_PATIENT
2026-09-06 02:28:03,AMB0016,REQ02965,13.129655,80.254114,24.0,135.0,EN_ROUTE_TO_PATIENT
2026-09-06 02:28:10,AMB0016,REQ02965,13.129421,80.250459,35.7,135.0,EN_ROUTE_TO_PATIENT
2026-09-06 02:28:14,AMB0016,REQ02965,13.128847,80.246817,40.1,135.0,EN_ROUTE_TO_PATIENT
2026-09-06 02:28:21,AMB0016,REQ02965,13.129514,80.243424,41.8,135.0,EN_ROUTE_TO_PATIENT
2026-09-06 02:28:27,AMB0016,REQ02965,13.129545,80.24003,23.4,135.0,EN_ROUTE_TO_PATIENT
2026-09-06 02:29:41,AMB0016,REQ02965,13.129805,80.239523,25.7,135.0,EN_ROUTE_TO_HOSPITAL
2026-09-06 02:29:45,AMB0016,REQ02965,13.113563,80.229823,38.9,135.0,EN_ROUTE_TO_HOSPITAL
2026-09-06 02:29:51,AMB0016,REQ02965,13.097613,80.220217,27.5,135.0,EN_ROUTE_TO_HOSPITAL
2026-09-06 02:29:58,AMB0016,REQ02965,13.082214,80.211257,30.1,135.0,EN_ROUTE_TO_HOSPITAL
2026-09-06 02:30:04,AMB0016,REQ02965,13.065816,80.201186,32.4,135.0,EN_ROUTE_TO_HOSPITAL
2026-09-06 02:30:10,AMB0016,REQ02965,13.050272,80.191099,44.9,135.0,EN_ROUTE_TO_HOSPITAL
2026-09-06 02:30:15,AMB0016,REQ02965,13.03512,80.181542,40.8,135.0,EN_ROUTE_TO_HOSPITAL
2026-09-06 02:30:19,AMB0016,REQ02965,13.019225,80.171178,38.4,135.0,EN_ROUTE_TO_HOSPITAL
2026-09-06 02:30:26,AMB0016,REQ02965,13.003954,80.162127,33.5,135.0,EN_ROUTE_TO_HOSPITAL
2026-09-06 02:30:32,AMB0016,REQ02965,12.987067,80.151685,29.0,135.0,EN_ROUTE_TO_HOSPITAL
2026-09-06 02:30:40,AMB0016,REQ02965,12.97231,80.141912,53.8,135.0,EN_ROUTE_TO_HOSPITAL
2026-09-06 02:30:46,AMB0016,REQ02965,12.955511,80.132818,52.2,135.0,EN_ROUTE_TO_HOSPITAL
2026-09-06 02:30:54,AMB0016,REQ02965,12.940233,80.123006,23.7,135.0,EN_ROUTE_TO_HOSPITAL
2026-09-06 02:30:59,AMB0016,REQ02965,12.924723,80.113442,46.9,135.0,EN_ROUTE_TO_HOSPITAL
2026-08-21 23:16:12,AMB0055,REQ02572,13.05595,80.212106,29.3,135.0,EN_ROUTE_TO_PATIENT
2026-08-21 23:16:20,AMB0055,REQ02572,13.050586,80.210324,53.5,135.0,EN_ROUTE_TO_PATIENT
2026-08-21 23:16:26,AMB0055,REQ02572,13.04547,80.207146,30.6,135.0,EN_ROUTE_TO_PATIENT
2026-08-21 23:16:32,AMB0055,REQ02572,13.039854,80.204935,30.9,135.0,EN_ROUTE_TO_PATIENT
2026-08-21 23:16:40,AMB0055,REQ02572,13.034846,80.201282,34.8,135.0,EN_ROUTE_TO_PATIENT
2026-08-21 23:16:46,AMB0055,REQ02572,13.028854,80.198974,25.1,135.0,EN_ROUTE_TO_PATIENT
2026-08-21 23:16:50,AMB0055,REQ02572,13.023522,80.196494,34.7,135.0,EN_ROUTE_TO_PATIENT
2026-08-21 23:16:55,AMB0055,REQ02572,13.018191,80.193528,39.3,135.0,EN_ROUTE_TO_PATIENT
2026-08-21 23:17:03,AMB0055,REQ02572,13.013484,80.190592,36.0,135.0,EN_ROUTE_TO_PATIENT
2026-08-21 23:17:08,AMB0055,REQ02572,13.008053,80.187594,47.8,135.0,EN_ROUTE_TO_PATIENT
2026-08-21 23:17:12,AMB0055,REQ02572,13.003096,80.184947,36.0,135.0,EN_ROUTE_TO_PATIENT
2026-08-21 23:17:19,AMB0055,REQ02572,12.998026,80.182467,33.7,135.0,EN_ROUTE_TO_PATIENT
2026-08-21 23:17:26,AMB0055,REQ02572,12.991716,80.179963,37.0,135.0,EN_ROUTE_TO_PATIENT
2026-08-21 23:17:31,AMB0055,REQ02572,12.987306,80.177114,49.6,135.0,EN_ROUTE_TO_PATIENT
2026-08-21 23:17:37,AMB0055,REQ02572,12.981193,80.174121,26.4,135.0,EN_ROUTE_TO_PATIENT
2026-08-21 23:17:42,AMB0055,REQ02572,12.976187,80.171912,23.6,135.0,EN_ROUTE_TO_PATIENT
2026-08-21 23:17:48,AMB0055,REQ02572,12.971397,80.168768,36.8,135.0,EN_ROUTE_TO_PATIENT
2026-08-21 23:18:57,AMB0055,REQ02572,12.971572,80.169145,20.3,135.0,EN_ROUTE_TO_HOSPITAL
2026-08-21 23:19:03,AMB0055,REQ02572,12.966377,80.172421,47.4,135.0,EN_ROUTE_TO_HOSPITAL
2026-08-21 23:19:07,AMB0055,REQ02572,12.962194,80.177038,23.6,135.0,EN_ROUTE_TO_HOSPITAL
2026-08-21 23:19:12,AMB0055,REQ02572,12.958216,80.180114,29.7,135.0,EN_ROUTE_TO_HOSPITAL
2026-08-21 23:19:16,AMB0055,REQ02572,12.953193,80.184873,47.8,135.0,EN_ROUTE_TO_HOSPITAL
2026-08-21 23:19:23,AMB0055,REQ02572,12.948683,80.18925,39.3,135.0,EN_ROUTE_TO_HOSPITAL
2026-08-21 23:19:30,AMB0055,REQ02572,12.944875,80.193126,27.8,135.0,EN_ROUTE_TO_HOSPITAL
2026-08-21 23:19:34,AMB0055,REQ02572,12.940152,80.196171,43.6,135.0,EN_ROUTE_TO_HOSPITAL
2026-08-21 23:19:42,AMB0055,REQ02572,12.935808,80.200411,34.8,135.0,EN_ROUTE_TO_HOSPITAL
2026-08-21 23:19:50,AMB0055,REQ02572,12.93145,80.204407,21.7,135.0,EN_ROUTE_TO_HOSPITAL
2026-08-21 23:19:54,AMB0055,REQ02572,12.92784,80.208719,39.9,135.0,EN_ROUTE_TO_HOSPITAL
2026-08-21 23:19:59,AMB0055,REQ02572,12.923461,80.212454,36.1,135.0,EN_ROUTE_TO_HOSPITAL
2026-08-21 23:20:06,AMB0055,REQ02572,12.918629,80.216099,34.5,135.0,EN_ROUTE_TO_HOSPITAL
2026-08-21 23:20:11,AMB0055,REQ02572,12.914232,80.221097,50.0,135.0,EN_ROUTE_TO_HOSPITAL
2026-08-21 23:20:19,AMB0055,REQ02572,12.909193,80.225022,42.6,135.0,EN_ROUTE_TO_HOSPITAL
2026-08-21 23:20:25,AMB0055,REQ02572,12.905984,80.228791,26.3,135.0,EN_ROUTE_TO_HOSPITAL
2026-08-12 10:28:07,AMB0085,REQ00879,13.010058,80.221063,34.1,135.0,EN_ROUTE_TO_PATIENT
2026-08-12 10:28:15,AMB0085,REQ00879,13.002885,80.210949,27.7,135.0,EN_ROUTE_TO_PATIENT
2026-08-12 10:28:22,AMB0085,REQ00879,12.995603,80.200134,26.2,135.0,EN_ROUTE_TO_PATIENT
2026-08-12 10:28:30,AMB0085,REQ00879,12.989039,80.189383,50.9,135.0,EN_ROUTE_TO_PATIENT
2026-08-12 10:28:36,AMB0085,REQ00879,12.981828,80.17927,26.8,135.0,EN_ROUTE_TO_PATIENT
2026-08-12 10:28:40,AMB0085,REQ00879,12.973947,80.169145,47.2,135.0,EN_ROUTE_TO_PATIENT
2026-08-12 10:28:46,AMB0085,REQ00879,12.966874,80.158132,39.0,135.0,EN_ROUTE_TO_PATIENT
2026-08-12 10:28:51,AMB0085,REQ00879,12.959947,80.148592,28.3,135.0,EN_ROUTE_TO_PATIENT
2026-08-12 10:28:57,AMB0085,REQ00879,12.952254,80.137994,39.7,135.0,EN_ROUTE_TO_PATIENT
2026-08-12 10:29:01,AMB0085,REQ00879,12.946275,80.127808,32.1,135.0,EN_ROUTE_TO_PATIENT
2026-08-12 10:30:05,AMB0085,REQ00879,12.945347,80.127573,28.9,135.0,EN_ROUTE_TO_HOSPITAL
2026-08-12 10:30:13,AMB0085,REQ00879,12.959638,80.142571,36.3,135.0,EN_ROUTE_TO_HOSPITAL
2026-08-12 10:30:17,AMB0085,REQ00879,12.973241,80.15686,33.2,135.0,EN_ROUTE_TO_HOSPITAL
2026-08-12 10:30:22,AMB0085,REQ00879,12.986072,80.1729,42.7,135.0,EN_ROUTE_TO_HOSPITAL
2026-08-12 10:30:27,AMB0085,REQ00879,12.999481,80.187129,45.2,135.0,EN_ROUTE_TO_HOSPITAL
2026-08-12 10:30:32,AMB0085,REQ00879,13.013942,80.202666,54.8,135.0,EN_ROUTE_TO_HOSPITAL
2026-08-12 10:30:37,AMB0085,REQ00879,13.026841,80.21717,23.4,135.0,EN_ROUTE_TO_HOSPITAL
2026-08-12 10:30:45,AMB0085,REQ00879,13.040744,80.231912,45.0,135.0,EN_ROUTE_TO_HOSPITAL
2026-08-12 10:30:53,AMB0085,REQ00879,13.054447,80.247987,21.6,135.0,EN_ROUTE_TO_HOSPITAL
2026-08-12 10:30:57,AMB0085,REQ00879,13.067825,80.262064,23.3,135.0,EN_ROUTE_TO_HOSPITAL
2026-08-12 10:31:02,AMB0085,REQ00879,13.080536,80.276893,50.4,135.0,EN_ROUTE_TO_HOSPITAL
2026-08-11 23:59:52,AMB0107,REQ01203,12.958867,80.242437,35.8,135.0,EN_ROUTE_TO_PATIENT
2026-08-11 23:59:59,AMB0107,REQ01203,12.963965,80.238126,54.7,135.0,EN_ROUTE_TO_PATIENT
2026-08-12 00:00:05,AMB0107,REQ01203,12.968592,80.233652,28.0,135.0,EN_ROUTE_TO_PATIENT
2026-08-12 00:00:10,AMB0107,REQ01203,12.972945,80.227831,43.2,135.0,EN_ROUTE_TO_PATIENT
2026-08-12 00:00:15,AMB0107,REQ01203,12.976691,80.223562,45.8,135.0,EN_ROUTE_TO_PATIENT
2026-08-12 00:00:21,AMB0107,REQ01203,12.982247,80.218933,52.1,135.0,EN_ROUTE_TO_PATIENT
2026-08-12 00:00:29,AMB0107,REQ01203,12.985966,80.214324,41.8,135.0,EN_ROUTE_TO_PATIENT
2026-08-12 00:00:36,AMB0107,REQ01203,12.990237,80.209185,41.9,135.0,EN_ROUTE_TO_PATIENT
2026-08-12 00:00:41,AMB0107,REQ01203,12.994756,80.204772,52.1,135.0,EN_ROUTE_TO_PATIENT
2026-08-12 00:00:45,AMB0107,REQ01203,12.999514,80.199724,22.4,135.0,EN_ROUTE_TO_PATIENT
2026-08-12 00:00:50,AMB0107,REQ01203,13.00413,80.194522,53.6,135.0,EN_ROUTE_TO_PATIENT
2026-08-12 00:00:58,AMB0107,REQ01203,13.008814,80.189803,25.7,135.0,EN_ROUTE_TO_PATIENT
2026-08-12 00:01:02,AMB0107,REQ01203,13.013237,80.185173,49.3,135.0,EN_ROUTE_TO_PATIENT
2026-08-12 00:01:10,AMB0107,REQ01203,13.018151,80.179852,52.6,135.0,EN_ROUTE_TO_PATIENT
2026-08-12 00:02:01,AMB0107,REQ01203,13.01779,80.180671,45.4,135.0,EN_ROUTE_TO_HOSPITAL
2026-08-12 00:02:08,AMB0107,REQ01203,13.02232,80.183594,48.4,135.0,EN_ROUTE_TO_HOSPITAL
2026-08-12 00:02:15,AMB0107,REQ01203,13.027261,80.187496,42.1,135.0,EN_ROUTE_TO_HOSPITAL
2026-08-12 00:02:20,AMB0107,REQ01203,13.033168,80.191825,21.7,135.0,EN_ROUTE_TO_HOSPITAL
2026-08-12 00:02:24,AMB0107,REQ01203,13.037474,80.195095,45.5,135.0,EN_ROUTE_TO_HOSPITAL
2026-08-12 00:02:28,AMB0107,REQ01203,13.042557,80.19971,37.5,135.0,EN_ROUTE_TO_HOSPITAL
2026-08-12 00:02:33,AMB0107,REQ01203,13.047108,80.202737,22.6,135.0,EN_ROUTE_TO_HOSPITAL
2026-08-12 00:02:37,AMB0107,REQ01203,13.052634,80.206841,21.4,135.0,EN_ROUTE_TO_HOSPITAL
2026-08-12 00:02:41,AMB0107,REQ01203,13.057632,80.210124,21.1,135.0,EN_ROUTE_TO_HOSPITAL
2026-08-12 00:02:47,AMB0107,REQ01203,13.061406,80.214771,33.7,135.0,EN_ROUTE_TO_HOSPITAL
2026-08-12 00:02:51,AMB0107,REQ01203,13.066522,80.218598,48.7,135.0,EN_ROUTE_TO_HOSPITAL
2026-08-12 00:02:56,AMB0107,REQ01203,13.071355,80.222361,42.7,135.0,EN_ROUTE_TO_HOSPITAL
2026-08-20 22:04:09,AMB0093,REQ01821,13.005164,80.258589,45.0,135.0,EN_ROUTE_TO_PATIENT
2026-08-20 22:04:15,AMB0093,REQ01821,13.006061,80.252885,42.2,135.0,EN_ROUTE_TO_PATIENT
2026-08-20 22:04:21,AMB0093,REQ01821,13.007083,80.247322,29.7,135.0,EN_ROUTE_TO_PATIENT
2026-08-20 22:04:27,AMB0093,REQ01821,13.008574,80.242907,38.8,135.0,EN_ROUTE_TO_PATIENT
2026-08-20 22:04:35,AMB0093,REQ01821,13.009418,80.237906,32.4,135.0,EN_ROUTE_TO_PATIENT
2026-08-20 22:04:42,AMB0093,REQ01821,13.010632,80.232528,47.2,135.0,EN_ROUTE_TO_PATIENT
2026-08-20 22:04:48,AMB0093,REQ01821,13.01251,80.227505,30.5,135.0,EN_ROUTE_TO_PATIENT
2026-08-20 22:04:54,AMB0093,REQ01821,13.013903,80.22285,22.8,135.0,EN_ROUTE_TO_PATIENT
2026-08-20 22:05:00,AMB0093,REQ01821,13.015046,80.216665,26.2,135.0,EN_ROUTE_TO_PATIENT
2026-08-20 22:05:06,AMB0093,REQ01821,13.015818,80.211806,36.2,135.0,EN_ROUTE_TO_PATIENT
2026-08-20 22:05:14,AMB0093,REQ01821,13.017027,80.207076,46.0,135.0,EN_ROUTE_TO_PATIENT
2026-08-20 22:05:18,AMB0093,REQ01821,13.01856,80.202449,29.0,135.0,EN_ROUTE_TO_PATIENT
2026-08-20 22:05:25,AMB0093,REQ01821,13.019745,80.197425,45.1,135.0,EN_ROUTE_TO_PATIENT
2026-08-20 22:05:32,AMB0093,REQ01821,13.021122,80.191991,22.2,135.0,EN_ROUTE_TO_PATIENT
2026-08-20 22:06:57,AMB0093,REQ01821,13.020832,80.191689,40.3,135.0,EN_ROUTE_TO_HOSPITAL
2026-08-20 22:07:03,AMB0093,REQ01821,13.022147,80.187851,28.2,135.0,EN_ROUTE_TO_HOSPITAL
2026-08-20 22:07:11,AMB0093,REQ01821,13.023618,80.184987,24.5,135.0,EN_ROUTE_TO_HOSPITAL
2026-08-20 22:07:18,AMB0093,REQ01821,13.025342,80.180853,47.5,135.0,EN_ROUTE_TO_HOSPITAL
2026-08-20 22:07:25,AMB0093,REQ01821,13.02558,80.177052,24.0,135.0,EN_ROUTE_TO_HOSPITAL
2026-08-20 22:07:30,AMB0093,REQ01821,13.027639,80.173099,27.4,135.0,EN_ROUTE_TO_HOSPITAL
2026-08-20 22:07:38,AMB0093,REQ01821,13.028775,80.169609,32.3,135.0,EN_ROUTE_TO_HOSPITAL
2026-08-20 22:07:44,AMB0093,REQ01821,13.030072,80.165922,32.8,135.0,EN_ROUTE_TO_HOSPITAL
2026-08-20 22:07:49,AMB0093,REQ01821,13.03083,80.16281,51.4,135.0,EN_ROUTE_TO_HOSPITAL
2026-08-20 22:07:57,AMB0093,REQ01821,13.032945,80.159362,47.2,135.0,EN_ROUTE_TO_HOSPITAL
2026-08-20 22:08:02,AMB0093,REQ01821,13.034183,80.155165,35.5,135.0,EN_ROUTE_TO_HOSPITAL
2026-08-20 22:08:06,AMB0093,REQ01821,13.03518,80.151352,48.8,135.0,EN_ROUTE_TO_HOSPITAL
2026-08-20 22:08:13,AMB0093,REQ01821,13.03654,80.148042,35.4,135.0,EN_ROUTE_TO_HOSPITAL
2026-08-20 22:08:18,AMB0093,REQ01821,13.037974,80.144414,22.1,135.0,EN_ROUTE_TO_HOSPITAL
2026-08-20 22:08:26,AMB0093,REQ01821,13.038274,80.140356,53.7,135.0,EN_ROUTE_TO_HOSPITAL
2026-09-04 19:26:52,AMB0088,REQ01874,13.019956,80.178353,34.2,135.0,EN_ROUTE_TO_PATIENT
2026-09-04 19:26:56,AMB0088,REQ01874,13.026785,80.178544,36.4,135.0,EN_ROUTE_TO_PATIENT
2026-09-04 19:27:03,AMB0088,REQ01874,13.032834,80.17905,52.4,135.0,EN_ROUTE_TO_PATIENT
2026-09-04 19:27:10,AMB0088,REQ01874,13.039268,80.179888,50.6,135.0,EN_ROUTE_TO_PATIENT
2026-09-04 19:27:15,AMB0088,REQ01874,13.045795,80.18035,30.8,135.0,EN_ROUTE_TO_PATIENT
2026-09-04 19:27:23,AMB0088,REQ01874,13.051045,80.181433,49.0,135.0,EN_ROUTE_TO_PATIENT
2026-09-04 19:27:29,AMB0088,REQ01874,13.058066,80.182273,29.4,135.0,EN_ROUTE_TO_PATIENT
2026-09-04 19:27:35,AMB0088,REQ01874,13.0641,80.18218,34.3,135.0,EN_ROUTE_TO_PATIENT
2026-09-04 19:27:41,AMB0088,REQ01874,13.070768,80.183191,22.9,135.0,EN_ROUTE_TO_PATIENT
2026-09-04 19:28:54,AMB0088,REQ01874,13.070261,80.183436,41.1,135.0,EN_ROUTE_TO_HOSPITAL
2026-09-04 19:29:00,AMB0088,REQ01874,13.040348,80.187587,27.1,135.0,EN_ROUTE_TO_HOSPITAL
2026-09-04 19:29:04,AMB0088,REQ01874,13.008943,80.19115,22.4,135.0,EN_ROUTE_TO_HOSPITAL
2026-09-04 19:29:10,AMB0088,REQ01874,12.979166,80.195653,33.5,135.0,EN_ROUTE_TO_HOSPITAL
2026-09-04 19:29:15,AMB0088,REQ01874,12.949332,80.199569,28.5,135.0,EN_ROUTE_TO_HOSPITAL
2026-09-04 19:29:21,AMB0088,REQ01874,12.91828,80.203779,31.3,135.0,EN_ROUTE_TO_HOSPITAL
2026-09-04 19:29:27,AMB0088,REQ01874,12.887626,80.20757,31.7,135.0,EN_ROUTE_TO_HOSPITAL
2026-09-04 19:29:31,AMB0088,REQ01874,12.857226,80.212102,23.1,135.0,EN_ROUTE_TO_HOSPITAL
2026-09-04 19:29:36,AMB0088,REQ01874,12.827314,80.216355,24.9,135.0,EN_ROUTE_TO_HOSPITAL
2026-09-04 19:29:44,AMB0088,REQ01874,12.796874,80.221076,54.1,135.0,EN_ROUTE_TO_HOSPITAL
2026-08-26 13:04:29,AMB0059,REQ02897,13.045042,80.246095,31.8,135.0,EN_ROUTE_TO_PATIENT
2026-08-26 13:04:35,AMB0059,REQ02897,13.039549,80.247819,44.0,135.0,EN_ROUTE_TO_PATIENT
2026-08-26 13:04:40,AMB0059,REQ02897,13.035375,80.248382,35.1,135.0,EN_ROUTE_TO_PATIENT
2026-08-26 13:04:46,AMB0059,REQ02897,13.029286,80.248672,33.6,135.0,EN_ROUTE_TO_PATIENT
2026-08-26 13:04:54,AMB0059,REQ02897,13.024385,80.249541,27.8,135.0,EN_ROUTE_TO_PATIENT
2026-08-26 13:04:58,AMB0059,REQ02897,13.018557,80.250042,34.9,135.0,EN_ROUTE_TO_PATIENT
2026-08-26 13:05:04,AMB0059,REQ02897,13.01348,80.251148,52.0,135.0,EN_ROUTE_TO_PATIENT
2026-08-26 13:05:10,AMB0059,REQ02897,13.008248,80.250766,30.2,135.0,EN_ROUTE_TO_PATIENT
2026-08-26 13:05:15,AMB0059,REQ02897,13.003695,80.252504,42.0,135.0,EN_ROUTE_TO_PATIENT
2026-08-26 13:05:21,AMB0059,REQ02897,12.998655,80.253045,38.0,135.0,EN_ROUTE_TO_PATIENT
2026-08-26 13:05:26,AMB0059,REQ02897,12.992884,80.253851,24.2,135.0,EN_ROUTE_TO_PATIENT
2026-08-26 13:05:34,AMB0059,REQ02897,12.987851,80.253484,45.4,135.0,EN_ROUTE_TO_PATIENT
2026-08-26 13:05:40,AMB0059,REQ02897,12.982867,80.255088,53.3,135.0,EN_ROUTE_TO_PATIENT
2026-08-26 13:05:47,AMB0059,REQ02897,12.977162,80.255422,26.3,135.0,EN_ROUTE_TO_PATIENT
2026-08-26 13:05:53,AMB0059,REQ02897,12.972282,80.255653,33.1,135.0,EN_ROUTE_TO_PATIENT
2026-08-26 13:05:58,AMB0059,REQ02897,12.966412,80.256989,25.7,135.0,EN_ROUTE_TO_PATIENT
2026-08-26 13:06:05,AMB0059,REQ02897,12.961521,80.25689,48.4,135.0,EN_ROUTE_TO_PATIENT
2026-08-26 13:07:36,AMB0059,REQ02897,12.961782,80.257536,31.4,135.0,EN_ROUTE_TO_HOSPITAL
2026-08-26 13:07:42,AMB0059,REQ02897,12.957546,80.239368,31.1,135.0,EN_ROUTE_TO_HOSPITAL
2026-08-26 13:07:47,AMB0059,REQ02897,12.952003,80.221592,33.6,135.0,EN_ROUTE_TO_HOSPITAL
2026-08-26 13:07:55,AMB0059,REQ02897,12.947467,80.203527,30.0,135.0,EN_ROUTE_TO_HOSPITAL
2026-08-26 13:08:01,AMB0059,REQ02897,12.942714,80.185508,20.5,135.0,EN_ROUTE_TO_HOSPITAL
2026-08-26 13:08:09,AMB0059,REQ02897,12.938586,80.167391,48.6,135.0,EN_ROUTE_TO_HOSPITAL
2026-08-26 13:08:16,AMB0059,REQ02897,12.934123,80.148824,21.9,135.0,EN_ROUTE_TO_HOSPITAL
2026-08-26 13:08:21,AMB0059,REQ02897,12.928884,80.131026,25.2,135.0,EN_ROUTE_TO_HOSPITAL
2026-08-26 13:08:29,AMB0059,REQ02897,12.924227,80.112742,37.6,135.0,EN_ROUTE_TO_HOSPITAL
2026-08-31 00:21:17,AMB0043,REQ01014,13.116679,80.157301,47.5,135.0,EN_ROUTE_TO_PATIENT
2026-08-31 00:21:24,AMB0043,REQ01014,13.086246,80.164133,40.0,135.0,EN_ROUTE_TO_PATIENT
2026-08-31 00:21:29,AMB0043,REQ01014,13.055822,80.170348,41.1,135.0,EN_ROUTE_TO_PATIENT
2026-08-31 00:21:36,AMB0043,REQ01014,13.025682,80.176701,36.6,135.0,EN_ROUTE_TO_PATIENT
2026-08-31 00:21:44,AMB0043,REQ01014,12.995062,80.183444,37.9,135.0,EN_ROUTE_TO_PATIENT
2026-08-31 00:21:48,AMB0043,REQ01014,12.964382,80.189323,21.7,135.0,EN_ROUTE_TO_PATIENT
2026-08-31 00:21:54,AMB0043,REQ01014,12.934891,80.196231,37.8,135.0,EN_ROUTE_TO_PATIENT
2026-08-31 00:22:02,AMB0043,REQ01014,12.904822,80.203423,23.5,135.0,EN_ROUTE_TO_PATIENT
2026-08-31 00:22:08,AMB0043,REQ01014,12.873883,80.209308,47.0,135.0,EN_ROUTE_TO_PATIENT
2026-08-31 00:22:12,AMB0043,REQ01014,12.844581,80.216312,45.9,135.0,EN_ROUTE_TO_PATIENT
2026-08-31 00:22:18,AMB0043,REQ01014,12.813241,80.222176,26.0,135.0,EN_ROUTE_TO_PATIENT
2026-08-31 00:22:24,AMB0043,REQ01014,12.783224,80.229698,39.5,135.0,EN_ROUTE_TO_PATIENT
2026-08-31 00:23:34,AMB0043,REQ01014,12.784108,80.229545,29.9,135.0,EN_ROUTE_TO_HOSPITAL
2026-08-31 00:23:38,AMB0043,REQ01014,12.802358,80.226943,30.8,135.0,EN_ROUTE_TO_HOSPITAL
2026-08-31 00:23:44,AMB0043,REQ01014,12.820855,80.225511,37.5,135.0,EN_ROUTE_TO_HOSPITAL
2026-08-31 00:23:48,AMB0043,REQ01014,12.839163,80.22229,29.1,135.0,EN_ROUTE_TO_HOSPITAL
2026-08-31 00:23:56,AMB0043,REQ01014,12.857616,80.220786,50.1,135.0,EN_ROUTE_TO_HOSPITAL
2026-08-31 00:24:04,AMB0043,REQ01014,12.875633,80.21828,36.2,135.0,EN_ROUTE_TO_HOSPITAL
2026-08-31 00:24:12,AMB0043,REQ01014,12.893825,80.217084,46.6,135.0,EN_ROUTE_TO_HOSPITAL
2026-08-31 00:24:16,AMB0043,REQ01014,12.913051,80.214939,31.3,135.0,EN_ROUTE_TO_HOSPITAL
2026-08-31 00:24:23,AMB0043,REQ01014,12.931755,80.211942,41.3,135.0,EN_ROUTE_TO_HOSPITAL
2026-08-31 00:24:28,AMB0043,REQ01014,12.94998,80.210153,24.7,135.0,EN_ROUTE_TO_HOSPITAL
2026-09-04 22:33:52,AMB0016,REQ02949,13.129155,80.287653,48.2,135.0,EN_ROUTE_TO_PATIENT
2026-09-04 22:33:58,AMB0016,REQ02949,13.112514,80.284393,40.6,135.0,EN_ROUTE_TO_PATIENT
2026-09-04 22:34:04,AMB0016,REQ02949,13.097004,80.28224,54.7,135.0,EN_ROUTE_TO_PATIENT
2026-09-04 22:34:09,AMB0016,REQ02949,13.08022,80.280326,30.9,135.0,EN_ROUTE_TO_PATIENT
2026-09-04 22:34:16,AMB0016,REQ02949,13.065085,80.2779,24.1,135.0,EN_ROUTE_TO_PATIENT
2026-09-04 22:34:24,AMB0016,REQ02949,13.04821,80.275594,37.3,135.0,EN_ROUTE_TO_PATIENT
2026-09-04 22:34:31,AMB0016,REQ02949,13.03263,80.273359,39.2,135.0,EN_ROUTE_TO_PATIENT
2026-09-04 22:34:37,AMB0016,REQ02949,13.016037,80.270756,34.2,135.0,EN_ROUTE_TO_PATIENT
2026-09-04 22:34:42,AMB0016,REQ02949,13.000246,80.267778,29.6,135.0,EN_ROUTE_TO_PATIENT
2026-09-04 22:34:47,AMB0016,REQ02949,12.98448,80.265782,26.1,135.0,EN_ROUTE_TO_PATIENT
2026-09-04 22:34:51,AMB0016,REQ02949,12.968233,80.262805,20.4,135.0,EN_ROUTE_TO_PATIENT
2026-09-04 22:34:55,AMB0016,REQ02949,12.952271,80.260769,20.9,135.0,EN_ROUTE_TO_PATIENT
2026-09-04 22:36:06,AMB0016,REQ02949,12.951687,80.261301,27.1,135.0,EN_ROUTE_TO_HOSPITAL
2026-09-04 22:36:10,AMB0016,REQ02949,12.950719,80.247926,47.5,135.0,EN_ROUTE_TO_HOSPITAL
2026-09-04 22:36:18,AMB0016,REQ02949,12.949949,80.233837,43.3,135.0,EN_ROUTE_TO_HOSPITAL
2026-09-04 22:36:22,AMB0016,REQ02949,12.948942,80.221421,29.4,135.0,EN_ROUTE_TO_HOSPITAL
2026-09-04 22:36:26,AMB0016,REQ02949,12.948012,80.20775,23.0,135.0,EN_ROUTE_TO_HOSPITAL
2026-09-04 22:36:31,AMB0016,REQ02949,12.947263,80.195189,21.6,135.0,EN_ROUTE_TO_HOSPITAL
2026-09-04 22:36:35,AMB0016,REQ02949,12.946617,80.1818,42.6,135.0,EN_ROUTE_TO_HOSPITAL
2026-09-04 22:36:41,AMB0016,REQ02949,12.945335,80.168112,36.4,135.0,EN_ROUTE_TO_HOSPITAL
2026-09-04 22:36:49,AMB0016,REQ02949,12.944679,80.154637,23.3,135.0,EN_ROUTE_TO_HOSPITAL
2026-09-04 22:36:55,AMB0016,REQ02949,12.943444,80.142307,44.0,135.0,EN_ROUTE_TO_HOSPITAL
2026-09-04 22:37:03,AMB0016,REQ02949,12.942636,80.129049,35.3,135.0,EN_ROUTE_TO_HOSPITAL
2026-08-13 19:57:30,AMB0068,REQ01309,13.03546,80.267423,44.2,135.0,EN_ROUTE_TO_PATIENT
2026-08-13 19:57:35,AMB0068,REQ01309,13.034826,80.264937,49.0,135.0,EN_ROUTE_TO_PATIENT
2026-08-13 19:57:41,AMB0068,REQ01309,13.034136,80.262541,46.4,135.0,EN_ROUTE_TO_PATIENT
2026-08-13 19:57:47,AMB0068,REQ01309,13.034847,80.260396,32.3,135.0,EN_ROUTE_TO_PATIENT
2026-08-13 19:57:55,AMB0068,REQ01309,13.034027,80.258203,35.4,135.0,EN_ROUTE_TO_PATIENT
2026-08-13 19:58:01,AMB0068,REQ01309,13.03444,80.255396,50.6,135.0,EN_ROUTE_TO_PATIENT
2026-08-13 19:58:05,AMB0068,REQ01309,13.033399,80.252901,39.2,135.0,EN_ROUTE_TO_PATIENT
2026-08-13 19:58:13,AMB0068,REQ01309,13.033899,80.250374,51.3,135.0,EN_ROUTE_TO_PATIENT
2026-08-13 19:58:17,AMB0068,REQ01309,13.033799,80.247774,44.1,135.0,EN_ROUTE_TO_PATIENT
2026-08-13 19:58:25,AMB0068,REQ01309,13.033178,80.245088,45.2,135.0,EN_ROUTE_TO_PATIENT
2026-08-13 19:58:31,AMB0068,REQ01309,13.033516,80.242571,33.6,135.0,EN_ROUTE_TO_PATIENT
2026-08-13 19:58:39,AMB0068,REQ01309,13.032842,80.240704,37.6,135.0,EN_ROUTE_TO_PATIENT
2026-08-13 19:58:44,AMB0068,REQ01309,13.033156,80.237483,39.5,135.0,EN_ROUTE_TO_PATIENT
2026-08-13 19:59:20,AMB0068,REQ01309,13.032804,80.238464,52.7,135.0,EN_ROUTE_TO_HOSPITAL
2026-08-13 19:59:25,AMB0068,REQ01309,13.033172,80.240318,35.8,135.0,EN_ROUTE_TO_HOSPITAL
2026-08-13 19:59:30,AMB0068,REQ01309,13.033287,80.241726,34.7,135.0,EN_ROUTE_TO_HOSPITAL
2026-08-13 19:59:35,AMB0068,REQ01309,13.033092,80.243918,43.1,135.0,EN_ROUTE_TO_HOSPITAL
2026-08-13 19:59:43,AMB0068,REQ01309,13.033751,80.245088,53.9,135.0,EN_ROUTE_TO_HOSPITAL
2026-08-13 19:59:49,AMB0068,REQ01309,13.033651,80.247214,41.6,135.0,EN_ROUTE_TO_HOSPITAL
2026-08-13 19:59:55,AMB0068,REQ01309,13.033347,80.249082,23.8,135.0,EN_ROUTE_TO_HOSPITAL
2026-08-13 20:00:01,AMB0068,REQ01309,13.033777,80.251126,48.3,135.0,EN_ROUTE_TO_HOSPITAL
2026-08-13 20:00:08,AMB0068,REQ01309,13.033088,80.25388,41.0,135.0,EN_ROUTE_TO_HOSPITAL
2026-08-13 20:00:14,AMB0068,REQ01309,13.033802,80.255853,30.0,135.0,EN_ROUTE_TO_HOSPITAL
2026-08-13 20:00:20,AMB0068,REQ01309,13.033711,80.257092,22.9,135.0,EN_ROUTE_TO_HOSPITAL
2026-08-25 15:45:08,AMB0106,REQ02730,12.958847,80.248244,52.9,135.0,EN_ROUTE_TO_PATIENT
2026-08-25 15:45:14,AMB0106,REQ02730,12.974936,80.252043,34.9,135.0,EN_ROUTE_TO_PATIENT
2026-08-25 15:45:21,AMB0106,REQ02730,12.990552,80.256024,24.2,135.0,EN_ROUTE_TO_PATIENT
2026-08-25 15:45:29,AMB0106,REQ02730,13.006065,80.260935,39.8,135.0,EN_ROUTE_TO_PATIENT
2026-08-25 15:45:33,AMB0106,REQ02730,13.021349,80.264773,21.6,135.0,EN_ROUTE_TO_PATIENT
2026-08-25 15:45:37,AMB0106,REQ02730,13.037146,80.26908,46.8,135.0,EN_ROUTE_TO_PATIENT
2026-08-25 15:45:44,AMB0106,REQ02730,13.052767,80.272726,26.9,135.0,EN_ROUTE_TO_PATIENT
2026-08-25 15:45:48,AMB0106,REQ02730,13.06873,80.276452,28.4,135.0,EN_ROUTE_TO_PATIENT
2026-08-25 15:45:53,AMB0106,REQ02730,13.084311,80.280628,35.6,135.0,EN_ROUTE_TO_PATIENT
2026-08-25 15:45:59,AMB0106,REQ02730,13.100954,80.284502,45.0,135.0,EN_ROUTE_TO_PATIENT
2026-08-25 15:46:04,AMB0106,REQ02730,13.116605,80.288323,22.8,135.0,EN_ROUTE_TO_PATIENT
2026-08-25 15:46:10,AMB0106,REQ02730,13.132388,80.292037,32.1,135.0,EN_ROUTE_TO_PATIENT
2026-08-25 15:46:16,AMB0106,REQ02730,13.148139,80.29595,48.9,135.0,EN_ROUTE_TO_PATIENT
2026-08-25 15:46:22,AMB0106,REQ02730,13.164327,80.299894,35.6,135.0,EN_ROUTE_TO_PATIENT
2026-08-25 15:46:27,AMB0106,REQ02730,13.179577,80.30385,36.7,135.0,EN_ROUTE_TO_PATIENT
2026-08-25 15:46:31,AMB0106,REQ02730,13.195485,80.307949,50.6,135.0,EN_ROUTE_TO_PATIENT
2026-08-25 15:48:07,AMB0106,REQ02730,13.195721,80.308686,41.4,135.0,EN_ROUTE_TO_HOSPITAL
2026-08-25 15:48:15,AMB0106,REQ02730,13.181109,80.304366,54.7,135.0,EN_ROUTE_TO_HOSPITAL
2026-08-25 15:48:21,AMB0106,REQ02730,13.166484,80.299036,47.0,135.0,EN_ROUTE_TO_HOSPITAL
2026-08-25 15:48:26,AMB0106,REQ02730,13.151267,80.294605,51.8,135.0,EN_ROUTE_TO_HOSPITAL
2026-08-25 15:48:32,AMB0106,REQ02730,13.136876,80.290176,41.5,135.0,EN_ROUTE_TO_HOSPITAL
2026-08-25 15:48:39,AMB0106,REQ02730,13.122039,80.28651,27.0,135.0,EN_ROUTE_TO_HOSPITAL
2026-08-25 15:48:44,AMB0106,REQ02730,13.107867,80.281233,37.2,135.0,EN_ROUTE_TO_HOSPITAL
2026-08-25 15:48:52,AMB0106,REQ02730,13.093097,80.27737,50.1,135.0,EN_ROUTE_TO_HOSPITAL
2026-08-25 15:48:58,AMB0106,REQ02730,13.079057,80.272414,42.7,135.0,EN_ROUTE_TO_HOSPITAL
2026-08-25 15:49:06,AMB0106,REQ02730,13.064636,80.268594,27.4,135.0,EN_ROUTE_TO_HOSPITAL
2026-08-25 15:49:13,AMB0106,REQ02730,13.049884,80.26412,49.4,135.0,EN_ROUTE_TO_HOSPITAL
2026-08-25 15:49:18,AMB0106,REQ02730,13.035417,80.260236,25.1,135.0,EN_ROUTE_TO_HOSPITAL
2026-08-25 15:49:22,AMB0106,REQ02730,13.020254,80.255446,46.3,135.0,EN_ROUTE_TO_HOSPITAL
2026-08-25 15:49:26,AMB0106,REQ02730,13.00573,80.250412,34.0,135.0,EN_ROUTE_TO_HOSPITAL
2026-08-31 12:31:01,AMB0073,REQ00930,13.044569,80.233518,42.3,135.0,EN_ROUTE_TO_PATIENT
2026-08-31 12:31:07,AMB0073,REQ00930,13.049441,80.23436,44.3,135.0,EN_ROUTE_TO_PATIENT
2026-08-31 12:31:14,AMB0073,REQ00930,13.05404,80.236183,36.1,135.0,EN_ROUTE_TO_PATIENT
2026-08-31 12:31:20,AMB0073,REQ00930,13.058721,80.237139,36.8,135.0,EN_ROUTE_TO_PATIENT
2026-08-31 12:31:26,AMB0073,REQ00930,13.063374,80.238718,23.9,135.0,EN_ROUTE_TO_PATIENT
2026-08-31 12:31:33,AMB0073,REQ00930,13.067917,80.239921,35.9,135.0,EN_ROUTE_TO_PATIENT
2026-08-31 12:31:39,AMB0073,REQ00930,13.072123,80.241535,50.3,135.0,EN_ROUTE_TO_PATIENT
2026-08-31 12:31:45,AMB0073,REQ00930,13.077515,80.242534,44.2,135.0,EN_ROUTE_TO_PATIENT
2026-08-31 12:31:53,AMB0073,REQ00930,13.081537,80.243569,47.7,135.0,EN_ROUTE_TO_PATIENT
2026-08-31 12:32:01,AMB0073,REQ00930,13.087074,80.245209,54.6,135.0,EN_ROUTE_TO_PATIENT
2026-08-31 12:32:08,AMB0073,REQ00930,13.0911,80.247088,53.2,135.0,EN_ROUTE_TO_PATIENT
2026-08-31 12:32:15,AMB0073,REQ00930,13.096284,80.247463,37.1,135.0,EN_ROUTE_TO_PATIENT
2026-08-31 12:32:22,AMB0073,REQ00930,13.100388,80.249675,38.2,135.0,EN_ROUTE_TO_PATIENT
2026-08-31 12:32:30,AMB0073,REQ00930,13.105268,80.250973,21.8,135.0,EN_ROUTE_TO_PATIENT
2026-08-31 12:32:34,AMB0073,REQ00930,13.109342,80.252003,48.4,135.0,EN_ROUTE_TO_PATIENT
2026-08-31 12:32:40,AMB0073,REQ00930,13.114008,80.253224,54.4,135.0,EN_ROUTE_TO_PATIENT
2026-08-31 12:32:48,AMB0073,REQ00930,13.118586,80.254826,49.7,135.0,EN_ROUTE_TO_PATIENT
2026-08-31 12:34:06,AMB0073,REQ00930,13.119153,80.25497,43.7,135.0,EN_ROUTE_TO_HOSPITAL
2026-08-31 12:34:10,AMB0073,REQ00930,13.115082,80.252624,54.2,135.0,EN_ROUTE_TO_HOSPITAL
2026-08-31 12:34:14,AMB0073,REQ00930,13.112583,80.249311,39.6,135.0,EN_ROUTE_TO_HOSPITAL
2026-08-31 12:34:19,AMB0073,REQ00930,13.109051,80.247918,30.6,135.0,EN_ROUTE_TO_HOSPITAL
2026-08-31 12:34:27,AMB0073,REQ00930,13.105353,80.245264,36.8,135.0,EN_ROUTE_TO_HOSPITAL
2026-08-31 12:34:31,AMB0073,REQ00930,13.101625,80.242824,47.3,135.0,EN_ROUTE_TO_HOSPITAL
2026-08-31 12:34:37,AMB0073,REQ00930,13.099135,80.240802,47.7,135.0,EN_ROUTE_TO_HOSPITAL
2026-08-31 12:34:41,AMB0073,REQ00930,13.095143,80.237706,54.7,135.0,EN_ROUTE_TO_HOSPITAL
2026-08-31 12:34:46,AMB0073,REQ00930,13.092148,80.236089,41.6,135.0,EN_ROUTE_TO_HOSPITAL
2026-08-31 12:34:51,AMB0073,REQ00930,13.088393,80.232992,21.9,135.0,EN_ROUTE_TO_HOSPITAL
2026-08-31 12:34:56,AMB0073,REQ00930,13.08518,80.230817,37.8,135.0,EN_ROUTE_TO_HOSPITAL
2026-08-31 12:35:00,AMB0073,REQ00930,13.082448,80.228373,26.7,135.0,EN_ROUTE_TO_HOSPITAL
2026-08-31 12:35:06,AMB0073,REQ00930,13.078015,80.226882,29.4,135.0,EN_ROUTE_TO_HOSPITAL
2026-08-31 12:35:10,AMB0073,REQ00930,13.075392,80.224662,48.9,135.0,EN_ROUTE_TO_HOSPITAL
2026-08-31 12:35:15,AMB0073,REQ00930,13.071276,80.221735,35.4,135.0,EN_ROUTE_TO_HOSPITAL
2026-08-12 10:35:07,AMB0018,REQ00460,13.113512,80.297162,33.8,135.0,EN_ROUTE_TO_PATIENT
2026-08-12 10:35:11,AMB0018,REQ00460,13.11484,80.296415,36.4,135.0,EN_ROUTE_TO_PATIENT
2026-08-12 10:35:18,AMB0018,REQ00460,13.116305,80.296944,44.4,135.0,EN_ROUTE_TO_PATIENT
2026-08-12 10:35:26,AMB0018,REQ00460,13.117483,80.297216,46.2,135.0,EN_ROUTE_TO_PATIENT
2026-08-12 10:35:32,AMB0018,REQ00460,13.119446,80.296744,29.5,135.0,EN_ROUTE_TO_PATIENT
2026-08-12 10:35:38,AMB0018,REQ00460,13.120771,80.296642,40.5,135.0,EN_ROUTE_TO_PATIENT
2026-08-12 10:35:42,AMB0018,REQ00460,13.122179,80.296574,39.1,135.0,EN_ROUTE_TO_PATIENT
2026-08-12 10:35:46,AMB0018,REQ00460,13.124014,80.296354,21.5,135.0,EN_ROUTE_TO_PATIENT
2026-08-12 10:35:52,AMB0018,REQ00460,13.124483,80.295915,29.2,135.0,EN_ROUTE_TO_PATIENT
2026-08-12 10:35:57,AMB0018,REQ00460,13.126508,80.296656,35.4,135.0,EN_ROUTE_TO_PATIENT
2026-08-12 10:36:02,AMB0018,REQ00460,13.127875,80.295556,31.3,135.0,EN_ROUTE_TO_PATIENT
2026-08-12 10:36:53,AMB0018,REQ00460,13.128387,80.295791,20.5,135.0,EN_ROUTE_TO_HOSPITAL
2026-08-12 10:36:57,AMB0018,REQ00460,13.12092,80.293043,54.7,135.0,EN_ROUTE_TO_HOSPITAL
2026-08-12 10:37:01,AMB0018,REQ00460,13.113631,80.289463,38.4,135.0,EN_ROUTE_TO_HOSPITAL
2026-08-12 10:37:06,AMB0018,REQ00460,13.106328,80.285839,31.8,135.0,EN_ROUTE_TO_HOSPITAL
2026-08-12 10:37:12,AMB0018,REQ00460,13.097986,80.28268,26.1,135.0,EN_ROUTE_TO_HOSPITAL
2026-08-12 10:37:17,AMB0018,REQ00460,13.090931,80.279719,20.6,135.0,EN_ROUTE_TO_HOSPITAL
2026-08-12 10:37:22,AMB0018,REQ00460,13.083811,80.276441,42.4,135.0,EN_ROUTE_TO_HOSPITAL
2026-08-12 10:37:29,AMB0018,REQ00460,13.076155,80.272731,52.5,135.0,EN_ROUTE_TO_HOSPITAL
2026-08-12 10:37:34,AMB0018,REQ00460,13.068847,80.269498,37.0,135.0,EN_ROUTE_TO_HOSPITAL
2026-08-12 10:37:40,AMB0018,REQ00460,13.061705,80.266242,25.5,135.0,EN_ROUTE_TO_HOSPITAL
2026-08-12 10:37:46,AMB0018,REQ00460,13.054586,80.263209,49.5,135.0,EN_ROUTE_TO_HOSPITAL
2026-08-12 06:16:28,AMB0034,REQ01232,13.077075,80.241132,22.3,135.0,EN_ROUTE_TO_PATIENT
2026-08-12 06:16:32,AMB0034,REQ01232,13.069297,80.236376,20.8,135.0,EN_ROUTE_TO_PATIENT
2026-08-12 06:16:39,AMB0034,REQ01232,13.060209,80.232589,49.7,135.0,EN_ROUTE_TO_PATIENT
2026-08-12 06:16:46,AMB0034,REQ01232,13.052948,80.228422,38.9,135.0,EN_ROUTE_TO_PATIENT
2026-08-12 06:16:50,AMB0034,REQ01232,13.04366,80.224712,54.7,135.0,EN_ROUTE_TO_PATIENT
2026-08-12 06:16:58,AMB0034,REQ01232,13.03605,80.221127,49.1,135.0,EN_ROUTE_TO_PATIENT
2026-08-12 06:17:03,AMB0034,REQ01232,13.027339,80.216748,45.6,135.0,EN_ROUTE_TO_PATIENT
2026-08-12 06:17:08,AMB0034,REQ01232,13.019043,80.212989,36.7,135.0,EN_ROUTE_TO_PATIENT
2026-08-12 06:17:14,AMB0034,REQ01232,13.010765,80.208551,22.5,135.0,EN_ROUTE_TO_PATIENT
2026-08-12 06:17:22,AMB0034,REQ01232,13.001858,80.204464,37.0,135.0,EN_ROUTE_TO_PATIENT
2026-08-12 06:17:26,AMB0034,REQ01232,12.994607,80.201396,27.3,135.0,EN_ROUTE_TO_PATIENT
2026-08-12 06:18:12,AMB0034,REQ01232,12.994263,80.200781,31.1,135.0,EN_ROUTE_TO_HOSPITAL
2026-08-12 06:18:20,AMB0034,REQ01232,12.991927,80.204636,23.1,135.0,EN_ROUTE_TO_HOSPITAL
2026-08-12 06:18:25,AMB0034,REQ01232,12.988942,80.208165,28.1,135.0,EN_ROUTE_TO_HOSPITAL
2026-08-12 06:18:30,AMB0034,REQ01232,12.985838,80.211523,25.6,135.0,EN_ROUTE_TO_HOSPITAL
2026-08-12 06:18:36,AMB0034,REQ01232,12.983554,80.214699,42.7,135.0,EN_ROUTE_TO_HOSPITAL
2026-08-12 06:18:42,AMB0034,REQ01232,12.981018,80.21826,29.3,135.0,EN_ROUTE_TO_HOSPITAL
2026-08-12 06:18:48,AMB0034,REQ01232,12.977734,80.22197,45.4,135.0,EN_ROUTE_TO_HOSPITAL
2026-08-12 06:18:54,AMB0034,REQ01232,12.975884,80.225097,46.9,135.0,EN_ROUTE_TO_HOSPITAL
2026-08-12 06:19:01,AMB0034,REQ01232,12.97252,80.228248,53.2,135.0,EN_ROUTE_TO_HOSPITAL
2026-08-12 06:19:08,AMB0034,REQ01232,12.969796,80.232175,38.2,135.0,EN_ROUTE_TO_HOSPITAL
2026-08-12 06:19:15,AMB0034,REQ01232,12.96794,80.235526,44.8,135.0,EN_ROUTE_TO_HOSPITAL
2026-08-12 06:19:20,AMB0034,REQ01232,12.964415,80.238829,30.2,135.0,EN_ROUTE_TO_HOSPITAL
2026-08-12 06:19:27,AMB0034,REQ01232,12.962738,80.242022,48.6,135.0,EN_ROUTE_TO_HOSPITAL
2026-08-12 06:19:34,AMB0034,REQ01232,12.960204,80.246152,52.3,135.0,EN_ROUTE_TO_HOSPITAL
2026-08-04 18:21:01,AMB0118,REQ02964,12.923028,80.103547,49.3,135.0,EN_ROUTE_TO_PATIENT
2026-08-04 18:21:05,AMB0118,REQ02964,12.925109,80.106132,41.3,135.0,EN_ROUTE_TO_PATIENT
2026-08-04 18:21:10,AMB0118,REQ02964,12.926803,80.109643,31.1,135.0,EN_ROUTE_TO_PATIENT
2026-08-04 18:21:15,AMB0118,REQ02964,12.927468,80.111911,47.9,135.0,EN_ROUTE_TO_PATIENT
2026-08-04 18:21:23,AMB0118,REQ02964,12.929683,80.115205,50.3,135.0,EN_ROUTE_TO_PATIENT
2026-08-04 18:21:29,AMB0118,REQ02964,12.930763,80.118947,28.0,135.0,EN_ROUTE_TO_PATIENT
2026-08-04 18:21:34,AMB0118,REQ02964,12.932273,80.12157,47.9,135.0,EN_ROUTE_TO_PATIENT
2026-08-04 18:21:39,AMB0118,REQ02964,12.933617,80.12463,50.9,135.0,EN_ROUTE_TO_PATIENT
2026-08-04 18:21:47,AMB0118,REQ02964,12.935186,80.128064,28.9,135.0,EN_ROUTE_TO_PATIENT
2026-08-04 18:21:51,AMB0118,REQ02964,12.936817,80.131867,50.3,135.0,EN_ROUTE_TO_PATIENT
2026-08-04 18:21:57,AMB0118,REQ02964,12.938399,80.13424,51.0,135.0,EN_ROUTE_TO_PATIENT
2026-08-04 18:22:02,AMB0118,REQ02964,12.938867,80.137741,22.0,135.0,EN_ROUTE_TO_PATIENT
2026-08-04 18:22:08,AMB0118,REQ02964,12.941301,80.140898,28.6,135.0,EN_ROUTE_TO_PATIENT
2026-08-04 18:23:18,AMB0118,REQ02964,12.94099,80.140518,54.3,135.0,EN_ROUTE_TO_HOSPITAL
2026-08-04 18:23:26,AMB0118,REQ02964,12.955428,80.149454,25.5,135.0,EN_ROUTE_TO_HOSPITAL
2026-08-04 18:23:30,AMB0118,REQ02964,12.968326,80.158373,25.4,135.0,EN_ROUTE_TO_HOSPITAL
2026-08-04 18:23:37,AMB0118,REQ02964,12.982693,80.167496,52.0,135.0,EN_ROUTE_TO_HOSPITAL
2026-08-04 18:23:44,AMB0118,REQ02964,12.997282,80.176911,43.0,135.0,EN_ROUTE_TO_HOSPITAL
2026-08-04 18:23:51,AMB0118,REQ02964,13.01083,80.185428,51.9,135.0,EN_ROUTE_TO_HOSPITAL
2026-08-04 18:23:58,AMB0118,REQ02964,13.024716,80.193967,38.0,135.0,EN_ROUTE_TO_HOSPITAL
2026-08-04 18:24:02,AMB0118,REQ02964,13.039273,80.20333,26.7,135.0,EN_ROUTE_TO_HOSPITAL
2026-08-04 18:24:06,AMB0118,REQ02964,13.052305,80.21219,37.2,135.0,EN_ROUTE_TO_HOSPITAL
2026-08-03 01:24:16,AMB0057,REQ00018,13.057946,80.243489,24.5,135.0,EN_ROUTE_TO_PATIENT
2026-08-03 01:24:21,AMB0057,REQ00018,13.04581,80.238921,31.8,135.0,EN_ROUTE_TO_PATIENT
2026-08-03 01:24:26,AMB0057,REQ00018,13.031729,80.234528,51.3,135.0,EN_ROUTE_TO_PATIENT
2026-08-03 01:24:30,AMB0057,REQ00018,13.01957,80.230355,43.2,135.0,EN_ROUTE_TO_PATIENT
2026-08-03 01:24:35,AMB0057,REQ00018,13.006515,80.225438,53.6,135.0,EN_ROUTE_TO_PATIENT
2026-08-03 01:24:40,AMB0057,REQ00018,12.992388,80.221605,33.0,135.0,EN_ROUTE_TO_PATIENT
2026-08-03 01:24:46,AMB0057,REQ00018,12.979249,80.217029,43.7,135.0,EN_ROUTE_TO_PATIENT
2026-08-03 01:24:54,AMB0057,REQ00018,12.966457,80.212583,48.3,135.0,EN_ROUTE_TO_PATIENT
2026-08-03 01:25:00,AMB0057,REQ00018,12.953904,80.208664,41.9,135.0,EN_ROUTE_TO_PATIENT
2026-08-03 01:25:05,AMB0057,REQ00018,12.940415,80.204068,43.8,135.0,EN_ROUTE_TO_PATIENT
2026-08-03 01:25:12,AMB0057,REQ00018,12.926703,80.198869,40.2,135.0,EN_ROUTE_TO_PATIENT
2026-08-03 01:25:20,AMB0057,REQ00018,12.914105,80.195454,24.6,135.0,EN_ROUTE_TO_PATIENT
2026-08-03 01:25:26,AMB0057,REQ00018,12.901558,80.190769,47.4,135.0,EN_ROUTE_TO_PATIENT
2026-08-03 01:26:31,AMB0057,REQ00018,12.900668,80.190485,25.2,135.0,EN_ROUTE_TO_HOSPITAL
2026-08-03 01:26:39,AMB0057,REQ00018,12.914165,80.193133,33.1,135.0,EN_ROUTE_TO_HOSPITAL
2026-08-03 01:26:46,AMB0057,REQ00018,12.927789,80.196152,38.2,135.0,EN_ROUTE_TO_HOSPITAL
2026-08-03 01:26:54,AMB0057,REQ00018,12.942077,80.198512,20.4,135.0,EN_ROUTE_TO_HOSPITAL
2026-08-03 01:27:01,AMB0057,REQ00018,12.955533,80.201155,31.2,135.0,EN_ROUTE_TO_HOSPITAL
2026-08-03 01:27:05,AMB0057,REQ00018,12.969502,80.203023,34.2,135.0,EN_ROUTE_TO_HOSPITAL
2026-08-03 01:27:13,AMB0057,REQ00018,12.982793,80.206468,20.2,135.0,EN_ROUTE_TO_HOSPITAL
2026-08-03 01:27:20,AMB0057,REQ00018,12.996297,80.208927,26.3,135.0,EN_ROUTE_TO_HOSPITAL
2026-08-03 01:27:27,AMB0057,REQ00018,13.010301,80.210713,41.8,135.0,EN_ROUTE_TO_HOSPITAL
2026-08-03 01:27:33,AMB0057,REQ00018,13.024095,80.21406,20.5,135.0,EN_ROUTE_TO_HOSPITAL
2026-08-03 01:27:41,AMB0057,REQ00018,13.037969,80.216231,49.3,135.0,EN_ROUTE_TO_HOSPITAL
2026-08-03 01:27:45,AMB0057,REQ00018,13.051093,80.2194,36.1,135.0,EN_ROUTE_TO_HOSPITAL
2026-08-03 01:27:52,AMB0057,REQ00018,13.065021,80.221763,45.2,135.0,EN_ROUTE_TO_HOSPITAL
2026-08-03 01:27:57,AMB0057,REQ00018,13.07909,80.223785,41.6,135.0,EN_ROUTE_TO_HOSPITAL
2026-08-19 14:27:42,AMB0003,REQ00593,13.157478,80.300461,54.1,135.0,EN_ROUTE_TO_PATIENT
2026-08-19 14:27:46,AMB0003,REQ00593,13.143274,80.289796,46.8,135.0,EN_ROUTE_TO_PATIENT
2026-08-19 14:27:53,AMB0003,REQ00593,13.129241,80.278891,31.8,135.0,EN_ROUTE_TO_PATIENT
2026-08-19 14:28:01,AMB0003,REQ00593,13.114386,80.268288,38.7,135.0,EN_ROUTE_TO_PATIENT
2026-08-19 14:28:09,AMB0003,REQ00593,13.099949,80.25658,41.2,135.0,EN_ROUTE_TO_PATIENT
2026-08-19 14:28:15,AMB0003,REQ00593,13.086508,80.245929,54.9,135.0,EN_ROUTE_TO_PATIENT
2026-08-19 14:28:23,AMB0003,REQ00593,13.07142,80.235303,48.5,135.0,EN_ROUTE_TO_PATIENT
2026-08-19 14:28:28,AMB0003,REQ00593,13.057055,80.224142,51.1,135.0,EN_ROUTE_TO_PATIENT
2026-08-19 14:28:36,AMB0003,REQ00593,13.042983,80.21261,41.0,135.0,EN_ROUTE_TO_PATIENT
2026-08-19 14:28:43,AMB0003,REQ00593,13.028723,80.20222,54.8,135.0,EN_ROUTE_TO_PATIENT
2026-08-19 14:28:51,AMB0003,REQ00593,13.014571,80.191191,49.4,135.0,EN_ROUTE_TO_PATIENT
2026-08-19 14:28:58,AMB0003,REQ00593,13.000251,80.180412,44.9,135.0,EN_ROUTE_TO_PATIENT
2026-08-19 14:29:06,AMB0003,REQ00593,12.984932,80.168727,42.2,135.0,EN_ROUTE_TO_PATIENT
2026-08-19 14:29:14,AMB0003,REQ00593,12.971542,80.157858,34.2,135.0,EN_ROUTE_TO_PATIENT
2026-08-19 14:29:18,AMB0003,REQ00593,12.95661,80.146664,23.7,135.0,EN_ROUTE_TO_PATIENT
2026-08-19 14:30:44,AMB0003,REQ00593,12.95711,80.147641,51.4,135.0,EN_ROUTE_TO_HOSPITAL
2026-08-19 14:30:52,AMB0003,REQ00593,12.957567,80.153943,35.6,135.0,EN_ROUTE_TO_HOSPITAL
2026-08-19 14:30:58,AMB0003,REQ00593,12.956798,80.160521,44.7,135.0,EN_ROUTE_TO_HOSPITAL
2026-08-19 14:31:03,AMB0003,REQ00593,12.957876,80.167252,47.7,135.0,EN_ROUTE_TO_HOSPITAL
2026-08-19 14:31:07,AMB0003,REQ00593,12.95738,80.173268,36.6,135.0,EN_ROUTE_TO_HOSPITAL
2026-08-19 14:31:14,AMB0003,REQ00593,12.958311,80.180127,54.8,135.0,EN_ROUTE_TO_HOSPITAL
2026-08-19 14:31:20,AMB0003,REQ00593,12.958143,80.187105,30.3,135.0,EN_ROUTE_TO_HOSPITAL
2026-08-19 14:31:27,AMB0003,REQ00593,12.957859,80.193151,30.0,135.0,EN_ROUTE_TO_HOSPITAL
2026-08-19 14:31:34,AMB0003,REQ00593,12.958576,80.199925,52.3,135.0,EN_ROUTE_TO_HOSPITAL
2026-08-19 14:31:41,AMB0003,REQ00593,12.95866,80.206031,20.8,135.0,EN_ROUTE_TO_HOSPITAL
2026-08-19 14:31:45,AMB0003,REQ00593,12.95832,80.213644,38.2,135.0,EN_ROUTE_TO_HOSPITAL
2026-08-19 14:31:51,AMB0003,REQ00593,12.9584,80.220285,45.8,135.0,EN_ROUTE_TO_HOSPITAL
2026-08-19 14:31:59,AMB0003,REQ00593,12.959166,80.226706,45.3,135.0,EN_ROUTE_TO_HOSPITAL
2026-08-19 14:32:04,AMB0003,REQ00593,12.959103,80.232553,30.9,135.0,EN_ROUTE_TO_HOSPITAL
2026-08-19 14:32:10,AMB0003,REQ00593,12.959679,80.239812,50.2,135.0,EN_ROUTE_TO_HOSPITAL
2026-08-19 14:32:16,AMB0003,REQ00593,12.959401,80.246319,46.3,135.0,EN_ROUTE_TO_HOSPITAL
2026-09-08 15:07:08,AMB0113,REQ00608,12.916607,80.192132,27.9,135.0,EN_ROUTE_TO_PATIENT
2026-09-08 15:07:12,AMB0113,REQ00608,12.917801,80.193063,29.2,135.0,EN_ROUTE_TO_PATIENT
2026-09-08 15:07:17,AMB0113,REQ00608,12.919364,80.193493,42.8,135.0,EN_ROUTE_TO_PATIENT
2026-09-08 15:07:23,AMB0113,REQ00608,12.921638,80.193294,49.8,135.0,EN_ROUTE_TO_PATIENT
2026-09-08 15:07:31,AMB0113,REQ00608,12.92352,80.194819,31.4,135.0,EN_ROUTE_TO_PATIENT
2026-09-08 15:07:39,AMB0113,REQ00608,12.92594,80.194745,44.0,135.0,EN_ROUTE_TO_PATIENT
2026-09-08 15:07:47,AMB0113,REQ00608,12.927804,80.195401,48.0,135.0,EN_ROUTE_TO_PATIENT
2026-09-08 15:07:52,AMB0113,REQ00608,12.928987,80.196616,46.1,135.0,EN_ROUTE_TO_PATIENT
2026-09-08 15:07:59,AMB0113,REQ00608,12.931117,80.196806,35.0,135.0,EN_ROUTE_TO_PATIENT
2026-09-08 15:08:05,AMB0113,REQ00608,12.932864,80.197756,27.3,135.0,EN_ROUTE_TO_PATIENT
2026-09-08 15:08:12,AMB0113,REQ00608,12.934215,80.198564,41.4,135.0,EN_ROUTE_TO_PATIENT
2026-09-08 15:08:48,AMB0113,REQ00608,12.934096,80.198049,39.9,135.0,EN_ROUTE_TO_HOSPITAL
2026-09-08 15:08:52,AMB0113,REQ00608,12.935213,80.190717,25.3,135.0,EN_ROUTE_TO_HOSPITAL
2026-09-08 15:09:00,AMB0113,REQ00608,12.935874,80.184346,52.6,135.0,EN_ROUTE_TO_HOSPITAL
2026-09-08 15:09:04,AMB0113,REQ00608,12.937519,80.177654,21.4,135.0,EN_ROUTE_TO_HOSPITAL
2026-09-08 15:09:09,AMB0113,REQ00608,12.93855,80.169634,51.4,135.0,EN_ROUTE_TO_HOSPITAL
2026-09-08 15:09:16,AMB0113,REQ00608,12.939453,80.163122,34.0,135.0,EN_ROUTE_TO_HOSPITAL
2026-09-08 15:09:20,AMB0113,REQ00608,12.939496,80.156626,36.3,135.0,EN_ROUTE_TO_HOSPITAL
2026-09-08 15:09:24,AMB0113,REQ00608,12.941004,80.14903,37.8,135.0,EN_ROUTE_TO_HOSPITAL
2026-09-08 15:09:32,AMB0113,REQ00608,12.941214,80.142629,48.9,135.0,EN_ROUTE_TO_HOSPITAL
2026-09-08 15:09:38,AMB0113,REQ00608,12.942303,80.135466,30.8,135.0,EN_ROUTE_TO_HOSPITAL
2026-09-08 15:09:46,AMB0113,REQ00608,12.942742,80.128862,52.2,135.0,EN_ROUTE_TO_HOSPITAL
2026-09-01 17:41:50,AMB0092,REQ01591,13.005907,80.255079,27.7,135.0,EN_ROUTE_TO_PATIENT
2026-09-01 17:41:58,AMB0092,REQ01591,13.008177,80.243786,51.9,135.0,EN_ROUTE_TO_PATIENT
2026-09-01 17:42:04,AMB0092,REQ01591,13.009563,80.232408,40.1,135.0,EN_ROUTE_TO_PATIENT
2026-09-01 17:42:11,AMB0092,REQ01591,13.010402,80.221914,46.0,135.0,EN_ROUTE_TO_PATIENT
2026-09-01 17:42:15,AMB0092,REQ01591,13.012736,80.211198,36.0,135.0,EN_ROUTE_TO_PATIENT
2026-09-01 17:42:20,AMB0092,REQ01591,13.013611,80.199194,23.3,135.0,EN_ROUTE_TO_PATIENT
2026-09-01 17:42:25,AMB0092,REQ01591,13.015114,80.18832,53.6,135.0,EN_ROUTE_TO_PATIENT
2026-09-01 17:42:30,AMB0092,REQ01591,13.01766,80.177342,24.0,135.0,EN_ROUTE_TO_PATIENT
2026-09-01 17:42:36,AMB0092,REQ01591,13.019352,80.166686,49.9,135.0,EN_ROUTE_TO_PATIENT
2026-09-01 17:42:41,AMB0092,REQ01591,13.020348,80.15647,29.5,135.0,EN_ROUTE_TO_PATIENT
2026-09-01 17:43:42,AMB0092,REQ01591,13.020971,80.155374,26.1,135.0,EN_ROUTE_TO_HOSPITAL
2026-09-01 17:43:49,AMB0092,REQ01591,13.019081,80.165815,30.0,135.0,EN_ROUTE_TO_HOSPITAL
2026-09-01 17:43:53,AMB0092,REQ01591,13.017834,80.175358,49.4,135.0,EN_ROUTE_TO_HOSPITAL
2026-09-01 17:43:58,AMB0092,REQ01591,13.015961,80.184107,35.8,135.0,EN_ROUTE_TO_HOSPITAL
2026-09-01 17:44:02,AMB0092,REQ01591,13.014807,80.194195,30.4,135.0,EN_ROUTE_TO_HOSPITAL
2026-09-01 17:44:09,AMB0092,REQ01591,13.012905,80.202773,29.8,135.0,EN_ROUTE_TO_HOSPITAL
2026-09-01 17:44:16,AMB0092,REQ01591,13.012204,80.212293,44.3,135.0,EN_ROUTE_TO_HOSPITAL
2026-09-01 17:44:24,AMB0092,REQ01591,13.010691,80.222785,44.0,135.0,EN_ROUTE_TO_HOSPITAL
2026-09-01 17:44:32,AMB0092,REQ01591,13.008413,80.231743,26.5,135.0,EN_ROUTE_TO_HOSPITAL
2026-09-01 17:44:37,AMB0092,REQ01591,13.007835,80.241796,41.3,135.0,EN_ROUTE_TO_HOSPITAL
2026-09-01 17:44:44,AMB0092,REQ01591,13.00587,80.250224,43.6,135.0,EN_ROUTE_TO_HOSPITAL
2026-08-24 13:54:17,AMB0019,REQ01713,13.110051,80.295832,20.1,135.0,EN_ROUTE_TO_PATIENT
2026-08-24 13:54:24,AMB0019,REQ01713,13.08872,80.285218,22.5,135.0,EN_ROUTE_TO_PATIENT
2026-08-24 13:54:31,AMB0019,REQ01713,13.068376,80.274942,20.8,135.0,EN_ROUTE_TO_PATIENT
2026-08-24 13:54:37,AMB0019,REQ01713,13.047486,80.263538,53.0,135.0,EN_ROUTE_TO_PATIENT
2026-08-24 13:54:41,AMB0019,REQ01713,13.026629,80.25271,24.9,135.0,EN_ROUTE_TO_PATIENT
2026-08-24 13:54:45,AMB0019,REQ01713,13.005003,80.242297,48.2,135.0,EN_ROUTE_TO_PATIENT
2026-08-24 13:54:49,AMB0019,REQ01713,12.983608,80.230894,21.2,135.0,EN_ROUTE_TO_PATIENT
2026-08-24 13:54:56,AMB0019,REQ01713,12.963389,80.220757,38.9,135.0,EN_ROUTE_TO_PATIENT
2026-08-24 13:55:04,AMB0019,REQ01713,12.942291,80.209277,36.5,135.0,EN_ROUTE_TO_PATIENT
2026-08-24 13:55:09,AMB0019,REQ01713,12.921732,80.199118,22.8,135.0,EN_ROUTE_TO_PATIENT
2026-08-24 13:55:13,AMB0019,REQ01713,12.900343,80.18779,38.4,135.0,EN_ROUTE_TO_PATIENT
2026-08-24 13:56:18,AMB0019,REQ01713,12.900697,80.188039,31.0,135.0,EN_ROUTE_TO_HOSPITAL
2026-08-24 13:56:23,AMB0019,REQ01713,12.902288,80.181946,32.1,135.0,EN_ROUTE_TO_HOSPITAL
2026-08-24 13:56:29,AMB0019,REQ01713,12.904166,80.174679,44.8,135.0,EN_ROUTE_TO_HOSPITAL
2026-08-24 13:56:37,AMB0019,REQ01713,12.906718,80.167854,33.4,135.0,EN_ROUTE_TO_HOSPITAL
2026-08-24 13:56:42,AMB0019,REQ01713,12.909081,80.160754,26.4,135.0,EN_ROUTE_TO_HOSPITAL
2026-08-24 13:56:50,AMB0019,REQ01713,12.911866,80.15456,21.9,135.0,EN_ROUTE_TO_HOSPITAL
2026-08-24 13:56:56,AMB0019,REQ01713,12.91409,80.14714,48.2,135.0,EN_ROUTE_TO_HOSPITAL
2026-08-24 13:57:02,AMB0019,REQ01713,12.915935,80.140567,48.2,135.0,EN_ROUTE_TO_HOSPITAL
2026-08-24 13:57:09,AMB0019,REQ01713,12.917667,80.133241,23.1,135.0,EN_ROUTE_TO_HOSPITAL
2026-08-24 13:57:15,AMB0019,REQ01713,12.920686,80.126248,53.7,135.0,EN_ROUTE_TO_HOSPITAL
2026-08-24 13:57:22,AMB0019,REQ01713,12.92183,80.120335,37.4,135.0,EN_ROUTE_TO_HOSPITAL
2026-08-24 13:57:30,AMB0019,REQ01713,12.924605,80.113399,45.6,135.0,EN_ROUTE_TO_HOSPITAL
2026-08-20 07:56:17,AMB0112,REQ02419,12.903182,80.230702,34.4,135.0,EN_ROUTE_TO_PATIENT
2026-08-20 07:56:24,AMB0112,REQ02419,12.912628,80.232057,36.9,135.0,EN_ROUTE_TO_PATIENT
2026-08-20 07:56:28,AMB0112,REQ02419,12.922318,80.235208,28.7,135.0,EN_ROUTE_TO_PATIENT
2026-08-20 07:56:32,AMB0112,REQ02419,12.93243,80.236909,47.8,135.0,EN_ROUTE_TO_PATIENT
2026-08-20 07:56:38,AMB0112,REQ02419,12.941736,80.239996,45.9,135.0,EN_ROUTE_TO_PATIENT
2026-08-20 07:56:42,AMB0112,REQ02419,12.952396,80.242622,39.0,135.0,EN_ROUTE_TO_PATIENT
2026-08-20 07:56:47,AMB0112,REQ02419,12.961943,80.244005,22.2,135.0,EN_ROUTE_TO_PATIENT
2026-08-20 07:56:55,AMB0112,REQ02419,12.9715,80.247212,37.3,135.0,EN_ROUTE_TO_PATIENT
2026-08-20 07:56:59,AMB0112,REQ02419,12.981419,80.249264,48.5,135.0,EN_ROUTE_TO_PATIENT
2026-08-20 07:57:03,AMB0112,REQ02419,12.990812,80.251374,44.2,135.0,EN_ROUTE_TO_PATIENT
2026-08-20 07:57:07,AMB0112,REQ02419,13.000641,80.253333,29.7,135.0,EN_ROUTE_TO_PATIENT
2026-08-20 07:57:13,AMB0112,REQ02419,13.010362,80.256093,27.6,135.0,EN_ROUTE_TO_PATIENT
2026-08-20 07:57:17,AMB0112,REQ02419,13.019837,80.258485,32.7,135.0,EN_ROUTE_TO_PATIENT
2026-08-20 07:57:21,AMB0112,REQ02419,13.03042,80.261031,40.4,135.0,EN_ROUTE_TO_PATIENT
2026-08-20 07:57:25,AMB0112,REQ02419,13.039911,80.262709,48.6,135.0,EN_ROUTE_TO_PATIENT
2026-08-20 07:59:00,AMB0112,REQ02419,13.040428,80.262987,48.1,135.0,EN_ROUTE_TO_HOSPITAL
2026-08-20 07:59:06,AMB0112,REQ02419,13.040033,80.26151,21.4,135.0,EN_ROUTE_TO_HOSPITAL
2026-08-20 07:59:14,AMB0112,REQ02419,13.041191,80.260457,49.4,135.0,EN_ROUTE_TO_HOSPITAL
2026-08-20 07:59:18,AMB0112,REQ02419,13.041252,80.259044,21.9,135.0,EN_ROUTE_TO_HOSPITAL
2026-08-20 07:59:26,AMB0112,REQ02419,13.041967,80.25854,52.3,135.0,EN_ROUTE_TO_HOSPITAL
2026-08-20 07:59:33,AMB0112,REQ02419,13.04158,80.256546,37.6,135.0,EN_ROUTE_TO_HOSPITAL
2026-08-20 07:59:41,AMB0112,REQ02419,13.041859,80.256207,33.7,135.0,EN_ROUTE_TO_HOSPITAL
2026-08-20 07:59:47,AMB0112,REQ02419,13.042441,80.254564,38.2,135.0,EN_ROUTE_TO_HOSPITAL
2026-08-20 07:59:53,AMB0112,REQ02419,13.04314,80.253778,25.4,135.0,EN_ROUTE_TO_HOSPITAL
2026-08-20 07:59:59,AMB0112,REQ02419,13.043812,80.251629,26.5,135.0,EN_ROUTE_TO_HOSPITAL
2026-08-20 08:00:06,AMB0112,REQ02419,13.044539,80.25126,35.4,135.0,EN_ROUTE_TO_HOSPITAL
2026-08-20 08:00:14,AMB0112,REQ02419,13.043886,80.250075,32.3,135.0,EN_ROUTE_TO_HOSPITAL
2026-08-01 05:23:49,AMB0129,REQ02050,12.783962,80.221643,45.1,135.0,EN_ROUTE_TO_PATIENT
2026-08-01 05:23:56,AMB0129,REQ02050,12.80198,80.222697,31.2,135.0,EN_ROUTE_TO_PATIENT
2026-08-01 05:24:04,AMB0129,REQ02050,12.82047,80.225067,32.5,135.0,EN_ROUTE_TO_PATIENT
2026-08-01 05:24:09,AMB0129,REQ02050,12.838941,80.227146,35.9,135.0,EN_ROUTE_TO_PATIENT
2026-08-01 05:24:16,AMB0129,REQ02050,12.857743,80.228801,54.7,135.0,EN_ROUTE_TO_PATIENT
2026-08-01 05:24:22,AMB0129,REQ02050,12.87707,80.231307,52.3,135.0,EN_ROUTE_TO_PATIENT
2026-08-01 05:24:29,AMB0129,REQ02050,12.895249,80.2326,50.0,135.0,EN_ROUTE_TO_PATIENT
2026-08-01 05:24:37,AMB0129,REQ02050,12.914558,80.235128,40.5,135.0,EN_ROUTE_TO_PATIENT
2026-08-01 05:24:41,AMB0129,REQ02050,12.932389,80.236669,32.1,135.0,EN_ROUTE_TO_PATIENT
2026-08-01 05:24:49,AMB0129,REQ02050,12.950905,80.239261,39.9,135.0,EN_ROUTE_TO_PATIENT
2026-08-01 05:24:54,AMB0129,REQ02050,12.969915,80.240284,42.2,135.0,EN_ROUTE_TO_PATIENT
2026-08-01 05:24:59,AMB0129,REQ02050,12.989093,80.243173,44.9,135.0,EN_ROUTE_TO_PATIENT
2026-08-01 05:25:07,AMB0129,REQ02050,13.007527,80.24449,52.4,135.0,EN_ROUTE_TO_PATIENT
2026-08-01 05:25:15,AMB0129,REQ02050,13.026277,80.246115,52.6,135.0,EN_ROUTE_TO_PATIENT
2026-08-01 05:25:21,AMB0129,REQ02050,13.04413,80.248944,43.4,135.0,EN_ROUTE_TO_PATIENT
2026-08-01 05:26:37,AMB0129,REQ02050,13.044901,80.248393,50.2,135.0,EN_ROUTE_TO_HOSPITAL
2026-08-01 05:26:45,AMB0129,REQ02050,13.048366,80.245106,38.3,135.0,EN_ROUTE_TO_HOSPITAL
2026-08-01 05:26:50,AMB0129,REQ02050,13.051575,80.241177,34.3,135.0,EN_ROUTE_TO_HOSPITAL
2026-08-01 05:26:57,AMB0129,REQ02050,13.055442,80.237682,34.3,135.0,EN_ROUTE_TO_HOSPITAL
2026-08-01 05:27:05,AMB0129,REQ02050,13.059217,80.23506,20.7,135.0,EN_ROUTE_TO_HOSPITAL
2026-08-01 05:27:11,AMB0129,REQ02050,13.06287,80.231321,20.8,135.0,EN_ROUTE_TO_HOSPITAL
2026-08-01 05:27:18,AMB0129,REQ02050,13.067277,80.228033,22.8,135.0,EN_ROUTE_TO_HOSPITAL
2026-08-01 05:27:24,AMB0129,REQ02050,13.070152,80.223865,53.2,135.0,EN_ROUTE_TO_HOSPITAL
2026-08-01 05:27:30,AMB0129,REQ02050,13.073672,80.220518,32.7,135.0,EN_ROUTE_TO_HOSPITAL
2026-08-01 05:27:34,AMB0129,REQ02050,13.077832,80.217567,21.5,135.0,EN_ROUTE_TO_HOSPITAL
2026-08-01 05:27:40,AMB0129,REQ02050,13.081916,80.213766,48.2,135.0,EN_ROUTE_TO_HOSPITAL
2026-08-01 05:27:48,AMB0129,REQ02050,13.084661,80.210548,24.3,135.0,EN_ROUTE_TO_HOSPITAL
2026-08-18 23:23:47,AMB0023,REQ01405,13.101441,80.271971,52.8,135.0,EN_ROUTE_TO_PATIENT
2026-08-18 23:23:52,AMB0023,REQ01405,13.088872,80.259263,48.4,135.0,EN_ROUTE_TO_PATIENT
2026-08-18 23:23:57,AMB0023,REQ01405,13.076112,80.245285,50.1,135.0,EN_ROUTE_TO_PATIENT
2026-08-18 23:24:05,AMB0023,REQ01405,13.064467,80.232865,41.5,135.0,EN_ROUTE_TO_PATIENT
2026-08-18 23:24:09,AMB0023,REQ01405,13.052403,80.219615,31.4,135.0,EN_ROUTE_TO_PATIENT
2026-08-18 23:24:15,AMB0023,REQ01405,13.040509,80.206071,53.4,135.0,EN_ROUTE_TO_PATIENT
2026-08-18 23:24:20,AMB0023,REQ01405,13.028407,80.19247,54.8,135.0,EN_ROUTE_TO_PATIENT
2026-08-18 23:24:24,AMB0023,REQ01405,13.015947,80.178955,35.5,135.0,EN_ROUTE_TO_PATIENT
2026-08-18 23:24:28,AMB0023,REQ01405,13.003493,80.165971,45.8,135.0,EN_ROUTE_TO_PATIENT
2026-08-18 23:24:34,AMB0023,REQ01405,12.991147,80.151931,49.4,135.0,EN_ROUTE_TO_PATIENT
2026-08-18 23:24:41,AMB0023,REQ01405,12.978721,80.139292,27.3,135.0,EN_ROUTE_TO_PATIENT
2026-08-18 23:24:45,AMB0023,REQ01405,12.967664,80.126124,47.7,135.0,EN_ROUTE_TO_PATIENT
2026-08-18 23:24:53,AMB0023,REQ01405,12.954804,80.112778,44.2,135.0,EN_ROUTE_TO_PATIENT
2026-08-18 23:25:00,AMB0023,REQ01405,12.942725,80.099254,50.5,135.0,EN_ROUTE_TO_PATIENT
2026-08-18 23:25:04,AMB0023,REQ01405,12.930388,80.085484,39.8,135.0,EN_ROUTE_TO_PATIENT
2026-08-18 23:26:15,AMB0023,REQ01405,12.931001,80.08624,52.9,135.0,EN_ROUTE_TO_HOSPITAL
2026-08-18 23:26:20,AMB0023,REQ01405,12.943083,80.098591,32.2,135.0,EN_ROUTE_TO_HOSPITAL
2026-08-18 23:26:26,AMB0023,REQ01405,12.955231,80.110956,30.5,135.0,EN_ROUTE_TO_HOSPITAL
2026-08-18 23:26:32,AMB0023,REQ01405,12.967526,80.123604,32.7,135.0,EN_ROUTE_TO_HOSPITAL
2026-08-18 23:26:37,AMB0023,REQ01405,12.978726,80.136154,23.8,135.0,EN_ROUTE_TO_HOSPITAL
2026-08-18 23:26:41,AMB0023,REQ01405,12.991619,80.148593,27.8,135.0,EN_ROUTE_TO_HOSPITAL
2026-08-18 23:26:45,AMB0023,REQ01405,13.003158,80.161163,25.2,135.0,EN_ROUTE_TO_HOSPITAL
2026-08-18 23:26:51,AMB0023,REQ01405,13.015151,80.173815,51.6,135.0,EN_ROUTE_TO_HOSPITAL
2026-08-18 23:26:55,AMB0023,REQ01405,13.027844,80.185653,53.6,135.0,EN_ROUTE_TO_HOSPITAL
2026-08-18 23:27:03,AMB0023,REQ01405,13.039846,80.198421,40.3,135.0,EN_ROUTE_TO_HOSPITAL
2026-08-18 23:27:08,AMB0023,REQ01405,13.052348,80.210568,29.0,135.0,EN_ROUTE_TO_HOSPITAL
2026-08-21 11:57:46,AMB0016,REQ00498,13.12939,80.287694,45.6,135.0,EN_ROUTE_TO_PATIENT
2026-08-21 11:57:50,AMB0016,REQ00498,13.12609,80.282828,49.8,135.0,EN_ROUTE_TO_PATIENT
2026-08-21 11:57:58,AMB0016,REQ00498,13.121342,80.279334,26.7,135.0,EN_ROUTE_TO_PATIENT
2026-08-21 11:58:05,AMB0016,REQ00498,13.118191,80.274919,27.3,135.0,EN_ROUTE_TO_PATIENT
2026-08-21 11:58:11,AMB0016,REQ00498,13.114639,80.270559,30.3,135.0,EN_ROUTE_TO_PATIENT
2026-08-21 11:58:18,AMB0016,REQ00498,13.111426,80.266002,23.6,135.0,EN_ROUTE_TO_PATIENT
2026-08-21 11:58:26,AMB0016,REQ00498,13.106942,80.262007,29.0,135.0,EN_ROUTE_TO_PATIENT
2026-08-21 11:58:32,AMB0016,REQ00498,13.103379,80.257722,35.6,135.0,EN_ROUTE_TO_PATIENT
2026-08-21 11:58:38,AMB0016,REQ00498,13.099645,80.252932,54.9,135.0,EN_ROUTE_TO_PATIENT
2026-08-21 11:58:43,AMB0016,REQ00498,13.096928,80.249673,48.4,135.0,EN_ROUTE_TO_PATIENT
2026-08-21 11:58:50,AMB0016,REQ00498,13.093369,80.245254,54.4,135.0,EN_ROUTE_TO_PATIENT
2026-08-21 11:58:56,AMB0016,REQ00498,13.088939,80.240892,27.4,135.0,EN_ROUTE_TO_PATIENT
2026-08-21 11:59:02,AMB0016,REQ00498,13.085898,80.23687,39.8,135.0,EN_ROUTE_TO_PATIENT
2026-08-21 11:59:09,AMB0016,REQ00498,13.082264,80.232617,24.4,135.0,EN_ROUTE_TO_PATIENT
2026-08-21 12:00:18,AMB0016,REQ00498,13.082244,80.232655,34.7,135.0,EN_ROUTE_TO_HOSPITAL
2026-08-21 12:00:26,AMB0016,REQ00498,13.077187,80.233669,53.8,135.0,EN_ROUTE_TO_HOSPITAL
2026-08-21 12:00:31,AMB0016,REQ00498,13.072487,80.235203,25.8,135.0,EN_ROUTE_TO_HOSPITAL
2026-08-21 12:00:37,AMB0016,REQ00498,13.066924,80.236553,49.7,135.0,EN_ROUTE_TO_HOSPITAL
2026-08-21 12:00:42,AMB0016,REQ00498,13.061425,80.238638,31.8,135.0,EN_ROUTE_TO_HOSPITAL
2026-08-21 12:00:47,AMB0016,REQ00498,13.056831,80.240178,53.5,135.0,EN_ROUTE_TO_HOSPITAL
2026-08-21 12:00:52,AMB0016,REQ00498,13.051243,80.241456,35.7,135.0,EN_ROUTE_TO_HOSPITAL
2026-08-21 12:00:59,AMB0016,REQ00498,13.047401,80.243467,29.2,135.0,EN_ROUTE_TO_HOSPITAL
2026-08-21 12:01:06,AMB0016,REQ00498,13.041726,80.245158,42.4,135.0,EN_ROUTE_TO_HOSPITAL
2026-08-21 12:01:10,AMB0016,REQ00498,13.036594,80.246732,26.7,135.0,EN_ROUTE_TO_HOSPITAL
2026-08-21 12:01:18,AMB0016,REQ00498,13.031406,80.248684,28.9,135.0,EN_ROUTE_TO_HOSPITAL
2026-08-21 12:01:22,AMB0016,REQ00498,13.027141,80.249735,27.7,135.0,EN_ROUTE_TO_HOSPITAL
2026-08-21 12:01:29,AMB0016,REQ00498,13.021471,80.252114,51.0,135.0,EN_ROUTE_TO_HOSPITAL
2026-08-21 12:01:35,AMB0016,REQ00498,13.016278,80.25363,38.5,135.0,EN_ROUTE_TO_HOSPITAL
2026-08-21 12:01:42,AMB0016,REQ00498,13.011161,80.25481,50.8,135.0,EN_ROUTE_TO_HOSPITAL
2026-08-21 12:01:49,AMB0016,REQ00498,13.006457,80.256072,45.5,135.0,EN_ROUTE_TO_HOSPITAL
2026-08-11 22:42:55,AMB0094,REQ02854,13.010462,80.255098,31.2,135.0,EN_ROUTE_TO_PATIENT
2026-08-11 22:42:59,AMB0094,REQ02854,13.002799,80.249227,49.4,135.0,EN_ROUTE_TO_PATIENT
2026-08-11 22:43:05,AMB0094,REQ02854,12.995125,80.24386,30.3,135.0,EN_ROUTE_TO_PATIENT
2026-08-11 22:43:11,AMB0094,REQ02854,12.986207,80.237484,45.4,135.0,EN_ROUTE_TO_PATIENT
2026-08-11 22:43:16,AMB0094,REQ02854,12.979145,80.231722,44.4,135.0,EN_ROUTE_TO_PATIENT
2026-08-11 22:43:24,AMB0094,REQ02854,12.971766,80.225969,33.6,135.0,EN_ROUTE_TO_PATIENT
2026-08-11 22:43:31,AMB0094,REQ02854,12.963933,80.220213,26.6,135.0,EN_ROUTE_TO_PATIENT
2026-08-11 22:43:37,AMB0094,REQ02854,12.955306,80.215495,40.4,135.0,EN_ROUTE_TO_PATIENT
2026-08-11 22:43:42,AMB0094,REQ02854,12.947826,80.209102,39.0,135.0,EN_ROUTE_TO_PATIENT
2026-08-11 22:43:46,AMB0094,REQ02854,12.939831,80.204298,37.6,135.0,EN_ROUTE_TO_PATIENT
2026-08-11 22:43:54,AMB0094,REQ02854,12.932698,80.197972,38.4,135.0,EN_ROUTE_TO_PATIENT
2026-08-11 22:44:37,AMB0094,REQ02854,12.932639,80.197691,33.9,135.0,EN_ROUTE_TO_HOSPITAL
2026-08-11 22:44:44,AMB0094,REQ02854,12.949714,80.206234,34.0,135.0,EN_ROUTE_TO_HOSPITAL
2026-08-11 22:44:49,AMB0094,REQ02854,12.967277,80.213419,48.5,135.0,EN_ROUTE_TO_HOSPITAL
2026-08-11 22:44:54,AMB0094,REQ02854,12.985094,80.22168,47.8,135.0,EN_ROUTE_TO_HOSPITAL
2026-08-11 22:44:58,AMB0094,REQ02854,13.003061,80.229047,41.1,135.0,EN_ROUTE_TO_HOSPITAL
2026-08-11 22:45:02,AMB0094,REQ02854,13.02099,80.23725,31.9,135.0,EN_ROUTE_TO_HOSPITAL
2026-08-11 22:45:06,AMB0094,REQ02854,13.038473,80.245565,33.3,135.0,EN_ROUTE_TO_HOSPITAL
2026-08-11 22:45:11,AMB0094,REQ02854,13.055988,80.253007,30.3,135.0,EN_ROUTE_TO_HOSPITAL
2026-08-11 22:45:18,AMB0094,REQ02854,13.073476,80.260934,36.0,135.0,EN_ROUTE_TO_HOSPITAL
2026-09-01 10:39:21,AMB0104,REQ00512,12.951714,80.212256,47.1,135.0,EN_ROUTE_TO_PATIENT
2026-09-01 10:39:27,AMB0104,REQ00512,12.964733,80.212667,29.0,135.0,EN_ROUTE_TO_PATIENT
2026-09-01 10:39:33,AMB0104,REQ00512,12.976647,80.211017,33.4,135.0,EN_ROUTE_TO_PATIENT
2026-09-01 10:39:41,AMB0104,REQ00512,12.99009,80.210854,49.5,135.0,EN_ROUTE_TO_PATIENT
2026-09-01 10:39:49,AMB0104,REQ00512,13.002078,80.210431,45.6,135.0,EN_ROUTE_TO_PATIENT
2026-09-01 10:39:54,AMB0104,REQ00512,13.014888,80.210441,37.8,135.0,EN_ROUTE_TO_PATIENT
2026-09-01 10:39:59,AMB0104,REQ00512,13.028288,80.209207,33.0,135.0,EN_ROUTE_TO_PATIENT
2026-09-01 10:40:04,AMB0104,REQ00512,13.040705,80.209091,49.7,135.0,EN_ROUTE_TO_PATIENT
2026-09-01 10:40:08,AMB0104,REQ00512,13.053457,80.208729,48.3,135.0,EN_ROUTE_TO_PATIENT
2026-09-01 10:40:16,AMB0104,REQ00512,13.066374,80.207537,27.8,135.0,EN_ROUTE_TO_PATIENT
2026-09-01 10:40:23,AMB0104,REQ00512,13.078978,80.206835,53.4,135.0,EN_ROUTE_TO_PATIENT
2026-09-01 10:40:29,AMB0104,REQ00512,13.090964,80.206145,42.4,135.0,EN_ROUTE_TO_PATIENT
2026-09-01 10:40:34,AMB0104,REQ00512,13.104557,80.205773,41.5,135.0,EN_ROUTE_TO_PATIENT
2026-09-01 10:42:11,AMB0104,REQ00512,13.103699,80.206077,27.9,135.0,EN_ROUTE_TO_HOSPITAL
2026-09-01 10:42:15,AMB0104,REQ00512,13.087467,80.199167,44.6,135.0,EN_ROUTE_TO_HOSPITAL
2026-09-01 10:42:23,AMB0104,REQ00512,13.070849,80.191857,34.8,135.0,EN_ROUTE_TO_HOSPITAL
2026-09-01 10:42:29,AMB0104,REQ00512,13.054545,80.184747,51.0,135.0,EN_ROUTE_TO_HOSPITAL
2026-09-01 10:42:35,AMB0104,REQ00512,13.039066,80.177791,47.3,135.0,EN_ROUTE_TO_HOSPITAL
2026-09-01 10:42:42,AMB0104,REQ00512,13.022359,80.170836,38.3,135.0,EN_ROUTE_TO_HOSPITAL
2026-09-01 10:42:49,AMB0104,REQ00512,13.005873,80.16257,49.2,135.0,EN_ROUTE_TO_HOSPITAL
2026-09-01 10:42:56,AMB0104,REQ00512,12.989612,80.155938,27.0,135.0,EN_ROUTE_TO_HOSPITAL
2026-09-01 10:43:00,AMB0104,REQ00512,12.973749,80.149258,36.0,135.0,EN_ROUTE_TO_HOSPITAL
2026-09-01 10:43:08,AMB0104,REQ00512,12.957019,80.14167,23.0,135.0,EN_ROUTE_TO_HOSPITAL
2026-09-01 10:43:12,AMB0104,REQ00512,12.940059,80.134703,34.1,135.0,EN_ROUTE_TO_HOSPITAL
2026-09-01 10:43:18,AMB0104,REQ00512,12.924158,80.127162,28.8,135.0,EN_ROUTE_TO_HOSPITAL
2026-09-02 20:41:44,AMB0004,REQ01081,13.161781,80.301233,41.9,135.0,EN_ROUTE_TO_PATIENT
2026-09-02 20:41:50,AMB0004,REQ01081,13.1555,80.299891,43.4,135.0,EN_ROUTE_TO_PATIENT
2026-09-02 20:41:58,AMB0004,REQ01081,13.149757,80.297366,40.1,135.0,EN_ROUTE_TO_PATIENT
2026-09-02 20:42:05,AMB0004,REQ01081,13.144046,80.295585,51.5,135.0,EN_ROUTE_TO_PATIENT
2026-09-02 20:42:12,AMB0004,REQ01081,13.138164,80.293173,47.1,135.0,EN_ROUTE_TO_PATIENT
2026-09-02 20:42:17,AMB0004,REQ01081,13.132349,80.291429,23.5,135.0,EN_ROUTE_TO_PATIENT
2026-09-02 20:42:23,AMB0004,REQ01081,13.126217,80.289905,21.8,135.0,EN_ROUTE_TO_PATIENT
2026-09-02 20:42:27,AMB0004,REQ01081,13.119865,80.287664,20.3,135.0,EN_ROUTE_TO_PATIENT
2026-09-02 20:42:34,AMB0004,REQ01081,13.11411,80.28484,35.3,135.0,EN_ROUTE_TO_PATIENT
2026-09-02 20:42:38,AMB0004,REQ01081,13.109161,80.283677,29.4,135.0,EN_ROUTE_TO_PATIENT
2026-09-02 20:42:43,AMB0004,REQ01081,13.103071,80.281624,45.8,135.0,EN_ROUTE_TO_PATIENT
2026-09-02 20:42:49,AMB0004,REQ01081,13.097387,80.279404,48.9,135.0,EN_ROUTE_TO_PATIENT
2026-09-02 20:42:56,AMB0004,REQ01081,13.091108,80.27771,41.0,135.0,EN_ROUTE_TO_PATIENT
2026-09-02 20:43:01,AMB0004,REQ01081,13.085919,80.275862,31.3,135.0,EN_ROUTE_TO_PATIENT
2026-09-02 20:43:05,AMB0004,REQ01081,13.079427,80.273233,49.1,135.0,EN_ROUTE_TO_PATIENT
2026-09-02 20:43:12,AMB0004,REQ01081,13.073632,80.270935,29.5,135.0,EN_ROUTE_TO_PATIENT
2026-09-02 20:43:20,AMB0004,REQ01081,13.067968,80.268799,25.6,135.0,EN_ROUTE_TO_PATIENT
2026-09-02 20:44:32,AMB0004,REQ01081,13.067533,80.268966,49.7,135.0,EN_ROUTE_TO_HOSPITAL
2026-09-02 20:44:38,AMB0004,REQ01081,13.056563,80.258668,48.3,135.0,EN_ROUTE_TO_HOSPITAL
2026-09-02 20:44:46,AMB0004,REQ01081,13.046314,80.247956,51.9,135.0,EN_ROUTE_TO_HOSPITAL
2026-09-02 20:44:53,AMB0004,REQ01081,13.034821,80.236799,53.2,135.0,EN_ROUTE_TO_HOSPITAL
2026-09-02 20:44:57,AMB0004,REQ01081,13.024238,80.225894,38.8,135.0,EN_ROUTE_TO_HOSPITAL
2026-09-02 20:45:04,AMB0004,REQ01081,13.012111,80.21434,29.9,135.0,EN_ROUTE_TO_HOSPITAL
2026-09-02 20:45:12,AMB0004,REQ01081,13.001895,80.203704,44.3,135.0,EN_ROUTE_TO_HOSPITAL
2026-09-02 20:45:18,AMB0004,REQ01081,12.990752,80.192645,22.7,135.0,EN_ROUTE_TO_HOSPITAL
2026-09-02 20:45:23,AMB0004,REQ01081,12.978964,80.182143,22.8,135.0,EN_ROUTE_TO_HOSPITAL
2026-09-02 20:45:28,AMB0004,REQ01081,12.967928,80.170586,29.9,135.0,EN_ROUTE_TO_HOSPITAL
2026-09-02 20:45:35,AMB0004,REQ01081,12.957491,80.160337,21.2,135.0,EN_ROUTE_TO_HOSPITAL
2026-09-02 20:45:43,AMB0004,REQ01081,12.945859,80.149208,51.3,135.0,EN_ROUTE_TO_HOSPITAL
2026-09-02 20:45:48,AMB0004,REQ01081,12.935573,80.137957,46.5,135.0,EN_ROUTE_TO_HOSPITAL
2026-09-02 20:45:52,AMB0004,REQ01081,12.924535,80.127081,44.7,135.0,EN_ROUTE_TO_HOSPITAL
2026-08-15 00:03:58,AMB0103,REQ02777,12.952426,80.209134,35.4,135.0,EN_ROUTE_TO_PATIENT
2026-08-15 00:04:06,AMB0103,REQ02777,12.948022,80.200957,31.7,135.0,EN_ROUTE_TO_PATIENT
2026-08-15 00:04:11,AMB0103,REQ02777,12.943491,80.190741,30.7,135.0,EN_ROUTE_TO_PATIENT
2026-08-15 00:04:18,AMB0103,REQ02777,12.939076,80.182612,46.8,135.0,EN_ROUTE_TO_PATIENT
2026-08-15 00:04:23,AMB0103,REQ02777,12.934945,80.173362,41.5,135.0,EN_ROUTE_TO_PATIENT
2026-08-15 00:04:27,AMB0103,REQ02777,12.930435,80.163983,27.9,135.0,EN_ROUTE_TO_PATIENT
2026-08-15 00:04:34,AMB0103,REQ02777,12.925971,80.155042,52.6,135.0,EN_ROUTE_TO_PATIENT
2026-08-15 00:04:42,AMB0103,REQ02777,12.921469,80.145806,40.0,135.0,EN_ROUTE_TO_PATIENT
2026-08-15 00:04:47,AMB0103,REQ02777,12.9171,80.136232,24.4,135.0,EN_ROUTE_TO_PATIENT
2026-08-15 00:04:51,AMB0103,REQ02777,12.912482,80.126831,28.7,135.0,EN_ROUTE_TO_PATIENT
2026-08-15 00:04:59,AMB0103,REQ02777,12.908167,80.117356,52.4,135.0,EN_ROUTE_TO_PATIENT
2026-08-15 00:05:43,AMB0103,REQ02777,12.908258,80.117608,42.1,135.0,EN_ROUTE_TO_HOSPITAL
2026-08-15 00:05:50,AMB0103,REQ02777,12.925783,80.129565,50.8,135.0,EN_ROUTE_TO_HOSPITAL
2026-08-15 00:05:56,AMB0103,REQ02777,12.944439,80.141544,54.4,135.0,EN_ROUTE_TO_HOSPITAL
2026-08-15 00:06:01,AMB0103,REQ02777,12.962953,80.153689,50.3,135.0,EN_ROUTE_TO_HOSPITAL
2026-08-15 00:06:09,AMB0103,REQ02777,12.980882,80.165307,27.0,135.0,EN_ROUTE_TO_HOSPITAL
2026-08-15 00:06:17,AMB0103,REQ02777,12.998389,80.176416,20.3,135.0,EN_ROUTE_TO_HOSPITAL
2026-08-15 00:06:22,AMB0103,REQ02777,13.016491,80.188683,35.8,135.0,EN_ROUTE_TO_HOSPITAL
2026-08-15 00:06:29,AMB0103,REQ02777,13.034441,80.201089,22.5,135.0,EN_ROUTE_TO_HOSPITAL
2026-08-15 00:06:36,AMB0103,REQ02777,13.052596,80.212975,31.3,135.0,EN_ROUTE_TO_HOSPITAL
2026-09-08 23:54:19,AMB0131,REQ01832,12.786226,80.221754,35.5,135.0,EN_ROUTE_TO_PATIENT
2026-09-08 23:54:25,AMB0131,REQ01832,12.808938,80.216871,31.2,135.0,EN_ROUTE_TO_PATIENT
2026-09-08 23:54:32,AMB0131,REQ01832,12.832015,80.212616,50.9,135.0,EN_ROUTE_TO_PATIENT
2026-09-08 23:54:36,AMB0131,REQ01832,12.854992,80.207998,43.2,135.0,EN_ROUTE_TO_PATIENT
2026-09-08 23:54:42,AMB0131,REQ01832,12.878065,80.203235,21.7,135.0,EN_ROUTE_TO_PATIENT
2026-09-08 23:54:49,AMB0131,REQ01832,12.900921,80.199298,44.7,135.0,EN_ROUTE_TO_PATIENT
2026-09-08 23:54:57,AMB0131,REQ01832,12.923842,80.19499,42.3,135.0,EN_ROUTE_TO_PATIENT
2026-09-08 23:55:01,AMB0131,REQ01832,12.946951,80.19015,54.4,135.0,EN_ROUTE_TO_PATIENT
2026-09-08 23:55:09,AMB0131,REQ01832,12.969454,80.185412,25.4,135.0,EN_ROUTE_TO_PATIENT
2026-09-08 23:55:14,AMB0131,REQ01832,12.993074,80.181067,26.9,135.0,EN_ROUTE_TO_PATIENT
2026-09-08 23:55:21,AMB0131,REQ01832,13.016095,80.175772,40.3,135.0,EN_ROUTE_TO_PATIENT
2026-09-08 23:55:27,AMB0131,REQ01832,13.038018,80.171285,41.8,135.0,EN_ROUTE_TO_PATIENT
2026-09-08 23:55:35,AMB0131,REQ01832,13.06177,80.166485,49.4,135.0,EN_ROUTE_TO_PATIENT
2026-09-08 23:55:42,AMB0131,REQ01832,13.084055,80.162507,39.6,135.0,EN_ROUTE_TO_PATIENT
2026-09-08 23:55:46,AMB0131,REQ01832,13.107859,80.157903,28.4,135.0,EN_ROUTE_TO_PATIENT
2026-09-08 23:55:50,AMB0131,REQ01832,13.130586,80.153727,44.1,135.0,EN_ROUTE_TO_PATIENT
2026-09-08 23:57:25,AMB0131,REQ01832,13.130379,80.153178,28.7,135.0,EN_ROUTE_TO_HOSPITAL
2026-09-08 23:57:30,AMB0131,REQ01832,13.126633,80.163874,49.1,135.0,EN_ROUTE_TO_HOSPITAL
2026-09-08 23:57:37,AMB0131,REQ01832,13.122005,80.173391,46.2,135.0,EN_ROUTE_TO_HOSPITAL
2026-09-08 23:57:42,AMB0131,REQ01832,13.118214,80.183892,53.1,135.0,EN_ROUTE_TO_HOSPITAL
2026-09-08 23:57:49,AMB0131,REQ01832,13.113446,80.194955,22.5,135.0,EN_ROUTE_TO_HOSPITAL
2026-09-08 23:57:53,AMB0131,REQ01832,13.110105,80.205058,29.9,135.0,EN_ROUTE_TO_HOSPITAL
2026-09-08 23:58:00,AMB0131,REQ01832,13.106122,80.214983,22.7,135.0,EN_ROUTE_TO_HOSPITAL
2026-09-08 23:58:06,AMB0131,REQ01832,13.101497,80.225633,51.0,135.0,EN_ROUTE_TO_HOSPITAL
2026-09-08 23:58:13,AMB0131,REQ01832,13.097687,80.236131,23.1,135.0,EN_ROUTE_TO_HOSPITAL
2026-09-08 23:58:19,AMB0131,REQ01832,13.092799,80.246481,38.8,135.0,EN_ROUTE_TO_HOSPITAL
2026-09-08 23:58:27,AMB0131,REQ01832,13.089309,80.256923,23.9,135.0,EN_ROUTE_TO_HOSPITAL
2026-09-08 23:58:31,AMB0131,REQ01832,13.084656,80.266639,20.4,135.0,EN_ROUTE_TO_HOSPITAL
2026-09-08 23:58:39,AMB0131,REQ01832,13.080429,80.277081,41.1,135.0,EN_ROUTE_TO_HOSPITAL
2026-08-20 19:06:22,AMB0086,REQ01863,13.002857,80.221597,48.3,135.0,EN_ROUTE_TO_PATIENT
2026-08-20 19:06:30,AMB0086,REQ01863,12.999792,80.21252,31.6,135.0,EN_ROUTE_TO_PATIENT
2026-08-20 19:06:36,AMB0086,REQ01863,12.995747,80.203403,36.6,135.0,EN_ROUTE_TO_PATIENT
2026-08-20 19:06:43,AMB0086,REQ01863,12.992427,80.194022,21.5,135.0,EN_ROUTE_TO_PATIENT
2026-08-20 19:06:48,AMB0086,REQ01863,12.98825,80.18448,40.4,135.0,EN_ROUTE_TO_PATIENT
2026-08-20 19:06:56,AMB0086,REQ01863,12.984637,80.174577,43.5,135.0,EN_ROUTE_TO_PATIENT
2026-08-20 19:07:01,AMB0086,REQ01863,12.980181,80.165971,22.9,135.0,EN_ROUTE_TO_PATIENT
2026-08-20 19:07:09,AMB0086,REQ01863,12.97754,80.156307,22.3,135.0,EN_ROUTE_TO_PATIENT
2026-08-20 19:07:16,AMB0086,REQ01863,12.973538,80.147079,51.9,135.0,EN_ROUTE_TO_PATIENT
2026-08-20 19:07:24,AMB0086,REQ01863,12.969929,80.137447,50.3,135.0,EN_ROUTE_TO_PATIENT
2026-08-20 19:07:28,AMB0086,REQ01863,12.965343,80.12836,30.2,135.0,EN_ROUTE_TO_PATIENT
2026-08-20 19:08:50,AMB0086,REQ01863,12.965852,80.128545,40.7,135.0,EN_ROUTE_TO_HOSPITAL
2026-08-20 19:08:58,AMB0086,REQ01863,12.980638,80.144259,44.6,135.0,EN_ROUTE_TO_HOSPITAL
2026-08-20 19:09:03,AMB0086,REQ01863,12.994954,80.159958,52.5,135.0,EN_ROUTE_TO_HOSPITAL
2026-08-20 19:09:08,AMB0086,REQ01863,13.009979,80.175822,53.9,135.0,EN_ROUTE_TO_HOSPITAL
2026-08-20 19:09:12,AMB0086,REQ01863,13.024229,80.19172,21.0,135.0,EN_ROUTE_TO_HOSPITAL
2026-08-20 19:09:17,AMB0086,REQ01863,13.039254,80.206592,54.4,135.0,EN_ROUTE_TO_HOSPITAL
2026-08-20 19:09:23,AMB0086,REQ01863,13.054258,80.222878,25.1,135.0,EN_ROUTE_TO_HOSPITAL
2026-08-20 19:09:27,AMB0086,REQ01863,13.068779,80.239154,31.3,135.0,EN_ROUTE_TO_HOSPITAL
2026-08-20 19:09:34,AMB0086,REQ01863,13.083474,80.254225,27.1,135.0,EN_ROUTE_TO_HOSPITAL
2026-08-20 19:09:38,AMB0086,REQ01863,13.09852,80.269775,52.1,135.0,EN_ROUTE_TO_HOSPITAL
2026-08-20 19:09:43,AMB0086,REQ01863,13.113418,80.28576,34.8,135.0,EN_ROUTE_TO_HOSPITAL
2026-08-28 17:44:39,AMB0111,REQ01275,12.900595,80.231568,21.5,135.0,EN_ROUTE_TO_PATIENT
2026-08-28 17:44:47,AMB0111,REQ01275,12.915776,80.234964,51.8,135.0,EN_ROUTE_TO_PATIENT
2026-08-28 17:44:51,AMB0111,REQ01275,12.931852,80.238614,48.8,135.0,EN_ROUTE_TO_PATIENT
2026-08-28 17:44:57,AMB0111,REQ01275,12.947705,80.241937,34.7,135.0,EN_ROUTE_TO_PATIENT
2026-08-28 17:45:01,AMB0111,REQ01275,12.962399,80.245357,33.1,135.0,EN_ROUTE_TO_PATIENT
2026-08-28 17:45:05,AMB0111,REQ01275,12.9785,80.249024,37.7,135.0,EN_ROUTE_TO_PATIENT
2026-08-28 17:45:13,AMB0111,REQ01275,12.994523,80.25265,45.9,135.0,EN_ROUTE_TO_PATIENT
2026-08-28 17:45:17,AMB0111,REQ01275,13.009874,80.256433,36.6,135.0,EN_ROUTE_TO_PATIENT
2026-08-28 17:45:21,AMB0111,REQ01275,13.025091,80.259359,52.0,135.0,EN_ROUTE_TO_PATIENT
2026-08-28 17:45:26,AMB0111,REQ01275,13.041465,80.263186,48.3,135.0,EN_ROUTE_TO_PATIENT
2026-08-28 17:45:32,AMB0111,REQ01275,13.057305,80.26709,36.8,135.0,EN_ROUTE_TO_PATIENT
2026-08-28 17:45:36,AMB0111,REQ01275,13.072217,80.270038,51.1,135.0,EN_ROUTE_TO_PATIENT
2026-08-28 17:45:43,AMB0111,REQ01275,13.089,80.273886,39.6,135.0,EN_ROUTE_TO_PATIENT
2026-08-28 17:46:41,AMB0111,REQ01275,13.088708,80.274149,52.5,135.0,EN_ROUTE_TO_HOSPITAL
2026-08-28 17:46:48,AMB0111,REQ01275,13.082761,80.257252,27.9,135.0,EN_ROUTE_TO_HOSPITAL
2026-08-28 17:46:53,AMB0111,REQ01275,13.076117,80.240377,50.5,135.0,EN_ROUTE_TO_HOSPITAL
2026-08-28 17:47:01,AMB0111,REQ01275,13.069245,80.223898,50.5,135.0,EN_ROUTE_TO_HOSPITAL
2026-08-28 17:47:07,AMB0111,REQ01275,13.063109,80.207304,24.0,135.0,EN_ROUTE_TO_HOSPITAL
2026-08-28 17:47:12,AMB0111,REQ01275,13.056946,80.191138,43.8,135.0,EN_ROUTE_TO_HOSPITAL
2026-08-28 17:47:18,AMB0111,REQ01275,13.051611,80.173838,39.3,135.0,EN_ROUTE_TO_HOSPITAL
2026-08-28 17:47:22,AMB0111,REQ01275,13.0445,80.15773,50.2,135.0,EN_ROUTE_TO_HOSPITAL
2026-08-28 17:47:26,AMB0111,REQ01275,13.038706,80.140131,22.1,135.0,EN_ROUTE_TO_HOSPITAL
2026-08-28 02:31:00,AMB0083,REQ00800,13.049009,80.093561,20.1,135.0,EN_ROUTE_TO_PATIENT
2026-08-28 02:31:07,AMB0083,REQ00800,13.051165,80.101072,24.4,135.0,EN_ROUTE_TO_PATIENT
2026-08-28 02:31:12,AMB0083,REQ00800,13.051525,80.108388,32.6,135.0,EN_ROUTE_TO_PATIENT
2026-08-28 02:31:20,AMB0083,REQ00800,13.053571,80.11532,43.2,135.0,EN_ROUTE_TO_PATIENT
2026-08-28 02:31:28,AMB0083,REQ00800,13.053933,80.122964,48.1,135.0,EN_ROUTE_TO_PATIENT
2026-08-28 02:31:34,AMB0083,REQ00800,13.055006,80.130865,41.4,135.0,EN_ROUTE_TO_PATIENT
2026-08-28 02:31:42,AMB0083,REQ00800,13.057031,80.13776,42.9,135.0,EN_ROUTE_TO_PATIENT
2026-08-28 02:31:48,AMB0083,REQ00800,13.057337,80.145102,47.1,135.0,EN_ROUTE_TO_PATIENT
2026-08-28 02:31:55,AMB0083,REQ00800,13.059487,80.152772,52.7,135.0,EN_ROUTE_TO_PATIENT
2026-08-28 02:32:00,AMB0083,REQ00800,13.059882,80.159701,27.5,135.0,EN_ROUTE_TO_PATIENT
2026-08-28 02:32:05,AMB0083,REQ00800,13.061295,80.166435,48.5,135.0,EN_ROUTE_TO_PATIENT
2026-08-28 02:32:13,AMB0083,REQ00800,13.062121,80.173812,50.5,135.0,EN_ROUTE_TO_PATIENT
2026-08-28 02:32:21,AMB0083,REQ00800,13.063459,80.182,33.3,135.0,EN_ROUTE_TO_PATIENT
2026-08-28 02:32:27,AMB0083,REQ00800,13.064636,80.189149,31.8,135.0,EN_ROUTE_TO_PATIENT
2026-08-28 02:32:35,AMB0083,REQ00800,13.066258,80.195728,31.9,135.0,EN_ROUTE_TO_PATIENT
2026-08-28 02:32:39,AMB0083,REQ00800,13.067642,80.203739,49.9,135.0,EN_ROUTE_TO_PATIENT
2026-08-28 02:33:14,AMB0083,REQ00800,13.067748,80.203883,42.3,135.0,EN_ROUTE_TO_HOSPITAL
2026-08-28 02:33:18,AMB0083,REQ00800,13.068692,80.205487,33.1,135.0,EN_ROUTE_TO_HOSPITAL
2026-08-28 02:33:26,AMB0083,REQ00800,13.069395,80.207499,44.7,135.0,EN_ROUTE_TO_HOSPITAL
2026-08-28 02:33:33,AMB0083,REQ00800,13.070561,80.209324,53.4,135.0,EN_ROUTE_TO_HOSPITAL
2026-08-28 02:33:41,AMB0083,REQ00800,13.072551,80.211164,50.7,135.0,EN_ROUTE_TO_HOSPITAL
2026-08-28 02:33:46,AMB0083,REQ00800,13.073499,80.213407,35.7,135.0,EN_ROUTE_TO_HOSPITAL
2026-08-28 02:33:52,AMB0083,REQ00800,13.074731,80.215997,22.3,135.0,EN_ROUTE_TO_HOSPITAL
2026-08-28 02:33:57,AMB0083,REQ00800,13.075843,80.21809,53.4,135.0,EN_ROUTE_TO_HOSPITAL
2026-08-28 02:34:03,AMB0083,REQ00800,13.076645,80.219396,33.9,135.0,EN_ROUTE_TO_HOSPITAL
2026-08-28 02:34:07,AMB0083,REQ00800,13.077286,80.222144,39.1,135.0,EN_ROUTE_TO_HOSPITAL
2026-08-28 02:34:13,AMB0083,REQ00800,13.079483,80.223683,50.7,135.0,EN_ROUTE_TO_HOSPITAL
2026-08-14 15:42:34,AMB0008,REQ01047,13.14447,80.23123,26.9,135.0,EN_ROUTE_TO_PATIENT
2026-08-14 15:42:40,AMB0008,REQ01047,13.13058,80.229908,50.0,135.0,EN_ROUTE_TO_PATIENT
2026-08-14 15:42:44,AMB0008,REQ01047,13.117154,80.228134,38.7,135.0,EN_ROUTE_TO_PATIENT
2026-08-14 15:42:50,AMB0008,REQ01047,13.10477,80.227262,21.3,135.0,EN_ROUTE_TO_PATIENT
2026-08-14 15:42:54,AMB0008,REQ01047,13.090592,80.224711,26.5,135.0,EN_ROUTE_TO_PATIENT
2026-08-14 15:43:02,AMB0008,REQ01047,13.077828,80.224207,36.6,135.0,EN_ROUTE_TO_PATIENT
2026-08-14 15:43:08,AMB0008,REQ01047,13.064382,80.222601,20.4,135.0,EN_ROUTE_TO_PATIENT
2026-08-14 15:43:16,AMB0008,REQ01047,13.050757,80.220496,40.7,135.0,EN_ROUTE_TO_PATIENT
2026-08-14 15:43:22,AMB0008,REQ01047,13.036615,80.219803,54.3,135.0,EN_ROUTE_TO_PATIENT
2026-08-14 15:43:29,AMB0008,REQ01047,13.024036,80.218421,54.4,135.0,EN_ROUTE_TO_PATIENT
2026-08-14 15:43:37,AMB0008,REQ01047,13.010761,80.216577,45.3,135.0,EN_ROUTE_TO_PATIENT
2026-08-14 15:43:42,AMB0008,REQ01047,12.996604,80.215604,52.0,135.0,EN_ROUTE_TO_PATIENT
2026-08-14 15:43:48,AMB0008,REQ01047,12.983764,80.213678,22.8,135.0,EN_ROUTE_TO_PATIENT
2026-08-14 15:45:25,AMB0008,REQ01047,12.983007,80.213593,43.6,135.0,EN_ROUTE_TO_HOSPITAL
2026-08-14 15:45:30,AMB0008,REQ01047,12.990774,80.218425,48.2,135.0,EN_ROUTE_TO_HOSPITAL
2026-08-14 15:45:36,AMB0008,REQ01047,12.997834,80.223667,26.3,135.0,EN_ROUTE_TO_HOSPITAL
2026-08-14 15:45:42,AMB0008,REQ01047,13.005307,80.228326,40.5,135.0,EN_ROUTE_TO_HOSPITAL
2026-08-14 15:45:50,AMB0008,REQ01047,13.011889,80.23345,44.8,135.0,EN_ROUTE_TO_HOSPITAL
2026-08-14 15:45:56,AMB0008,REQ01047,13.019377,80.239154,22.5,135.0,EN_ROUTE_TO_HOSPITAL
2026-08-14 15:46:01,AMB0008,REQ01047,13.026153,80.243125,52.9,135.0,EN_ROUTE_TO_HOSPITAL
2026-08-14 15:46:07,AMB0008,REQ01047,13.03282,80.248772,50.6,135.0,EN_ROUTE_TO_HOSPITAL
2026-08-14 15:46:14,AMB0008,REQ01047,13.050005,80.25298,36.4,135.0,EN_ROUTE_TO_HOSPITAL
2026-08-14 15:46:22,AMB0008,REQ01047,13.047876,80.258731,52.5,135.0,EN_ROUTE_TO_HOSPITAL
2026-08-14 15:46:29,AMB0008,REQ01047,13.053939,80.263275,42.5,135.0,EN_ROUTE_TO_HOSPITAL
2026-08-22 19:30:19,AMB0060,REQ02381,13.038527,80.248635,30.7,135.0,EN_ROUTE_TO_PATIENT
2026-08-22 19:30:25,AMB0060,REQ02381,13.041621,80.246873,28.2,135.0,EN_ROUTE_TO_PATIENT
2026-08-22 19:30:29,AMB0060,REQ02381,13.046088,80.246314,31.7,135.0,EN_ROUTE_TO_PATIENT
2026-08-22 19:30:35,AMB0060,REQ02381,13.049708,80.245053,52.4,135.0,EN_ROUTE_TO_PATIENT
2026-08-22 19:30:42,AMB0060,REQ02381,13.052959,80.243965,54.0,135.0,EN_ROUTE_TO_PATIENT
2026-08-22 19:30:48,AMB0060,REQ02381,13.05703,80.242911,20.7,135.0,EN_ROUTE_TO_PATIENT
2026-08-22 19:30:56,AMB0060,REQ02381,13.059935,80.241611,25.2,135.0,EN_ROUTE_TO_PATIENT
2026-08-22 19:31:01,AMB0060,REQ02381,13.063375,80.239839,39.4,135.0,EN_ROUTE_TO_PATIENT
2026-08-22 19:31:09,AMB0060,REQ02381,13.067764,80.239095,42.2,135.0,EN_ROUTE_TO_PATIENT
2026-08-22 19:31:17,AMB0060,REQ02381,13.071104,80.237963,23.4,135.0,EN_ROUTE_TO_PATIENT
2026-08-22 19:31:24,AMB0060,REQ02381,13.075425,80.237131,22.8,135.0,EN_ROUTE_TO_PATIENT
2026-08-22 19:31:31,AMB0060,REQ02381,13.078806,80.235608,42.9,135.0,EN_ROUTE_TO_PATIENT
2026-08-22 19:33:05,AMB0060,REQ02381,13.078326,80.235275,31.4,135.0,EN_ROUTE_TO_HOSPITAL
2026-08-22 19:33:13,AMB0060,REQ02381,13.070345,80.234889,38.7,135.0,EN_ROUTE_TO_HOSPITAL
2026-08-22 19:33:17,AMB0060,REQ02381,13.061665,80.232822,37.2,135.0,EN_ROUTE_TO_HOSPITAL
2026-08-22 19:33:22,AMB0060,REQ02381,13.054418,80.231437,51.8,135.0,EN_ROUTE_TO_HOSPITAL
2026-08-22 19:33:26,AMB0060,REQ02381,13.04511,80.231202,30.8,135.0,EN_ROUTE_TO_HOSPITAL
2026-08-22 19:33:31,AMB0060,REQ02381,13.036922,80.228912,32.2,135.0,EN_ROUTE_TO_HOSPITAL
2026-08-22 19:33:37,AMB0060,REQ02381,13.029463,80.227553,25.0,135.0,EN_ROUTE_TO_HOSPITAL
2026-08-22 19:33:43,AMB0060,REQ02381,13.021144,80.226388,35.2,135.0,EN_ROUTE_TO_HOSPITAL
2026-08-22 19:33:51,AMB0060,REQ02381,13.012964,80.225078,48.6,135.0,EN_ROUTE_TO_HOSPITAL
2026-08-22 19:33:56,AMB0060,REQ02381,13.004382,80.224991,46.6,135.0,EN_ROUTE_TO_HOSPITAL
2026-08-22 19:34:04,AMB0060,REQ02381,12.996308,80.223533,35.5,135.0,EN_ROUTE_TO_HOSPITAL
2026-08-22 19:34:08,AMB0060,REQ02381,12.987725,80.222363,27.3,135.0,EN_ROUTE_TO_HOSPITAL
2026-08-22 19:34:13,AMB0060,REQ02381,12.980388,80.220403,27.0,135.0,EN_ROUTE_TO_HOSPITAL
2026-08-16 16:57:22,AMB0019,REQ01826,13.11042,80.295938,47.2,135.0,EN_ROUTE_TO_PATIENT
2026-08-16 16:57:26,AMB0019,REQ01826,13.105536,80.290866,45.3,135.0,EN_ROUTE_TO_PATIENT
2026-08-16 16:57:31,AMB0019,REQ01826,13.101859,80.285912,30.4,135.0,EN_ROUTE_TO_PATIENT
2026-08-16 16:57:35,AMB0019,REQ01826,13.097612,80.281286,34.2,135.0,EN_ROUTE_TO_PATIENT
2026-08-16 16:57:39,AMB0019,REQ01826,13.092288,80.27655,45.3,135.0,EN_ROUTE_TO_PATIENT
2026-08-16 16:57:46,AMB0019,REQ01826,13.088401,80.27206,23.3,135.0,EN_ROUTE_TO_PATIENT
2026-08-16 16:57:51,AMB0019,REQ01826,13.083701,80.267182,32.3,135.0,EN_ROUTE_TO_PATIENT
2026-08-16 16:57:58,AMB0019,REQ01826,13.079091,80.261985,26.6,135.0,EN_ROUTE_TO_PATIENT
2026-08-16 16:58:03,AMB0019,REQ01826,13.075547,80.257039,36.5,135.0,EN_ROUTE_TO_PATIENT
2026-08-16 16:58:08,AMB0019,REQ01826,13.070929,80.252691,50.2,135.0,EN_ROUTE_TO_PATIENT
2026-08-16 16:58:14,AMB0019,REQ01826,13.066742,80.248143,31.3,135.0,EN_ROUTE_TO_PATIENT
2026-08-16 16:59:03,AMB0019,REQ01826,13.066946,80.248174,30.2,135.0,EN_ROUTE_TO_HOSPITAL
2026-08-16 16:59:11,AMB0019,REQ01826,13.074476,80.252722,24.2,135.0,EN_ROUTE_TO_HOSPITAL
2026-08-16 16:59:17,AMB0019,REQ01826,13.08189,80.258185,24.0,135.0,EN_ROUTE_TO_HOSPITAL
2026-08-16 16:59:23,AMB0019,REQ01826,13.088877,80.262969,36.2,135.0,EN_ROUTE_TO_HOSPITAL
2026-08-16 16:59:30,AMB0019,REQ01826,13.096995,80.268843,43.2,135.0,EN_ROUTE_TO_HOSPITAL
2026-08-16 16:59:38,AMB0019,REQ01826,13.104884,80.273035,22.0,135.0,EN_ROUTE_TO_HOSPITAL
2026-08-16 16:59:45,AMB0019,REQ01826,13.112054,80.278908,52.0,135.0,EN_ROUTE_TO_HOSPITAL
2026-08-16 16:59:53,AMB0019,REQ01826,13.11953,80.283369,24.7,135.0,EN_ROUTE_TO_HOSPITAL
2026-08-16 16:59:58,AMB0019,REQ01826,13.127541,80.289492,41.7,135.0,EN_ROUTE_TO_HOSPITAL
2026-08-31 00:23:52,AMB0099,REQ00068,12.978815,80.220594,27.0,135.0,EN_ROUTE_TO_PATIENT
2026-08-31 00:23:59,AMB0099,REQ00068,12.977175,80.223821,37.2,135.0,EN_ROUTE_TO_PATIENT
2026-08-31 00:24:05,AMB0099,REQ00068,12.974139,80.226277,53.1,135.0,EN_ROUTE_TO_PATIENT
2026-08-31 00:24:09,AMB0099,REQ00068,12.972601,80.230603,34.0,135.0,EN_ROUTE_TO_PATIENT
2026-08-31 00:24:17,AMB0099,REQ00068,12.970293,80.233258,28.7,135.0,EN_ROUTE_TO_PATIENT
2026-08-31 00:24:21,AMB0099,REQ00068,12.967433,80.236485,25.8,135.0,EN_ROUTE_TO_PATIENT
2026-08-31 00:24:29,AMB0099,REQ00068,12.96518,80.239583,40.7,135.0,EN_ROUTE_TO_PATIENT
2026-08-31 00:24:35,AMB0099,REQ00068,12.96348,80.243166,47.3,135.0,EN_ROUTE_TO_PATIENT
2026-08-31 00:24:43,AMB0099,REQ00068,12.960818,80.246803,27.4,135.0,EN_ROUTE_TO_PATIENT
2026-08-31 00:24:51,AMB0099,REQ00068,12.957794,80.249345,27.1,135.0,EN_ROUTE_TO_PATIENT
2026-08-31 00:24:59,AMB0099,REQ00068,12.955682,80.252324,44.2,135.0,EN_ROUTE_TO_PATIENT
2026-08-31 00:25:06,AMB0099,REQ00068,12.954132,80.256231,29.8,135.0,EN_ROUTE_TO_PATIENT
2026-08-31 00:25:14,AMB0099,REQ00068,12.951312,80.259511,52.8,135.0,EN_ROUTE_TO_PATIENT
2026-08-31 00:25:20,AMB0099,REQ00068,12.948735,80.262624,27.7,135.0,EN_ROUTE_TO_PATIENT
2026-08-31 00:26:51,AMB0099,REQ00068,12.949089,80.261934,33.6,135.0,EN_ROUTE_TO_HOSPITAL
2026-08-31 00:26:55,AMB0099,REQ00068,12.958072,80.257435,46.0,135.0,EN_ROUTE_TO_HOSPITAL
2026-08-31 00:27:01,AMB0099,REQ00068,12.967548,80.253347,25.2,135.0,EN_ROUTE_TO_HOSPITAL
2026-08-31 00:27:08,AMB0099,REQ00068,12.976247,80.249179,24.7,135.0,EN_ROUTE_TO_HOSPITAL
2026-08-31 00:27:15,AMB0099,REQ00068,12.986042,80.244387,35.9,135.0,EN_ROUTE_TO_HOSPITAL
2026-08-31 00:27:19,AMB0099,REQ00068,12.994942,80.239771,53.4,135.0,EN_ROUTE_TO_HOSPITAL
2026-08-31 00:27:27,AMB0099,REQ00068,13.004923,80.235379,41.1,135.0,EN_ROUTE_TO_HOSPITAL
2026-08-31 00:27:32,AMB0099,REQ00068,13.01356,80.229876,52.5,135.0,EN_ROUTE_TO_HOSPITAL
2026-08-31 00:27:39,AMB0099,REQ00068,13.022396,80.225335,22.2,135.0,EN_ROUTE_TO_HOSPITAL
2026-08-31 00:27:44,AMB0099,REQ00068,13.031975,80.220932,35.1,135.0,EN_ROUTE_TO_HOSPITAL
2026-08-31 00:27:52,AMB0099,REQ00068,13.041969,80.216312,23.2,135.0,EN_ROUTE_TO_HOSPITAL
2026-08-31 00:27:59,AMB0099,REQ00068,13.050317,80.21175,35.4,135.0,EN_ROUTE_TO_HOSPITAL
2026-08-13 20:18:11,AMB0047,REQ02560,13.109034,80.094614,53.9,135.0,EN_ROUTE_TO_PATIENT
2026-08-13 20:18:19,AMB0047,REQ02560,13.106349,80.107542,38.4,135.0,EN_ROUTE_TO_PATIENT
2026-08-13 20:18:26,AMB0047,REQ02560,13.103246,80.119926,27.7,135.0,EN_ROUTE_TO_PATIENT
2026-08-13 20:18:30,AMB0047,REQ02560,13.099951,80.132477,52.5,135.0,EN_ROUTE_TO_PATIENT
2026-08-13 20:18:36,AMB0047,REQ02560,13.096846,80.145861,49.6,135.0,EN_ROUTE_TO_PATIENT
2026-08-13 20:18:44,AMB0047,REQ02560,13.093651,80.159096,36.2,135.0,EN_ROUTE_TO_PATIENT
2026-08-13 20:18:50,AMB0047,REQ02560,13.090756,80.172134,30.5,135.0,EN_ROUTE_TO_PATIENT
2026-08-13 20:18:57,AMB0047,REQ02560,13.088425,80.184483,38.3,135.0,EN_ROUTE_TO_PATIENT
2026-08-13 20:19:01,AMB0047,REQ02560,13.085108,80.197548,21.3,135.0,EN_ROUTE_TO_PATIENT
2026-08-13 20:19:07,AMB0047,REQ02560,13.082211,80.210448,35.7,135.0,EN_ROUTE_TO_PATIENT
2026-08-13 20:19:13,AMB0047,REQ02560,13.078819,80.222784,36.0,135.0,EN_ROUTE_TO_PATIENT
2026-08-13 20:20:01,AMB0047,REQ02560,13.078164,80.223595,40.5,135.0,EN_ROUTE_TO_HOSPITAL
2026-08-13 20:20:08,AMB0047,REQ02560,13.080757,80.227595,47.1,135.0,EN_ROUTE_TO_HOSPITAL
2026-08-13 20:20:12,AMB0047,REQ02560,13.08403,80.232492,33.6,135.0,EN_ROUTE_TO_HOSPITAL
2026-08-13 20:20:19,AMB0047,REQ02560,13.085688,80.236118,50.3,135.0,EN_ROUTE_TO_HOSPITAL
2026-08-13 20:20:27,AMB0047,REQ02560,13.088462,80.241193,53.1,135.0,EN_ROUTE_TO_HOSPITAL
2026-08-13 20:20:35,AMB0047,REQ02560,13.091521,80.24529,35.6,135.0,EN_ROUTE_TO_HOSPITAL
2026-08-13 20:20:40,AMB0047,REQ02560,13.093122,80.250451,39.9,135.0,EN_ROUTE_TO_HOSPITAL
2026-08-13 20:20:48,AMB0047,REQ02560,13.096215,80.254708,54.7,135.0,EN_ROUTE_TO_HOSPITAL
2026-08-13 20:20:55,AMB0047,REQ02560,13.097913,80.259094,28.1,135.0,EN_ROUTE_TO_HOSPITAL
2026-08-13 20:21:02,AMB0047,REQ02560,13.101207,80.263775,45.6,135.0,EN_ROUTE_TO_HOSPITAL
2026-08-13 20:21:09,AMB0047,REQ02560,13.103219,80.267965,35.9,135.0,EN_ROUTE_TO_HOSPITAL
2026-08-13 20:21:16,AMB0047,REQ02560,13.106007,80.272036,28.1,135.0,EN_ROUTE_TO_HOSPITAL
2026-08-13 20:21:23,AMB0047,REQ02560,13.108345,80.276976,33.5,135.0,EN_ROUTE_TO_HOSPITAL
2026-08-13 20:21:29,AMB0047,REQ02560,13.111298,80.28104,24.5,135.0,EN_ROUTE_TO_HOSPITAL
2026-08-13 20:21:34,AMB0047,REQ02560,13.113161,80.28586,34.1,135.0,EN_ROUTE_TO_HOSPITAL
2026-08-26 01:26:42,AMB0075,REQ01103,13.034531,80.205306,41.0,135.0,EN_ROUTE_TO_PATIENT
2026-08-26 01:26:49,AMB0075,REQ01103,13.036116,80.208519,34.2,135.0,EN_ROUTE_TO_PATIENT
2026-08-26 01:26:55,AMB0075,REQ01103,13.03825,80.210639,40.2,135.0,EN_ROUTE_TO_PATIENT
2026-08-26 01:27:01,AMB0075,REQ01103,13.040732,80.213897,35.7,135.0,EN_ROUTE_TO_PATIENT
2026-08-26 01:27:07,AMB0075,REQ01103,13.042816,80.215633,25.9,135.0,EN_ROUTE_TO_PATIENT
2026-08-26 01:27:12,AMB0075,REQ01103,13.044686,80.21917,49.3,135.0,EN_ROUTE_TO_PATIENT
2026-08-26 01:27:20,AMB0075,REQ01103,13.047095,80.221401,39.3,135.0,EN_ROUTE_TO_PATIENT
2026-08-26 01:27:26,AMB0075,REQ01103,13.048155,80.224365,53.3,135.0,EN_ROUTE_TO_PATIENT
2026-08-26 01:27:33,AMB0075,REQ01103,13.050927,80.226454,20.9,135.0,EN_ROUTE_TO_PATIENT
2026-08-26 01:27:39,AMB0075,REQ01103,13.053346,80.228873,30.5,135.0,EN_ROUTE_TO_PATIENT
2026-08-26 01:27:44,AMB0075,REQ01103,13.054941,80.231546,21.7,135.0,EN_ROUTE_TO_PATIENT
2026-08-26 01:27:52,AMB0075,REQ01103,13.056782,80.234276,24.7,135.0,EN_ROUTE_TO_PATIENT
2026-08-26 01:27:58,AMB0075,REQ01103,13.059003,80.236109,49.7,135.0,EN_ROUTE_TO_PATIENT
2026-08-26 01:28:05,AMB0075,REQ01103,13.060813,80.238964,44.1,135.0,EN_ROUTE_TO_PATIENT
2026-08-26 01:28:10,AMB0075,REQ01103,13.063048,80.241568,40.6,135.0,EN_ROUTE_TO_PATIENT
2026-08-26 01:28:17,AMB0075,REQ01103,13.064521,80.244692,36.1,135.0,EN_ROUTE_TO_PATIENT
2026-08-26 01:29:47,AMB0075,REQ01103,13.064977,80.243784,28.8,135.0,EN_ROUTE_TO_HOSPITAL
2026-08-26 01:29:54,AMB0075,REQ01103,13.068346,80.246269,23.9,135.0,EN_ROUTE_TO_HOSPITAL
2026-08-26 01:30:02,AMB0075,REQ01103,13.070475,80.250005,49.4,135.0,EN_ROUTE_TO_HOSPITAL
2026-08-26 01:30:06,AMB0075,REQ01103,13.074116,80.251812,44.6,135.0,EN_ROUTE_TO_HOSPITAL
2026-08-26 01:30:13,AMB0075,REQ01103,13.076797,80.25417,38.9,135.0,EN_ROUTE_TO_HOSPITAL
2026-08-26 01:30:20,AMB0075,REQ01103,13.080198,80.257072,28.1,135.0,EN_ROUTE_TO_HOSPITAL
2026-08-26 01:30:24,AMB0075,REQ01103,13.08296,80.260285,45.4,135.0,EN_ROUTE_TO_HOSPITAL
2026-08-26 01:30:28,AMB0075,REQ01103,13.086097,80.26238,21.0,135.0,EN_ROUTE_TO_HOSPITAL
2026-08-26 01:30:32,AMB0075,REQ01103,13.089645,80.265533,52.1,135.0,EN_ROUTE_TO_HOSPITAL
2026-08-26 01:30:40,AMB0075,REQ01103,13.091911,80.267722,36.5,135.0,EN_ROUTE_TO_HOSPITAL
2026-08-26 01:30:47,AMB0075,REQ01103,13.094578,80.270823,33.4,135.0,EN_ROUTE_TO_HOSPITAL
2026-08-26 01:30:51,AMB0075,REQ01103,13.0982,80.272982,21.8,135.0,EN_ROUTE_TO_HOSPITAL
2026-08-26 01:30:56,AMB0075,REQ01103,13.100814,80.275642,20.5,135.0,EN_ROUTE_TO_HOSPITAL
2026-08-26 01:31:01,AMB0075,REQ01103,13.103845,80.27873,44.1,135.0,EN_ROUTE_TO_HOSPITAL
2026-08-26 01:31:08,AMB0075,REQ01103,13.107515,80.280496,30.8,135.0,EN_ROUTE_TO_HOSPITAL
2026-08-26 01:31:13,AMB0075,REQ01103,13.110416,80.283643,27.6,135.0,EN_ROUTE_TO_HOSPITAL
2026-08-26 01:31:18,AMB0075,REQ01103,13.112925,80.285874,24.8,135.0,EN_ROUTE_TO_HOSPITAL
2026-08-29 02:05:34,AMB0089,REQ02510,13.019933,80.182646,53.2,135.0,EN_ROUTE_TO_PATIENT
2026-08-29 02:05:42,AMB0089,REQ02510,13.020629,80.188865,40.2,135.0,EN_ROUTE_TO_PATIENT
2026-08-29 02:05:48,AMB0089,REQ02510,13.022417,80.194211,35.8,135.0,EN_ROUTE_TO_PATIENT
2026-08-29 02:05:56,AMB0089,REQ02510,13.022477,80.199936,43.1,135.0,EN_ROUTE_TO_PATIENT
2026-08-29 02:06:00,AMB0089,REQ02510,13.022869,80.205816,34.5,135.0,EN_ROUTE_TO_PATIENT
2026-08-29 02:06:08,AMB0089,REQ02510,13.024555,80.210882,45.5,135.0,EN_ROUTE_TO_PATIENT
2026-08-29 02:06:16,AMB0089,REQ02510,13.024535,80.217405,24.0,135.0,EN_ROUTE_TO_PATIENT
2026-08-29 02:06:24,AMB0089,REQ02510,13.025954,80.222873,24.5,135.0,EN_ROUTE_TO_PATIENT
2026-08-29 02:06:31,AMB0089,REQ02510,13.02584,80.228993,22.5,135.0,EN_ROUTE_TO_PATIENT
2026-08-29 02:06:37,AMB0089,REQ02510,13.027139,80.234166,30.6,135.0,EN_ROUTE_TO_PATIENT
2026-08-29 02:06:41,AMB0089,REQ02510,13.027513,80.239625,37.3,135.0,EN_ROUTE_TO_PATIENT
2026-08-29 02:07:29,AMB0089,REQ02510,13.027317,80.240366,43.1,135.0,EN_ROUTE_TO_HOSPITAL
2026-08-29 02:07:35,AMB0089,REQ02510,13.032037,80.236191,34.8,135.0,EN_ROUTE_TO_HOSPITAL
2026-08-29 02:07:43,AMB0089,REQ02510,13.03678,80.231735,21.9,135.0,EN_ROUTE_TO_HOSPITAL
2026-08-29 02:07:50,AMB0089,REQ02510,13.041579,80.228254,44.9,135.0,EN_ROUTE_TO_HOSPITAL
2026-08-29 02:07:58,AMB0089,REQ02510,13.045047,80.223743,36.3,135.0,EN_ROUTE_TO_HOSPITAL
2026-08-29 02:08:04,AMB0089,REQ02510,13.050519,80.21941,38.9,135.0,EN_ROUTE_TO_HOSPITAL
2026-08-29 02:08:08,AMB0089,REQ02510,13.054537,80.215557,26.6,135.0,EN_ROUTE_TO_HOSPITAL
2026-08-29 02:08:12,AMB0089,REQ02510,13.058955,80.211527,25.0,135.0,EN_ROUTE_TO_HOSPITAL
2026-08-29 02:08:19,AMB0089,REQ02510,13.06342,80.206684,47.9,135.0,EN_ROUTE_TO_HOSPITAL
2026-08-29 02:08:26,AMB0089,REQ02510,13.06816,80.203382,41.6,135.0,EN_ROUTE_TO_HOSPITAL
2026-08-29 02:08:30,AMB0089,REQ02510,13.072592,80.198527,31.8,135.0,EN_ROUTE_TO_HOSPITAL
2026-08-29 02:08:38,AMB0089,REQ02510,13.077023,80.195331,46.0,135.0,EN_ROUTE_TO_HOSPITAL
2026-08-29 02:08:44,AMB0089,REQ02510,13.081133,80.190562,22.7,135.0,EN_ROUTE_TO_HOSPITAL
2026-08-29 02:08:52,AMB0089,REQ02510,13.086074,80.186712,44.3,135.0,EN_ROUTE_TO_HOSPITAL
2026-08-25 13:02:30,AMB0107,REQ01239,12.95934,80.242424,33.9,135.0,EN_ROUTE_TO_PATIENT
2026-08-25 13:02:36,AMB0107,REQ01239,12.960865,80.243341,50.0,135.0,EN_ROUTE_TO_PATIENT
2026-08-25 13:02:43,AMB0107,REQ01239,12.963374,80.243694,27.7,135.0,EN_ROUTE_TO_PATIENT
2026-08-25 13:02:49,AMB0107,REQ01239,12.965292,80.243659,23.0,135.0,EN_ROUTE_TO_PATIENT
2026-08-25 13:02:55,AMB0107,REQ01239,12.967755,80.243894,23.8,135.0,EN_ROUTE_TO_PATIENT
2026-08-25 13:03:02,AMB0107,REQ01239,12.969976,80.243474,22.4,135.0,EN_ROUTE_TO_PATIENT
2026-08-25 13:03:07,AMB0107,REQ01239,12.972184,80.24445,50.3,135.0,EN_ROUTE_TO_PATIENT
2026-08-25 13:03:12,AMB0107,REQ01239,12.974055,80.243733,29.8,135.0,EN_ROUTE_TO_PATIENT
2026-08-25 13:03:17,AMB0107,REQ01239,12.976737,80.244814,24.1,135.0,EN_ROUTE_TO_PATIENT
2026-08-25 13:03:25,AMB0107,REQ01239,12.978317,80.245143,36.0,135.0,EN_ROUTE_TO_PATIENT
2026-08-25 13:03:30,AMB0107,REQ01239,12.981233,80.24477,28.8,135.0,EN_ROUTE_TO_PATIENT
2026-08-25 13:03:37,AMB0107,REQ01239,12.98331,80.245611,48.4,135.0,EN_ROUTE_TO_PATIENT
2026-08-25 13:04:21,AMB0107,REQ01239,12.98325,80.244631,36.2,135.0,EN_ROUTE_TO_HOSPITAL
2026-08-25 13:04:25,AMB0107,REQ01239,12.991048,80.239935,28.0,135.0,EN_ROUTE_TO_HOSPITAL
2026-08-25 13:04:30,AMB0107,REQ01239,12.999749,80.234999,44.8,135.0,EN_ROUTE_TO_HOSPITAL
2026-08-25 13:04:34,AMB0107,REQ01239,13.00831,80.229904,46.9,135.0,EN_ROUTE_TO_HOSPITAL
2026-08-25 13:04:41,AMB0107,REQ01239,13.017764,80.225858,38.2,135.0,EN_ROUTE_TO_HOSPITAL
2026-08-25 13:04:47,AMB0107,REQ01239,13.026062,80.221331,24.3,135.0,EN_ROUTE_TO_HOSPITAL
2026-08-25 13:04:54,AMB0107,REQ01239,13.034231,80.215742,25.5,135.0,EN_ROUTE_TO_HOSPITAL
2026-08-25 13:04:59,AMB0107,REQ01239,13.04318,80.211259,29.5,135.0,EN_ROUTE_TO_HOSPITAL
2026-08-25 13:05:06,AMB0107,REQ01239,13.052022,80.205872,39.8,135.0,EN_ROUTE_TO_HOSPITAL
2026-08-25 13:05:13,AMB0107,REQ01239,13.06003,80.200776,48.4,135.0,EN_ROUTE_TO_HOSPITAL
2026-08-25 13:05:19,AMB0107,REQ01239,13.068273,80.196861,24.1,135.0,EN_ROUTE_TO_HOSPITAL
2026-08-25 13:05:24,AMB0107,REQ01239,13.077626,80.191042,33.4,135.0,EN_ROUTE_TO_HOSPITAL
2026-08-25 13:05:28,AMB0107,REQ01239,13.085442,80.186874,51.9,135.0,EN_ROUTE_TO_HOSPITAL
2026-08-11 03:36:06,AMB0101,REQ02840,12.981731,80.218742,45.2,135.0,EN_ROUTE_TO_PATIENT
2026-08-11 03:36:10,AMB0101,REQ02840,12.982221,80.217202,24.7,135.0,EN_ROUTE_TO_PATIENT
2026-08-11 03:36:14,AMB0101,REQ02840,12.983196,80.215376,54.7,135.0,EN_ROUTE_TO_PATIENT
2026-08-11 03:36:21,AMB0101,REQ02840,12.984049,80.214056,41.2,135.0,EN_ROUTE_TO_PATIENT
2026-08-11 03:36:27,AMB0101,REQ02840,12.984569,80.212877,52.5,135.0,EN_ROUTE_TO_PATIENT
2026-08-11 03:36:32,AMB0101,REQ02840,12.985598,80.212625,50.9,135.0,EN_ROUTE_TO_PATIENT
2026-08-11 03:36:36,AMB0101,REQ02840,12.986308,80.211156,21.2,135.0,EN_ROUTE_TO_PATIENT
2026-08-11 03:36:44,AMB0101,REQ02840,12.988159,80.20919,46.6,135.0,EN_ROUTE_TO_PATIENT
2026-08-11 03:36:49,AMB0101,REQ02840,12.988934,80.208541,22.8,135.0,EN_ROUTE_TO_PATIENT
2026-08-11 03:36:53,AMB0101,REQ02840,12.990265,80.207304,31.7,135.0,EN_ROUTE_TO_PATIENT
2026-08-11 03:37:00,AMB0101,REQ02840,12.990784,80.205725,36.5,135.0,EN_ROUTE_TO_PATIENT
2026-08-11 03:37:08,AMB0101,REQ02840,12.991475,80.204882,44.0,135.0,EN_ROUTE_TO_PATIENT
2026-08-11 03:37:16,AMB0101,REQ02840,12.992151,80.203391,35.5,135.0,EN_ROUTE_TO_PATIENT
2026-08-11 03:37:20,AMB0101,REQ02840,12.993016,80.202534,27.4,135.0,EN_ROUTE_TO_PATIENT
2026-08-11 03:38:01,AMB0101,REQ02840,12.993606,80.202655,54.9,135.0,EN_ROUTE_TO_HOSPITAL
2026-08-11 03:38:06,AMB0101,REQ02840,13.007378,80.211774,41.3,135.0,EN_ROUTE_TO_HOSPITAL
2026-08-11 03:38:14,AMB0101,REQ02840,13.0199,80.221065,44.0,135.0,EN_ROUTE_TO_HOSPITAL
2026-08-11 03:38:22,AMB0101,REQ02840,13.033411,80.230562,22.3,135.0,EN_ROUTE_TO_HOSPITAL
2026-08-11 03:38:28,AMB0101,REQ02840,13.04627,80.240066,25.9,135.0,EN_ROUTE_TO_HOSPITAL
2026-08-11 03:38:33,AMB0101,REQ02840,13.059489,80.249398,39.3,135.0,EN_ROUTE_TO_HOSPITAL
2026-08-11 03:38:39,AMB0101,REQ02840,13.073323,80.258059,41.9,135.0,EN_ROUTE_TO_HOSPITAL
2026-08-11 03:38:45,AMB0101,REQ02840,13.087234,80.267693,35.8,135.0,EN_ROUTE_TO_HOSPITAL
2026-08-11 03:38:52,AMB0101,REQ02840,13.100027,80.276646,31.2,135.0,EN_ROUTE_TO_HOSPITAL
2026-08-11 03:38:58,AMB0101,REQ02840,13.113203,80.286454,30.2,135.0,EN_ROUTE_TO_HOSPITAL
2026-08-18 21:55:23,AMB0045,REQ02337,13.117084,80.151116,39.6,135.0,EN_ROUTE_TO_PATIENT
2026-08-18 21:55:29,AMB0045,REQ02337,13.10606,80.149867,47.0,135.0,EN_ROUTE_TO_PATIENT
2026-08-18 21:55:33,AMB0045,REQ02337,13.094798,80.149109,30.6,135.0,EN_ROUTE_TO_PATIENT
2026-08-18 21:55:37,AMB0045,REQ02337,13.084063,80.147543,34.8,135.0,EN_ROUTE_TO_PATIENT
2026-08-18 21:55:44,AMB0045,REQ02337,13.0725,80.145497,29.6,135.0,EN_ROUTE_TO_PATIENT
2026-08-18 21:55:49,AMB0045,REQ02337,13.061098,80.144472,23.4,135.0,EN_ROUTE_TO_PATIENT
2026-08-18 21:55:53,AMB0045,REQ02337,13.049847,80.143424,23.1,135.0,EN_ROUTE_TO_PATIENT
2026-08-18 21:55:59,AMB0045,REQ02337,13.038512,80.142074,30.5,135.0,EN_ROUTE_TO_PATIENT
2026-08-18 21:56:05,AMB0045,REQ02337,13.027364,80.14078,30.9,135.0,EN_ROUTE_TO_PATIENT
2026-08-18 21:56:13,AMB0045,REQ02337,13.016126,80.139746,46.3,135.0,EN_ROUTE_TO_PATIENT
2026-08-18 21:56:17,AMB0045,REQ02337,13.005162,80.137773,25.1,135.0,EN_ROUTE_TO_PATIENT
2026-08-18 21:56:23,AMB0045,REQ02337,12.993201,80.136069,46.5,135.0,EN_ROUTE_TO_PATIENT
2026-08-18 21:56:27,AMB0045,REQ02337,12.981654,80.135674,20.6,135.0,EN_ROUTE_TO_PATIENT
2026-08-18 21:56:31,AMB0045,REQ02337,12.971046,80.134506,33.6,135.0,EN_ROUTE_TO_PATIENT
2026-08-18 21:56:39,AMB0045,REQ02337,12.959778,80.132488,23.3,135.0,EN_ROUTE_TO_PATIENT
2026-08-18 21:56:43,AMB0045,REQ02337,12.948204,80.131124,37.3,135.0,EN_ROUTE_TO_PATIENT
2026-08-18 21:56:48,AMB0045,REQ02337,12.937351,80.129496,51.2,135.0,EN_ROUTE_TO_PATIENT
2026-08-18 21:58:08,AMB0045,REQ02337,12.937267,80.129392,40.3,135.0,EN_ROUTE_TO_HOSPITAL
2026-08-18 21:58:15,AMB0045,REQ02337,12.948277,80.140107,28.1,135.0,EN_ROUTE_TO_HOSPITAL
2026-08-18 21:58:23,AMB0045,REQ02337,12.958377,80.149535,42.2,135.0,EN_ROUTE_TO_HOSPITAL
2026-08-18 21:58:29,AMB0045,REQ02337,12.968443,80.159866,52.9,135.0,EN_ROUTE_TO_HOSPITAL
2026-08-18 21:58:35,AMB0045,REQ02337,12.979587,80.168611,42.2,135.0,EN_ROUTE_TO_HOSPITAL
2026-08-18 21:58:42,AMB0045,REQ02337,12.989861,80.178481,20.4,135.0,EN_ROUTE_TO_HOSPITAL
2026-08-18 21:58:47,AMB0045,REQ02337,13.000882,80.188317,50.3,135.0,EN_ROUTE_TO_HOSPITAL
2026-08-18 21:58:52,AMB0045,REQ02337,13.011932,80.198809,22.0,135.0,EN_ROUTE_TO_HOSPITAL
2026-08-18 21:58:56,AMB0045,REQ02337,13.021947,80.207708,28.5,135.0,EN_ROUTE_TO_HOSPITAL
2026-08-18 21:59:01,AMB0045,REQ02337,13.03216,80.21801,52.9,135.0,EN_ROUTE_TO_HOSPITAL
2026-08-18 21:59:07,AMB0045,REQ02337,13.042756,80.227482,20.3,135.0,EN_ROUTE_TO_HOSPITAL
2026-08-18 21:59:13,AMB0045,REQ02337,13.053562,80.237831,52.4,135.0,EN_ROUTE_TO_HOSPITAL
2026-08-18 21:59:17,AMB0045,REQ02337,13.063968,80.247773,25.5,135.0,EN_ROUTE_TO_HOSPITAL
2026-08-18 21:59:24,AMB0045,REQ02337,13.074935,80.257309,39.5,135.0,EN_ROUTE_TO_HOSPITAL
2026-08-18 21:59:31,AMB0045,REQ02337,13.085942,80.266506,53.7,135.0,EN_ROUTE_TO_HOSPITAL
2026-08-18 21:59:36,AMB0045,REQ02337,13.095863,80.276415,51.5,135.0,EN_ROUTE_TO_HOSPITAL
2026-08-18 21:59:42,AMB0045,REQ02337,13.107043,80.286524,27.0,135.0,EN_ROUTE_TO_HOSPITAL
2026-08-11 01:14:25,AMB0130,REQ01620,12.783682,80.223125,23.1,135.0,EN_ROUTE_TO_PATIENT
2026-08-11 01:14:32,AMB0130,REQ01620,12.801516,80.218823,29.8,135.0,EN_ROUTE_TO_PATIENT
2026-08-11 01:14:38,AMB0130,REQ01620,12.8197,80.215616,47.0,135.0,EN_ROUTE_TO_PATIENT
2026-08-11 01:14:46,AMB0130,REQ01620,12.838133,80.210761,48.3,135.0,EN_ROUTE_TO_PATIENT
2026-08-11 01:14:51,AMB0130,REQ01620,12.856629,80.206471,28.3,135.0,EN_ROUTE_TO_PATIENT
2026-08-11 01:14:57,AMB0130,REQ01620,12.874194,80.202135,42.1,135.0,EN_ROUTE_TO_PATIENT
2026-08-11 01:15:05,AMB0130,REQ01620,12.892232,80.198125,34.4,135.0,EN_ROUTE_TO_PATIENT
2026-08-11 01:15:13,AMB0130,REQ01620,12.910808,80.193713,35.1,135.0,EN_ROUTE_TO_PATIENT
2026-08-11 01:15:19,AMB0130,REQ01620,12.928727,80.189288,54.1,135.0,EN_ROUTE_TO_PATIENT
2026-08-11 01:15:26,AMB0130,REQ01620,12.946254,80.185745,43.7,135.0,EN_ROUTE_TO_PATIENT
2026-08-11 01:15:33,AMB0130,REQ01620,12.964133,80.180603,27.5,135.0,EN_ROUTE_TO_PATIENT
2026-08-11 01:15:38,AMB0130,REQ01620,12.983069,80.17647,28.7,135.0,EN_ROUTE_TO_PATIENT
2026-08-11 01:15:43,AMB0130,REQ01620,13.001268,80.171929,28.9,135.0,EN_ROUTE_TO_PATIENT
2026-08-11 01:15:51,AMB0130,REQ01620,13.019407,80.168496,45.0,135.0,EN_ROUTE_TO_PATIENT
2026-08-11 01:17:04,AMB0130,REQ01620,13.019171,80.167985,25.8,135.0,EN_ROUTE_TO_HOSPITAL
2026-08-11 01:17:08,AMB0130,REQ01620,13.019852,80.168818,28.6,135.0,EN_ROUTE_TO_HOSPITAL
2026-08-11 01:17:13,AMB0130,REQ01620,13.019892,80.170595,30.7,135.0,EN_ROUTE_TO_HOSPITAL
2026-08-11 01:17:17,AMB0130,REQ01620,13.020417,80.172062,52.4,135.0,EN_ROUTE_TO_HOSPITAL
2026-08-11 01:17:21,AMB0130,REQ01620,13.020779,80.1738,38.1,135.0,EN_ROUTE_TO_HOSPITAL
2026-08-11 01:17:29,AMB0130,REQ01620,13.020789,80.174791,42.6,135.0,EN_ROUTE_TO_HOSPITAL
2026-08-11 01:17:36,AMB0130,REQ01620,13.021248,80.176648,20.7,135.0,EN_ROUTE_TO_HOSPITAL
2026-08-11 01:17:43,AMB0130,REQ01620,13.020736,80.177899,40.6,135.0,EN_ROUTE_TO_HOSPITAL
2026-08-11 01:17:48,AMB0130,REQ01620,13.021454,80.179237,51.9,135.0,EN_ROUTE_TO_HOSPITAL
2026-09-06 12:52:10,AMB0110,REQ00852,12.902557,80.226783,45.3,135.0,EN_ROUTE_TO_PATIENT
2026-09-06 12:52:15,AMB0110,REQ00852,12.906452,80.21814,37.3,135.0,EN_ROUTE_TO_PATIENT
2026-09-06 12:52:22,AMB0110,REQ00852,12.909494,80.208656,51.9,135.0,EN_ROUTE_TO_PATIENT
2026-09-06 12:52:27,AMB0110,REQ00852,12.911879,80.200538,30.7,135.0,EN_ROUTE_TO_PATIENT
2026-09-06 12:52:32,AMB0110,REQ00852,12.915379,80.191267,51.3,135.0,EN_ROUTE_TO_PATIENT
2026-09-06 12:52:37,AMB0110,REQ00852,12.918187,80.182783,36.9,135.0,EN_ROUTE_TO_PATIENT
2026-09-06 12:52:43,AMB0110,REQ00852,12.921787,80.173306,47.4,135.0,EN_ROUTE_TO_PATIENT
2026-09-06 12:52:47,AMB0110,REQ00852,12.925019,80.163922,26.2,135.0,EN_ROUTE_TO_PATIENT
2026-09-06 12:52:55,AMB0110,REQ00852,12.927608,80.155908,43.3,135.0,EN_ROUTE_TO_PATIENT
2026-09-06 12:53:02,AMB0110,REQ00852,12.930508,80.146885,47.0,135.0,EN_ROUTE_TO_PATIENT
2026-09-06 12:53:06,AMB0110,REQ00852,12.933573,80.137622,24.7,135.0,EN_ROUTE_TO_PATIENT
2026-09-06 12:53:14,AMB0110,REQ00852,12.936779,80.128482,25.1,135.0,EN_ROUTE_TO_PATIENT
2026-09-06 12:53:18,AMB0110,REQ00852,12.939899,80.119371,25.6,135.0,EN_ROUTE_TO_PATIENT
2026-09-06 12:53:26,AMB0110,REQ00852,12.942981,80.110391,41.4,135.0,EN_ROUTE_TO_PATIENT
2026-09-06 12:54:33,AMB0110,REQ00852,12.9428,80.110884,35.7,135.0,EN_ROUTE_TO_HOSPITAL
2026-09-06 12:54:41,AMB0110,REQ00852,12.942992,80.111743,41.0,135.0,EN_ROUTE_TO_HOSPITAL
2026-09-06 12:54:47,AMB0110,REQ00852,12.942688,80.113517,43.1,135.0,EN_ROUTE_TO_HOSPITAL
2026-09-06 12:54:55,AMB0110,REQ00852,12.942901,80.114885,22.6,135.0,EN_ROUTE_TO_HOSPITAL
2026-09-06 12:55:01,AMB0110,REQ00852,12.942615,80.116877,44.3,135.0,EN_ROUTE_TO_HOSPITAL
2026-09-06 12:55:05,AMB0110,REQ00852,12.943099,80.117866,34.2,135.0,EN_ROUTE_TO_HOSPITAL
2026-09-06 12:55:13,AMB0110,REQ00852,12.943642,80.120057,24.3,135.0,EN_ROUTE_TO_HOSPITAL
2026-09-06 12:55:20,AMB0110,REQ00852,12.943718,80.120484,32.1,135.0,EN_ROUTE_TO_HOSPITAL
2026-09-06 12:55:24,AMB0110,REQ00852,12.943642,80.122887,45.3,135.0,EN_ROUTE_TO_HOSPITAL
2026-09-06 12:55:30,AMB0110,REQ00852,12.942792,80.124451,52.0,135.0,EN_ROUTE_TO_HOSPITAL
2026-09-06 12:55:38,AMB0110,REQ00852,12.943261,80.125505,34.9,135.0,EN_ROUTE_TO_HOSPITAL
2026-09-06 12:55:43,AMB0110,REQ00852,12.943145,80.126969,25.0,135.0,EN_ROUTE_TO_HOSPITAL
2026-09-06 12:55:51,AMB0110,REQ00852,12.943073,80.128356,52.8,135.0,EN_ROUTE_TO_HOSPITAL
2026-08-08 11:00:41,AMB0130,REQ02809,12.78333,80.22354,48.4,135.0,EN_ROUTE_TO_PATIENT
2026-08-08 11:00:46,AMB0130,REQ02809,12.802224,80.226485,44.8,135.0,EN_ROUTE_TO_PATIENT
2026-08-08 11:00:52,AMB0130,REQ02809,12.821951,80.229243,49.4,135.0,EN_ROUTE_TO_PATIENT
2026-08-08 11:00:58,AMB0130,REQ02809,12.840708,80.232364,24.8,135.0,EN_ROUTE_TO_PATIENT
2026-08-08 11:01:02,AMB0130,REQ02809,12.859151,80.23538,31.9,135.0,EN_ROUTE_TO_PATIENT
2026-08-08 11:01:06,AMB0130,REQ02809,12.878126,80.237961,22.0,135.0,EN_ROUTE_TO_PATIENT
2026-08-08 11:01:12,AMB0130,REQ02809,12.896476,80.240545,47.6,135.0,EN_ROUTE_TO_PATIENT
2026-08-08 11:01:16,AMB0130,REQ02809,12.915877,80.243042,45.6,135.0,EN_ROUTE_TO_PATIENT
2026-08-08 11:01:23,AMB0130,REQ02809,12.933864,80.246283,46.7,135.0,EN_ROUTE_TO_PATIENT
2026-08-08 11:01:27,AMB0130,REQ02809,12.952492,80.248736,33.1,135.0,EN_ROUTE_TO_PATIENT
2026-08-08 11:01:35,AMB0130,REQ02809,12.971705,80.252056,21.5,135.0,EN_ROUTE_TO_PATIENT
2026-08-08 11:01:41,AMB0130,REQ02809,12.990815,80.254954,39.9,135.0,EN_ROUTE_TO_PATIENT
2026-08-08 11:01:47,AMB0130,REQ02809,13.009282,80.25738,27.4,135.0,EN_ROUTE_TO_PATIENT
2026-08-08 11:01:55,AMB0130,REQ02809,13.028625,80.26054,23.0,135.0,EN_ROUTE_TO_PATIENT
2026-08-08 11:02:03,AMB0130,REQ02809,13.046444,80.262956,41.9,135.0,EN_ROUTE_TO_PATIENT
2026-08-08 11:02:08,AMB0130,REQ02809,13.06596,80.266579,25.7,135.0,EN_ROUTE_TO_PATIENT
2026-08-08 11:02:14,AMB0130,REQ02809,13.084086,80.26878,48.9,135.0,EN_ROUTE_TO_PATIENT
2026-08-08 11:02:58,AMB0130,REQ02809,13.084334,80.269551,23.9,135.0,EN_ROUTE_TO_HOSPITAL
2026-08-08 11:03:05,AMB0130,REQ02809,13.076793,80.257424,39.0,135.0,EN_ROUTE_TO_HOSPITAL
2026-08-08 11:03:12,AMB0130,REQ02809,13.06909,80.246695,34.1,135.0,EN_ROUTE_TO_HOSPITAL
2026-08-08 11:03:16,AMB0130,REQ02809,13.060644,80.23522,25.6,135.0,EN_ROUTE_TO_HOSPITAL
2026-08-08 11:03:24,AMB0130,REQ02809,13.052542,80.223706,41.3,135.0,EN_ROUTE_TO_HOSPITAL
2026-08-08 11:03:29,AMB0130,REQ02809,13.044861,80.212444,38.4,135.0,EN_ROUTE_TO_HOSPITAL
2026-08-08 11:03:33,AMB0130,REQ02809,13.037418,80.200964,29.0,135.0,EN_ROUTE_TO_HOSPITAL
2026-08-08 11:03:41,AMB0130,REQ02809,13.029475,80.189614,41.2,135.0,EN_ROUTE_TO_HOSPITAL
2026-08-08 11:03:47,AMB0130,REQ02809,13.021331,80.17926,51.1,135.0,EN_ROUTE_TO_HOSPITAL
2026-09-04 05:28:42,AMB0098,REQ00763,12.977936,80.219987,37.9,135.0,EN_ROUTE_TO_PATIENT
2026-09-04 05:28:49,AMB0098,REQ00763,12.975121,80.222619,34.6,135.0,EN_ROUTE_TO_PATIENT
2026-09-04 05:28:53,AMB0098,REQ00763,12.974119,80.224432,36.5,135.0,EN_ROUTE_TO_PATIENT
2026-09-04 05:29:01,AMB0098,REQ00763,12.971388,80.227186,25.5,135.0,EN_ROUTE_TO_PATIENT
2026-09-04 05:29:09,AMB0098,REQ00763,12.969961,80.229738,33.3,135.0,EN_ROUTE_TO_PATIENT
2026-09-04 05:29:13,AMB0098,REQ00763,12.968131,80.23176,50.3,135.0,EN_ROUTE_TO_PATIENT
2026-09-04 05:29:19,AMB0098,REQ00763,12.965295,80.233454,46.2,135.0,EN_ROUTE_TO_PATIENT
2026-09-04 05:29:26,AMB0098,REQ00763,12.963521,80.236595,28.0,135.0,EN_ROUTE_TO_PATIENT
2026-09-04 05:29:33,AMB0098,REQ00763,12.961768,80.238517,30.2,135.0,EN_ROUTE_TO_PATIENT
2026-09-04 05:29:41,AMB0098,REQ00763,12.960274,80.240384,45.2,135.0,EN_ROUTE_TO_PATIENT
2026-09-04 05:30:45,AMB0098,REQ00763,12.959685,80.240883,40.9,135.0,EN_ROUTE_TO_HOSPITAL
2026-09-04 05:30:50,AMB0098,REQ00763,12.956362,80.230036,53.1,135.0,EN_ROUTE_TO_HOSPITAL
2026-09-04 05:30:57,AMB0098,REQ00763,12.9536,80.219987,27.1,135.0,EN_ROUTE_TO_HOSPITAL
2026-09-04 05:31:01,AMB0098,REQ00763,12.950701,80.209842,48.8,135.0,EN_ROUTE_TO_HOSPITAL
2026-09-04 05:31:09,AMB0098,REQ00763,12.947243,80.199874,35.0,135.0,EN_ROUTE_TO_HOSPITAL
2026-09-04 05:31:17,AMB0098,REQ00763,12.944014,80.189135,30.7,135.0,EN_ROUTE_TO_HOSPITAL
2026-09-04 05:31:23,AMB0098,REQ00763,12.940955,80.178406,47.8,135.0,EN_ROUTE_TO_HOSPITAL
2026-09-04 05:31:28,AMB0098,REQ00763,12.937456,80.169163,23.7,135.0,EN_ROUTE_TO_HOSPITAL
2026-09-04 05:31:34,AMB0098,REQ00763,12.933755,80.158531,50.6,135.0,EN_ROUTE_TO_HOSPITAL
2026-09-04 05:31:41,AMB0098,REQ00763,12.93109,80.148575,31.0,135.0,EN_ROUTE_TO_HOSPITAL
2026-09-04 05:31:49,AMB0098,REQ00763,12.927474,80.137645,51.9,135.0,EN_ROUTE_TO_HOSPITAL
2026-09-04 05:31:57,AMB0098,REQ00763,12.924306,80.127344,38.7,135.0,EN_ROUTE_TO_HOSPITAL
2026-08-03 04:54:42,AMB0050,REQ01125,13.072967,80.198518,24.0,135.0,EN_ROUTE_TO_PATIENT
2026-08-03 04:54:49,AMB0050,REQ01125,13.076768,80.205099,31.1,135.0,EN_ROUTE_TO_PATIENT
2026-08-03 04:54:54,AMB0050,REQ01125,13.081019,80.212293,48.8,135.0,EN_ROUTE_TO_PATIENT
2026-08-03 04:55:00,AMB0050,REQ01125,13.085354,80.218484,48.7,135.0,EN_ROUTE_TO_PATIENT
2026-08-03 04:55:04,AMB0050,REQ01125,13.089231,80.225269,34.4,135.0,EN_ROUTE_TO_PATIENT
2026-08-03 04:55:09,AMB0050,REQ01125,13.093255,80.231909,24.1,135.0,EN_ROUTE_TO_PATIENT
2026-08-03 04:55:17,AMB0050,REQ01125,13.096548,80.239033,23.5,135.0,EN_ROUTE_TO_PATIENT
2026-08-03 04:55:24,AMB0050,REQ01125,13.10111,80.245772,48.5,135.0,EN_ROUTE_TO_PATIENT
2026-08-03 04:55:29,AMB0050,REQ01125,13.104567,80.252142,35.2,135.0,EN_ROUTE_TO_PATIENT
2026-08-03 04:55:36,AMB0050,REQ01125,13.108046,80.258902,41.7,135.0,EN_ROUTE_TO_PATIENT
2026-08-03 04:55:43,AMB0050,REQ01125,13.112773,80.2655,52.3,135.0,EN_ROUTE_TO_PATIENT
2026-08-03 04:55:48,AMB0050,REQ01125,13.116573,80.272034,47.0,135.0,EN_ROUTE_TO_PATIENT
2026-08-03 04:55:55,AMB0050,REQ01125,13.119961,80.278232,47.6,135.0,EN_ROUTE_TO_PATIENT
2026-08-03 04:56:03,AMB0050,REQ01125,13.124865,80.284901,44.4,135.0,EN_ROUTE_TO_PATIENT
2026-08-03 04:56:08,AMB0050,REQ01125,13.128473,80.291614,27.5,135.0,EN_ROUTE_TO_PATIENT
2026-08-03 04:56:13,AMB0050,REQ01125,13.132587,80.298401,33.3,135.0,EN_ROUTE_TO_PATIENT
2026-08-03 04:56:18,AMB0050,REQ01125,13.135778,80.30537,54.1,135.0,EN_ROUTE_TO_PATIENT
2026-08-03 04:56:57,AMB0050,REQ01125,13.135844,80.305867,39.8,135.0,EN_ROUTE_TO_HOSPITAL
2026-08-03 04:57:05,AMB0050,REQ01125,13.134424,80.304166,26.1,135.0,EN_ROUTE_TO_HOSPITAL
2026-08-03 04:57:10,AMB0050,REQ01125,13.133059,80.302957,34.7,135.0,EN_ROUTE_TO_HOSPITAL
2026-08-03 04:57:18,AMB0050,REQ01125,13.13128,80.301804,53.1,135.0,EN_ROUTE_TO_HOSPITAL
2026-08-03 04:57:23,AMB0050,REQ01125,13.130033,80.299793,51.1,135.0,EN_ROUTE_TO_HOSPITAL
2026-08-03 04:57:27,AMB0050,REQ01125,13.12804,80.298683,35.1,135.0,EN_ROUTE_TO_HOSPITAL
2026-08-03 04:57:35,AMB0050,REQ01125,13.126237,80.297182,44.1,135.0,EN_ROUTE_TO_HOSPITAL
2026-08-03 04:57:42,AMB0050,REQ01125,13.124633,80.296279,25.5,135.0,EN_ROUTE_TO_HOSPITAL
2026-08-03 04:57:49,AMB0050,REQ01125,13.123107,80.294351,24.2,135.0,EN_ROUTE_TO_HOSPITAL
2026-08-03 04:57:55,AMB0050,REQ01125,13.121883,80.293135,53.8,135.0,EN_ROUTE_TO_HOSPITAL
2026-08-03 04:58:03,AMB0050,REQ01125,13.119817,80.292106,23.0,135.0,EN_ROUTE_TO_HOSPITAL
2026-08-03 04:58:09,AMB0050,REQ01125,13.117923,80.290253,45.4,135.0,EN_ROUTE_TO_HOSPITAL
2026-08-03 04:58:16,AMB0050,REQ01125,13.116099,80.288931,48.2,135.0,EN_ROUTE_TO_HOSPITAL
2026-08-03 04:58:20,AMB0050,REQ01125,13.115421,80.287526,22.6,135.0,EN_ROUTE_TO_HOSPITAL
2026-08-03 04:58:28,AMB0050,REQ01125,13.113627,80.286406,48.9,135.0,EN_ROUTE_TO_HOSPITAL
2026-08-08 08:55:38,AMB0042,REQ00749,13.083212,80.177662,52.6,135.0,EN_ROUTE_TO_PATIENT
2026-08-08 08:55:45,AMB0042,REQ00749,13.082665,80.185198,49.7,135.0,EN_ROUTE_TO_PATIENT
2026-08-08 08:55:50,AMB0042,REQ00749,13.081297,80.192753,22.4,135.0,EN_ROUTE_TO_PATIENT
2026-08-08 08:55:57,AMB0042,REQ00749,13.080185,80.199648,21.0,135.0,EN_ROUTE_TO_PATIENT
2026-08-08 08:56:04,AMB0042,REQ00749,13.079795,80.20786,34.6,135.0,EN_ROUTE_TO_PATIENT
2026-08-08 08:56:11,AMB0042,REQ00749,13.078972,80.215551,42.5,135.0,EN_ROUTE_TO_PATIENT
2026-08-08 08:56:15,AMB0042,REQ00749,13.07838,80.222969,53.6,135.0,EN_ROUTE_TO_PATIENT
2026-08-08 08:56:23,AMB0042,REQ00749,13.077004,80.229625,24.2,135.0,EN_ROUTE_TO_PATIENT
2026-08-08 08:56:30,AMB0042,REQ00749,13.076616,80.237575,41.4,135.0,EN_ROUTE_TO_PATIENT
2026-08-08 08:56:35,AMB0042,REQ00749,13.076,80.24465,24.4,135.0,EN_ROUTE_TO_PATIENT
2026-08-08 08:56:42,AMB0042,REQ00749,13.075646,80.252001,36.9,135.0,EN_ROUTE_TO_PATIENT
2026-08-08 08:56:47,AMB0042,REQ00749,13.074052,80.259209,28.2,135.0,EN_ROUTE_TO_PATIENT
2026-08-08 08:56:53,AMB0042,REQ00749,13.073206,80.267343,33.6,135.0,EN_ROUTE_TO_PATIENT
2026-08-08 08:58:01,AMB0042,REQ00749,13.073077,80.266918,27.9,135.0,EN_ROUTE_TO_HOSPITAL
2026-08-08 08:58:08,AMB0042,REQ00749,13.070351,80.265139,48.2,135.0,EN_ROUTE_TO_HOSPITAL
2026-08-08 08:58:16,AMB0042,REQ00749,13.06649,80.262666,41.3,135.0,EN_ROUTE_TO_HOSPITAL
2026-08-08 08:58:20,AMB0042,REQ00749,13.062627,80.26068,46.2,135.0,EN_ROUTE_TO_HOSPITAL
2026-08-08 08:58:24,AMB0042,REQ00749,13.058784,80.257891,34.2,135.0,EN_ROUTE_TO_HOSPITAL
2026-08-08 08:58:31,AMB0042,REQ00749,13.054838,80.256155,32.5,135.0,EN_ROUTE_TO_HOSPITAL
2026-08-08 08:58:35,AMB0042,REQ00749,13.052242,80.253617,49.1,135.0,EN_ROUTE_TO_HOSPITAL
2026-08-08 08:58:42,AMB0042,REQ00749,13.047799,80.251355,47.9,135.0,EN_ROUTE_TO_HOSPITAL
2026-08-08 08:58:47,AMB0042,REQ00749,13.044661,80.250199,25.8,135.0,EN_ROUTE_TO_HOSPITAL
2026-08-01 15:52:37,AMB0061,REQ01414,13.044899,80.25397,44.7,135.0,EN_ROUTE_TO_PATIENT
2026-08-01 15:52:45,AMB0061,REQ01414,13.011173,80.250196,36.1,135.0,EN_ROUTE_TO_PATIENT
2026-08-01 15:52:52,AMB0061,REQ01414,12.976741,80.247149,43.4,135.0,EN_ROUTE_TO_PATIENT
2026-08-01 15:52:56,AMB0061,REQ01414,12.943398,80.244248,50.5,135.0,EN_ROUTE_TO_PATIENT
2026-08-01 15:53:02,AMB0061,REQ01414,12.90935,80.241771,43.1,135.0,EN_ROUTE_TO_PATIENT
2026-08-01 15:53:06,AMB0061,REQ01414,12.875052,80.239097,41.7,135.0,EN_ROUTE_TO_PATIENT
2026-08-01 15:53:14,AMB0061,REQ01414,12.841455,80.235736,38.7,135.0,EN_ROUTE_TO_PATIENT
2026-08-01 15:53:18,AMB0061,REQ01414,12.807331,80.233255,41.1,135.0,EN_ROUTE_TO_PATIENT
2026-08-01 15:53:24,AMB0061,REQ01414,12.773916,80.230169,32.0,135.0,EN_ROUTE_TO_PATIENT
2026-08-01 15:54:07,AMB0061,REQ01414,12.773257,80.230529,33.8,135.0,EN_ROUTE_TO_HOSPITAL
2026-08-01 15:54:14,AMB0061,REQ01414,12.789696,80.232564,49.3,135.0,EN_ROUTE_TO_HOSPITAL
2026-08-01 15:54:22,AMB0061,REQ01414,12.806146,80.233885,50.1,135.0,EN_ROUTE_TO_HOSPITAL
2026-08-01 15:54:30,AMB0061,REQ01414,12.822198,80.234987,53.0,135.0,EN_ROUTE_TO_HOSPITAL
2026-08-01 15:54:34,AMB0061,REQ01414,12.83846,80.237378,29.5,135.0,EN_ROUTE_TO_HOSPITAL
2026-08-01 15:54:38,AMB0061,REQ01414,12.855142,80.238662,23.1,135.0,EN_ROUTE_TO_HOSPITAL
2026-08-01 15:54:46,AMB0061,REQ01414,12.871032,80.240298,32.8,135.0,EN_ROUTE_TO_HOSPITAL
2026-08-01 15:54:50,AMB0061,REQ01414,12.887302,80.242462,47.0,135.0,EN_ROUTE_TO_HOSPITAL
2026-08-01 15:54:55,AMB0061,REQ01414,12.903811,80.243369,36.7,135.0,EN_ROUTE_TO_HOSPITAL
2026-08-01 15:54:59,AMB0061,REQ01414,12.919609,80.246014,22.7,135.0,EN_ROUTE_TO_HOSPITAL
2026-08-01 15:55:07,AMB0061,REQ01414,12.935876,80.247633,35.3,135.0,EN_ROUTE_TO_HOSPITAL
2026-08-01 15:55:14,AMB0061,REQ01414,12.952589,80.248203,32.3,135.0,EN_ROUTE_TO_HOSPITAL
2026-08-01 15:55:21,AMB0061,REQ01414,12.969196,80.251015,37.2,135.0,EN_ROUTE_TO_HOSPITAL
2026-08-01 15:55:26,AMB0061,REQ01414,12.985051,80.252527,26.5,135.0,EN_ROUTE_TO_HOSPITAL
2026-08-01 15:55:30,AMB0061,REQ01414,13.000696,80.254153,25.5,135.0,EN_ROUTE_TO_HOSPITAL
2026-08-01 15:55:37,AMB0061,REQ01414,13.01701,80.255041,52.3,135.0,EN_ROUTE_TO_HOSPITAL
2026-08-01 15:55:41,AMB0061,REQ01414,13.033508,80.257566,44.5,135.0,EN_ROUTE_TO_HOSPITAL
2026-08-22 05:24:01,AMB0090,REQ02857,13.018874,80.17991,22.7,135.0,EN_ROUTE_TO_PATIENT
2026-08-22 05:24:06,AMB0090,REQ02857,13.016546,80.184896,21.9,135.0,EN_ROUTE_TO_PATIENT
2026-08-22 05:24:10,AMB0090,REQ02857,13.01362,80.189802,39.3,135.0,EN_ROUTE_TO_PATIENT
2026-08-22 05:24:14,AMB0090,REQ02857,13.010834,80.194415,48.3,135.0,EN_ROUTE_TO_PATIENT
2026-08-22 05:24:21,AMB0090,REQ02857,13.007355,80.199584,52.9,135.0,EN_ROUTE_TO_PATIENT
2026-08-22 05:24:25,AMB0090,REQ02857,13.005146,80.204823,38.4,135.0,EN_ROUTE_TO_PATIENT
2026-08-22 05:24:29,AMB0090,REQ02857,13.002181,80.209697,27.0,135.0,EN_ROUTE_TO_PATIENT
2026-08-22 05:24:34,AMB0090,REQ02857,12.999101,80.21533,53.6,135.0,EN_ROUTE_TO_PATIENT
2026-08-22 05:24:40,AMB0090,REQ02857,12.996353,80.220061,35.5,135.0,EN_ROUTE_TO_PATIENT
2026-08-22 05:24:45,AMB0090,REQ02857,12.99274,80.22586,25.2,135.0,EN_ROUTE_TO_PATIENT
2026-08-22 05:25:30,AMB0090,REQ02857,12.992486,80.226156,51.7,135.0,EN_ROUTE_TO_HOSPITAL
2026-08-22 05:25:36,AMB0090,REQ02857,12.997491,80.217066,36.2,135.0,EN_ROUTE_TO_HOSPITAL
2026-08-22 05:25:41,AMB0090,REQ02857,13.00229,80.209087,35.1,135.0,EN_ROUTE_TO_HOSPITAL
2026-08-22 05:25:49,AMB0090,REQ02857,13.006521,80.200266,46.8,135.0,EN_ROUTE_TO_HOSPITAL
2026-08-22 05:25:57,AMB0090,REQ02857,13.011533,80.191776,26.5,135.0,EN_ROUTE_TO_HOSPITAL
2026-08-22 05:26:04,AMB0090,REQ02857,13.015631,80.183659,20.9,135.0,EN_ROUTE_TO_HOSPITAL
2026-08-22 05:26:09,AMB0090,REQ02857,13.020616,80.174245,47.6,135.0,EN_ROUTE_TO_HOSPITAL
2026-08-22 05:26:16,AMB0090,REQ02857,13.024631,80.166568,49.5,135.0,EN_ROUTE_TO_HOSPITAL
2026-08-22 05:26:24,AMB0090,REQ02857,13.029899,80.157951,25.5,135.0,EN_ROUTE_TO_HOSPITAL
2026-08-22 05:26:28,AMB0090,REQ02857,13.033727,80.149021,44.5,135.0,EN_ROUTE_TO_HOSPITAL
2026-08-22 05:26:35,AMB0090,REQ02857,13.038983,80.141036,46.1,135.0,EN_ROUTE_TO_HOSPITAL
2026-08-20 13:39:50,AMB0065,REQ01286,13.05303,80.262151,25.9,135.0,EN_ROUTE_TO_PATIENT
2026-08-20 13:39:54,AMB0065,REQ01286,13.056823,80.262167,36.9,135.0,EN_ROUTE_TO_PATIENT
2026-08-20 13:39:59,AMB0065,REQ01286,13.062623,80.262978,22.8,135.0,EN_ROUTE_TO_PATIENT
2026-08-20 13:40:07,AMB0065,REQ01286,13.066585,80.262817,36.2,135.0,EN_ROUTE_TO_PATIENT
2026-08-20 13:40:15,AMB0065,REQ01286,13.07194,80.264181,38.9,135.0,EN_ROUTE_TO_PATIENT
2026-08-20 13:40:22,AMB0065,REQ01286,13.076343,80.26398,48.6,135.0,EN_ROUTE_TO_PATIENT
2026-08-20 13:40:30,AMB0065,REQ01286,13.081763,80.264996,35.8,135.0,EN_ROUTE_TO_PATIENT
2026-08-20 13:40:37,AMB0065,REQ01286,13.086436,80.265047,22.5,135.0,EN_ROUTE_TO_PATIENT
2026-08-20 13:40:41,AMB0065,REQ01286,13.090415,80.265891,30.6,135.0,EN_ROUTE_TO_PATIENT
2026-08-20 13:40:46,AMB0065,REQ01286,13.095072,80.266296,37.8,135.0,EN_ROUTE_TO_PATIENT
2026-08-20 13:41:55,AMB0065,REQ01286,13.095144,80.266738,51.4,135.0,EN_ROUTE_TO_HOSPITAL
2026-08-20 13:42:03,AMB0065,REQ01286,13.06518,80.261725,20.2,135.0,EN_ROUTE_TO_HOSPITAL
2026-08-20 13:42:10,AMB0065,REQ01286,13.035526,80.257775,48.5,135.0,EN_ROUTE_TO_HOSPITAL
2026-08-20 13:42:17,AMB0065,REQ01286,13.006596,80.252932,41.6,135.0,EN_ROUTE_TO_HOSPITAL
2026-08-20 13:42:23,AMB0065,REQ01286,12.975941,80.24789,25.5,135.0,EN_ROUTE_TO_HOSPITAL
2026-08-20 13:42:30,AMB0065,REQ01286,12.94586,80.243691,50.7,135.0,EN_ROUTE_TO_HOSPITAL
2026-08-20 13:42:34,AMB0065,REQ01286,12.916494,80.239377,41.2,135.0,EN_ROUTE_TO_HOSPITAL
2026-08-20 13:42:41,AMB0065,REQ01286,12.886294,80.233839,38.5,135.0,EN_ROUTE_TO_HOSPITAL
2026-08-20 13:42:47,AMB0065,REQ01286,12.856521,80.23015,25.2,135.0,EN_ROUTE_TO_HOSPITAL
2026-08-20 13:42:52,AMB0065,REQ01286,12.82745,80.225332,49.5,135.0,EN_ROUTE_TO_HOSPITAL
2026-08-20 13:43:00,AMB0065,REQ01286,12.797248,80.220519,41.6,135.0,EN_ROUTE_TO_HOSPITAL
2026-08-05 22:26:44,AMB0092,REQ00729,13.005824,80.25428,47.6,135.0,EN_ROUTE_TO_PATIENT
2026-08-05 22:26:50,AMB0092,REQ00729,13.001189,80.244873,47.3,135.0,EN_ROUTE_TO_PATIENT
2026-08-05 22:26:56,AMB0092,REQ00729,12.997635,80.236294,34.7,135.0,EN_ROUTE_TO_PATIENT
2026-08-05 22:27:01,AMB0092,REQ00729,12.99276,80.227002,23.2,135.0,EN_ROUTE_TO_PATIENT
2026-08-05 22:27:09,AMB0092,REQ00729,12.98889,80.218144,44.2,135.0,EN_ROUTE_TO_PATIENT
2026-08-05 22:27:15,AMB0092,REQ00729,12.983932,80.208688,43.7,135.0,EN_ROUTE_TO_PATIENT
2026-08-05 22:27:19,AMB0092,REQ00729,12.97976,80.199939,33.6,135.0,EN_ROUTE_TO_PATIENT
2026-08-05 22:27:27,AMB0092,REQ00729,12.975932,80.189867,24.0,135.0,EN_ROUTE_TO_PATIENT
2026-08-05 22:27:35,AMB0092,REQ00729,12.971103,80.180647,20.7,135.0,EN_ROUTE_TO_PATIENT
2026-08-05 22:27:39,AMB0092,REQ00729,12.967328,80.172035,42.1,135.0,EN_ROUTE_TO_PATIENT
2026-08-05 22:27:45,AMB0092,REQ00729,12.963281,80.16302,31.9,135.0,EN_ROUTE_TO_PATIENT
2026-08-05 22:27:53,AMB0092,REQ00729,12.958904,80.152895,44.2,135.0,EN_ROUTE_TO_PATIENT
2026-08-05 22:27:59,AMB0092,REQ00729,12.954106,80.143882,49.1,135.0,EN_ROUTE_TO_PATIENT
2026-08-05 22:28:04,AMB0092,REQ00729,12.950125,80.135048,28.4,135.0,EN_ROUTE_TO_PATIENT
2026-08-05 22:28:08,AMB0092,REQ00729,12.946012,80.126402,33.3,135.0,EN_ROUTE_TO_PATIENT
2026-08-05 22:28:15,AMB0092,REQ00729,12.941283,80.116475,22.3,135.0,EN_ROUTE_TO_PATIENT
2026-08-05 22:28:23,AMB0092,REQ00729,12.936546,80.107059,20.5,135.0,EN_ROUTE_TO_PATIENT
2026-08-05 22:29:41,AMB0092,REQ00729,12.936501,80.107952,29.5,135.0,EN_ROUTE_TO_HOSPITAL
2026-08-05 22:29:49,AMB0092,REQ00729,12.944682,80.117779,53.5,135.0,EN_ROUTE_TO_HOSPITAL
2026-08-05 22:29:55,AMB0092,REQ00729,12.952072,80.127416,25.7,135.0,EN_ROUTE_TO_HOSPITAL
2026-08-05 22:30:01,AMB0092,REQ00729,12.960206,80.137701,25.6,135.0,EN_ROUTE_TO_HOSPITAL
2026-08-05 22:30:08,AMB0092,REQ00729,12.967948,80.148713,49.5,135.0,EN_ROUTE_TO_HOSPITAL
2026-08-05 22:30:15,AMB0092,REQ00729,12.974997,80.158826,24.2,135.0,EN_ROUTE_TO_HOSPITAL
2026-08-05 22:30:20,AMB0092,REQ00729,12.983199,80.168492,22.2,135.0,EN_ROUTE_TO_HOSPITAL
2026-08-05 22:30:26,AMB0092,REQ00729,12.990872,80.178934,48.9,135.0,EN_ROUTE_TO_HOSPITAL
2026-08-05 22:30:33,AMB0092,REQ00729,12.998311,80.188569,51.9,135.0,EN_ROUTE_TO_HOSPITAL
2026-08-05 22:30:41,AMB0092,REQ00729,13.005511,80.198838,20.9,135.0,EN_ROUTE_TO_HOSPITAL
2026-08-05 22:30:49,AMB0092,REQ00729,13.01314,80.20943,36.8,135.0,EN_ROUTE_TO_HOSPITAL
2026-08-05 22:30:54,AMB0092,REQ00729,13.020868,80.21958,31.9,135.0,EN_ROUTE_TO_HOSPITAL
2026-08-05 22:31:02,AMB0092,REQ00729,13.029219,80.228851,39.6,135.0,EN_ROUTE_TO_HOSPITAL
2026-08-05 22:31:07,AMB0092,REQ00729,13.036624,80.238992,45.4,135.0,EN_ROUTE_TO_HOSPITAL
2026-08-05 22:31:12,AMB0092,REQ00729,13.044529,80.249683,31.5,135.0,EN_ROUTE_TO_HOSPITAL
2026-08-18 16:28:20,AMB0108,REQ02954,12.959146,80.245798,21.1,135.0,EN_ROUTE_TO_PATIENT
2026-08-18 16:28:24,AMB0108,REQ02954,12.966761,80.24071,42.7,135.0,EN_ROUTE_TO_PATIENT
2026-08-18 16:28:32,AMB0108,REQ02954,12.975285,80.237194,37.1,135.0,EN_ROUTE_TO_PATIENT
2026-08-18 16:28:36,AMB0108,REQ02954,12.98427,80.232907,42.8,135.0,EN_ROUTE_TO_PATIENT
2026-08-18 16:28:44,AMB0108,REQ02954,12.993446,80.22828,39.0,135.0,EN_ROUTE_TO_PATIENT
2026-08-18 16:28:49,AMB0108,REQ02954,13.001228,80.224229,45.5,135.0,EN_ROUTE_TO_PATIENT
2026-08-18 16:28:54,AMB0108,REQ02954,13.010193,80.220173,21.3,135.0,EN_ROUTE_TO_PATIENT
2026-08-18 16:28:58,AMB0108,REQ02954,13.018238,80.216347,48.4,135.0,EN_ROUTE_TO_PATIENT
2026-08-18 16:29:05,AMB0108,REQ02954,13.027329,80.212411,41.9,135.0,EN_ROUTE_TO_PATIENT
2026-08-18 16:29:11,AMB0108,REQ02954,13.036033,80.207911,35.7,135.0,EN_ROUTE_TO_PATIENT
2026-08-18 16:29:16,AMB0108,REQ02954,13.044811,80.203748,43.3,135.0,EN_ROUTE_TO_PATIENT
2026-08-18 16:29:24,AMB0108,REQ02954,13.052589,80.199088,35.0,135.0,EN_ROUTE_TO_PATIENT
2026-08-18 16:29:28,AMB0108,REQ02954,13.061253,80.195553,34.3,135.0,EN_ROUTE_TO_PATIENT
2026-08-18 16:29:32,AMB0108,REQ02954,13.070152,80.190877,22.7,135.0,EN_ROUTE_TO_PATIENT
2026-08-18 16:30:13,AMB0108,REQ02954,13.070214,80.19106,40.4,135.0,EN_ROUTE_TO_HOSPITAL
2026-08-18 16:30:18,AMB0108,REQ02954,13.062173,80.186938,53.0,135.0,EN_ROUTE_TO_HOSPITAL
2026-08-18 16:30:25,AMB0108,REQ02954,13.054124,80.183627,43.7,135.0,EN_ROUTE_TO_HOSPITAL
2026-08-18 16:30:29,AMB0108,REQ02954,13.046112,80.179289,44.2,135.0,EN_ROUTE_TO_HOSPITAL
2026-08-18 16:30:37,AMB0108,REQ02954,13.038218,80.175905,31.6,135.0,EN_ROUTE_TO_HOSPITAL
2026-08-18 16:30:45,AMB0108,REQ02954,13.030798,80.172128,21.1,135.0,EN_ROUTE_TO_HOSPITAL
2026-08-18 16:30:51,AMB0108,REQ02954,13.022104,80.167483,46.1,135.0,EN_ROUTE_TO_HOSPITAL
2026-08-18 16:30:55,AMB0108,REQ02954,13.015017,80.164376,37.9,135.0,EN_ROUTE_TO_HOSPITAL
2026-08-18 16:31:01,AMB0108,REQ02954,13.006612,80.160439,21.6,135.0,EN_ROUTE_TO_HOSPITAL
2026-08-18 16:31:08,AMB0108,REQ02954,12.998568,80.156278,51.8,135.0,EN_ROUTE_TO_HOSPITAL
2026-08-18 16:31:13,AMB0108,REQ02954,12.990978,80.152578,32.4,135.0,EN_ROUTE_TO_HOSPITAL
2026-08-18 16:31:18,AMB0108,REQ02954,12.982572,80.148036,48.3,135.0,EN_ROUTE_TO_HOSPITAL
2026-08-18 16:31:26,AMB0108,REQ02954,12.974885,80.144321,47.5,135.0,EN_ROUTE_TO_HOSPITAL
2026-08-18 16:31:32,AMB0108,REQ02954,12.967196,80.13986,40.6,135.0,EN_ROUTE_TO_HOSPITAL
2026-08-18 16:31:38,AMB0108,REQ02954,12.958642,80.136372,22.2,135.0,EN_ROUTE_TO_HOSPITAL
2026-08-18 16:31:43,AMB0108,REQ02954,12.950917,80.132106,26.4,135.0,EN_ROUTE_TO_HOSPITAL
2026-08-18 16:31:51,AMB0108,REQ02954,12.943542,80.129039,30.9,135.0,EN_ROUTE_TO_HOSPITAL
2026-08-16 04:44:27,AMB0026,REQ01046,13.081164,80.276206,31.8,135.0,EN_ROUTE_TO_PATIENT
2026-08-16 04:44:33,AMB0026,REQ01046,13.094134,80.280696,26.9,135.0,EN_ROUTE_TO_PATIENT
2026-08-16 04:44:40,AMB0026,REQ01046,13.107907,80.284572,48.0,135.0,EN_ROUTE_TO_PATIENT
2026-08-16 04:44:46,AMB0026,REQ01046,13.12163,80.287443,31.4,135.0,EN_ROUTE_TO_PATIENT
2026-08-16 04:44:51,AMB0026,REQ01046,13.13422,80.292003,41.4,135.0,EN_ROUTE_TO_PATIENT
2026-08-16 04:44:57,AMB0026,REQ01046,13.148456,80.295269,34.1,135.0,EN_ROUTE_TO_PATIENT
2026-08-16 04:45:02,AMB0026,REQ01046,13.161666,80.298581,53.8,135.0,EN_ROUTE_TO_PATIENT
2026-08-16 04:45:09,AMB0026,REQ01046,13.175512,80.30231,27.3,135.0,EN_ROUTE_TO_PATIENT
2026-08-16 04:45:14,AMB0026,REQ01046,13.18858,80.307066,52.8,135.0,EN_ROUTE_TO_PATIENT
2026-08-16 04:45:18,AMB0026,REQ01046,13.202066,80.309963,27.8,135.0,EN_ROUTE_TO_PATIENT
2026-08-16 04:45:22,AMB0026,REQ01046,13.215819,80.313801,29.5,135.0,EN_ROUTE_TO_PATIENT
2026-08-16 04:45:26,AMB0026,REQ01046,13.228334,80.317706,33.3,135.0,EN_ROUTE_TO_PATIENT
2026-08-16 04:46:54,AMB0026,REQ01046,13.228732,80.317931,50.9,135.0,EN_ROUTE_TO_HOSPITAL
2026-08-16 04:46:59,AMB0026,REQ01046,13.204014,80.310143,30.0,135.0,EN_ROUTE_TO_HOSPITAL
2026-08-16 04:47:04,AMB0026,REQ01046,13.180548,80.302711,32.8,135.0,EN_ROUTE_TO_HOSPITAL
2026-08-16 04:47:08,AMB0026,REQ01046,13.155908,80.295301,54.4,135.0,EN_ROUTE_TO_HOSPITAL
2026-08-16 04:47:13,AMB0026,REQ01046,13.131157,80.287173,42.2,135.0,EN_ROUTE_TO_HOSPITAL
2026-08-16 04:47:17,AMB0026,REQ01046,13.107387,80.279353,40.8,135.0,EN_ROUTE_TO_HOSPITAL
2026-08-16 04:47:21,AMB0026,REQ01046,13.082209,80.272433,46.3,135.0,EN_ROUTE_TO_HOSPITAL
2026-08-16 04:47:25,AMB0026,REQ01046,13.058597,80.26533,23.1,135.0,EN_ROUTE_TO_HOSPITAL
2026-08-16 04:47:33,AMB0026,REQ01046,13.033585,80.257218,32.0,135.0,EN_ROUTE_TO_HOSPITAL
2026-09-06 20:23:21,AMB0088,REQ01768,13.01979,80.178213,35.2,135.0,EN_ROUTE_TO_PATIENT
2026-09-06 20:23:29,AMB0088,REQ01768,13.018555,80.181342,28.8,135.0,EN_ROUTE_TO_PATIENT
2026-09-06 20:23:37,AMB0088,REQ01768,13.01633,80.18533,32.9,135.0,EN_ROUTE_TO_PATIENT
2026-09-06 20:23:43,AMB0088,REQ01768,13.014467,80.18872,40.9,135.0,EN_ROUTE_TO_PATIENT
2026-09-06 20:23:49,AMB0088,REQ01768,13.012119,80.192086,51.7,135.0,EN_ROUTE_TO_PATIENT
2026-09-06 20:23:57,AMB0088,REQ01768,13.010479,80.196475,48.9,135.0,EN_ROUTE_TO_PATIENT
2026-09-06 20:24:04,AMB0088,REQ01768,13.009034,80.199823,32.6,135.0,EN_ROUTE_TO_PATIENT
2026-09-06 20:24:11,AMB0088,REQ01768,13.007284,80.203406,52.0,135.0,EN_ROUTE_TO_PATIENT
2026-09-06 20:24:15,AMB0088,REQ01768,13.004906,80.20677,25.6,135.0,EN_ROUTE_TO_PATIENT
2026-09-06 20:24:21,AMB0088,REQ01768,13.003013,80.210357,20.6,135.0,EN_ROUTE_TO_PATIENT
2026-09-06 20:24:25,AMB0088,REQ01768,13.00105,80.214566,46.4,135.0,EN_ROUTE_TO_PATIENT
2026-09-06 20:24:31,AMB0088,REQ01768,12.999278,80.217479,24.7,135.0,EN_ROUTE_TO_PATIENT
2026-09-06 20:24:39,AMB0088,REQ01768,12.997047,80.221529,20.9,135.0,EN_ROUTE_TO_PATIENT
2026-09-06 20:24:45,AMB0088,REQ01768,12.995815,80.225042,20.9,135.0,EN_ROUTE_TO_PATIENT
2026-09-06 20:24:49,AMB0088,REQ01768,12.994172,80.228562,32.5,135.0,EN_ROUTE_TO_PATIENT
2026-09-06 20:24:56,AMB0088,REQ01768,12.991231,80.232288,35.1,135.0,EN_ROUTE_TO_PATIENT
2026-09-06 20:25:04,AMB0088,REQ01768,12.990202,80.236391,45.1,135.0,EN_ROUTE_TO_PATIENT
2026-09-06 20:25:50,AMB0088,REQ01768,12.989954,80.236406,20.8,135.0,EN_ROUTE_TO_HOSPITAL
2026-09-06 20:25:55,AMB0088,REQ01768,12.985602,80.236768,46.1,135.0,EN_ROUTE_TO_HOSPITAL
2026-09-06 20:26:02,AMB0088,REQ01768,12.981852,80.238128,24.8,135.0,EN_ROUTE_TO_HOSPITAL
2026-09-06 20:26:07,AMB0088,REQ01768,12.978618,80.239573,21.5,135.0,EN_ROUTE_TO_HOSPITAL
2026-09-06 20:26:13,AMB0088,REQ01768,12.974539,80.241057,27.8,135.0,EN_ROUTE_TO_HOSPITAL
2026-09-06 20:26:18,AMB0088,REQ01768,12.971453,80.242425,26.6,135.0,EN_ROUTE_TO_HOSPITAL
2026-09-06 20:26:26,AMB0088,REQ01768,12.967743,80.24302,52.3,135.0,EN_ROUTE_TO_HOSPITAL
2026-09-06 20:26:32,AMB0088,REQ01768,12.963243,80.244838,53.8,135.0,EN_ROUTE_TO_HOSPITAL
2026-09-06 20:26:36,AMB0088,REQ01768,12.959827,80.245982,43.6,135.0,EN_ROUTE_TO_HOSPITAL
2026-08-01 05:00:40,AMB0124,REQ02446,12.953303,80.148695,37.0,135.0,EN_ROUTE_TO_PATIENT
2026-08-01 05:00:44,AMB0124,REQ02446,12.956665,80.155922,23.5,135.0,EN_ROUTE_TO_PATIENT
2026-08-01 05:00:50,AMB0124,REQ02446,12.960246,80.163615,53.5,135.0,EN_ROUTE_TO_PATIENT
2026-08-01 05:00:58,AMB0124,REQ02446,12.963326,80.171331,39.1,135.0,EN_ROUTE_TO_PATIENT
2026-08-01 05:01:05,AMB0124,REQ02446,12.967,80.179383,27.1,135.0,EN_ROUTE_TO_PATIENT
2026-08-01 05:01:11,AMB0124,REQ02446,12.969866,80.186707,38.2,135.0,EN_ROUTE_TO_PATIENT
2026-08-01 05:01:17,AMB0124,REQ02446,12.97309,80.195223,29.5,135.0,EN_ROUTE_TO_PATIENT
2026-08-01 05:01:21,AMB0124,REQ02446,12.976785,80.202653,42.0,135.0,EN_ROUTE_TO_PATIENT
2026-08-01 05:01:26,AMB0124,REQ02446,12.980225,80.210463,53.9,135.0,EN_ROUTE_TO_PATIENT
2026-08-01 05:01:34,AMB0124,REQ02446,12.983895,80.218031,33.6,135.0,EN_ROUTE_TO_PATIENT
2026-08-01 05:01:39,AMB0124,REQ02446,12.987121,80.226396,36.9,135.0,EN_ROUTE_TO_PATIENT
2026-08-01 05:01:45,AMB0124,REQ02446,12.990012,80.234222,36.6,135.0,EN_ROUTE_TO_PATIENT
2026-08-01 05:01:53,AMB0124,REQ02446,12.993309,80.241241,51.0,135.0,EN_ROUTE_TO_PATIENT
2026-08-01 05:02:01,AMB0124,REQ02446,12.996568,80.248994,39.3,135.0,EN_ROUTE_TO_PATIENT
2026-08-01 05:03:13,AMB0124,REQ02446,12.996416,80.248936,28.2,135.0,EN_ROUTE_TO_HOSPITAL
2026-08-01 05:03:19,AMB0124,REQ02446,12.991876,80.238447,21.9,135.0,EN_ROUTE_TO_HOSPITAL
2026-08-01 05:03:23,AMB0124,REQ02446,12.986269,80.228034,48.8,135.0,EN_ROUTE_TO_HOSPITAL
2026-08-01 05:03:28,AMB0124,REQ02446,12.980251,80.217377,29.7,135.0,EN_ROUTE_TO_HOSPITAL
2026-08-01 05:03:32,AMB0124,REQ02446,12.974379,80.206765,26.4,135.0,EN_ROUTE_TO_HOSPITAL
2026-08-01 05:03:38,AMB0124,REQ02446,12.969124,80.196653,32.7,135.0,EN_ROUTE_TO_HOSPITAL
2026-08-01 05:03:45,AMB0124,REQ02446,12.963824,80.186714,43.7,135.0,EN_ROUTE_TO_HOSPITAL
2026-08-01 05:03:49,AMB0124,REQ02446,12.957868,80.175691,51.9,135.0,EN_ROUTE_TO_HOSPITAL
2026-08-01 05:03:54,AMB0124,REQ02446,12.95194,80.166043,51.0,135.0,EN_ROUTE_TO_HOSPITAL
2026-08-01 05:04:02,AMB0124,REQ02446,12.946598,80.154635,31.9,135.0,EN_ROUTE_TO_HOSPITAL
2026-08-01 05:04:07,AMB0124,REQ02446,12.941574,80.14505,42.0,135.0,EN_ROUTE_TO_HOSPITAL
2026-08-01 05:04:14,AMB0124,REQ02446,12.935179,80.134565,40.2,135.0,EN_ROUTE_TO_HOSPITAL
2026-08-01 05:04:21,AMB0124,REQ02446,12.930017,80.123293,39.0,135.0,EN_ROUTE_TO_HOSPITAL
2026-08-01 05:04:27,AMB0124,REQ02446,12.924937,80.112998,21.2,135.0,EN_ROUTE_TO_HOSPITAL
2026-08-15 18:17:25,AMB0121,REQ02187,12.97082,80.146453,21.2,135.0,EN_ROUTE_TO_PATIENT
2026-08-15 18:17:32,AMB0121,REQ02187,12.984536,80.158878,45.9,135.0,EN_ROUTE_TO_PATIENT
2026-08-15 18:17:40,AMB0121,REQ02187,12.997958,80.172694,41.0,135.0,EN_ROUTE_TO_PATIENT
2026-08-15 18:17:48,AMB0121,REQ02187,13.011317,80.184763,23.3,135.0,EN_ROUTE_TO_PATIENT
2026-08-15 18:17:56,AMB0121,REQ02187,13.024388,80.197256,44.2,135.0,EN_ROUTE_TO_PATIENT
2026-08-15 18:18:04,AMB0121,REQ02187,13.037636,80.21046,47.1,135.0,EN_ROUTE_TO_PATIENT
2026-08-15 18:18:11,AMB0121,REQ02187,13.050647,80.223006,52.1,135.0,EN_ROUTE_TO_PATIENT
2026-08-15 18:18:18,AMB0121,REQ02187,13.065017,80.236326,50.2,135.0,EN_ROUTE_TO_PATIENT
2026-08-15 18:18:25,AMB0121,REQ02187,13.077568,80.24869,37.8,135.0,EN_ROUTE_TO_PATIENT
2026-08-15 18:19:22,AMB0121,REQ02187,13.077782,80.248031,52.6,135.0,EN_ROUTE_TO_HOSPITAL
2026-08-15 18:19:27,AMB0121,REQ02187,13.076548,80.249624,52.8,135.0,EN_ROUTE_TO_HOSPITAL
2026-08-15 18:19:34,AMB0121,REQ02187,13.07514,80.251119,31.2,135.0,EN_ROUTE_TO_HOSPITAL
2026-08-15 18:19:42,AMB0121,REQ02187,13.073,80.251479,39.0,135.0,EN_ROUTE_TO_HOSPITAL
2026-08-15 18:19:47,AMB0121,REQ02187,13.07104,80.252588,51.5,135.0,EN_ROUTE_TO_HOSPITAL
2026-08-15 18:19:51,AMB0121,REQ02187,13.069462,80.253523,43.2,135.0,EN_ROUTE_TO_HOSPITAL
2026-08-15 18:19:58,AMB0121,REQ02187,13.067556,80.254463,24.9,135.0,EN_ROUTE_TO_HOSPITAL
2026-08-15 18:20:04,AMB0121,REQ02187,13.066801,80.25662,41.2,135.0,EN_ROUTE_TO_HOSPITAL
2026-08-15 18:20:08,AMB0121,REQ02187,13.064196,80.257337,23.8,135.0,EN_ROUTE_TO_HOSPITAL
2026-08-15 18:20:14,AMB0121,REQ02187,13.063092,80.258429,21.9,135.0,EN_ROUTE_TO_HOSPITAL
2026-08-15 18:20:20,AMB0121,REQ02187,13.061261,80.258774,27.0,135.0,EN_ROUTE_TO_HOSPITAL
2026-08-15 18:20:28,AMB0121,REQ02187,13.060078,80.259749,28.1,135.0,EN_ROUTE_TO_HOSPITAL
2026-08-15 18:20:35,AMB0121,REQ02187,13.057899,80.261332,53.7,135.0,EN_ROUTE_TO_HOSPITAL
2026-08-15 18:20:43,AMB0121,REQ02187,13.056688,80.262993,41.0,135.0,EN_ROUTE_TO_HOSPITAL
2026-08-15 18:20:49,AMB0121,REQ02187,13.054999,80.262931,36.7,135.0,EN_ROUTE_TO_HOSPITAL
2026-08-09 13:57:13,AMB0126,REQ01650,12.950918,80.256188,31.3,135.0,EN_ROUTE_TO_PATIENT
2026-08-09 13:57:21,AMB0126,REQ01650,12.971581,80.263194,36.7,135.0,EN_ROUTE_TO_PATIENT
2026-08-09 13:57:29,AMB0126,REQ01650,12.993202,80.270278,40.7,135.0,EN_ROUTE_TO_PATIENT
2026-08-09 13:57:36,AMB0126,REQ01650,13.012745,80.277197,29.3,135.0,EN_ROUTE_TO_PATIENT
2026-08-09 13:57:42,AMB0126,REQ01650,13.033837,80.283294,25.3,135.0,EN_ROUTE_TO_PATIENT
2026-08-09 13:57:48,AMB0126,REQ01650,13.05526,80.290443,46.1,135.0,EN_ROUTE_TO_PATIENT
2026-08-09 13:57:52,AMB0126,REQ01650,13.075525,80.296803,35.5,135.0,EN_ROUTE_TO_PATIENT
2026-08-09 13:58:00,AMB0126,REQ01650,13.095565,80.303667,52.7,135.0,EN_ROUTE_TO_PATIENT
2026-08-09 13:58:04,AMB0126,REQ01650,13.117255,80.310266,32.7,135.0,EN_ROUTE_TO_PATIENT
2026-08-09 13:58:09,AMB0126,REQ01650,13.136963,80.318121,35.5,135.0,EN_ROUTE_TO_PATIENT
2026-08-09 13:58:15,AMB0126,REQ01650,13.158383,80.324283,34.4,135.0,EN_ROUTE_TO_PATIENT
2026-08-09 13:58:22,AMB0126,REQ01650,13.179,80.331715,27.8,135.0,EN_ROUTE_TO_PATIENT
2026-08-09 13:58:27,AMB0126,REQ01650,13.199538,80.338445,37.4,135.0,EN_ROUTE_TO_PATIENT
2026-08-09 13:59:15,AMB0126,REQ01650,13.199335,80.337857,49.7,135.0,EN_ROUTE_TO_HOSPITAL
2026-08-09 13:59:23,AMB0126,REQ01650,13.18027,80.330572,39.4,135.0,EN_ROUTE_TO_HOSPITAL
2026-08-09 13:59:27,AMB0126,REQ01650,13.159885,80.322954,41.6,135.0,EN_ROUTE_TO_HOSPITAL
2026-08-09 13:59:31,AMB0126,REQ01650,13.140861,80.316535,46.6,135.0,EN_ROUTE_TO_HOSPITAL
2026-08-09 13:59:35,AMB0126,REQ01650,13.12171,80.308809,52.3,135.0,EN_ROUTE_TO_HOSPITAL
2026-08-09 13:59:40,AMB0126,REQ01650,13.101785,80.301406,28.8,135.0,EN_ROUTE_TO_HOSPITAL
2026-08-09 13:59:44,AMB0126,REQ01650,13.082401,80.29402,52.0,135.0,EN_ROUTE_TO_HOSPITAL
2026-08-09 13:59:48,AMB0126,REQ01650,13.062202,80.286866,48.1,135.0,EN_ROUTE_TO_HOSPITAL
2026-08-09 13:59:55,AMB0126,REQ01650,13.042476,80.27934,36.2,135.0,EN_ROUTE_TO_HOSPITAL
2026-08-09 13:59:59,AMB0126,REQ01650,13.023097,80.272687,33.6,135.0,EN_ROUTE_TO_HOSPITAL
2026-08-09 14:00:06,AMB0126,REQ01650,13.00289,80.264786,54.7,135.0,EN_ROUTE_TO_HOSPITAL
2026-08-09 14:00:11,AMB0126,REQ01650,12.98419,80.257289,33.1,135.0,EN_ROUTE_TO_HOSPITAL
2026-08-09 14:00:19,AMB0126,REQ01650,12.963671,80.249935,33.0,135.0,EN_ROUTE_TO_HOSPITAL
2026-08-09 14:00:26,AMB0126,REQ01650,12.944793,80.242805,39.0,135.0,EN_ROUTE_TO_HOSPITAL
2026-08-09 14:00:32,AMB0126,REQ01650,12.925458,80.236368,30.4,135.0,EN_ROUTE_TO_HOSPITAL
2026-08-09 14:00:36,AMB0126,REQ01650,12.905542,80.228243,24.5,135.0,EN_ROUTE_TO_HOSPITAL
2026-08-11 21:58:20,AMB0087,REQ02211,13.009228,80.22187,41.5,135.0,EN_ROUTE_TO_PATIENT
2026-08-11 21:58:25,AMB0087,REQ02211,13.006814,80.224014,29.7,135.0,EN_ROUTE_TO_PATIENT
2026-08-11 21:58:31,AMB0087,REQ02211,13.003357,80.226154,53.0,135.0,EN_ROUTE_TO_PATIENT
2026-08-11 21:58:38,AMB0087,REQ02211,13.000253,80.228653,50.8,135.0,EN_ROUTE_TO_PATIENT
2026-08-11 21:58:44,AMB0087,REQ02211,12.996029,80.230793,33.4,135.0,EN_ROUTE_TO_PATIENT
2026-08-11 21:58:51,AMB0087,REQ02211,12.993006,80.232778,29.0,135.0,EN_ROUTE_TO_PATIENT
2026-08-11 21:58:58,AMB0087,REQ02211,12.990525,80.235211,49.8,135.0,EN_ROUTE_TO_PATIENT
2026-08-11 21:59:06,AMB0087,REQ02211,12.986792,80.236946,24.2,135.0,EN_ROUTE_TO_PATIENT
2026-08-11 21:59:10,AMB0087,REQ02211,12.984006,80.238929,22.9,135.0,EN_ROUTE_TO_PATIENT
2026-08-11 21:59:14,AMB0087,REQ02211,12.979993,80.240745,53.2,135.0,EN_ROUTE_TO_PATIENT
2026-08-11 21:59:20,AMB0087,REQ02211,12.977037,80.242972,24.4,135.0,EN_ROUTE_TO_PATIENT
2026-08-11 21:59:25,AMB0087,REQ02211,12.973906,80.244614,45.2,135.0,EN_ROUTE_TO_PATIENT
2026-08-11 21:59:33,AMB0087,REQ02211,12.970744,80.247325,23.3,135.0,EN_ROUTE_TO_PATIENT
2026-08-11 21:59:41,AMB0087,REQ02211,12.967556,80.249433,32.4,135.0,EN_ROUTE_TO_PATIENT
2026-08-11 21:59:49,AMB0087,REQ02211,12.964283,80.250488,38.6,135.0,EN_ROUTE_TO_PATIENT
2026-08-11 21:59:54,AMB0087,REQ02211,12.96051,80.253491,26.8,135.0,EN_ROUTE_TO_PATIENT
2026-08-11 22:00:02,AMB0087,REQ02211,12.957918,80.255314,38.4,135.0,EN_ROUTE_TO_PATIENT
2026-08-11 22:00:41,AMB0087,REQ02211,12.957632,80.255202,37.8,135.0,EN_ROUTE_TO_HOSPITAL
2026-08-11 22:00:49,AMB0087,REQ02211,12.965295,80.243471,54.3,135.0,EN_ROUTE_TO_HOSPITAL
2026-08-11 22:00:54,AMB0087,REQ02211,12.97439,80.232024,25.2,135.0,EN_ROUTE_TO_HOSPITAL
2026-08-11 22:01:00,AMB0087,REQ02211,12.982102,80.220459,23.5,135.0,EN_ROUTE_TO_HOSPITAL
2026-08-11 22:01:05,AMB0087,REQ02211,12.990412,80.208968,43.0,135.0,EN_ROUTE_TO_HOSPITAL
2026-08-11 22:01:11,AMB0087,REQ02211,12.99765,80.198401,44.9,135.0,EN_ROUTE_TO_HOSPITAL
2026-08-11 22:01:16,AMB0087,REQ02211,13.006268,80.186122,31.3,135.0,EN_ROUTE_TO_HOSPITAL
2026-08-11 22:01:22,AMB0087,REQ02211,13.014902,80.174611,40.1,135.0,EN_ROUTE_TO_HOSPITAL
2026-08-11 22:01:28,AMB0087,REQ02211,13.022227,80.163182,32.7,135.0,EN_ROUTE_TO_HOSPITAL
2026-08-11 22:01:32,AMB0087,REQ02211,13.03071,80.151971,27.3,135.0,EN_ROUTE_TO_HOSPITAL
2026-08-11 22:01:39,AMB0087,REQ02211,13.038287,80.140171,34.1,135.0,EN_ROUTE_TO_HOSPITAL
2026-09-04 04:30:29,AMB0118,REQ00848,12.924193,80.103221,35.2,135.0,EN_ROUTE_TO_PATIENT
2026-09-04 04:30:33,AMB0118,REQ00848,12.928716,80.115343,36.8,135.0,EN_ROUTE_TO_PATIENT
2026-09-04 04:30:37,AMB0118,REQ00848,12.932503,80.128158,30.6,135.0,EN_ROUTE_TO_PATIENT
2026-09-04 04:30:44,AMB0118,REQ00848,12.937226,80.140271,51.9,135.0,EN_ROUTE_TO_PATIENT
2026-09-04 04:30:49,AMB0118,REQ00848,12.941971,80.152941,50.8,135.0,EN_ROUTE_TO_PATIENT
2026-09-04 04:30:54,AMB0118,REQ00848,12.946864,80.165726,48.5,135.0,EN_ROUTE_TO_PATIENT
2026-09-04 04:30:59,AMB0118,REQ00848,12.952455,80.178718,41.3,135.0,EN_ROUTE_TO_PATIENT
2026-09-04 04:31:05,AMB0118,REQ00848,12.956851,80.191629,31.6,135.0,EN_ROUTE_TO_PATIENT
2026-09-04 04:31:09,AMB0118,REQ00848,12.961664,80.204047,39.7,135.0,EN_ROUTE_TO_PATIENT
2026-09-04 04:31:15,AMB0118,REQ00848,12.96562,80.216709,22.8,135.0,EN_ROUTE_TO_PATIENT
2026-09-04 04:32:41,AMB0118,REQ00848,12.966382,80.215816,30.2,135.0,EN_ROUTE_TO_HOSPITAL
2026-09-04 04:32:45,AMB0118,REQ00848,12.978347,80.222382,39.2,135.0,EN_ROUTE_TO_HOSPITAL
2026-09-04 04:32:49,AMB0118,REQ00848,12.992241,80.229377,47.4,135.0,EN_ROUTE_TO_HOSPITAL
2026-09-04 04:32:55,AMB0118,REQ00848,13.0044,80.235203,50.0,135.0,EN_ROUTE_TO_HOSPITAL
2026-09-04 04:32:59,AMB0118,REQ00848,13.017283,80.242303,38.2,135.0,EN_ROUTE_TO_HOSPITAL
2026-09-04 04:33:04,AMB0118,REQ00848,13.029886,80.248221,38.1,135.0,EN_ROUTE_TO_HOSPITAL
2026-09-04 04:33:08,AMB0118,REQ00848,13.042738,80.255056,43.3,135.0,EN_ROUTE_TO_HOSPITAL
2026-09-04 04:33:16,AMB0118,REQ00848,13.056189,80.261268,29.6,135.0,EN_ROUTE_TO_HOSPITAL
2026-09-04 04:33:21,AMB0118,REQ00848,13.068223,80.26753,20.7,135.0,EN_ROUTE_TO_HOSPITAL
2026-09-04 04:33:28,AMB0118,REQ00848,13.080725,80.273641,46.6,135.0,EN_ROUTE_TO_HOSPITAL
2026-09-04 04:33:35,AMB0118,REQ00848,13.094346,80.279972,44.3,135.0,EN_ROUTE_TO_HOSPITAL
2026-09-04 04:33:43,AMB0118,REQ00848,13.106385,80.286822,40.7,135.0,EN_ROUTE_TO_HOSPITAL
2026-08-29 14:49:46,AMB0001,REQ00029,13.213152,80.317997,37.1,135.0,EN_ROUTE_TO_PATIENT
2026-08-29 14:49:52,AMB0001,REQ00029,13.203507,80.311866,37.9,135.0,EN_ROUTE_TO_PATIENT
2026-08-29 14:49:56,AMB0001,REQ00029,13.193313,80.304704,39.6,135.0,EN_ROUTE_TO_PATIENT
2026-08-29 14:50:02,AMB0001,REQ00029,13.184524,80.29815,24.1,135.0,EN_ROUTE_TO_PATIENT
2026-08-29 14:50:08,AMB0001,REQ00029,13.174899,80.292777,41.5,135.0,EN_ROUTE_TO_PATIENT
2026-08-29 14:50:15,AMB0001,REQ00029,13.164855,80.286104,50.3,135.0,EN_ROUTE_TO_PATIENT
2026-08-29 14:50:22,AMB0001,REQ00029,13.155125,80.27985,33.1,135.0,EN_ROUTE_TO_PATIENT
2026-08-29 14:50:26,AMB0001,REQ00029,13.145978,80.273422,44.4,135.0,EN_ROUTE_TO_PATIENT
2026-08-29 14:50:33,AMB0001,REQ00029,13.13571,80.266869,40.0,135.0,EN_ROUTE_TO_PATIENT
2026-08-29 14:50:39,AMB0001,REQ00029,13.126068,80.260455,20.9,135.0,EN_ROUTE_TO_PATIENT
2026-08-29 14:50:44,AMB0001,REQ00029,13.116928,80.253002,23.3,135.0,EN_ROUTE_TO_PATIENT
2026-08-29 14:50:49,AMB0001,REQ00029,13.107519,80.247568,46.6,135.0,EN_ROUTE_TO_PATIENT
2026-08-29 14:50:55,AMB0001,REQ00029,13.097765,80.241009,53.7,135.0,EN_ROUTE_TO_PATIENT
2026-08-29 14:51:02,AMB0001,REQ00029,13.088326,80.233976,39.6,135.0,EN_ROUTE_TO_PATIENT
2026-08-29 14:51:10,AMB0001,REQ00029,13.078968,80.227786,42.9,135.0,EN_ROUTE_TO_PATIENT
2026-08-29 14:51:17,AMB0001,REQ00029,13.068539,80.22183,40.6,135.0,EN_ROUTE_TO_PATIENT
2026-08-29 14:51:23,AMB0001,REQ00029,13.060124,80.215212,36.2,135.0,EN_ROUTE_TO_PATIENT
2026-08-29 14:52:50,AMB0001,REQ00029,13.059718,80.214656,51.4,135.0,EN_ROUTE_TO_HOSPITAL
2026-08-29 14:52:58,AMB0001,REQ00029,13.058983,80.214945,48.7,135.0,EN_ROUTE_TO_HOSPITAL
2026-08-29 14:53:05,AMB0001,REQ00029,13.057645,80.214767,20.8,135.0,EN_ROUTE_TO_HOSPITAL
2026-08-29 14:53:09,AMB0001,REQ00029,13.05802,80.213838,34.8,135.0,EN_ROUTE_TO_HOSPITAL
2026-08-29 14:53:15,AMB0001,REQ00029,13.057039,80.21405,32.2,135.0,EN_ROUTE_TO_HOSPITAL
2026-08-29 14:53:20,AMB0001,REQ00029,13.056644,80.213487,25.9,135.0,EN_ROUTE_TO_HOSPITAL
2026-08-29 14:53:26,AMB0001,REQ00029,13.055775,80.213436,51.0,135.0,EN_ROUTE_TO_HOSPITAL
2026-08-29 14:53:30,AMB0001,REQ00029,13.054257,80.213177,26.1,135.0,EN_ROUTE_TO_HOSPITAL
2026-08-29 14:53:38,AMB0001,REQ00029,13.054236,80.21238,46.6,135.0,EN_ROUTE_TO_HOSPITAL
2026-08-29 14:53:46,AMB0001,REQ00029,13.053597,80.212964,41.5,135.0,EN_ROUTE_TO_HOSPITAL
2026-08-29 14:53:51,AMB0001,REQ00029,13.052688,80.212813,21.5,135.0,EN_ROUTE_TO_HOSPITAL
2026-08-04 19:15:39,AMB0056,REQ02486,13.057333,80.24313,38.1,135.0,EN_ROUTE_TO_PATIENT
2026-08-04 19:15:43,AMB0056,REQ02486,13.05642,80.239359,45.1,135.0,EN_ROUTE_TO_PATIENT
2026-08-04 19:15:51,AMB0056,REQ02486,13.055095,80.236449,48.7,135.0,EN_ROUTE_TO_PATIENT
2026-08-04 19:15:59,AMB0056,REQ02486,13.054434,80.232655,29.1,135.0,EN_ROUTE_TO_PATIENT
2026-08-04 19:16:03,AMB0056,REQ02486,13.052864,80.229226,49.9,135.0,EN_ROUTE_TO_PATIENT
2026-08-04 19:16:07,AMB0056,REQ02486,13.052485,80.224692,29.7,135.0,EN_ROUTE_TO_PATIENT
2026-08-04 19:16:15,AMB0056,REQ02486,13.051244,80.221563,44.1,135.0,EN_ROUTE_TO_PATIENT
2026-08-04 19:16:22,AMB0056,REQ02486,13.050478,80.217681,25.2,135.0,EN_ROUTE_TO_PATIENT
2026-08-04 19:16:28,AMB0056,REQ02486,13.048788,80.213825,24.7,135.0,EN_ROUTE_TO_PATIENT
2026-08-04 19:16:36,AMB0056,REQ02486,13.048261,80.210863,46.8,135.0,EN_ROUTE_TO_PATIENT
2026-08-04 19:16:44,AMB0056,REQ02486,13.046867,80.206796,52.8,135.0,EN_ROUTE_TO_PATIENT
2026-08-04 19:16:51,AMB0056,REQ02486,13.0454,80.203268,51.8,135.0,EN_ROUTE_TO_PATIENT
2026-08-04 19:16:56,AMB0056,REQ02486,13.044685,80.199268,35.8,135.0,EN_ROUTE_TO_PATIENT
2026-08-04 19:18:07,AMB0056,REQ02486,13.044677,80.199661,47.3,135.0,EN_ROUTE_TO_HOSPITAL
2026-08-04 19:18:11,AMB0056,REQ02486,13.04654,80.208136,21.3,135.0,EN_ROUTE_TO_HOSPITAL
2026-08-04 19:18:18,AMB0056,REQ02486,13.04737,80.21549,25.1,135.0,EN_ROUTE_TO_HOSPITAL
2026-08-04 19:18:23,AMB0056,REQ02486,13.048504,80.223285,44.2,135.0,EN_ROUTE_TO_HOSPITAL
2026-08-04 19:18:31,AMB0056,REQ02486,13.049049,80.231551,52.8,135.0,EN_ROUTE_TO_HOSPITAL
2026-08-04 19:18:39,AMB0056,REQ02486,13.051046,80.239544,44.9,135.0,EN_ROUTE_TO_HOSPITAL
2026-08-04 19:18:44,AMB0056,REQ02486,13.051771,80.248131,40.2,135.0,EN_ROUTE_TO_HOSPITAL
2026-08-04 19:18:52,AMB0056,REQ02486,13.053673,80.256003,52.2,135.0,EN_ROUTE_TO_HOSPITAL
2026-08-04 19:18:59,AMB0056,REQ02486,13.055038,80.263822,20.1,135.0,EN_ROUTE_TO_HOSPITAL
2026-08-08 11:53:04,AMB0053,REQ02919,13.05262,80.208889,39.1,135.0,EN_ROUTE_TO_PATIENT
2026-08-08 11:53:11,AMB0053,REQ02919,13.053674,80.211185,38.1,135.0,EN_ROUTE_TO_PATIENT
2026-08-08 11:53:19,AMB0053,REQ02919,13.055433,80.214934,23.4,135.0,EN_ROUTE_TO_PATIENT
2026-08-08 11:53:26,AMB0053,REQ02919,13.056967,80.21758,29.8,135.0,EN_ROUTE_TO_PATIENT
2026-08-08 11:53:34,AMB0053,REQ02919,13.057136,80.221475,43.8,135.0,EN_ROUTE_TO_PATIENT
2026-08-08 11:53:40,AMB0053,REQ02919,13.058429,80.224184,34.6,135.0,EN_ROUTE_TO_PATIENT
2026-08-08 11:53:47,AMB0053,REQ02919,13.060497,80.226737,29.0,135.0,EN_ROUTE_TO_PATIENT
2026-08-08 11:53:52,AMB0053,REQ02919,13.061843,80.230947,26.0,135.0,EN_ROUTE_TO_PATIENT
2026-08-08 11:53:57,AMB0053,REQ02919,13.06258,80.233904,47.7,135.0,EN_ROUTE_TO_PATIENT
2026-08-08 11:54:04,AMB0053,REQ02919,13.06424,80.23605,54.0,135.0,EN_ROUTE_TO_PATIENT
2026-08-08 11:54:10,AMB0053,REQ02919,13.064727,80.240012,25.8,135.0,EN_ROUTE_TO_PATIENT
2026-08-08 11:54:16,AMB0053,REQ02919,13.066739,80.243064,20.3,135.0,EN_ROUTE_TO_PATIENT
2026-08-08 11:54:23,AMB0053,REQ02919,13.067313,80.245988,29.8,135.0,EN_ROUTE_TO_PATIENT
2026-08-08 11:54:30,AMB0053,REQ02919,13.069195,80.249138,23.3,135.0,EN_ROUTE_TO_PATIENT
2026-08-08 11:54:37,AMB0053,REQ02919,13.069618,80.252683,30.2,135.0,EN_ROUTE_TO_PATIENT
2026-08-08 11:54:44,AMB0053,REQ02919,13.071759,80.255909,32.7,135.0,EN_ROUTE_TO_PATIENT
2026-08-08 11:55:56,AMB0053,REQ02919,13.071019,80.25511,51.4,135.0,EN_ROUTE_TO_HOSPITAL
2026-08-08 11:56:02,AMB0053,REQ02919,13.062615,80.254752,52.0,135.0,EN_ROUTE_TO_HOSPITAL
2026-08-08 11:56:09,AMB0053,REQ02919,13.054788,80.254281,35.2,135.0,EN_ROUTE_TO_HOSPITAL
2026-08-08 11:56:13,AMB0053,REQ02919,13.046932,80.253321,51.9,135.0,EN_ROUTE_TO_HOSPITAL
2026-08-08 11:56:19,AMB0053,REQ02919,13.038167,80.252885,32.1,135.0,EN_ROUTE_TO_HOSPITAL
2026-08-08 11:56:23,AMB0053,REQ02919,13.031152,80.25233,22.5,135.0,EN_ROUTE_TO_HOSPITAL
2026-08-08 11:56:27,AMB0053,REQ02919,13.022756,80.252293,48.4,135.0,EN_ROUTE_TO_HOSPITAL
2026-08-08 11:56:32,AMB0053,REQ02919,13.013813,80.251365,48.0,135.0,EN_ROUTE_TO_HOSPITAL
2026-08-08 11:56:38,AMB0053,REQ02919,13.00593,80.251266,44.6,135.0,EN_ROUTE_TO_HOSPITAL
2026-08-28 18:14:48,AMB0041,REQ02987,13.085686,80.172752,23.2,135.0,EN_ROUTE_TO_PATIENT
2026-08-28 18:14:54,AMB0041,REQ02987,13.076174,80.167659,20.9,135.0,EN_ROUTE_TO_PATIENT
2026-08-28 18:15:02,AMB0041,REQ02987,13.06755,80.16247,47.1,135.0,EN_ROUTE_TO_PATIENT
2026-08-28 18:15:07,AMB0041,REQ02987,13.058338,80.158182,53.8,135.0,EN_ROUTE_TO_PATIENT
2026-08-28 18:15:14,AMB0041,REQ02987,13.048542,80.153826,48.7,135.0,EN_ROUTE_TO_PATIENT
2026-08-28 18:15:22,AMB0041,REQ02987,13.038805,80.148439,24.6,135.0,EN_ROUTE_TO_PATIENT
2026-08-28 18:15:30,AMB0041,REQ02987,13.029317,80.143806,20.3,135.0,EN_ROUTE_TO_PATIENT
2026-08-28 18:15:34,AMB0041,REQ02987,13.019632,80.138763,26.7,135.0,EN_ROUTE_TO_PATIENT
2026-08-28 18:15:39,AMB0041,REQ02987,13.010023,80.134234,49.7,135.0,EN_ROUTE_TO_PATIENT
2026-08-28 18:15:45,AMB0041,REQ02987,13.001458,80.129341,26.1,135.0,EN_ROUTE_TO_PATIENT
2026-08-28 18:15:49,AMB0041,REQ02987,12.99111,80.125229,49.8,135.0,EN_ROUTE_TO_PATIENT
2026-08-28 18:15:54,AMB0041,REQ02987,12.981956,80.120036,45.5,135.0,EN_ROUTE_TO_PATIENT
2026-08-28 18:15:59,AMB0041,REQ02987,12.972872,80.115935,30.4,135.0,EN_ROUTE_TO_PATIENT
2026-08-28 18:16:03,AMB0041,REQ02987,12.963912,80.110303,34.6,135.0,EN_ROUTE_TO_PATIENT
2026-08-28 18:16:09,AMB0041,REQ02987,12.953684,80.10608,43.3,135.0,EN_ROUTE_TO_PATIENT
2026-08-28 18:16:17,AMB0041,REQ02987,12.94446,80.101286,24.7,135.0,EN_ROUTE_TO_PATIENT
2026-08-28 18:16:22,AMB0041,REQ02987,12.934551,80.096765,31.0,135.0,EN_ROUTE_TO_PATIENT
2026-08-28 18:17:50,AMB0041,REQ02987,12.935267,80.096927,48.5,135.0,EN_ROUTE_TO_HOSPITAL
2026-08-28 18:17:54,AMB0041,REQ02987,12.944736,80.105935,34.7,135.0,EN_ROUTE_TO_HOSPITAL
2026-08-28 18:18:00,AMB0041,REQ02987,12.954869,80.114863,21.7,135.0,EN_ROUTE_TO_HOSPITAL
2026-08-28 18:18:04,AMB0041,REQ02987,12.964782,80.123054,29.8,135.0,EN_ROUTE_TO_HOSPITAL
2026-08-28 18:18:12,AMB0041,REQ02987,12.974057,80.132077,51.7,135.0,EN_ROUTE_TO_HOSPITAL
2026-08-28 18:18:20,AMB0041,REQ02987,12.98387,80.141431,32.6,135.0,EN_ROUTE_TO_HOSPITAL
2026-08-28 18:18:25,AMB0041,REQ02987,12.993602,80.150222,29.2,135.0,EN_ROUTE_TO_HOSPITAL
2026-08-28 18:18:31,AMB0041,REQ02987,13.002844,80.158959,27.8,135.0,EN_ROUTE_TO_HOSPITAL
2026-08-28 18:18:37,AMB0041,REQ02987,13.01273,80.167829,47.5,135.0,EN_ROUTE_TO_HOSPITAL
2026-08-28 18:18:43,AMB0041,REQ02987,13.022671,80.176859,35.0,135.0,EN_ROUTE_TO_HOSPITAL
2026-08-28 18:18:50,AMB0041,REQ02987,13.032531,80.185539,52.1,135.0,EN_ROUTE_TO_HOSPITAL
2026-08-28 18:18:55,AMB0041,REQ02987,13.042629,80.195188,41.1,135.0,EN_ROUTE_TO_HOSPITAL
2026-08-28 18:18:59,AMB0041,REQ02987,13.052469,80.203565,48.5,135.0,EN_ROUTE_TO_HOSPITAL
2026-08-28 18:19:03,AMB0041,REQ02987,13.062265,80.213286,49.4,135.0,EN_ROUTE_TO_HOSPITAL
2026-08-28 18:19:08,AMB0041,REQ02987,13.071289,80.221374,45.6,135.0,EN_ROUTE_TO_HOSPITAL
2026-08-22 12:52:31,AMB0018,REQ01891,13.112683,80.297598,34.8,135.0,EN_ROUTE_TO_PATIENT
2026-08-22 12:52:35,AMB0018,REQ01891,13.105226,80.285001,46.7,135.0,EN_ROUTE_TO_PATIENT
2026-08-22 12:52:42,AMB0018,REQ01891,13.097607,80.27257,40.3,135.0,EN_ROUTE_TO_PATIENT
2026-08-22 12:52:48,AMB0018,REQ01891,13.08944,80.260318,40.8,135.0,EN_ROUTE_TO_PATIENT
2026-08-22 12:52:52,AMB0018,REQ01891,13.082425,80.24807,38.8,135.0,EN_ROUTE_TO_PATIENT
2026-08-22 12:52:57,AMB0018,REQ01891,13.074093,80.235732,36.8,135.0,EN_ROUTE_TO_PATIENT
2026-08-22 12:53:03,AMB0018,REQ01891,13.066336,80.22349,27.2,135.0,EN_ROUTE_TO_PATIENT
2026-08-22 12:53:10,AMB0018,REQ01891,13.059192,80.211763,40.2,135.0,EN_ROUTE_TO_PATIENT
2026-08-22 12:53:14,AMB0018,REQ01891,13.051465,80.199415,21.3,135.0,EN_ROUTE_TO_PATIENT
2026-08-22 12:53:21,AMB0018,REQ01891,13.042811,80.187161,54.7,135.0,EN_ROUTE_TO_PATIENT
2026-08-22 12:53:26,AMB0018,REQ01891,13.034911,80.175178,46.8,135.0,EN_ROUTE_TO_PATIENT
2026-08-22 12:53:30,AMB0018,REQ01891,13.027943,80.162779,20.6,135.0,EN_ROUTE_TO_PATIENT
2026-08-22 12:54:35,AMB0018,REQ01891,13.028117,80.162093,32.5,135.0,EN_ROUTE_TO_HOSPITAL
2026-08-22 12:54:43,AMB0018,REQ01891,13.029436,80.166055,31.6,135.0,EN_ROUTE_TO_HOSPITAL
2026-08-22 12:54:48,AMB0018,REQ01891,13.031254,80.171124,55.0,135.0,EN_ROUTE_TO_HOSPITAL
2026-08-22 12:54:54,AMB0018,REQ01891,13.033477,80.174402,51.6,135.0,EN_ROUTE_TO_HOSPITAL
2026-08-22 12:55:00,AMB0018,REQ01891,13.036059,80.179072,23.9,135.0,EN_ROUTE_TO_HOSPITAL
2026-08-22 12:55:07,AMB0018,REQ01891,13.037606,80.18327,54.2,135.0,EN_ROUTE_TO_HOSPITAL
2026-08-22 12:55:11,AMB0018,REQ01891,13.040142,80.186279,24.4,135.0,EN_ROUTE_TO_HOSPITAL
2026-08-22 12:55:19,AMB0018,REQ01891,13.041728,80.19028,51.2,135.0,EN_ROUTE_TO_HOSPITAL
2026-08-22 12:55:24,AMB0018,REQ01891,13.043428,80.194899,53.9,135.0,EN_ROUTE_TO_HOSPITAL
2026-08-22 12:55:29,AMB0018,REQ01891,13.045686,80.199393,44.1,135.0,EN_ROUTE_TO_HOSPITAL
2026-08-22 12:55:33,AMB0018,REQ01891,13.047556,80.20237,43.3,135.0,EN_ROUTE_TO_HOSPITAL
2026-08-22 12:55:41,AMB0018,REQ01891,13.050564,80.206473,31.6,135.0,EN_ROUTE_TO_HOSPITAL
2026-08-22 12:55:47,AMB0018,REQ01891,13.052342,80.211073,20.1,135.0,EN_ROUTE_TO_HOSPITAL
2026-08-09 20:47:09,AMB0088,REQ00092,13.019841,80.178528,39.1,135.0,EN_ROUTE_TO_PATIENT
2026-08-09 20:47:13,AMB0088,REQ00092,13.014282,80.182066,23.5,135.0,EN_ROUTE_TO_PATIENT
2026-08-09 20:47:19,AMB0088,REQ00092,13.007982,80.186077,51.4,135.0,EN_ROUTE_TO_PATIENT
2026-08-09 20:47:26,AMB0088,REQ00092,13.001238,80.19076,39.4,135.0,EN_ROUTE_TO_PATIENT
2026-08-09 20:47:31,AMB0088,REQ00092,12.994554,80.19461,33.3,135.0,EN_ROUTE_TO_PATIENT
2026-08-09 20:47:35,AMB0088,REQ00092,12.988819,80.197779,37.3,135.0,EN_ROUTE_TO_PATIENT
2026-08-09 20:47:42,AMB0088,REQ00092,12.982168,80.201843,20.5,135.0,EN_ROUTE_TO_PATIENT
2026-08-09 20:47:46,AMB0088,REQ00092,12.975416,80.206112,33.1,135.0,EN_ROUTE_TO_PATIENT
2026-08-09 20:47:54,AMB0088,REQ00092,12.96952,80.210195,49.1,135.0,EN_ROUTE_TO_PATIENT
2026-08-09 20:48:00,AMB0088,REQ00092,12.962224,80.21441,32.3,135.0,EN_ROUTE_TO_PATIENT
2026-08-09 20:48:58,AMB0088,REQ00092,12.962944,80.214676,31.4,135.0,EN_ROUTE_TO_HOSPITAL
2026-08-09 20:49:06,AMB0088,REQ00092,12.97914,80.222373,41.0,135.0,EN_ROUTE_TO_HOSPITAL
2026-08-09 20:49:13,AMB0088,REQ00092,12.996425,80.229857,27.8,135.0,EN_ROUTE_TO_HOSPITAL
2026-08-09 20:49:18,AMB0088,REQ00092,13.012772,80.238281,43.2,135.0,EN_ROUTE_TO_HOSPITAL
2026-08-09 20:49:23,AMB0088,REQ00092,13.029548,80.246649,24.1,135.0,EN_ROUTE_TO_HOSPITAL
2026-08-09 20:49:27,AMB0088,REQ00092,13.046118,80.25455,54.0,135.0,EN_ROUTE_TO_HOSPITAL
2026-08-09 20:49:32,AMB0088,REQ00092,13.063373,80.261664,30.9,135.0,EN_ROUTE_TO_HOSPITAL
2026-08-09 20:49:38,AMB0088,REQ00092,13.079944,80.270467,44.8,135.0,EN_ROUTE_TO_HOSPITAL
2026-08-09 20:49:45,AMB0088,REQ00092,13.09676,80.277845,33.3,135.0,EN_ROUTE_TO_HOSPITAL
2026-08-09 20:49:52,AMB0088,REQ00092,13.113074,80.286431,24.5,135.0,EN_ROUTE_TO_HOSPITAL
2026-08-24 16:35:17,AMB0126,REQ00060,12.951726,80.256775,24.9,135.0,EN_ROUTE_TO_PATIENT
2026-08-24 16:35:23,AMB0126,REQ00060,12.968342,80.245322,46.9,135.0,EN_ROUTE_TO_PATIENT
2026-08-24 16:35:30,AMB0126,REQ00060,12.984001,80.23498,41.3,135.0,EN_ROUTE_TO_PATIENT
2026-08-24 16:35:36,AMB0126,REQ00060,13.001314,80.224086,20.2,135.0,EN_ROUTE_TO_PATIENT
2026-08-24 16:35:41,AMB0126,REQ00060,13.017297,80.213581,21.5,135.0,EN_ROUTE_TO_PATIENT
2026-08-24 16:35:49,AMB0126,REQ00060,13.034527,80.203412,22.2,135.0,EN_ROUTE_TO_PATIENT
2026-08-24 16:35:54,AMB0126,REQ00060,13.05008,80.192487,39.8,135.0,EN_ROUTE_TO_PATIENT
2026-08-24 16:36:02,AMB0126,REQ00060,13.06691,80.182932,31.0,135.0,EN_ROUTE_TO_PATIENT
2026-08-24 16:36:07,AMB0126,REQ00060,13.083383,80.17184,33.5,135.0,EN_ROUTE_TO_PATIENT
2026-08-24 16:36:14,AMB0126,REQ00060,13.099916,80.161133,35.5,135.0,EN_ROUTE_TO_PATIENT
2026-08-24 16:36:18,AMB0126,REQ00060,13.116425,80.150251,51.9,135.0,EN_ROUTE_TO_PATIENT
2026-08-24 16:36:23,AMB0126,REQ00060,13.133804,80.139464,46.5,135.0,EN_ROUTE_TO_PATIENT
2026-08-24 16:37:47,AMB0126,REQ00060,13.133334,80.140537,26.2,135.0,EN_ROUTE_TO_HOSPITAL
2026-08-24 16:37:55,AMB0126,REQ00060,13.127167,80.149947,33.9,135.0,EN_ROUTE_TO_HOSPITAL
2026-08-24 16:38:00,AMB0126,REQ00060,13.119862,80.161162,39.1,135.0,EN_ROUTE_TO_HOSPITAL
2026-08-24 16:38:07,AMB0126,REQ00060,13.113305,80.170813,31.7,135.0,EN_ROUTE_TO_HOSPITAL
2026-08-24 16:38:14,AMB0126,REQ00060,13.10719,80.180663,20.8,135.0,EN_ROUTE_TO_HOSPITAL
2026-08-24 16:38:18,AMB0126,REQ00060,13.100407,80.19101,26.4,135.0,EN_ROUTE_TO_HOSPITAL
2026-08-24 16:38:24,AMB0126,REQ00060,13.093343,80.201169,26.9,135.0,EN_ROUTE_TO_HOSPITAL
2026-08-24 16:38:30,AMB0126,REQ00060,13.087535,80.211918,41.3,135.0,EN_ROUTE_TO_HOSPITAL
2026-08-24 16:38:35,AMB0126,REQ00060,13.080814,80.222147,51.3,135.0,EN_ROUTE_TO_HOSPITAL
2026-08-24 16:38:40,AMB0126,REQ00060,13.073997,80.232646,40.0,135.0,EN_ROUTE_TO_HOSPITAL
2026-08-24 16:38:45,AMB0126,REQ00060,13.067322,80.242833,51.5,135.0,EN_ROUTE_TO_HOSPITAL
2026-08-24 16:38:50,AMB0126,REQ00060,13.061363,80.253701,37.9,135.0,EN_ROUTE_TO_HOSPITAL
2026-08-24 16:38:55,AMB0126,REQ00060,13.05493,80.263351,51.9,135.0,EN_ROUTE_TO_HOSPITAL
2026-08-01 04:47:33,AMB0099,REQ02129,12.978795,80.220254,52.4,135.0,EN_ROUTE_TO_PATIENT
2026-08-01 04:47:37,AMB0099,REQ02129,12.98528,80.221731,48.7,135.0,EN_ROUTE_TO_PATIENT
2026-08-01 04:47:42,AMB0099,REQ02129,12.99182,80.222304,41.2,135.0,EN_ROUTE_TO_PATIENT
2026-08-01 04:47:49,AMB0099,REQ02129,12.99739,80.223062,30.3,135.0,EN_ROUTE_TO_PATIENT
2026-08-01 04:47:55,AMB0099,REQ02129,13.003956,80.224196,38.2,135.0,EN_ROUTE_TO_PATIENT
2026-08-01 04:48:00,AMB0099,REQ02129,13.009848,80.225961,36.1,135.0,EN_ROUTE_TO_PATIENT
2026-08-01 04:48:04,AMB0099,REQ02129,13.015886,80.226522,39.8,135.0,EN_ROUTE_TO_PATIENT
2026-08-01 04:48:10,AMB0099,REQ02129,13.0218,80.227281,41.1,135.0,EN_ROUTE_TO_PATIENT
2026-08-01 04:48:14,AMB0099,REQ02129,13.02831,80.229004,41.8,135.0,EN_ROUTE_TO_PATIENT
2026-08-01 04:48:22,AMB0099,REQ02129,13.034553,80.229595,29.2,135.0,EN_ROUTE_TO_PATIENT
2026-08-01 04:48:27,AMB0099,REQ02129,13.040127,80.230933,34.0,135.0,EN_ROUTE_TO_PATIENT
2026-08-01 04:48:33,AMB0099,REQ02129,13.04641,80.231058,43.8,135.0,EN_ROUTE_TO_PATIENT
2026-08-01 04:48:40,AMB0099,REQ02129,13.053267,80.232837,25.6,135.0,EN_ROUTE_TO_PATIENT
2026-08-01 04:48:44,AMB0099,REQ02129,13.058814,80.233534,24.2,135.0,EN_ROUTE_TO_PATIENT
2026-08-01 04:48:52,AMB0099,REQ02129,13.064714,80.23463,54.9,135.0,EN_ROUTE_TO_PATIENT
2026-08-01 04:48:58,AMB0099,REQ02129,13.071294,80.235193,21.5,135.0,EN_ROUTE_TO_PATIENT
2026-08-01 04:49:02,AMB0099,REQ02129,13.077709,80.237056,47.9,135.0,EN_ROUTE_TO_PATIENT
2026-08-01 04:50:28,AMB0099,REQ02129,13.076746,80.236772,44.4,135.0,EN_ROUTE_TO_HOSPITAL
2026-08-01 04:50:36,AMB0099,REQ02129,13.072674,80.237187,26.2,135.0,EN_ROUTE_TO_HOSPITAL
2026-08-01 04:50:41,AMB0099,REQ02129,13.067385,80.238246,23.1,135.0,EN_ROUTE_TO_HOSPITAL
2026-08-01 04:50:49,AMB0099,REQ02129,13.061585,80.239154,47.5,135.0,EN_ROUTE_TO_HOSPITAL
2026-08-01 04:50:53,AMB0099,REQ02129,13.056722,80.241115,36.5,135.0,EN_ROUTE_TO_HOSPITAL
2026-08-01 04:50:58,AMB0099,REQ02129,13.052174,80.241853,32.4,135.0,EN_ROUTE_TO_HOSPITAL
2026-08-01 04:51:06,AMB0099,REQ02129,13.046759,80.242473,24.7,135.0,EN_ROUTE_TO_HOSPITAL
2026-08-01 04:51:14,AMB0099,REQ02129,13.041415,80.243498,29.0,135.0,EN_ROUTE_TO_HOSPITAL
2026-08-01 04:51:20,AMB0099,REQ02129,13.03688,80.244937,52.0,135.0,EN_ROUTE_TO_HOSPITAL
2026-08-01 04:51:25,AMB0099,REQ02129,13.030951,80.245335,53.3,135.0,EN_ROUTE_TO_HOSPITAL
2026-08-01 04:51:29,AMB0099,REQ02129,13.025993,80.246886,42.4,135.0,EN_ROUTE_TO_HOSPITAL
2026-08-01 04:51:37,AMB0099,REQ02129,13.021869,80.247636,49.6,135.0,EN_ROUTE_TO_HOSPITAL
2026-08-01 04:51:43,AMB0099,REQ02129,13.016749,80.248624,32.6,135.0,EN_ROUTE_TO_HOSPITAL
2026-08-01 04:51:51,AMB0099,REQ02129,13.011286,80.249751,52.7,135.0,EN_ROUTE_TO_HOSPITAL
2026-08-01 04:51:56,AMB0099,REQ02129,13.006492,80.251252,52.4,135.0,EN_ROUTE_TO_HOSPITAL
2026-08-14 10:23:44,AMB0012,REQ01323,13.160212,80.200332,39.8,135.0,EN_ROUTE_TO_PATIENT
2026-08-14 10:23:49,AMB0012,REQ01323,13.152332,80.204264,28.2,135.0,EN_ROUTE_TO_PATIENT
2026-08-14 10:23:55,AMB0012,REQ01323,13.143689,80.206851,40.8,135.0,EN_ROUTE_TO_PATIENT
2026-08-14 10:24:03,AMB0012,REQ01323,13.134638,80.209192,54.6,135.0,EN_ROUTE_TO_PATIENT
2026-08-14 10:24:11,AMB0012,REQ01323,13.125671,80.212145,37.9,135.0,EN_ROUTE_TO_PATIENT
2026-08-14 10:24:19,AMB0012,REQ01323,13.116913,80.215441,53.9,135.0,EN_ROUTE_TO_PATIENT
2026-08-14 10:24:25,AMB0012,REQ01323,13.107946,80.217854,25.5,135.0,EN_ROUTE_TO_PATIENT
2026-08-14 10:24:30,AMB0012,REQ01323,13.09996,80.220579,41.0,135.0,EN_ROUTE_TO_PATIENT
2026-08-14 10:24:38,AMB0012,REQ01323,13.091136,80.223219,35.4,135.0,EN_ROUTE_TO_PATIENT
2026-08-14 10:24:42,AMB0012,REQ01323,13.08202,80.226916,26.4,135.0,EN_ROUTE_TO_PATIENT
2026-08-14 10:24:50,AMB0012,REQ01323,13.072967,80.229482,47.8,135.0,EN_ROUTE_TO_PATIENT
2026-08-14 10:24:56,AMB0012,REQ01323,13.06415,80.232638,32.4,135.0,EN_ROUTE_TO_PATIENT
2026-08-14 10:25:02,AMB0012,REQ01323,13.055704,80.235138,52.0,135.0,EN_ROUTE_TO_PATIENT
2026-08-14 10:25:08,AMB0012,REQ01323,13.047146,80.237693,24.8,135.0,EN_ROUTE_TO_PATIENT
2026-08-14 10:26:02,AMB0012,REQ01323,13.046544,80.238675,30.3,135.0,EN_ROUTE_TO_HOSPITAL
2026-08-14 10:26:10,AMB0012,REQ01323,13.037976,80.235965,45.4,135.0,EN_ROUTE_TO_HOSPITAL
2026-08-14 10:26:17,AMB0012,REQ01323,13.027685,80.232945,52.7,135.0,EN_ROUTE_TO_HOSPITAL
2026-08-14 10:26:25,AMB0012,REQ01323,13.018502,80.230345,23.9,135.0,EN_ROUTE_TO_HOSPITAL
2026-08-14 10:26:33,AMB0012,REQ01323,13.008357,80.226989,37.6,135.0,EN_ROUTE_TO_HOSPITAL
2026-08-14 10:26:41,AMB0012,REQ01323,12.999051,80.224473,34.1,135.0,EN_ROUTE_TO_HOSPITAL
2026-08-14 10:26:46,AMB0012,REQ01323,12.988234,80.221856,28.7,135.0,EN_ROUTE_TO_HOSPITAL
2026-08-14 10:26:52,AMB0012,REQ01323,12.979595,80.218947,43.7,135.0,EN_ROUTE_TO_HOSPITAL
2026-08-14 10:26:57,AMB0012,REQ01323,12.969186,80.21557,36.0,135.0,EN_ROUTE_TO_HOSPITAL
2026-08-14 10:27:04,AMB0012,REQ01323,12.95925,80.212756,46.1,135.0,EN_ROUTE_TO_HOSPITAL
2026-08-14 10:27:09,AMB0012,REQ01323,12.949238,80.210235,27.2,135.0,EN_ROUTE_TO_HOSPITAL
2026-08-04 20:59:15,AMB0048,REQ02789,13.068537,80.191399,29.5,135.0,EN_ROUTE_TO_PATIENT
2026-08-04 20:59:22,AMB0048,REQ02789,13.074533,80.187752,22.0,135.0,EN_ROUTE_TO_PATIENT
2026-08-04 20:59:27,AMB0048,REQ02789,13.080185,80.185037,50.7,135.0,EN_ROUTE_TO_PATIENT
2026-08-04 20:59:31,AMB0048,REQ02789,13.085062,80.181161,20.0,135.0,EN_ROUTE_TO_PATIENT
2026-08-04 20:59:37,AMB0048,REQ02789,13.090143,80.178364,50.3,135.0,EN_ROUTE_TO_PATIENT
2026-08-04 20:59:45,AMB0048,REQ02789,13.096256,80.174106,26.0,135.0,EN_ROUTE_TO_PATIENT
2026-08-04 20:59:53,AMB0048,REQ02789,13.101996,80.170773,35.8,135.0,EN_ROUTE_TO_PATIENT
2026-08-04 20:59:58,AMB0048,REQ02789,13.107516,80.168109,33.1,135.0,EN_ROUTE_TO_PATIENT
2026-08-04 21:00:05,AMB0048,REQ02789,13.112721,80.164944,23.0,135.0,EN_ROUTE_TO_PATIENT
2026-08-04 21:00:13,AMB0048,REQ02789,13.117777,80.161266,29.4,135.0,EN_ROUTE_TO_PATIENT
2026-08-04 21:01:19,AMB0048,REQ02789,13.117699,80.160936,29.0,135.0,EN_ROUTE_TO_HOSPITAL
2026-08-04 21:01:23,AMB0048,REQ02789,13.104225,80.157453,49.6,135.0,EN_ROUTE_TO_HOSPITAL
2026-08-04 21:01:27,AMB0048,REQ02789,13.089836,80.154237,41.1,135.0,EN_ROUTE_TO_HOSPITAL
2026-08-04 21:01:31,AMB0048,REQ02789,13.076291,80.151342,35.0,135.0,EN_ROUTE_TO_HOSPITAL
2026-08-04 21:01:37,AMB0048,REQ02789,13.062694,80.14773,21.8,135.0,EN_ROUTE_TO_HOSPITAL
2026-08-04 21:01:44,AMB0048,REQ02789,13.048516,80.144207,43.1,135.0,EN_ROUTE_TO_HOSPITAL
2026-08-04 21:01:48,AMB0048,REQ02789,13.035091,80.140167,42.4,135.0,EN_ROUTE_TO_HOSPITAL
2026-08-04 21:01:54,AMB0048,REQ02789,13.021274,80.13772,28.0,135.0,EN_ROUTE_TO_HOSPITAL
2026-08-04 21:02:00,AMB0048,REQ02789,13.007218,80.134326,53.9,135.0,EN_ROUTE_TO_HOSPITAL
2026-08-04 21:02:04,AMB0048,REQ02789,12.993491,80.130903,23.4,135.0,EN_ROUTE_TO_HOSPITAL
2026-08-04 21:02:10,AMB0048,REQ02789,12.979352,80.127066,41.9,135.0,EN_ROUTE_TO_HOSPITAL
2026-08-04 21:02:15,AMB0048,REQ02789,12.965942,80.123541,49.2,135.0,EN_ROUTE_TO_HOSPITAL
2026-08-04 21:02:21,AMB0048,REQ02789,12.951855,80.120065,42.0,135.0,EN_ROUTE_TO_HOSPITAL
2026-08-04 21:02:26,AMB0048,REQ02789,12.938585,80.116497,53.2,135.0,EN_ROUTE_TO_HOSPITAL
2026-08-04 21:02:34,AMB0048,REQ02789,12.924148,80.112788,48.3,135.0,EN_ROUTE_TO_HOSPITAL
2026-09-02 10:07:50,AMB0116,REQ01652,12.926038,80.096149,32.0,135.0,EN_ROUTE_TO_PATIENT
2026-09-02 10:07:54,AMB0116,REQ01652,12.939641,80.100383,44.9,135.0,EN_ROUTE_TO_PATIENT
2026-09-02 10:08:00,AMB0116,REQ01652,12.953744,80.105405,21.0,135.0,EN_ROUTE_TO_PATIENT
2026-09-02 10:08:04,AMB0116,REQ01652,12.967163,80.109318,23.1,135.0,EN_ROUTE_TO_PATIENT
2026-09-02 10:08:09,AMB0116,REQ01652,12.980784,80.114095,26.2,135.0,EN_ROUTE_TO_PATIENT
2026-09-02 10:08:15,AMB0116,REQ01652,12.995177,80.117835,20.8,135.0,EN_ROUTE_TO_PATIENT
2026-09-02 10:08:19,AMB0116,REQ01652,13.008999,80.122694,43.1,135.0,EN_ROUTE_TO_PATIENT
2026-09-02 10:08:25,AMB0116,REQ01652,13.022359,80.126151,21.4,135.0,EN_ROUTE_TO_PATIENT
2026-09-02 10:08:33,AMB0116,REQ01652,13.036759,80.131449,20.7,135.0,EN_ROUTE_TO_PATIENT
2026-09-02 10:08:38,AMB0116,REQ01652,13.049705,80.134941,51.9,135.0,EN_ROUTE_TO_PATIENT
2026-09-02 10:10:12,AMB0116,REQ01652,13.050457,80.135209,46.4,135.0,EN_ROUTE_TO_HOSPITAL
2026-09-02 10:10:17,AMB0116,REQ01652,13.057059,80.154292,31.2,135.0,EN_ROUTE_TO_HOSPITAL
2026-09-02 10:10:21,AMB0116,REQ01652,13.064764,80.173328,35.9,135.0,EN_ROUTE_TO_HOSPITAL
2026-09-02 10:10:26,AMB0116,REQ01652,13.071822,80.192336,50.2,135.0,EN_ROUTE_TO_HOSPITAL
2026-09-02 10:10:33,AMB0116,REQ01652,13.078415,80.211367,23.8,135.0,EN_ROUTE_TO_HOSPITAL
2026-09-02 10:10:39,AMB0116,REQ01652,13.085382,80.230112,25.5,135.0,EN_ROUTE_TO_HOSPITAL
2026-09-02 10:10:45,AMB0116,REQ01652,13.092029,80.249111,42.8,135.0,EN_ROUTE_TO_HOSPITAL
2026-09-02 10:10:49,AMB0116,REQ01652,13.100157,80.267442,22.3,135.0,EN_ROUTE_TO_HOSPITAL
2026-09-02 10:10:55,AMB0116,REQ01652,13.106212,80.285964,22.8,135.0,EN_ROUTE_TO_HOSPITAL
2026-08-11 09:12:43,AMB0081,REQ02661,13.043087,80.097794,50.0,135.0,EN_ROUTE_TO_PATIENT
2026-08-11 09:12:51,AMB0081,REQ02661,13.043586,80.114922,29.2,135.0,EN_ROUTE_TO_PATIENT
2026-08-11 09:12:59,AMB0081,REQ02661,13.043353,80.13148,42.8,135.0,EN_ROUTE_TO_PATIENT
2026-08-11 09:13:03,AMB0081,REQ02661,13.043139,80.148926,45.7,135.0,EN_ROUTE_TO_PATIENT
2026-08-11 09:13:08,AMB0081,REQ02661,13.04307,80.165037,48.3,135.0,EN_ROUTE_TO_PATIENT
2026-08-11 09:13:13,AMB0081,REQ02661,13.043092,80.182863,22.0,135.0,EN_ROUTE_TO_PATIENT
2026-08-11 09:13:20,AMB0081,REQ02661,13.043611,80.199405,24.0,135.0,EN_ROUTE_TO_PATIENT
2026-08-11 09:13:26,AMB0081,REQ02661,13.043761,80.216279,42.9,135.0,EN_ROUTE_TO_PATIENT
2026-08-11 09:13:32,AMB0081,REQ02661,13.04329,80.233441,52.2,135.0,EN_ROUTE_TO_PATIENT
2026-08-11 09:13:36,AMB0081,REQ02661,13.043277,80.250629,42.9,135.0,EN_ROUTE_TO_PATIENT
2026-08-11 09:14:46,AMB0081,REQ02661,13.043176,80.250027,34.8,135.0,EN_ROUTE_TO_HOSPITAL
2026-08-11 09:14:50,AMB0081,REQ02661,13.045909,80.247507,54.9,135.0,EN_ROUTE_TO_HOSPITAL
2026-08-11 09:14:58,AMB0081,REQ02661,13.047584,80.245545,28.7,135.0,EN_ROUTE_TO_HOSPITAL
2026-08-11 09:15:05,AMB0081,REQ02661,13.050148,80.242552,49.2,135.0,EN_ROUTE_TO_HOSPITAL
2026-08-11 09:15:09,AMB0081,REQ02661,13.052707,80.240774,21.1,135.0,EN_ROUTE_TO_HOSPITAL
2026-08-11 09:15:13,AMB0081,REQ02661,13.055333,80.238128,47.5,135.0,EN_ROUTE_TO_HOSPITAL
2026-08-11 09:15:21,AMB0081,REQ02661,13.057117,80.236529,44.9,135.0,EN_ROUTE_TO_HOSPITAL
2026-08-11 09:15:29,AMB0081,REQ02661,13.059654,80.233905,23.4,135.0,EN_ROUTE_TO_HOSPITAL
2026-08-11 09:15:34,AMB0081,REQ02661,13.062773,80.231629,36.5,135.0,EN_ROUTE_TO_HOSPITAL
2026-08-11 09:15:38,AMB0081,REQ02661,13.065272,80.229214,23.9,135.0,EN_ROUTE_TO_HOSPITAL
2026-08-11 09:15:42,AMB0081,REQ02661,13.067194,80.226663,30.0,135.0,EN_ROUTE_TO_HOSPITAL
2026-08-11 09:15:46,AMB0081,REQ02661,13.068838,80.224344,37.8,135.0,EN_ROUTE_TO_HOSPITAL
2026-08-11 09:15:52,AMB0081,REQ02661,13.071864,80.221595,29.7,135.0,EN_ROUTE_TO_HOSPITAL
2026-08-12 11:56:42,AMB0047,REQ00210,13.109919,80.094006,26.6,135.0,EN_ROUTE_TO_PATIENT
2026-08-12 11:56:48,AMB0047,REQ00210,13.111799,80.105218,39.7,135.0,EN_ROUTE_TO_PATIENT
2026-08-12 11:56:54,AMB0047,REQ00210,13.112748,80.115653,30.1,135.0,EN_ROUTE_TO_PATIENT
2026-08-12 11:57:02,AMB0047,REQ00210,13.114156,80.126762,22.5,135.0,EN_ROUTE_TO_PATIENT
2026-08-12 11:57:06,AMB0047,REQ00210,13.116602,80.137124,45.2,135.0,EN_ROUTE_TO_PATIENT
2026-08-12 11:57:13,AMB0047,REQ00210,13.118431,80.147219,27.0,135.0,EN_ROUTE_TO_PATIENT
2026-08-12 11:57:20,AMB0047,REQ00210,13.120265,80.157817,34.6,135.0,EN_ROUTE_TO_PATIENT
2026-08-12 11:57:24,AMB0047,REQ00210,13.121254,80.169359,40.7,135.0,EN_ROUTE_TO_PATIENT
2026-08-12 11:57:32,AMB0047,REQ00210,13.123462,80.179325,45.3,135.0,EN_ROUTE_TO_PATIENT
2026-08-12 11:57:37,AMB0047,REQ00210,13.124791,80.190754,35.7,135.0,EN_ROUTE_TO_PATIENT
2026-08-12 11:57:44,AMB0047,REQ00210,13.126854,80.200685,35.8,135.0,EN_ROUTE_TO_PATIENT
2026-08-12 11:57:48,AMB0047,REQ00210,13.128294,80.211634,23.4,135.0,EN_ROUTE_TO_PATIENT
2026-08-12 11:57:53,AMB0047,REQ00210,13.129885,80.222406,48.6,135.0,EN_ROUTE_TO_PATIENT
2026-08-12 11:57:59,AMB0047,REQ00210,13.132062,80.233605,44.2,135.0,EN_ROUTE_TO_PATIENT
2026-08-12 11:59:24,AMB0047,REQ00210,13.131253,80.233765,35.9,135.0,EN_ROUTE_TO_HOSPITAL
2026-08-12 11:59:30,AMB0047,REQ00210,13.118102,80.226407,50.0,135.0,EN_ROUTE_TO_HOSPITAL
2026-08-12 11:59:38,AMB0047,REQ00210,13.104827,80.219565,27.7,135.0,EN_ROUTE_TO_HOSPITAL
2026-08-12 11:59:44,AMB0047,REQ00210,13.090371,80.213109,52.9,135.0,EN_ROUTE_TO_HOSPITAL
2026-08-12 11:59:50,AMB0047,REQ00210,13.076201,80.20572,24.0,135.0,EN_ROUTE_TO_HOSPITAL
2026-08-12 11:59:56,AMB0047,REQ00210,13.063355,80.198848,43.4,135.0,EN_ROUTE_TO_HOSPITAL
2026-08-12 12:00:02,AMB0047,REQ00210,13.048701,80.192309,40.1,135.0,EN_ROUTE_TO_HOSPITAL
2026-08-12 12:00:06,AMB0047,REQ00210,13.035824,80.185599,43.3,135.0,EN_ROUTE_TO_HOSPITAL
2026-08-12 12:00:13,AMB0047,REQ00210,13.021595,80.17917,29.3,135.0,EN_ROUTE_TO_HOSPITAL
2026-09-07 23:23:05,AMB0046,REQ01549,13.107478,80.09743,51.4,135.0,EN_ROUTE_TO_PATIENT
2026-09-07 23:23:13,AMB0046,REQ01549,13.096734,80.100324,42.1,135.0,EN_ROUTE_TO_PATIENT
2026-09-07 23:23:18,AMB0046,REQ01549,13.085421,80.1026,36.7,135.0,EN_ROUTE_TO_PATIENT
2026-09-07 23:23:24,AMB0046,REQ01549,13.073955,80.104723,25.9,135.0,EN_ROUTE_TO_PATIENT
2026-09-07 23:23:32,AMB0046,REQ01549,13.06244,80.107396,50.4,135.0,EN_ROUTE_TO_PATIENT
2026-09-07 23:23:38,AMB0046,REQ01549,13.050676,80.110745,26.0,135.0,EN_ROUTE_TO_PATIENT
2026-09-07 23:23:46,AMB0046,REQ01549,13.038314,80.112925,31.4,135.0,EN_ROUTE_TO_PATIENT
2026-09-07 23:23:52,AMB0046,REQ01549,13.027675,80.115914,30.2,135.0,EN_ROUTE_TO_PATIENT
2026-09-07 23:23:56,AMB0046,REQ01549,13.015627,80.118896,42.1,135.0,EN_ROUTE_TO_PATIENT
2026-09-07 23:24:03,AMB0046,REQ01549,13.004422,80.120781,54.9,135.0,EN_ROUTE_TO_PATIENT
2026-09-07 23:24:11,AMB0046,REQ01549,12.9926,80.123759,40.1,135.0,EN_ROUTE_TO_PATIENT
2026-09-07 23:24:19,AMB0046,REQ01549,12.981533,80.126149,54.0,135.0,EN_ROUTE_TO_PATIENT
2026-09-07 23:24:27,AMB0046,REQ01549,12.970123,80.12852,47.4,135.0,EN_ROUTE_TO_PATIENT
2026-09-07 23:24:32,AMB0046,REQ01549,12.958131,80.131673,54.4,135.0,EN_ROUTE_TO_PATIENT
2026-09-07 23:24:36,AMB0046,REQ01549,12.94727,80.133954,41.8,135.0,EN_ROUTE_TO_PATIENT
2026-09-07 23:24:41,AMB0046,REQ01549,12.935528,80.136579,26.6,135.0,EN_ROUTE_TO_PATIENT
2026-09-07 23:26:13,AMB0046,REQ01549,12.934826,80.136539,29.7,135.0,EN_ROUTE_TO_HOSPITAL
2026-09-07 23:26:18,AMB0046,REQ01549,12.943943,80.147517,23.3,135.0,EN_ROUTE_TO_HOSPITAL
2026-09-07 23:26:26,AMB0046,REQ01549,12.952602,80.158984,31.4,135.0,EN_ROUTE_TO_HOSPITAL
2026-09-07 23:26:31,AMB0046,REQ01549,12.962097,80.168966,30.5,135.0,EN_ROUTE_TO_HOSPITAL
2026-09-07 23:26:39,AMB0046,REQ01549,12.971119,80.180476,47.3,135.0,EN_ROUTE_TO_HOSPITAL
2026-09-07 23:26:46,AMB0046,REQ01549,12.980554,80.191823,28.8,135.0,EN_ROUTE_TO_HOSPITAL
2026-09-07 23:26:52,AMB0046,REQ01549,12.989366,80.202074,46.2,135.0,EN_ROUTE_TO_HOSPITAL
2026-09-07 23:26:58,AMB0046,REQ01549,12.997341,80.213325,30.9,135.0,EN_ROUTE_TO_HOSPITAL
2026-09-07 23:27:03,AMB0046,REQ01549,13.007426,80.223873,29.0,135.0,EN_ROUTE_TO_HOSPITAL
2026-09-07 23:27:09,AMB0046,REQ01549,13.016226,80.235577,44.0,135.0,EN_ROUTE_TO_HOSPITAL
2026-09-07 23:27:15,AMB0046,REQ01549,13.025131,80.246624,54.9,135.0,EN_ROUTE_TO_HOSPITAL
2026-09-07 23:27:19,AMB0046,REQ01549,13.033316,80.257061,34.2,135.0,EN_ROUTE_TO_HOSPITAL
2026-08-20 03:38:15,AMB0024,REQ02635,13.102596,80.275498,29.8,135.0,EN_ROUTE_TO_PATIENT
2026-08-20 03:38:21,AMB0024,REQ02635,13.097045,80.274963,51.1,135.0,EN_ROUTE_TO_PATIENT
2026-08-20 03:38:29,AMB0024,REQ02635,13.090906,80.273559,44.4,135.0,EN_ROUTE_TO_PATIENT
2026-08-20 03:38:36,AMB0024,REQ02635,13.085044,80.272922,54.1,135.0,EN_ROUTE_TO_PATIENT
2026-08-20 03:38:40,AMB0024,REQ02635,13.079658,80.272953,45.8,135.0,EN_ROUTE_TO_PATIENT
2026-08-20 03:38:44,AMB0024,REQ02635,13.074121,80.272656,21.6,135.0,EN_ROUTE_TO_PATIENT
2026-08-20 03:38:50,AMB0024,REQ02635,13.068759,80.272012,47.6,135.0,EN_ROUTE_TO_PATIENT
2026-08-20 03:38:56,AMB0024,REQ02635,13.062787,80.271356,46.6,135.0,EN_ROUTE_TO_PATIENT
2026-08-20 03:39:04,AMB0024,REQ02635,13.057111,80.270824,22.4,135.0,EN_ROUTE_TO_PATIENT
2026-08-20 03:39:10,AMB0024,REQ02635,13.052289,80.269289,44.1,135.0,EN_ROUTE_TO_PATIENT
2026-08-20 03:39:16,AMB0024,REQ02635,13.046945,80.269574,22.4,135.0,EN_ROUTE_TO_PATIENT
2026-08-20 03:39:23,AMB0024,REQ02635,13.040348,80.269066,47.6,135.0,EN_ROUTE_TO_PATIENT
2026-08-20 03:39:31,AMB0024,REQ02635,13.035654,80.267973,25.9,135.0,EN_ROUTE_TO_PATIENT
2026-08-20 03:39:35,AMB0024,REQ02635,13.030261,80.267777,25.0,135.0,EN_ROUTE_TO_PATIENT
2026-08-20 03:39:39,AMB0024,REQ02635,13.024437,80.267076,45.2,135.0,EN_ROUTE_TO_PATIENT
2026-08-20 03:40:24,AMB0024,REQ02635,13.024321,80.266339,34.2,135.0,EN_ROUTE_TO_HOSPITAL
2026-08-20 03:40:31,AMB0024,REQ02635,13.030639,80.264181,24.3,135.0,EN_ROUTE_TO_HOSPITAL
2026-08-20 03:40:38,AMB0024,REQ02635,13.036124,80.26105,36.5,135.0,EN_ROUTE_TO_HOSPITAL
2026-08-20 03:40:46,AMB0024,REQ02635,13.041792,80.258258,35.1,135.0,EN_ROUTE_TO_HOSPITAL
2026-08-20 03:40:51,AMB0024,REQ02635,13.048022,80.255508,50.0,135.0,EN_ROUTE_TO_HOSPITAL
2026-08-20 03:40:58,AMB0024,REQ02635,13.054547,80.253918,24.9,135.0,EN_ROUTE_TO_HOSPITAL
2026-08-20 03:41:02,AMB0024,REQ02635,13.06019,80.250646,54.9,135.0,EN_ROUTE_TO_HOSPITAL
2026-08-20 03:41:09,AMB0024,REQ02635,13.065852,80.248396,28.9,135.0,EN_ROUTE_TO_HOSPITAL
2026-08-20 03:41:15,AMB0024,REQ02635,13.072194,80.245889,52.9,135.0,EN_ROUTE_TO_HOSPITAL
2026-08-20 03:41:22,AMB0024,REQ02635,13.07817,80.242534,22.7,135.0,EN_ROUTE_TO_HOSPITAL
2026-08-17 03:12:57,AMB0026,REQ00873,13.080843,80.276771,54.9,135.0,EN_ROUTE_TO_PATIENT
2026-08-17 03:13:04,AMB0026,REQ00873,13.056902,80.271899,47.1,135.0,EN_ROUTE_TO_PATIENT
2026-08-17 03:13:10,AMB0026,REQ00873,13.032601,80.267475,32.5,135.0,EN_ROUTE_TO_PATIENT
2026-08-17 03:13:14,AMB0026,REQ00873,13.007836,80.263128,39.4,135.0,EN_ROUTE_TO_PATIENT
2026-08-17 03:13:22,AMB0026,REQ00873,12.984509,80.259957,36.8,135.0,EN_ROUTE_TO_PATIENT
2026-08-17 03:13:28,AMB0026,REQ00873,12.960632,80.255577,50.6,135.0,EN_ROUTE_TO_PATIENT
2026-08-17 03:13:33,AMB0026,REQ00873,12.936624,80.251011,48.5,135.0,EN_ROUTE_TO_PATIENT
2026-08-17 03:13:39,AMB0026,REQ00873,12.911798,80.246097,46.3,135.0,EN_ROUTE_TO_PATIENT
2026-08-17 03:13:44,AMB0026,REQ00873,12.887607,80.242821,33.5,135.0,EN_ROUTE_TO_PATIENT
2026-08-17 03:13:48,AMB0026,REQ00873,12.863858,80.238119,26.2,135.0,EN_ROUTE_TO_PATIENT
2026-08-17 03:13:52,AMB0026,REQ00873,12.839776,80.233124,30.0,135.0,EN_ROUTE_TO_PATIENT
2026-08-17 03:13:59,AMB0026,REQ00873,12.815512,80.229977,50.6,135.0,EN_ROUTE_TO_PATIENT
2026-08-17 03:14:07,AMB0026,REQ00873,12.791845,80.225151,53.7,135.0,EN_ROUTE_TO_PATIENT
2026-08-17 03:14:11,AMB0026,REQ00873,12.767057,80.221372,24.6,135.0,EN_ROUTE_TO_PATIENT
2026-08-17 03:15:05,AMB0026,REQ00873,12.766938,80.220784,48.5,135.0,EN_ROUTE_TO_HOSPITAL
2026-08-17 03:15:10,AMB0026,REQ00873,12.804524,80.228006,22.3,135.0,EN_ROUTE_TO_HOSPITAL
2026-08-17 03:15:14,AMB0026,REQ00873,12.842268,80.23489,47.8,135.0,EN_ROUTE_TO_HOSPITAL
2026-08-17 03:15:22,AMB0026,REQ00873,12.881132,80.2413,28.4,135.0,EN_ROUTE_TO_HOSPITAL
2026-08-17 03:15:27,AMB0026,REQ00873,12.918538,80.248077,39.1,135.0,EN_ROUTE_TO_HOSPITAL
2026-08-17 03:15:32,AMB0026,REQ00873,12.956691,80.254865,20.6,135.0,EN_ROUTE_TO_HOSPITAL
2026-08-17 03:15:39,AMB0026,REQ00873,12.993585,80.261377,21.4,135.0,EN_ROUTE_TO_HOSPITAL
2026-08-17 03:15:44,AMB0026,REQ00873,13.032146,80.26806,42.7,135.0,EN_ROUTE_TO_HOSPITAL
2026-08-17 03:15:52,AMB0026,REQ00873,13.06975,80.274489,40.6,135.0,EN_ROUTE_TO_HOSPITAL
2026-08-29 19:18:33,AMB0059,REQ01482,13.045823,80.246248,23.5,135.0,EN_ROUTE_TO_PATIENT
2026-08-29 19:18:38,AMB0059,REQ01482,13.052761,80.243201,23.8,135.0,EN_ROUTE_TO_PATIENT
2026-08-29 19:18:42,AMB0059,REQ01482,13.059576,80.240209,43.5,135.0,EN_ROUTE_TO_PATIENT
2026-08-29 19:18:47,AMB0059,REQ01482,13.067065,80.236747,37.2,135.0,EN_ROUTE_TO_PATIENT
2026-08-29 19:18:52,AMB0059,REQ01482,13.073777,80.232786,44.4,135.0,EN_ROUTE_TO_PATIENT
2026-08-29 19:18:59,AMB0059,REQ01482,13.081264,80.230364,36.4,135.0,EN_ROUTE_TO_PATIENT
2026-08-29 19:19:07,AMB0059,REQ01482,13.088232,80.226045,21.9,135.0,EN_ROUTE_TO_PATIENT
2026-08-29 19:19:12,AMB0059,REQ01482,13.095123,80.223606,46.0,135.0,EN_ROUTE_TO_PATIENT
2026-08-29 19:19:16,AMB0059,REQ01482,13.102886,80.219678,53.1,135.0,EN_ROUTE_TO_PATIENT
2026-08-29 19:19:22,AMB0059,REQ01482,13.109346,80.216617,45.4,135.0,EN_ROUTE_TO_PATIENT
2026-08-29 19:19:27,AMB0059,REQ01482,13.116837,80.213054,45.9,135.0,EN_ROUTE_TO_PATIENT
2026-08-29 19:19:32,AMB0059,REQ01482,13.123801,80.210543,22.7,135.0,EN_ROUTE_TO_PATIENT
2026-08-29 19:19:36,AMB0059,REQ01482,13.132018,80.207161,22.7,135.0,EN_ROUTE_TO_PATIENT
2026-08-29 19:19:44,AMB0059,REQ01482,13.138688,80.203774,40.5,135.0,EN_ROUTE_TO_PATIENT
2026-08-29 19:20:57,AMB0059,REQ01482,13.138951,80.203144,27.6,135.0,EN_ROUTE_TO_HOSPITAL
2026-08-29 19:21:01,AMB0059,REQ01482,13.136815,80.209764,37.8,135.0,EN_ROUTE_TO_HOSPITAL
2026-08-29 19:21:09,AMB0059,REQ01482,13.134294,80.216841,39.9,135.0,EN_ROUTE_TO_HOSPITAL
2026-08-29 19:21:14,AMB0059,REQ01482,13.132769,80.224231,27.2,135.0,EN_ROUTE_TO_HOSPITAL
2026-08-29 19:21:22,AMB0059,REQ01482,13.130586,80.230477,42.8,135.0,EN_ROUTE_TO_HOSPITAL
2026-08-29 19:21:26,AMB0059,REQ01482,13.12791,80.238205,26.6,135.0,EN_ROUTE_TO_HOSPITAL
2026-08-29 19:21:34,AMB0059,REQ01482,13.125472,80.244165,22.9,135.0,EN_ROUTE_TO_HOSPITAL
2026-08-29 19:21:42,AMB0059,REQ01482,13.123554,80.251417,39.7,135.0,EN_ROUTE_TO_HOSPITAL
2026-08-29 19:21:49,AMB0059,REQ01482,13.121401,80.258258,48.8,135.0,EN_ROUTE_TO_HOSPITAL
2026-08-29 19:21:53,AMB0059,REQ01482,13.119422,80.265657,25.7,135.0,EN_ROUTE_TO_HOSPITAL
2026-08-29 19:22:01,AMB0059,REQ01482,13.117957,80.271901,25.4,135.0,EN_ROUTE_TO_HOSPITAL
2026-08-29 19:22:09,AMB0059,REQ01482,13.115696,80.279623,34.2,135.0,EN_ROUTE_TO_HOSPITAL
2026-08-29 19:22:17,AMB0059,REQ01482,13.112956,80.285817,42.3,135.0,EN_ROUTE_TO_HOSPITAL
2026-08-13 04:22:23,AMB0032,REQ00197,13.075411,80.265041,30.5,135.0,EN_ROUTE_TO_PATIENT
2026-08-13 04:22:30,AMB0032,REQ00197,13.065818,80.254459,38.9,135.0,EN_ROUTE_TO_PATIENT
2026-08-13 04:22:38,AMB0032,REQ00197,13.055488,80.243871,47.1,135.0,EN_ROUTE_TO_PATIENT
2026-08-13 04:22:43,AMB0032,REQ00197,13.044091,80.233461,48.9,135.0,EN_ROUTE_TO_PATIENT
2026-08-13 04:22:48,AMB0032,REQ00197,13.034518,80.222815,42.7,135.0,EN_ROUTE_TO_PATIENT
2026-08-13 04:22:56,AMB0032,REQ00197,13.023903,80.211944,46.4,135.0,EN_ROUTE_TO_PATIENT
2026-08-13 04:23:02,AMB0032,REQ00197,13.013798,80.202126,51.3,135.0,EN_ROUTE_TO_PATIENT
2026-08-13 04:23:09,AMB0032,REQ00197,13.003135,80.191642,32.5,135.0,EN_ROUTE_TO_PATIENT
2026-08-13 04:23:17,AMB0032,REQ00197,12.992931,80.181332,33.1,135.0,EN_ROUTE_TO_PATIENT
2026-08-13 04:23:25,AMB0032,REQ00197,12.981972,80.170731,45.2,135.0,EN_ROUTE_TO_PATIENT
2026-08-13 04:23:29,AMB0032,REQ00197,12.971622,80.160427,29.6,135.0,EN_ROUTE_TO_PATIENT
2026-08-13 04:23:34,AMB0032,REQ00197,12.960751,80.149647,49.2,135.0,EN_ROUTE_TO_PATIENT
2026-08-13 04:23:42,AMB0032,REQ00197,12.950434,80.139059,49.8,135.0,EN_ROUTE_TO_PATIENT
2026-08-13 04:24:35,AMB0032,REQ00197,12.950907,80.139991,31.4,135.0,EN_ROUTE_TO_HOSPITAL
2026-08-13 04:24:42,AMB0032,REQ00197,12.96019,80.151327,35.9,135.0,EN_ROUTE_TO_HOSPITAL
2026-08-13 04:24:47,AMB0032,REQ00197,12.969855,80.161746,42.8,135.0,EN_ROUTE_TO_HOSPITAL
2026-08-13 04:24:52,AMB0032,REQ00197,12.978752,80.173524,51.7,135.0,EN_ROUTE_TO_HOSPITAL
2026-08-13 04:24:57,AMB0032,REQ00197,12.988994,80.184672,27.6,135.0,EN_ROUTE_TO_HOSPITAL
2026-08-13 04:25:03,AMB0032,REQ00197,12.998116,80.195813,43.9,135.0,EN_ROUTE_TO_HOSPITAL
2026-08-13 04:25:07,AMB0032,REQ00197,13.007784,80.207214,37.7,135.0,EN_ROUTE_TO_HOSPITAL
2026-08-13 04:25:11,AMB0032,REQ00197,13.017131,80.218886,22.5,135.0,EN_ROUTE_TO_HOSPITAL
2026-08-13 04:25:18,AMB0032,REQ00197,13.025903,80.229247,32.6,135.0,EN_ROUTE_TO_HOSPITAL
2026-08-13 04:25:26,AMB0032,REQ00197,13.036025,80.240532,33.2,135.0,EN_ROUTE_TO_HOSPITAL
2026-08-13 04:25:30,AMB0032,REQ00197,13.045541,80.251941,53.3,135.0,EN_ROUTE_TO_HOSPITAL
2026-08-13 04:25:36,AMB0032,REQ00197,13.054599,80.262944,30.7,135.0,EN_ROUTE_TO_HOSPITAL
2026-08-02 12:43:28,AMB0123,REQ02409,12.949673,80.144873,53.3,135.0,EN_ROUTE_TO_PATIENT
2026-08-02 12:43:32,AMB0123,REQ02409,12.962382,80.157067,27.7,135.0,EN_ROUTE_TO_PATIENT
2026-08-02 12:43:38,AMB0123,REQ02409,12.975037,80.169434,53.8,135.0,EN_ROUTE_TO_PATIENT
2026-08-02 12:43:42,AMB0123,REQ02409,12.98736,80.180356,36.3,135.0,EN_ROUTE_TO_PATIENT
2026-08-02 12:43:48,AMB0123,REQ02409,13.000149,80.192556,34.8,135.0,EN_ROUTE_TO_PATIENT
2026-08-02 12:43:54,AMB0123,REQ02409,13.012314,80.205024,27.5,135.0,EN_ROUTE_TO_PATIENT
2026-08-02 12:44:00,AMB0123,REQ02409,13.025955,80.216067,52.7,135.0,EN_ROUTE_TO_PATIENT
2026-08-02 12:44:08,AMB0123,REQ02409,13.037715,80.228522,44.7,135.0,EN_ROUTE_TO_PATIENT
2026-08-02 12:44:15,AMB0123,REQ02409,13.051161,80.240737,21.9,135.0,EN_ROUTE_TO_PATIENT
2026-08-02 12:44:21,AMB0123,REQ02409,13.063219,80.251977,31.8,135.0,EN_ROUTE_TO_PATIENT
2026-08-02 12:44:25,AMB0123,REQ02409,13.075769,80.263813,23.9,135.0,EN_ROUTE_TO_PATIENT
2026-08-02 12:44:30,AMB0123,REQ02409,13.0884,80.27551,27.2,135.0,EN_ROUTE_TO_PATIENT
2026-08-02 12:44:36,AMB0123,REQ02409,13.10152,80.288121,50.2,135.0,EN_ROUTE_TO_PATIENT
2026-08-02 12:44:41,AMB0123,REQ02409,13.114412,80.299096,46.1,135.0,EN_ROUTE_TO_PATIENT
2026-08-02 12:46:04,AMB0123,REQ02409,13.113583,80.299591,24.7,135.0,EN_ROUTE_TO_HOSPITAL
2026-08-02 12:46:11,AMB0123,REQ02409,13.109063,80.292006,44.5,135.0,EN_ROUTE_TO_HOSPITAL
2026-08-02 12:46:19,AMB0123,REQ02409,13.103581,80.285472,53.0,135.0,EN_ROUTE_TO_HOSPITAL
2026-08-02 12:46:24,AMB0123,REQ02409,13.098468,80.277745,23.4,135.0,EN_ROUTE_TO_HOSPITAL
2026-08-02 12:46:32,AMB0123,REQ02409,13.093506,80.270377,32.5,135.0,EN_ROUTE_TO_HOSPITAL
2026-08-02 12:46:38,AMB0123,REQ02409,13.087635,80.262255,20.7,135.0,EN_ROUTE_TO_HOSPITAL
2026-08-02 12:46:43,AMB0123,REQ02409,13.08276,80.255262,33.7,135.0,EN_ROUTE_TO_HOSPITAL
2026-08-02 12:46:47,AMB0123,REQ02409,13.077662,80.247829,48.9,135.0,EN_ROUTE_TO_HOSPITAL
2026-08-02 12:46:51,AMB0123,REQ02409,13.073289,80.240475,24.3,135.0,EN_ROUTE_TO_HOSPITAL
2026-08-02 12:46:59,AMB0123,REQ02409,13.067266,80.233088,49.6,135.0,EN_ROUTE_TO_HOSPITAL
2026-08-02 12:47:04,AMB0123,REQ02409,13.062711,80.225192,33.3,135.0,EN_ROUTE_TO_HOSPITAL
2026-08-02 12:47:09,AMB0123,REQ02409,13.05678,80.218398,27.3,135.0,EN_ROUTE_TO_HOSPITAL
2026-08-02 12:47:13,AMB0123,REQ02409,13.05239,80.211532,21.6,135.0,EN_ROUTE_TO_HOSPITAL
2026-08-26 06:46:30,AMB0002,REQ02743,13.217701,80.317013,30.9,135.0,EN_ROUTE_TO_PATIENT
2026-08-26 06:46:37,AMB0002,REQ02743,13.198733,80.309627,26.5,135.0,EN_ROUTE_TO_PATIENT
2026-08-26 06:46:43,AMB0002,REQ02743,13.180174,80.3023,52.9,135.0,EN_ROUTE_TO_PATIENT
2026-08-26 06:46:50,AMB0002,REQ02743,13.160302,80.294604,40.8,135.0,EN_ROUTE_TO_PATIENT
2026-08-26 06:46:55,AMB0002,REQ02743,13.141729,80.287419,24.3,135.0,EN_ROUTE_TO_PATIENT
2026-08-26 06:47:03,AMB0002,REQ02743,13.122335,80.281089,38.9,135.0,EN_ROUTE_TO_PATIENT
2026-08-26 06:47:10,AMB0002,REQ02743,13.102978,80.272966,22.6,135.0,EN_ROUTE_TO_PATIENT
2026-08-26 06:47:15,AMB0002,REQ02743,13.083981,80.265861,26.7,135.0,EN_ROUTE_TO_PATIENT
2026-08-26 06:47:22,AMB0002,REQ02743,13.064743,80.258837,37.9,135.0,EN_ROUTE_TO_PATIENT
2026-08-26 06:47:27,AMB0002,REQ02743,13.045697,80.251633,45.3,135.0,EN_ROUTE_TO_PATIENT
2026-08-26 06:47:33,AMB0002,REQ02743,13.027498,80.244211,32.4,135.0,EN_ROUTE_TO_PATIENT
2026-08-26 06:47:38,AMB0002,REQ02743,13.007772,80.237071,49.1,135.0,EN_ROUTE_TO_PATIENT
2026-08-26 06:47:45,AMB0002,REQ02743,12.988493,80.229744,28.6,135.0,EN_ROUTE_TO_PATIENT
2026-08-26 06:47:53,AMB0002,REQ02743,12.970381,80.222425,35.8,135.0,EN_ROUTE_TO_PATIENT
2026-08-26 06:48:44,AMB0002,REQ02743,12.970487,80.222819,43.7,135.0,EN_ROUTE_TO_HOSPITAL
2026-08-26 06:48:50,AMB0002,REQ02743,12.975308,80.22547,49.1,135.0,EN_ROUTE_TO_HOSPITAL
2026-08-26 06:48:56,AMB0002,REQ02743,12.980051,80.22792,52.1,135.0,EN_ROUTE_TO_HOSPITAL
2026-08-26 06:49:04,AMB0002,REQ02743,12.984686,80.230772,38.7,135.0,EN_ROUTE_TO_HOSPITAL
2026-08-26 06:49:11,AMB0002,REQ02743,12.989632,80.232724,22.9,135.0,EN_ROUTE_TO_HOSPITAL
2026-08-26 06:49:18,AMB0002,REQ02743,12.994362,80.23549,29.5,135.0,EN_ROUTE_TO_HOSPITAL
2026-08-26 06:49:23,AMB0002,REQ02743,12.999021,80.238614,28.5,135.0,EN_ROUTE_TO_HOSPITAL
2026-08-26 06:49:31,AMB0002,REQ02743,13.004192,80.241016,46.3,135.0,EN_ROUTE_TO_HOSPITAL
2026-08-26 06:49:35,AMB0002,REQ02743,13.009458,80.24388,33.9,135.0,EN_ROUTE_TO_HOSPITAL
2026-08-26 06:49:40,AMB0002,REQ02743,13.014313,80.246548,51.1,135.0,EN_ROUTE_TO_HOSPITAL
2026-08-26 06:49:47,AMB0002,REQ02743,13.019151,80.249496,35.8,135.0,EN_ROUTE_TO_HOSPITAL
2026-08-26 06:49:53,AMB0002,REQ02743,13.023672,80.251593,53.0,135.0,EN_ROUTE_TO_HOSPITAL
2026-08-26 06:50:01,AMB0002,REQ02743,13.029354,80.254934,30.0,135.0,EN_ROUTE_TO_HOSPITAL
2026-08-26 06:50:05,AMB0002,REQ02743,13.033443,80.257153,29.9,135.0,EN_ROUTE_TO_HOSPITAL
2026-08-12 20:18:28,AMB0061,REQ00810,13.045419,80.253873,33.2,135.0,EN_ROUTE_TO_PATIENT
2026-08-12 20:18:35,AMB0061,REQ00810,13.042552,80.247328,36.9,135.0,EN_ROUTE_TO_PATIENT
2026-08-12 20:18:41,AMB0061,REQ00810,13.040259,80.241177,52.4,135.0,EN_ROUTE_TO_PATIENT
2026-08-12 20:18:48,AMB0061,REQ00810,13.037563,80.235219,44.2,135.0,EN_ROUTE_TO_PATIENT
2026-08-12 20:18:53,AMB0061,REQ00810,13.034683,80.228863,45.5,135.0,EN_ROUTE_TO_PATIENT
2026-08-12 20:18:58,AMB0061,REQ00810,13.033049,80.223085,25.1,135.0,EN_ROUTE_TO_PATIENT
2026-08-12 20:19:04,AMB0061,REQ00810,13.030943,80.216624,20.8,135.0,EN_ROUTE_TO_PATIENT
2026-08-12 20:19:10,AMB0061,REQ00810,13.028052,80.210597,42.7,135.0,EN_ROUTE_TO_PATIENT
2026-08-12 20:19:17,AMB0061,REQ00810,13.025633,80.203646,45.8,135.0,EN_ROUTE_TO_PATIENT
2026-08-12 20:20:48,AMB0061,REQ00810,13.025762,80.203655,43.1,135.0,EN_ROUTE_TO_HOSPITAL
2026-08-12 20:20:56,AMB0061,REQ00810,13.031204,80.208583,50.5,135.0,EN_ROUTE_TO_HOSPITAL
2026-08-12 20:21:00,AMB0061,REQ00810,13.036856,80.214691,46.3,135.0,EN_ROUTE_TO_HOSPITAL
2026-08-12 20:21:06,AMB0061,REQ00810,13.041999,80.219415,40.2,135.0,EN_ROUTE_TO_HOSPITAL
2026-08-12 20:21:12,AMB0061,REQ00810,13.04694,80.224936,36.8,135.0,EN_ROUTE_TO_HOSPITAL
2026-08-12 20:21:17,AMB0061,REQ00810,13.052959,80.229856,20.3,135.0,EN_ROUTE_TO_HOSPITAL
2026-08-12 20:21:22,AMB0061,REQ00810,13.058499,80.234882,38.7,135.0,EN_ROUTE_TO_HOSPITAL
2026-08-12 20:21:30,AMB0061,REQ00810,13.063562,80.239306,45.7,135.0,EN_ROUTE_TO_HOSPITAL
2026-08-12 20:21:35,AMB0061,REQ00810,13.069618,80.245285,30.6,135.0,EN_ROUTE_TO_HOSPITAL
2026-08-12 20:21:40,AMB0061,REQ00810,13.074925,80.249816,43.2,135.0,EN_ROUTE_TO_HOSPITAL
2026-08-12 20:21:44,AMB0061,REQ00810,13.080966,80.25495,53.9,135.0,EN_ROUTE_TO_HOSPITAL
2026-08-12 20:21:49,AMB0061,REQ00810,13.085364,80.259797,49.8,135.0,EN_ROUTE_TO_HOSPITAL
2026-08-12 20:21:55,AMB0061,REQ00810,13.09185,80.265132,26.7,135.0,EN_ROUTE_TO_HOSPITAL
2026-08-12 20:22:03,AMB0061,REQ00810,13.097303,80.270366,43.1,135.0,EN_ROUTE_TO_HOSPITAL
2026-08-12 20:22:07,AMB0061,REQ00810,13.10234,80.275382,47.6,135.0,EN_ROUTE_TO_HOSPITAL
2026-08-12 20:22:12,AMB0061,REQ00810,13.107947,80.281225,51.9,135.0,EN_ROUTE_TO_HOSPITAL
2026-08-12 20:22:19,AMB0061,REQ00810,13.11288,80.28656,50.3,135.0,EN_ROUTE_TO_HOSPITAL
2026-09-04 07:49:29,AMB0102,REQ02641,12.951671,80.209584,21.4,135.0,EN_ROUTE_TO_PATIENT
2026-09-04 07:49:37,AMB0102,REQ02641,12.950275,80.204825,26.6,135.0,EN_ROUTE_TO_PATIENT
2026-09-04 07:49:41,AMB0102,REQ02641,12.948467,80.199678,21.3,135.0,EN_ROUTE_TO_PATIENT
2026-09-04 07:49:49,AMB0102,REQ02641,12.946305,80.194541,24.7,135.0,EN_ROUTE_TO_PATIENT
2026-09-04 07:49:54,AMB0102,REQ02641,12.944494,80.188777,48.0,135.0,EN_ROUTE_TO_PATIENT
2026-09-04 07:50:00,AMB0102,REQ02641,12.943232,80.183805,29.4,135.0,EN_ROUTE_TO_PATIENT
2026-09-04 07:50:08,AMB0102,REQ02641,12.941453,80.178671,24.2,135.0,EN_ROUTE_TO_PATIENT
2026-09-04 07:50:12,AMB0102,REQ02641,12.940121,80.173397,42.0,135.0,EN_ROUTE_TO_PATIENT
2026-09-04 07:50:16,AMB0102,REQ02641,12.937468,80.168659,20.0,135.0,EN_ROUTE_TO_PATIENT
2026-09-04 07:50:22,AMB0102,REQ02641,12.935683,80.163996,31.1,135.0,EN_ROUTE_TO_PATIENT
2026-09-04 07:50:29,AMB0102,REQ02641,12.934829,80.158677,21.9,135.0,EN_ROUTE_TO_PATIENT
2026-09-04 07:50:33,AMB0102,REQ02641,12.932926,80.152811,40.3,135.0,EN_ROUTE_TO_PATIENT
2026-09-04 07:50:40,AMB0102,REQ02641,12.93092,80.147859,28.9,135.0,EN_ROUTE_TO_PATIENT
2026-09-04 07:51:34,AMB0102,REQ02641,12.930639,80.148241,54.2,135.0,EN_ROUTE_TO_HOSPITAL
2026-09-04 07:51:40,AMB0102,REQ02641,12.929806,80.145774,49.4,135.0,EN_ROUTE_TO_HOSPITAL
2026-09-04 07:51:44,AMB0102,REQ02641,12.930173,80.144325,37.8,135.0,EN_ROUTE_TO_HOSPITAL
2026-09-04 07:51:49,AMB0102,REQ02641,12.928655,80.142436,26.0,135.0,EN_ROUTE_TO_HOSPITAL
2026-09-04 07:51:53,AMB0102,REQ02641,12.928704,80.139904,27.9,135.0,EN_ROUTE_TO_HOSPITAL
2026-09-04 07:51:58,AMB0102,REQ02641,12.928031,80.137293,46.1,135.0,EN_ROUTE_TO_HOSPITAL
2026-09-04 07:52:06,AMB0102,REQ02641,12.92675,80.135569,33.0,135.0,EN_ROUTE_TO_HOSPITAL
2026-09-04 07:52:10,AMB0102,REQ02641,12.926327,80.133615,20.9,135.0,EN_ROUTE_TO_HOSPITAL
2026-09-04 07:52:15,AMB0102,REQ02641,12.926074,80.131227,26.3,135.0,EN_ROUTE_TO_HOSPITAL
2026-09-04 07:52:20,AMB0102,REQ02641,12.925181,80.129647,45.2,135.0,EN_ROUTE_TO_HOSPITAL
2026-09-04 07:52:24,AMB0102,REQ02641,12.924521,80.127292,27.6,135.0,EN_ROUTE_TO_HOSPITAL
2026-08-06 03:14:13,AMB0016,REQ01915,13.12972,80.28738,50.0,135.0,EN_ROUTE_TO_PATIENT
2026-08-06 03:14:20,AMB0016,REQ01915,13.124386,80.28516,53.0,135.0,EN_ROUTE_TO_PATIENT
2026-08-06 03:14:28,AMB0016,REQ01915,13.119014,80.281919,50.4,135.0,EN_ROUTE_TO_PATIENT
2026-08-06 03:14:35,AMB0016,REQ01915,13.112832,80.279283,34.2,135.0,EN_ROUTE_TO_PATIENT
2026-08-06 03:14:39,AMB0016,REQ01915,13.107318,80.276591,43.3,135.0,EN_ROUTE_TO_PATIENT
2026-08-06 03:14:47,AMB0016,REQ01915,13.102797,80.274787,48.5,135.0,EN_ROUTE_TO_PATIENT
2026-08-06 03:14:51,AMB0016,REQ01915,13.097577,80.271375,23.8,135.0,EN_ROUTE_TO_PATIENT
2026-08-06 03:14:57,AMB0016,REQ01915,13.092292,80.268759,48.1,135.0,EN_ROUTE_TO_PATIENT
2026-08-06 03:15:02,AMB0016,REQ01915,13.086853,80.26684,45.6,135.0,EN_ROUTE_TO_PATIENT
2026-08-06 03:15:09,AMB0016,REQ01915,13.081624,80.263951,44.2,135.0,EN_ROUTE_TO_PATIENT
2026-08-06 03:15:13,AMB0016,REQ01915,13.076093,80.262124,22.7,135.0,EN_ROUTE_TO_PATIENT
2026-08-06 03:15:56,AMB0016,REQ01915,13.075668,80.261542,53.0,135.0,EN_ROUTE_TO_HOSPITAL
2026-08-06 03:16:00,AMB0016,REQ01915,13.057135,80.243621,52.9,135.0,EN_ROUTE_TO_HOSPITAL
2026-08-06 03:16:06,AMB0016,REQ01915,13.038404,80.224851,43.6,135.0,EN_ROUTE_TO_HOSPITAL
2026-08-06 03:16:14,AMB0016,REQ01915,13.019573,80.206124,38.3,135.0,EN_ROUTE_TO_HOSPITAL
2026-08-06 03:16:18,AMB0016,REQ01915,12.999744,80.187135,34.2,135.0,EN_ROUTE_TO_HOSPITAL
2026-08-06 03:16:24,AMB0016,REQ01915,12.981511,80.168534,33.3,135.0,EN_ROUTE_TO_HOSPITAL
2026-08-06 03:16:29,AMB0016,REQ01915,12.962207,80.149836,42.7,135.0,EN_ROUTE_TO_HOSPITAL
2026-08-06 03:16:33,AMB0016,REQ01915,12.943692,80.131923,42.0,135.0,EN_ROUTE_TO_HOSPITAL
2026-08-06 03:16:41,AMB0016,REQ01915,12.924825,80.112747,39.1,135.0,EN_ROUTE_TO_HOSPITAL
2026-08-21 08:54:36,AMB0063,REQ00960,13.056466,80.262715,20.5,135.0,EN_ROUTE_TO_PATIENT
2026-08-21 08:54:43,AMB0063,REQ00960,13.05874,80.264412,46.3,135.0,EN_ROUTE_TO_PATIENT
2026-08-21 08:54:50,AMB0063,REQ00960,13.061571,80.26562,50.2,135.0,EN_ROUTE_TO_PATIENT
2026-08-21 08:54:58,AMB0063,REQ00960,13.063771,80.267612,43.0,135.0,EN_ROUTE_TO_PATIENT
2026-08-21 08:55:04,AMB0063,REQ00960,13.066319,80.269797,44.0,135.0,EN_ROUTE_TO_PATIENT
2026-08-21 08:55:08,AMB0063,REQ00960,13.067944,80.271941,31.2,135.0,EN_ROUTE_TO_PATIENT
2026-08-21 08:55:15,AMB0063,REQ00960,13.070589,80.272953,46.2,135.0,EN_ROUTE_TO_PATIENT
2026-08-21 08:55:20,AMB0063,REQ00960,13.073365,80.274879,25.8,135.0,EN_ROUTE_TO_PATIENT
2026-08-21 08:55:28,AMB0063,REQ00960,13.075729,80.277168,29.2,135.0,EN_ROUTE_TO_PATIENT
2026-08-21 08:55:32,AMB0063,REQ00960,13.077709,80.279036,41.8,135.0,EN_ROUTE_TO_PATIENT
2026-08-21 08:55:36,AMB0063,REQ00960,13.079613,80.280867,34.3,135.0,EN_ROUTE_TO_PATIENT
2026-08-21 08:55:42,AMB0063,REQ00960,13.082413,80.282449,31.6,135.0,EN_ROUTE_TO_PATIENT
2026-08-21 08:55:50,AMB0063,REQ00960,13.085253,80.283642,39.0,135.0,EN_ROUTE_TO_PATIENT
2026-08-21 08:55:57,AMB0063,REQ00960,13.086839,80.285082,39.2,135.0,EN_ROUTE_TO_PATIENT
2026-08-21 08:56:03,AMB0063,REQ00960,13.089117,80.287266,51.5,135.0,EN_ROUTE_TO_PATIENT
2026-08-21 08:56:07,AMB0063,REQ00960,13.091864,80.288795,32.0,135.0,EN_ROUTE_TO_PATIENT
2026-08-21 08:57:03,AMB0063,REQ00960,13.09147,80.289535,41.4,135.0,EN_ROUTE_TO_HOSPITAL
2026-08-21 08:57:10,AMB0063,REQ00960,13.086655,80.281682,43.7,135.0,EN_ROUTE_TO_HOSPITAL
2026-08-21 08:57:17,AMB0063,REQ00960,13.081941,80.273265,25.1,135.0,EN_ROUTE_TO_HOSPITAL
2026-08-21 08:57:21,AMB0063,REQ00960,13.077308,80.26552,26.0,135.0,EN_ROUTE_TO_HOSPITAL
2026-08-21 08:57:29,AMB0063,REQ00960,13.072286,80.258828,38.0,135.0,EN_ROUTE_TO_HOSPITAL
2026-08-21 08:57:35,AMB0063,REQ00960,13.067342,80.251232,48.8,135.0,EN_ROUTE_TO_HOSPITAL
2026-08-21 08:57:40,AMB0063,REQ00960,13.06285,80.243356,29.5,135.0,EN_ROUTE_TO_HOSPITAL
2026-08-21 08:57:46,AMB0063,REQ00960,13.057643,80.23578,27.9,135.0,EN_ROUTE_TO_HOSPITAL
2026-08-21 08:57:54,AMB0063,REQ00960,13.053056,80.227792,30.4,135.0,EN_ROUTE_TO_HOSPITAL
2026-08-21 08:57:59,AMB0063,REQ00960,13.048321,80.219389,20.7,135.0,EN_ROUTE_TO_HOSPITAL
2026-08-21 08:58:04,AMB0063,REQ00960,13.043122,80.212164,34.6,135.0,EN_ROUTE_TO_HOSPITAL
2026-08-21 08:58:11,AMB0063,REQ00960,13.037814,80.203854,37.7,135.0,EN_ROUTE_TO_HOSPITAL
2026-08-18 17:53:24,AMB0111,REQ01846,12.89958,80.231288,40.0,135.0,EN_ROUTE_TO_PATIENT
2026-08-18 17:53:30,AMB0111,REQ01846,12.910312,80.234591,52.5,135.0,EN_ROUTE_TO_PATIENT
2026-08-18 17:53:38,AMB0111,REQ01846,12.919525,80.237312,30.3,135.0,EN_ROUTE_TO_PATIENT
2026-08-18 17:53:44,AMB0111,REQ01846,12.928673,80.23995,51.8,135.0,EN_ROUTE_TO_PATIENT
2026-08-18 17:53:49,AMB0111,REQ01846,12.938632,80.243278,49.4,135.0,EN_ROUTE_TO_PATIENT
2026-08-18 17:53:54,AMB0111,REQ01846,12.948033,80.245794,24.9,135.0,EN_ROUTE_TO_PATIENT
2026-08-18 17:54:02,AMB0111,REQ01846,12.958029,80.249003,31.7,135.0,EN_ROUTE_TO_PATIENT
2026-08-18 17:54:10,AMB0111,REQ01846,12.968392,80.252146,51.2,135.0,EN_ROUTE_TO_PATIENT
2026-08-18 17:54:16,AMB0111,REQ01846,12.978004,80.255625,25.4,135.0,EN_ROUTE_TO_PATIENT
2026-08-18 17:54:24,AMB0111,REQ01846,12.986918,80.258653,48.9,135.0,EN_ROUTE_TO_PATIENT
2026-08-18 17:55:48,AMB0111,REQ01846,12.987662,80.258607,27.7,135.0,EN_ROUTE_TO_HOSPITAL
2026-08-18 17:55:54,AMB0111,REQ01846,12.992496,80.258084,41.5,135.0,EN_ROUTE_TO_HOSPITAL
2026-08-18 17:56:00,AMB0111,REQ01846,12.99662,80.25728,48.8,135.0,EN_ROUTE_TO_HOSPITAL
2026-08-18 17:56:06,AMB0111,REQ01846,13.00197,80.256702,20.8,135.0,EN_ROUTE_TO_HOSPITAL
2026-08-18 17:56:12,AMB0111,REQ01846,13.006579,80.255144,54.0,135.0,EN_ROUTE_TO_HOSPITAL
2026-08-18 17:56:20,AMB0111,REQ01846,13.011608,80.255239,42.8,135.0,EN_ROUTE_TO_HOSPITAL
2026-08-18 17:56:27,AMB0111,REQ01846,13.015987,80.254403,44.9,135.0,EN_ROUTE_TO_HOSPITAL
2026-08-18 17:56:31,AMB0111,REQ01846,13.020228,80.253438,50.9,135.0,EN_ROUTE_TO_HOSPITAL
2026-08-18 17:56:36,AMB0111,REQ01846,13.025519,80.252228,39.1,135.0,EN_ROUTE_TO_HOSPITAL
2026-08-18 17:56:41,AMB0111,REQ01846,13.029994,80.252297,37.7,135.0,EN_ROUTE_TO_HOSPITAL
2026-08-18 17:56:45,AMB0111,REQ01846,13.034408,80.251351,20.5,135.0,EN_ROUTE_TO_HOSPITAL
2026-08-18 17:56:51,AMB0111,REQ01846,13.039305,80.250725,45.2,135.0,EN_ROUTE_TO_HOSPITAL
2026-08-18 17:56:59,AMB0111,REQ01846,13.044767,80.250067,46.6,135.0,EN_ROUTE_TO_HOSPITAL
2026-08-11 13:10:52,AMB0131,REQ01757,12.78601,80.222315,37.7,135.0,EN_ROUTE_TO_PATIENT
2026-08-11 13:11:00,AMB0131,REQ01757,12.817185,80.225769,33.4,135.0,EN_ROUTE_TO_PATIENT
2026-08-11 13:11:05,AMB0131,REQ01757,12.847616,80.228712,32.9,135.0,EN_ROUTE_TO_PATIENT
2026-08-11 13:11:12,AMB0131,REQ01757,12.879153,80.233301,50.5,135.0,EN_ROUTE_TO_PATIENT
2026-08-11 13:11:18,AMB0131,REQ01757,12.90919,80.236844,44.5,135.0,EN_ROUTE_TO_PATIENT
2026-08-11 13:11:25,AMB0131,REQ01757,12.939809,80.240475,24.3,135.0,EN_ROUTE_TO_PATIENT
2026-08-11 13:11:32,AMB0131,REQ01757,12.970505,80.243291,52.2,135.0,EN_ROUTE_TO_PATIENT
2026-08-11 13:11:38,AMB0131,REQ01757,13.001514,80.247691,34.6,135.0,EN_ROUTE_TO_PATIENT
2026-08-11 13:11:45,AMB0131,REQ01757,13.031456,80.251397,46.3,135.0,EN_ROUTE_TO_PATIENT
2026-08-11 13:11:52,AMB0131,REQ01757,13.062506,80.254715,34.1,135.0,EN_ROUTE_TO_PATIENT
2026-08-11 13:11:56,AMB0131,REQ01757,13.09308,80.25791,33.9,135.0,EN_ROUTE_TO_PATIENT
2026-08-11 13:12:55,AMB0131,REQ01757,13.092943,80.258002,32.5,135.0,EN_ROUTE_TO_HOSPITAL
2026-08-11 13:13:03,AMB0131,REQ01757,13.088334,80.258748,33.7,135.0,EN_ROUTE_TO_HOSPITAL
2026-08-11 13:13:10,AMB0131,REQ01757,13.084186,80.259308,24.1,135.0,EN_ROUTE_TO_HOSPITAL
2026-08-11 13:13:14,AMB0131,REQ01757,13.079423,80.259937,34.8,135.0,EN_ROUTE_TO_HOSPITAL
2026-08-11 13:13:21,AMB0131,REQ01757,13.073858,80.260556,36.1,135.0,EN_ROUTE_TO_HOSPITAL
2026-08-11 13:13:28,AMB0131,REQ01757,13.068616,80.262003,41.0,135.0,EN_ROUTE_TO_HOSPITAL
2026-08-11 13:13:36,AMB0131,REQ01757,13.064808,80.262647,51.0,135.0,EN_ROUTE_TO_HOSPITAL
2026-08-11 13:13:41,AMB0131,REQ01757,13.059966,80.262636,29.8,135.0,EN_ROUTE_TO_HOSPITAL
2026-08-11 13:13:49,AMB0131,REQ01757,13.055046,80.263075,42.5,135.0,EN_ROUTE_TO_HOSPITAL
2026-08-23 12:02:27,AMB0100,REQ02652,12.981699,80.221248,27.1,135.0,EN_ROUTE_TO_PATIENT
2026-08-23 12:02:34,AMB0100,REQ02652,12.987917,80.22447,50.7,135.0,EN_ROUTE_TO_PATIENT
2026-08-23 12:02:39,AMB0100,REQ02652,12.992653,80.227406,43.1,135.0,EN_ROUTE_TO_PATIENT
2026-08-23 12:02:45,AMB0100,REQ02652,12.997954,80.230751,24.6,135.0,EN_ROUTE_TO_PATIENT
2026-08-23 12:02:52,AMB0100,REQ02652,13.004388,80.233964,34.2,135.0,EN_ROUTE_TO_PATIENT
2026-08-23 12:02:57,AMB0100,REQ02652,13.008987,80.236908,37.5,135.0,EN_ROUTE_TO_PATIENT
2026-08-23 12:03:05,AMB0100,REQ02652,13.014451,80.240098,53.9,135.0,EN_ROUTE_TO_PATIENT
2026-08-23 12:03:10,AMB0100,REQ02652,13.01982,80.243464,23.1,135.0,EN_ROUTE_TO_PATIENT
2026-08-23 12:03:15,AMB0100,REQ02652,13.025516,80.24688,34.4,135.0,EN_ROUTE_TO_PATIENT
2026-08-23 12:03:21,AMB0100,REQ02652,13.030615,80.250024,54.3,135.0,EN_ROUTE_TO_PATIENT
2026-08-23 12:03:28,AMB0100,REQ02652,13.037072,80.253135,36.0,135.0,EN_ROUTE_TO_PATIENT
2026-08-23 12:03:36,AMB0100,REQ02652,13.041964,80.256057,22.0,135.0,EN_ROUTE_TO_PATIENT
2026-08-23 12:03:40,AMB0100,REQ02652,13.046902,80.258514,52.6,135.0,EN_ROUTE_TO_PATIENT
2026-08-23 12:04:46,AMB0100,REQ02652,13.046892,80.25865,43.8,135.0,EN_ROUTE_TO_HOSPITAL
2026-08-23 12:04:51,AMB0100,REQ02652,13.044371,80.258904,52.4,135.0,EN_ROUTE_TO_HOSPITAL
2026-08-23 12:04:56,AMB0100,REQ02652,13.041746,80.258407,34.5,135.0,EN_ROUTE_TO_HOSPITAL
2026-08-23 12:05:03,AMB0100,REQ02652,13.038332,80.258508,34.4,135.0,EN_ROUTE_TO_HOSPITAL
2026-08-23 12:05:09,AMB0100,REQ02652,13.034745,80.257902,36.1,135.0,EN_ROUTE_TO_HOSPITAL
2026-08-23 12:05:16,AMB0100,REQ02652,13.032041,80.257998,34.4,135.0,EN_ROUTE_TO_HOSPITAL
2026-08-23 12:05:23,AMB0100,REQ02652,13.029134,80.257235,42.0,135.0,EN_ROUTE_TO_HOSPITAL
2026-08-23 12:05:30,AMB0100,REQ02652,13.02572,80.257118,28.9,135.0,EN_ROUTE_TO_HOSPITAL
2026-08-23 12:05:35,AMB0100,REQ02652,13.022788,80.257265,25.5,135.0,EN_ROUTE_TO_HOSPITAL
2026-08-23 12:05:39,AMB0100,REQ02652,13.019303,80.257649,53.1,135.0,EN_ROUTE_TO_HOSPITAL
2026-08-23 12:05:44,AMB0100,REQ02652,13.015955,80.257602,48.6,135.0,EN_ROUTE_TO_HOSPITAL
2026-08-23 12:05:50,AMB0100,REQ02652,13.013171,80.256708,50.1,135.0,EN_ROUTE_TO_HOSPITAL
2026-08-23 12:05:58,AMB0100,REQ02652,13.009777,80.256551,44.7,135.0,EN_ROUTE_TO_HOSPITAL
2026-08-23 12:06:04,AMB0100,REQ02652,13.006615,80.256904,45.4,135.0,EN_ROUTE_TO_HOSPITAL
2026-08-20 08:52:51,AMB0031,REQ02233,13.071241,80.260944,52.7,135.0,EN_ROUTE_TO_PATIENT
2026-08-20 08:52:55,AMB0031,REQ02233,13.067247,80.254039,48.2,135.0,EN_ROUTE_TO_PATIENT
2026-08-20 08:53:01,AMB0031,REQ02233,13.064024,80.246456,23.4,135.0,EN_ROUTE_TO_PATIENT
2026-08-20 08:53:08,AMB0031,REQ02233,13.0595,80.239134,22.6,135.0,EN_ROUTE_TO_PATIENT
2026-08-20 08:53:15,AMB0031,REQ02233,13.055429,80.231752,42.3,135.0,EN_ROUTE_TO_PATIENT
2026-08-20 08:53:19,AMB0031,REQ02233,13.052631,80.224021,27.0,135.0,EN_ROUTE_TO_PATIENT
2026-08-20 08:53:23,AMB0031,REQ02233,13.048523,80.216783,33.9,135.0,EN_ROUTE_TO_PATIENT
2026-08-20 08:53:29,AMB0031,REQ02233,13.044038,80.209397,29.9,135.0,EN_ROUTE_TO_PATIENT
2026-08-20 08:53:35,AMB0031,REQ02233,13.040401,80.202042,26.8,135.0,EN_ROUTE_TO_PATIENT
2026-08-20 08:53:42,AMB0031,REQ02233,13.03638,80.195026,23.1,135.0,EN_ROUTE_TO_PATIENT
2026-08-20 08:53:46,AMB0031,REQ02233,13.032829,80.186673,30.2,135.0,EN_ROUTE_TO_PATIENT
2026-08-20 08:53:54,AMB0031,REQ02233,13.028906,80.179414,47.5,135.0,EN_ROUTE_TO_PATIENT
2026-08-20 08:54:02,AMB0031,REQ02233,13.025472,80.172076,39.7,135.0,EN_ROUTE_TO_PATIENT
2026-08-20 08:54:56,AMB0031,REQ02233,13.025203,80.171794,49.6,135.0,EN_ROUTE_TO_HOSPITAL
2026-08-20 08:55:03,AMB0031,REQ02233,13.025836,80.172823,51.3,135.0,EN_ROUTE_TO_HOSPITAL
2026-08-20 08:55:11,AMB0031,REQ02233,13.024984,80.172937,38.3,135.0,EN_ROUTE_TO_HOSPITAL
2026-08-20 08:55:18,AMB0031,REQ02233,13.024751,80.173305,32.6,135.0,EN_ROUTE_TO_HOSPITAL
2026-08-20 08:55:24,AMB0031,REQ02233,13.024531,80.173659,47.4,135.0,EN_ROUTE_TO_HOSPITAL
2026-08-20 08:55:28,AMB0031,REQ02233,13.024088,80.174941,25.9,135.0,EN_ROUTE_TO_HOSPITAL
2026-08-20 08:55:36,AMB0031,REQ02233,13.023461,80.175378,28.5,135.0,EN_ROUTE_TO_HOSPITAL
2026-08-20 08:55:43,AMB0031,REQ02233,13.023919,80.175597,22.3,135.0,EN_ROUTE_TO_HOSPITAL
2026-08-20 08:55:48,AMB0031,REQ02233,13.023355,80.175787,38.8,135.0,EN_ROUTE_TO_HOSPITAL
2026-08-20 08:55:56,AMB0031,REQ02233,13.022204,80.17644,46.5,135.0,EN_ROUTE_TO_HOSPITAL
2026-08-20 08:56:03,AMB0031,REQ02233,13.022972,80.177727,39.9,135.0,EN_ROUTE_TO_HOSPITAL
2026-08-20 08:56:08,AMB0031,REQ02233,13.022232,80.178303,31.8,135.0,EN_ROUTE_TO_HOSPITAL
2026-08-20 08:56:14,AMB0031,REQ02233,13.021847,80.178032,46.5,135.0,EN_ROUTE_TO_HOSPITAL
2026-08-20 08:56:20,AMB0031,REQ02233,13.021731,80.179217,44.0,135.0,EN_ROUTE_TO_HOSPITAL
2026-08-04 22:13:52,AMB0025,REQ00921,13.102683,80.27029,20.1,135.0,EN_ROUTE_TO_PATIENT
2026-08-04 22:14:00,AMB0025,REQ00921,13.094032,80.268598,26.5,135.0,EN_ROUTE_TO_PATIENT
2026-08-04 22:14:08,AMB0025,REQ00921,13.085868,80.268228,35.8,135.0,EN_ROUTE_TO_PATIENT
2026-08-04 22:14:13,AMB0025,REQ00921,13.076924,80.266167,47.6,135.0,EN_ROUTE_TO_PATIENT
2026-08-04 22:14:21,AMB0025,REQ00921,13.068527,80.265941,35.7,135.0,EN_ROUTE_TO_PATIENT
2026-08-04 22:14:26,AMB0025,REQ00921,13.060459,80.264473,54.4,135.0,EN_ROUTE_TO_PATIENT
2026-08-04 22:14:32,AMB0025,REQ00921,13.052687,80.263791,34.0,135.0,EN_ROUTE_TO_PATIENT
2026-08-04 22:14:38,AMB0025,REQ00921,13.044414,80.262438,50.8,135.0,EN_ROUTE_TO_PATIENT
2026-08-04 22:14:43,AMB0025,REQ00921,13.035779,80.261852,51.2,135.0,EN_ROUTE_TO_PATIENT
2026-08-04 22:14:47,AMB0025,REQ00921,13.027294,80.260577,36.5,135.0,EN_ROUTE_TO_PATIENT
2026-08-04 22:14:55,AMB0025,REQ00921,13.019057,80.259283,44.6,135.0,EN_ROUTE_TO_PATIENT
2026-08-04 22:15:02,AMB0025,REQ00921,13.010299,80.257846,21.0,135.0,EN_ROUTE_TO_PATIENT
2026-08-04 22:15:10,AMB0025,REQ00921,13.002558,80.256767,33.5,135.0,EN_ROUTE_TO_PATIENT
2026-08-04 22:15:18,AMB0025,REQ00921,12.993868,80.256145,40.1,135.0,EN_ROUTE_TO_PATIENT
2026-08-04 22:15:25,AMB0025,REQ00921,12.986031,80.254846,30.7,135.0,EN_ROUTE_TO_PATIENT
2026-08-04 22:15:30,AMB0025,REQ00921,12.977131,80.254077,42.6,135.0,EN_ROUTE_TO_PATIENT
2026-08-04 22:15:36,AMB0025,REQ00921,12.968955,80.253588,54.4,135.0,EN_ROUTE_TO_PATIENT
2026-08-04 22:17:03,AMB0025,REQ00921,12.96972,80.252952,27.9,135.0,EN_ROUTE_TO_HOSPITAL
2026-08-04 22:17:09,AMB0025,REQ00921,12.978473,80.255008,53.4,135.0,EN_ROUTE_TO_HOSPITAL
2026-08-04 22:17:16,AMB0025,REQ00921,12.987634,80.256992,52.2,135.0,EN_ROUTE_TO_HOSPITAL
2026-08-04 22:17:23,AMB0025,REQ00921,12.995763,80.259525,44.5,135.0,EN_ROUTE_TO_HOSPITAL
2026-08-04 22:17:27,AMB0025,REQ00921,13.005794,80.26166,52.9,135.0,EN_ROUTE_TO_HOSPITAL
2026-08-04 22:17:33,AMB0025,REQ00921,13.014108,80.262806,50.8,135.0,EN_ROUTE_TO_HOSPITAL
2026-08-04 22:17:40,AMB0025,REQ00921,13.023558,80.265148,27.2,135.0,EN_ROUTE_TO_HOSPITAL
2026-08-04 22:17:47,AMB0025,REQ00921,13.031854,80.267899,20.7,135.0,EN_ROUTE_TO_HOSPITAL
2026-08-04 22:17:51,AMB0025,REQ00921,13.040894,80.269151,20.6,135.0,EN_ROUTE_TO_HOSPITAL
2026-08-04 22:17:55,AMB0025,REQ00921,13.050581,80.271482,49.5,135.0,EN_ROUTE_TO_HOSPITAL
2026-08-04 22:18:00,AMB0025,REQ00921,13.058856,80.27334,27.5,135.0,EN_ROUTE_TO_HOSPITAL
2026-08-04 22:18:05,AMB0025,REQ00921,13.068684,80.275399,26.6,135.0,EN_ROUTE_TO_HOSPITAL
2026-08-04 22:18:10,AMB0025,REQ00921,13.077855,80.277275,51.2,135.0,EN_ROUTE_TO_HOSPITAL
2026-08-04 22:18:17,AMB0025,REQ00921,13.086659,80.279247,25.6,135.0,EN_ROUTE_TO_HOSPITAL
2026-08-04 22:18:25,AMB0025,REQ00921,13.095884,80.28187,29.9,135.0,EN_ROUTE_TO_HOSPITAL
2026-08-04 22:18:30,AMB0025,REQ00921,13.104442,80.284326,54.9,135.0,EN_ROUTE_TO_HOSPITAL
2026-08-04 22:18:34,AMB0025,REQ00921,13.112963,80.286042,39.0,135.0,EN_ROUTE_TO_HOSPITAL
2026-08-21 08:13:28,AMB0065,REQ00970,13.052191,80.261119,49.8,135.0,EN_ROUTE_TO_PATIENT
2026-08-21 08:13:34,AMB0065,REQ00970,13.044738,80.256052,43.5,135.0,EN_ROUTE_TO_PATIENT
2026-08-21 08:13:38,AMB0065,REQ00970,13.035936,80.250847,29.9,135.0,EN_ROUTE_TO_PATIENT
2026-08-21 08:13:44,AMB0065,REQ00970,13.028306,80.24574,47.3,135.0,EN_ROUTE_TO_PATIENT
2026-08-21 08:13:50,AMB0065,REQ00970,13.020487,80.240544,25.7,135.0,EN_ROUTE_TO_PATIENT
2026-08-21 08:13:55,AMB0065,REQ00970,13.011855,80.23464,32.9,135.0,EN_ROUTE_TO_PATIENT
2026-08-21 08:14:03,AMB0065,REQ00970,13.004572,80.229327,38.9,135.0,EN_ROUTE_TO_PATIENT
2026-08-21 08:14:10,AMB0065,REQ00970,12.996521,80.223692,42.0,135.0,EN_ROUTE_TO_PATIENT
2026-08-21 08:14:15,AMB0065,REQ00970,12.98736,80.21873,23.4,135.0,EN_ROUTE_TO_PATIENT
2026-08-21 08:15:10,AMB0065,REQ00970,12.98815,80.218915,28.2,135.0,EN_ROUTE_TO_HOSPITAL
2026-08-21 08:15:18,AMB0065,REQ00970,12.986858,80.218409,21.6,135.0,EN_ROUTE_TO_HOSPITAL
2026-08-21 08:15:24,AMB0065,REQ00970,12.986647,80.218745,44.0,135.0,EN_ROUTE_TO_HOSPITAL
2026-08-21 08:15:31,AMB0065,REQ00970,12.986227,80.219227,49.5,135.0,EN_ROUTE_TO_HOSPITAL
2026-08-21 08:15:39,AMB0065,REQ00970,12.98591,80.218965,42.7,135.0,EN_ROUTE_TO_HOSPITAL
2026-08-21 08:15:45,AMB0065,REQ00970,12.985945,80.219695,46.1,135.0,EN_ROUTE_TO_HOSPITAL
2026-08-21 08:15:53,AMB0065,REQ00970,12.985451,80.219385,37.9,135.0,EN_ROUTE_TO_HOSPITAL
2026-08-21 08:15:57,AMB0065,REQ00970,12.984906,80.220204,50.7,135.0,EN_ROUTE_TO_HOSPITAL
2026-08-21 08:16:05,AMB0065,REQ00970,12.983798,80.220039,46.6,135.0,EN_ROUTE_TO_HOSPITAL
2026-08-21 08:16:12,AMB0065,REQ00970,12.983423,80.220013,48.8,135.0,EN_ROUTE_TO_HOSPITAL
2026-08-21 08:16:20,AMB0065,REQ00970,12.982353,80.219424,21.0,135.0,EN_ROUTE_TO_HOSPITAL
2026-08-21 08:16:27,AMB0065,REQ00970,12.982376,80.220077,32.9,135.0,EN_ROUTE_TO_HOSPITAL
2026-08-21 08:16:32,AMB0065,REQ00970,12.98158,80.220234,55.0,135.0,EN_ROUTE_TO_HOSPITAL
2026-08-21 08:16:37,AMB0065,REQ00970,12.981338,80.220339,43.1,135.0,EN_ROUTE_TO_HOSPITAL
2026-08-21 08:16:45,AMB0065,REQ00970,12.981313,80.220883,39.3,135.0,EN_ROUTE_TO_HOSPITAL
2026-08-21 08:16:51,AMB0065,REQ00970,12.980121,80.220591,46.8,135.0,EN_ROUTE_TO_HOSPITAL
2026-08-21 08:16:58,AMB0065,REQ00970,12.97971,80.22073,46.7,135.0,EN_ROUTE_TO_HOSPITAL
2026-09-02 11:31:35,AMB0076,REQ02285,13.041961,80.20692,40.1,135.0,EN_ROUTE_TO_PATIENT
2026-09-02 11:31:39,AMB0076,REQ02285,13.043043,80.212325,47.1,135.0,EN_ROUTE_TO_PATIENT
2026-09-02 11:31:43,AMB0076,REQ02285,13.04363,80.218946,32.1,135.0,EN_ROUTE_TO_PATIENT
2026-09-02 11:31:50,AMB0076,REQ02285,13.04569,80.225044,33.6,135.0,EN_ROUTE_TO_PATIENT
2026-09-02 11:31:58,AMB0076,REQ02285,13.047523,80.231122,34.0,135.0,EN_ROUTE_TO_PATIENT
2026-09-02 11:32:06,AMB0076,REQ02285,13.048728,80.237624,45.5,135.0,EN_ROUTE_TO_PATIENT
2026-09-02 11:32:13,AMB0076,REQ02285,13.049875,80.244283,22.3,135.0,EN_ROUTE_TO_PATIENT
2026-09-02 11:32:19,AMB0076,REQ02285,13.050865,80.249672,49.6,135.0,EN_ROUTE_TO_PATIENT
2026-09-02 11:32:26,AMB0076,REQ02285,13.052791,80.256596,31.3,135.0,EN_ROUTE_TO_PATIENT
2026-09-02 11:33:07,AMB0076,REQ02285,13.052664,80.255667,29.1,135.0,EN_ROUTE_TO_HOSPITAL
2026-09-02 11:33:14,AMB0076,REQ02285,13.056568,80.257776,51.5,135.0,EN_ROUTE_TO_HOSPITAL
2026-09-02 11:33:21,AMB0076,REQ02285,13.060569,80.259652,46.7,135.0,EN_ROUTE_TO_HOSPITAL
2026-09-02 11:33:25,AMB0076,REQ02285,13.063824,80.262332,21.0,135.0,EN_ROUTE_TO_HOSPITAL
2026-09-02 11:33:32,AMB0076,REQ02285,13.067188,80.264291,34.4,135.0,EN_ROUTE_TO_HOSPITAL
2026-09-02 11:33:37,AMB0076,REQ02285,13.071358,80.265555,34.4,135.0,EN_ROUTE_TO_HOSPITAL
2026-09-02 11:33:42,AMB0076,REQ02285,13.075003,80.267788,49.5,135.0,EN_ROUTE_TO_HOSPITAL
2026-09-02 11:33:49,AMB0076,REQ02285,13.079615,80.269202,27.6,135.0,EN_ROUTE_TO_HOSPITAL
2026-09-02 11:33:53,AMB0076,REQ02285,13.083093,80.271708,26.3,135.0,EN_ROUTE_TO_HOSPITAL
2026-09-02 11:33:59,AMB0076,REQ02285,13.08617,80.273144,51.8,135.0,EN_ROUTE_TO_HOSPITAL
2026-09-02 11:34:06,AMB0076,REQ02285,13.090859,80.274618,39.0,135.0,EN_ROUTE_TO_HOSPITAL
2026-09-02 11:34:13,AMB0076,REQ02285,13.094115,80.276263,31.8,135.0,EN_ROUTE_TO_HOSPITAL
2026-09-02 11:34:18,AMB0076,REQ02285,13.097703,80.278582,31.7,135.0,EN_ROUTE_TO_HOSPITAL
2026-09-02 11:34:26,AMB0076,REQ02285,13.102431,80.28052,33.4,135.0,EN_ROUTE_TO_HOSPITAL
2026-09-02 11:34:33,AMB0076,REQ02285,13.105443,80.28169,36.1,135.0,EN_ROUTE_TO_HOSPITAL
2026-09-02 11:34:38,AMB0076,REQ02285,13.109437,80.283933,34.9,135.0,EN_ROUTE_TO_HOSPITAL
2026-09-02 11:34:42,AMB0076,REQ02285,13.112907,80.286181,27.7,135.0,EN_ROUTE_TO_HOSPITAL
2026-09-05 15:04:28,AMB0048,REQ00114,13.068141,80.191481,46.5,135.0,EN_ROUTE_TO_PATIENT
2026-09-05 15:04:34,AMB0048,REQ00114,13.066522,80.199788,53.6,135.0,EN_ROUTE_TO_PATIENT
2026-09-05 15:04:38,AMB0048,REQ00114,13.065153,80.208566,23.6,135.0,EN_ROUTE_TO_PATIENT
2026-09-05 15:04:43,AMB0048,REQ00114,13.063282,80.217603,32.0,135.0,EN_ROUTE_TO_PATIENT
2026-09-05 15:04:50,AMB0048,REQ00114,13.062415,80.226632,52.2,135.0,EN_ROUTE_TO_PATIENT
2026-09-05 15:04:58,AMB0048,REQ00114,13.059939,80.234655,49.4,135.0,EN_ROUTE_TO_PATIENT
2026-09-05 15:05:05,AMB0048,REQ00114,13.058749,80.243724,52.9,135.0,EN_ROUTE_TO_PATIENT
2026-09-05 15:05:13,AMB0048,REQ00114,13.056628,80.252522,32.9,135.0,EN_ROUTE_TO_PATIENT
2026-09-05 15:05:17,AMB0048,REQ00114,13.055019,80.260782,29.4,135.0,EN_ROUTE_TO_PATIENT
2026-09-05 15:05:24,AMB0048,REQ00114,13.05303,80.270161,35.5,135.0,EN_ROUTE_TO_PATIENT
2026-09-05 15:06:22,AMB0048,REQ00114,13.053788,80.270372,27.1,135.0,EN_ROUTE_TO_HOSPITAL
2026-09-05 15:06:28,AMB0048,REQ00114,13.051864,80.26871,41.5,135.0,EN_ROUTE_TO_HOSPITAL
2026-09-05 15:06:33,AMB0048,REQ00114,13.048962,80.266909,38.3,135.0,EN_ROUTE_TO_HOSPITAL
2026-09-05 15:06:41,AMB0048,REQ00114,13.047181,80.265601,47.8,135.0,EN_ROUTE_TO_HOSPITAL
2026-09-05 15:06:46,AMB0048,REQ00114,13.045392,80.264705,42.8,135.0,EN_ROUTE_TO_HOSPITAL
2026-09-05 15:06:53,AMB0048,REQ00114,13.044139,80.263172,37.9,135.0,EN_ROUTE_TO_HOSPITAL
2026-09-05 15:07:00,AMB0048,REQ00114,13.041824,80.26228,50.8,135.0,EN_ROUTE_TO_HOSPITAL
2026-09-05 15:07:04,AMB0048,REQ00114,13.039354,80.261251,23.3,135.0,EN_ROUTE_TO_HOSPITAL
2026-09-05 15:07:12,AMB0048,REQ00114,13.037343,80.260243,22.3,135.0,EN_ROUTE_TO_HOSPITAL
2026-09-05 15:07:17,AMB0048,REQ00114,13.036018,80.258087,39.5,135.0,EN_ROUTE_TO_HOSPITAL
2026-09-05 15:07:23,AMB0048,REQ00114,13.033427,80.257439,47.0,135.0,EN_ROUTE_TO_HOSPITAL
2026-09-07 22:50:13,AMB0035,REQ02164,13.077112,80.244629,38.2,135.0,EN_ROUTE_TO_PATIENT
2026-09-07 22:50:21,AMB0035,REQ02164,13.074525,80.243832,42.2,135.0,EN_ROUTE_TO_PATIENT
2026-09-07 22:50:27,AMB0035,REQ02164,13.073433,80.24306,30.0,135.0,EN_ROUTE_TO_PATIENT
2026-09-07 22:50:35,AMB0035,REQ02164,13.070894,80.242984,53.7,135.0,EN_ROUTE_TO_PATIENT
2026-09-07 22:50:40,AMB0035,REQ02164,13.069003,80.242106,20.8,135.0,EN_ROUTE_TO_PATIENT
2026-09-07 22:50:46,AMB0035,REQ02164,13.066747,80.241247,24.9,135.0,EN_ROUTE_TO_PATIENT
2026-09-07 22:50:53,AMB0035,REQ02164,13.064639,80.240509,28.2,135.0,EN_ROUTE_TO_PATIENT
2026-09-07 22:51:01,AMB0035,REQ02164,13.062856,80.240808,40.4,135.0,EN_ROUTE_TO_PATIENT
2026-09-07 22:51:09,AMB0035,REQ02164,13.060575,80.240254,53.4,135.0,EN_ROUTE_TO_PATIENT
2026-09-07 22:51:13,AMB0035,REQ02164,13.058159,80.238959,31.0,135.0,EN_ROUTE_TO_PATIENT
2026-09-07 22:51:21,AMB0035,REQ02164,13.055381,80.238945,35.0,135.0,EN_ROUTE_TO_PATIENT
2026-09-07 22:52:42,AMB0035,REQ02164,13.056133,80.23932,29.7,135.0,EN_ROUTE_TO_HOSPITAL
2026-09-07 22:52:50,AMB0035,REQ02164,13.059503,80.242475,48.9,135.0,EN_ROUTE_TO_HOSPITAL
2026-09-07 22:52:55,AMB0035,REQ02164,13.064309,80.246352,39.7,135.0,EN_ROUTE_TO_HOSPITAL
2026-09-07 22:53:02,AMB0035,REQ02164,13.067627,80.249596,22.8,135.0,EN_ROUTE_TO_HOSPITAL
2026-09-07 22:53:07,AMB0035,REQ02164,13.071916,80.253376,20.4,135.0,EN_ROUTE_TO_HOSPITAL
2026-09-07 22:53:13,AMB0035,REQ02164,13.075598,80.256645,25.2,135.0,EN_ROUTE_TO_HOSPITAL
2026-09-07 22:53:21,AMB0035,REQ02164,13.079998,80.261421,35.7,135.0,EN_ROUTE_TO_HOSPITAL
2026-09-07 22:53:25,AMB0035,REQ02164,13.082999,80.2646,24.2,135.0,EN_ROUTE_TO_HOSPITAL
2026-09-07 22:53:29,AMB0035,REQ02164,13.08681,80.267926,33.2,135.0,EN_ROUTE_TO_HOSPITAL
2026-09-07 22:53:35,AMB0035,REQ02164,13.090667,80.272261,34.9,135.0,EN_ROUTE_TO_HOSPITAL
2026-09-07 22:53:41,AMB0035,REQ02164,13.095427,80.275786,25.3,135.0,EN_ROUTE_TO_HOSPITAL
2026-09-07 22:53:45,AMB0035,REQ02164,13.098625,80.278808,42.0,135.0,EN_ROUTE_TO_HOSPITAL
2026-09-07 22:53:50,AMB0035,REQ02164,13.103254,80.283388,50.5,135.0,EN_ROUTE_TO_HOSPITAL
2026-09-07 22:53:56,AMB0035,REQ02164,13.106991,80.286907,34.2,135.0,EN_ROUTE_TO_HOSPITAL
2026-08-03 18:04:09,AMB0067,REQ00801,13.033242,80.268273,31.5,135.0,EN_ROUTE_TO_PATIENT
2026-08-03 18:04:17,AMB0067,REQ00801,13.042929,80.269069,46.6,135.0,EN_ROUTE_TO_PATIENT
2026-08-03 18:04:23,AMB0067,REQ00801,13.052026,80.269641,39.2,135.0,EN_ROUTE_TO_PATIENT
2026-08-03 18:04:27,AMB0067,REQ00801,13.060901,80.27026,38.5,135.0,EN_ROUTE_TO_PATIENT
2026-08-03 18:04:34,AMB0067,REQ00801,13.069939,80.270866,24.9,135.0,EN_ROUTE_TO_PATIENT
2026-08-03 18:04:42,AMB0067,REQ00801,13.079919,80.271494,27.2,135.0,EN_ROUTE_TO_PATIENT
2026-08-03 18:04:50,AMB0067,REQ00801,13.0886,80.271586,29.4,135.0,EN_ROUTE_TO_PATIENT
2026-08-03 18:04:58,AMB0067,REQ00801,13.098437,80.272133,42.7,135.0,EN_ROUTE_TO_PATIENT
2026-08-03 18:05:02,AMB0067,REQ00801,13.106622,80.272274,40.1,135.0,EN_ROUTE_TO_PATIENT
2026-08-03 18:05:09,AMB0067,REQ00801,13.116789,80.27351,22.8,135.0,EN_ROUTE_TO_PATIENT
2026-08-03 18:05:16,AMB0067,REQ00801,13.126131,80.274584,54.5,135.0,EN_ROUTE_TO_PATIENT
2026-08-03 18:05:21,AMB0067,REQ00801,13.134718,80.274916,46.7,135.0,EN_ROUTE_TO_PATIENT
2026-08-03 18:06:55,AMB0067,REQ00801,13.134848,80.275222,21.7,135.0,EN_ROUTE_TO_HOSPITAL
2026-08-03 18:06:59,AMB0067,REQ00801,13.127151,80.264362,29.0,135.0,EN_ROUTE_TO_HOSPITAL
2026-08-03 18:07:06,AMB0067,REQ00801,13.120107,80.25432,44.7,135.0,EN_ROUTE_TO_HOSPITAL
2026-08-03 18:07:10,AMB0067,REQ00801,13.113255,80.244074,47.6,135.0,EN_ROUTE_TO_HOSPITAL
2026-08-03 18:07:16,AMB0067,REQ00801,13.105222,80.233145,21.6,135.0,EN_ROUTE_TO_HOSPITAL
2026-08-03 18:07:22,AMB0067,REQ00801,13.097527,80.222647,51.4,135.0,EN_ROUTE_TO_HOSPITAL
2026-08-03 18:07:30,AMB0067,REQ00801,13.090006,80.213007,31.9,135.0,EN_ROUTE_TO_HOSPITAL
2026-08-03 18:07:38,AMB0067,REQ00801,13.082571,80.202738,21.3,135.0,EN_ROUTE_TO_HOSPITAL
2026-08-03 18:07:42,AMB0067,REQ00801,13.076138,80.19229,26.8,135.0,EN_ROUTE_TO_HOSPITAL
2026-08-03 18:07:49,AMB0067,REQ00801,13.068715,80.182153,52.3,135.0,EN_ROUTE_TO_HOSPITAL
2026-08-03 18:07:57,AMB0067,REQ00801,13.060777,80.171141,52.7,135.0,EN_ROUTE_TO_HOSPITAL
2026-08-03 18:08:01,AMB0067,REQ00801,13.05297,80.161572,52.4,135.0,EN_ROUTE_TO_HOSPITAL
2026-08-03 18:08:07,AMB0067,REQ00801,13.046508,80.15106,34.8,135.0,EN_ROUTE_TO_HOSPITAL
2026-08-03 18:08:12,AMB0067,REQ00801,13.038701,80.140685,40.6,135.0,EN_ROUTE_TO_HOSPITAL
2026-08-15 13:27:41,AMB0055,REQ01824,13.056093,80.212165,27.5,135.0,EN_ROUTE_TO_PATIENT
2026-08-15 13:27:45,AMB0055,REQ01824,13.05631,80.211824,47.6,135.0,EN_ROUTE_TO_PATIENT
2026-08-15 13:27:50,AMB0055,REQ01824,13.05639,80.210558,26.9,135.0,EN_ROUTE_TO_PATIENT
2026-08-15 13:27:55,AMB0055,REQ01824,13.057077,80.209166,39.4,135.0,EN_ROUTE_TO_PATIENT
2026-08-15 13:28:00,AMB0055,REQ01824,13.057114,80.207835,42.5,135.0,EN_ROUTE_TO_PATIENT
2026-08-15 13:28:05,AMB0055,REQ01824,13.057723,80.205508,41.7,135.0,EN_ROUTE_TO_PATIENT
2026-08-15 13:28:12,AMB0055,REQ01824,13.057917,80.204387,31.2,135.0,EN_ROUTE_TO_PATIENT
2026-08-15 13:28:16,AMB0055,REQ01824,13.05904,80.203819,47.2,135.0,EN_ROUTE_TO_PATIENT
2026-08-15 13:28:24,AMB0055,REQ01824,13.059689,80.202716,36.5,135.0,EN_ROUTE_TO_PATIENT
2026-08-15 13:28:30,AMB0055,REQ01824,13.059884,80.201519,52.3,135.0,EN_ROUTE_TO_PATIENT
2026-08-15 13:28:36,AMB0055,REQ01824,13.060651,80.199204,48.2,135.0,EN_ROUTE_TO_PATIENT
2026-08-15 13:28:40,AMB0055,REQ01824,13.060331,80.197954,47.9,135.0,EN_ROUTE_TO_PATIENT
2026-08-15 13:28:46,AMB0055,REQ01824,13.060558,80.196629,44.1,135.0,EN_ROUTE_TO_PATIENT
2026-08-15 13:28:53,AMB0055,REQ01824,13.061872,80.196368,31.3,135.0,EN_ROUTE_TO_PATIENT
2026-08-15 13:28:58,AMB0055,REQ01824,13.06138,80.194056,26.4,135.0,EN_ROUTE_TO_PATIENT
2026-08-15 13:29:02,AMB0055,REQ01824,13.061636,80.193454,52.2,135.0,EN_ROUTE_TO_PATIENT
2026-08-15 13:30:32,AMB0055,REQ01824,13.062039,80.192633,41.7,135.0,EN_ROUTE_TO_HOSPITAL
2026-08-15 13:30:39,AMB0055,REQ01824,13.062866,80.19863,21.2,135.0,EN_ROUTE_TO_HOSPITAL
2026-08-15 13:30:44,AMB0055,REQ01824,13.063725,80.204657,45.4,135.0,EN_ROUTE_TO_HOSPITAL
2026-08-15 13:30:50,AMB0055,REQ01824,13.063163,80.209558,40.4,135.0,EN_ROUTE_TO_HOSPITAL
2026-08-15 13:30:54,AMB0055,REQ01824,13.063779,80.215036,29.7,135.0,EN_ROUTE_TO_HOSPITAL
2026-08-15 13:30:58,AMB0055,REQ01824,13.064868,80.220416,20.4,135.0,EN_ROUTE_TO_HOSPITAL
2026-08-15 13:31:05,AMB0055,REQ01824,13.064779,80.225905,50.3,135.0,EN_ROUTE_TO_HOSPITAL
2026-08-15 13:31:12,AMB0055,REQ01824,13.065284,80.23105,48.6,135.0,EN_ROUTE_TO_HOSPITAL
2026-08-15 13:31:19,AMB0055,REQ01824,13.066165,80.236873,38.0,135.0,EN_ROUTE_TO_HOSPITAL
2026-08-15 13:31:26,AMB0055,REQ01824,13.066365,80.242589,37.4,135.0,EN_ROUTE_TO_HOSPITAL
2026-08-15 13:31:32,AMB0055,REQ01824,13.067452,80.247468,45.9,135.0,EN_ROUTE_TO_HOSPITAL
2026-08-15 13:31:39,AMB0055,REQ01824,13.068179,80.2534,52.0,135.0,EN_ROUTE_TO_HOSPITAL
2026-08-15 13:31:43,AMB0055,REQ01824,13.068218,80.257969,29.7,135.0,EN_ROUTE_TO_HOSPITAL
2026-08-15 13:31:49,AMB0055,REQ01824,13.068486,80.263976,46.3,135.0,EN_ROUTE_TO_HOSPITAL
2026-08-15 13:31:55,AMB0055,REQ01824,13.068744,80.269291,32.0,135.0,EN_ROUTE_TO_HOSPITAL
2026-08-15 13:32:03,AMB0055,REQ01824,13.069741,80.274969,29.9,135.0,EN_ROUTE_TO_HOSPITAL
2026-09-04 21:12:13,AMB0004,REQ02576,13.160875,80.301018,43.4,135.0,EN_ROUTE_TO_PATIENT
2026-09-04 21:12:20,AMB0004,REQ02576,13.147188,80.294613,41.3,135.0,EN_ROUTE_TO_PATIENT
2026-09-04 21:12:24,AMB0004,REQ02576,13.134298,80.287126,31.5,135.0,EN_ROUTE_TO_PATIENT
2026-09-04 21:12:30,AMB0004,REQ02576,13.120668,80.279312,47.4,135.0,EN_ROUTE_TO_PATIENT
2026-09-04 21:12:36,AMB0004,REQ02576,13.106136,80.272215,40.5,135.0,EN_ROUTE_TO_PATIENT
2026-09-04 21:12:44,AMB0004,REQ02576,13.092983,80.265182,20.4,135.0,EN_ROUTE_TO_PATIENT
2026-09-04 21:12:48,AMB0004,REQ02576,13.07978,80.257577,28.5,135.0,EN_ROUTE_TO_PATIENT
2026-09-04 21:12:54,AMB0004,REQ02576,13.06517,80.25124,34.7,135.0,EN_ROUTE_TO_PATIENT
2026-09-04 21:12:59,AMB0004,REQ02576,13.051697,80.243009,36.1,135.0,EN_ROUTE_TO_PATIENT
2026-09-04 21:13:03,AMB0004,REQ02576,13.038439,80.236456,51.2,135.0,EN_ROUTE_TO_PATIENT
2026-09-04 21:13:07,AMB0004,REQ02576,13.02429,80.229178,20.6,135.0,EN_ROUTE_TO_PATIENT
2026-09-04 21:13:13,AMB0004,REQ02576,13.011449,80.221288,21.4,135.0,EN_ROUTE_TO_PATIENT
2026-09-04 21:13:21,AMB0004,REQ02576,12.997376,80.214934,23.5,135.0,EN_ROUTE_TO_PATIENT
2026-09-04 21:13:25,AMB0004,REQ02576,12.98421,80.207634,54.1,135.0,EN_ROUTE_TO_PATIENT
2026-09-04 21:14:43,AMB0004,REQ02576,12.983468,80.207808,32.7,135.0,EN_ROUTE_TO_HOSPITAL
2026-09-04 21:14:50,AMB0004,REQ02576,12.987043,80.209948,25.2,135.0,EN_ROUTE_TO_HOSPITAL
2026-09-04 21:14:54,AMB0004,REQ02576,12.990002,80.214094,36.1,135.0,EN_ROUTE_TO_HOSPITAL
2026-09-04 21:15:00,AMB0004,REQ02576,12.99302,80.216806,20.2,135.0,EN_ROUTE_TO_HOSPITAL
2026-09-04 21:15:08,AMB0004,REQ02576,12.995823,80.220423,39.5,135.0,EN_ROUTE_TO_HOSPITAL
2026-09-04 21:15:14,AMB0004,REQ02576,12.999518,80.22291,36.6,135.0,EN_ROUTE_TO_HOSPITAL
2026-09-04 21:15:21,AMB0004,REQ02576,13.002927,80.226254,32.7,135.0,EN_ROUTE_TO_HOSPITAL
2026-09-04 21:15:26,AMB0004,REQ02576,13.004972,80.228818,22.6,135.0,EN_ROUTE_TO_HOSPITAL
2026-09-04 21:15:30,AMB0004,REQ02576,13.009094,80.232009,32.7,135.0,EN_ROUTE_TO_HOSPITAL
2026-09-04 21:15:36,AMB0004,REQ02576,13.01188,80.2358,31.3,135.0,EN_ROUTE_TO_HOSPITAL
2026-09-04 21:15:40,AMB0004,REQ02576,13.014988,80.238071,34.7,135.0,EN_ROUTE_TO_HOSPITAL
2026-09-04 21:15:45,AMB0004,REQ02576,13.018454,80.242115,46.1,135.0,EN_ROUTE_TO_HOSPITAL
2026-09-04 21:15:53,AMB0004,REQ02576,13.021036,80.244295,38.5,135.0,EN_ROUTE_TO_HOSPITAL
2026-09-04 21:16:01,AMB0004,REQ02576,13.024187,80.247265,38.7,135.0,EN_ROUTE_TO_HOSPITAL
2026-09-04 21:16:08,AMB0004,REQ02576,13.027704,80.251057,49.5,135.0,EN_ROUTE_TO_HOSPITAL
2026-09-04 21:16:15,AMB0004,REQ02576,13.03069,80.253778,53.8,135.0,EN_ROUTE_TO_HOSPITAL
2026-09-04 21:16:19,AMB0004,REQ02576,13.033755,80.256628,40.8,135.0,EN_ROUTE_TO_HOSPITAL
2026-09-07 13:10:23,AMB0127,REQ02340,12.9521,80.262665,37.9,135.0,EN_ROUTE_TO_PATIENT
2026-09-07 13:10:27,AMB0127,REQ02340,12.973542,80.259527,26.2,135.0,EN_ROUTE_TO_PATIENT
2026-09-07 13:10:33,AMB0127,REQ02340,12.995931,80.255993,46.5,135.0,EN_ROUTE_TO_PATIENT
2026-09-07 13:10:38,AMB0127,REQ02340,13.017825,80.252864,49.2,135.0,EN_ROUTE_TO_PATIENT
2026-09-07 13:10:46,AMB0127,REQ02340,13.039813,80.248923,21.9,135.0,EN_ROUTE_TO_PATIENT
2026-09-07 13:10:50,AMB0127,REQ02340,13.061016,80.245728,32.1,135.0,EN_ROUTE_TO_PATIENT
2026-09-07 13:10:55,AMB0127,REQ02340,13.083515,80.242054,25.9,135.0,EN_ROUTE_TO_PATIENT
2026-09-07 13:11:02,AMB0127,REQ02340,13.105053,80.239014,31.0,135.0,EN_ROUTE_TO_PATIENT
2026-09-07 13:11:10,AMB0127,REQ02340,13.127025,80.235493,23.0,135.0,EN_ROUTE_TO_PATIENT
2026-09-07 13:11:17,AMB0127,REQ02340,13.149166,80.232362,36.2,135.0,EN_ROUTE_TO_PATIENT
2026-09-07 13:12:36,AMB0127,REQ02340,13.149752,80.23174,42.6,135.0,EN_ROUTE_TO_HOSPITAL
2026-09-07 13:12:42,AMB0127,REQ02340,13.141827,80.233397,36.4,135.0,EN_ROUTE_TO_HOSPITAL
2026-09-07 13:12:47,AMB0127,REQ02340,13.134368,80.234934,34.8,135.0,EN_ROUTE_TO_HOSPITAL
2026-09-07 13:12:54,AMB0127,REQ02340,13.126518,80.236557,38.6,135.0,EN_ROUTE_TO_HOSPITAL
2026-09-07 13:12:59,AMB0127,REQ02340,13.117923,80.23889,27.8,135.0,EN_ROUTE_TO_HOSPITAL
2026-09-07 13:13:05,AMB0127,REQ02340,13.110949,80.24082,44.2,135.0,EN_ROUTE_TO_HOSPITAL
2026-09-07 13:13:10,AMB0127,REQ02340,13.102691,80.241881,49.5,135.0,EN_ROUTE_TO_HOSPITAL
2026-09-07 13:13:15,AMB0127,REQ02340,13.095266,80.243107,34.9,135.0,EN_ROUTE_TO_HOSPITAL
2026-09-07 13:13:19,AMB0127,REQ02340,13.087854,80.245357,22.4,135.0,EN_ROUTE_TO_HOSPITAL
2026-09-07 13:13:23,AMB0127,REQ02340,13.080102,80.247062,38.9,135.0,EN_ROUTE_TO_HOSPITAL
2026-09-07 13:13:27,AMB0127,REQ02340,13.072152,80.248253,51.1,135.0,EN_ROUTE_TO_HOSPITAL
2026-09-07 13:13:32,AMB0127,REQ02340,13.064694,80.250697,52.1,135.0,EN_ROUTE_TO_HOSPITAL
2026-09-07 13:13:39,AMB0127,REQ02340,13.0571,80.251565,27.4,135.0,EN_ROUTE_TO_HOSPITAL
2026-09-07 13:13:47,AMB0127,REQ02340,13.04955,80.254062,52.8,135.0,EN_ROUTE_TO_HOSPITAL
2026-09-07 13:13:55,AMB0127,REQ02340,13.041648,80.255123,43.0,135.0,EN_ROUTE_TO_HOSPITAL
2026-09-07 13:13:59,AMB0127,REQ02340,13.033584,80.257466,42.0,135.0,EN_ROUTE_TO_HOSPITAL
2026-08-03 16:56:30,AMB0034,REQ01112,13.077102,80.240333,23.8,135.0,EN_ROUTE_TO_PATIENT
2026-08-03 16:56:34,AMB0034,REQ01112,13.073281,80.237792,21.1,135.0,EN_ROUTE_TO_PATIENT
2026-08-03 16:56:40,AMB0034,REQ01112,13.068894,80.234273,23.9,135.0,EN_ROUTE_TO_PATIENT
2026-08-03 16:56:44,AMB0034,REQ01112,13.063637,80.231721,29.0,135.0,EN_ROUTE_TO_PATIENT
2026-08-03 16:56:52,AMB0034,REQ01112,13.059122,80.22765,37.6,135.0,EN_ROUTE_TO_PATIENT
2026-08-03 16:56:56,AMB0034,REQ01112,13.05558,80.224818,47.6,135.0,EN_ROUTE_TO_PATIENT
2026-08-03 16:57:02,AMB0034,REQ01112,13.050397,80.222407,46.3,135.0,EN_ROUTE_TO_PATIENT
2026-08-03 16:57:06,AMB0034,REQ01112,13.04662,80.219094,21.5,135.0,EN_ROUTE_TO_PATIENT
2026-08-03 16:57:12,AMB0034,REQ01112,13.041357,80.216231,39.4,135.0,EN_ROUTE_TO_PATIENT
2026-08-03 16:57:18,AMB0034,REQ01112,13.036978,80.212738,38.9,135.0,EN_ROUTE_TO_PATIENT
2026-08-03 16:57:23,AMB0034,REQ01112,13.033317,80.209028,31.9,135.0,EN_ROUTE_TO_PATIENT
2026-08-03 16:58:05,AMB0034,REQ01112,13.032482,80.209852,48.6,135.0,EN_ROUTE_TO_HOSPITAL
2026-08-03 16:58:12,AMB0034,REQ01112,13.03603,80.211057,31.7,135.0,EN_ROUTE_TO_HOSPITAL
2026-08-03 16:58:17,AMB0034,REQ01112,13.038937,80.214032,53.6,135.0,EN_ROUTE_TO_HOSPITAL
2026-08-03 16:58:22,AMB0034,REQ01112,13.041955,80.21615,30.5,135.0,EN_ROUTE_TO_HOSPITAL
2026-08-03 16:58:29,AMB0034,REQ01112,13.043789,80.218006,41.5,135.0,EN_ROUTE_TO_HOSPITAL
2026-08-03 16:58:37,AMB0034,REQ01112,13.046718,80.220227,46.0,135.0,EN_ROUTE_TO_HOSPITAL
2026-08-03 16:58:43,AMB0034,REQ01112,13.050288,80.221717,26.4,135.0,EN_ROUTE_TO_HOSPITAL
2026-08-03 16:58:48,AMB0034,REQ01112,13.053253,80.223511,43.9,135.0,EN_ROUTE_TO_HOSPITAL
2026-08-03 16:58:54,AMB0034,REQ01112,13.055274,80.226048,36.7,135.0,EN_ROUTE_TO_HOSPITAL
2026-08-03 16:58:58,AMB0034,REQ01112,13.058835,80.228633,48.2,135.0,EN_ROUTE_TO_HOSPITAL
2026-08-03 16:59:06,AMB0034,REQ01112,13.060802,80.230209,49.8,135.0,EN_ROUTE_TO_HOSPITAL
2026-08-03 16:59:13,AMB0034,REQ01112,13.064033,80.232615,39.3,135.0,EN_ROUTE_TO_HOSPITAL
2026-08-03 16:59:19,AMB0034,REQ01112,13.066621,80.233788,45.6,135.0,EN_ROUTE_TO_HOSPITAL
2026-08-03 16:59:24,AMB0034,REQ01112,13.069797,80.236461,52.2,135.0,EN_ROUTE_TO_HOSPITAL
2026-08-03 16:59:31,AMB0034,REQ01112,13.07257,80.238568,52.6,135.0,EN_ROUTE_TO_HOSPITAL
2026-08-03 16:59:37,AMB0034,REQ01112,13.075213,80.241076,49.5,135.0,EN_ROUTE_TO_HOSPITAL
2026-08-03 16:59:43,AMB0034,REQ01112,13.078291,80.243072,38.5,135.0,EN_ROUTE_TO_HOSPITAL
2026-08-23 18:34:59,AMB0094,REQ01922,13.009604,80.254733,53.2,135.0,EN_ROUTE_TO_PATIENT
2026-08-23 18:35:05,AMB0094,REQ01922,12.996042,80.252125,52.1,135.0,EN_ROUTE_TO_PATIENT
2026-08-23 18:35:10,AMB0094,REQ01922,12.982293,80.249059,40.1,135.0,EN_ROUTE_TO_PATIENT
2026-08-23 18:35:18,AMB0094,REQ01922,12.968847,80.246941,25.6,135.0,EN_ROUTE_TO_PATIENT
2026-08-23 18:35:25,AMB0094,REQ01922,12.954452,80.24506,36.5,135.0,EN_ROUTE_TO_PATIENT
2026-08-23 18:35:32,AMB0094,REQ01922,12.941138,80.242644,23.1,135.0,EN_ROUTE_TO_PATIENT
2026-08-23 18:35:38,AMB0094,REQ01922,12.926707,80.239006,38.7,135.0,EN_ROUTE_TO_PATIENT
2026-08-23 18:35:46,AMB0094,REQ01922,12.913233,80.23688,53.7,135.0,EN_ROUTE_TO_PATIENT
2026-08-23 18:35:53,AMB0094,REQ01922,12.8995,80.234231,24.1,135.0,EN_ROUTE_TO_PATIENT
2026-08-23 18:36:00,AMB0094,REQ01922,12.885405,80.231404,20.8,135.0,EN_ROUTE_TO_PATIENT
2026-08-23 18:36:04,AMB0094,REQ01922,12.870602,80.229089,27.2,135.0,EN_ROUTE_TO_PATIENT
2026-08-23 18:36:08,AMB0094,REQ01922,12.857528,80.226736,28.5,135.0,EN_ROUTE_TO_PATIENT
2026-08-23 18:36:15,AMB0094,REQ01922,12.843464,80.224428,37.6,135.0,EN_ROUTE_TO_PATIENT
2026-08-23 18:36:19,AMB0094,REQ01922,12.829927,80.221348,48.0,135.0,EN_ROUTE_TO_PATIENT
2026-08-23 18:36:27,AMB0094,REQ01922,12.815749,80.219896,36.5,135.0,EN_ROUTE_TO_PATIENT
2026-08-23 18:36:35,AMB0094,REQ01922,12.801752,80.216233,47.5,135.0,EN_ROUTE_TO_PATIENT
2026-08-23 18:36:43,AMB0094,REQ01922,12.787774,80.214733,42.4,135.0,EN_ROUTE_TO_PATIENT
2026-08-23 18:37:31,AMB0094,REQ01922,12.787675,80.213838,40.0,135.0,EN_ROUTE_TO_HOSPITAL
2026-08-23 18:37:36,AMB0094,REQ01922,12.795624,80.215318,22.0,135.0,EN_ROUTE_TO_HOSPITAL
2026-08-23 18:37:40,AMB0094,REQ01922,12.801987,80.216111,52.3,135.0,EN_ROUTE_TO_HOSPITAL
2026-08-23 18:37:47,AMB0094,REQ01922,12.809556,80.217237,53.3,135.0,EN_ROUTE_TO_HOSPITAL
2026-08-23 18:37:52,AMB0094,REQ01922,12.817003,80.217346,48.7,135.0,EN_ROUTE_TO_HOSPITAL
2026-08-23 18:38:00,AMB0094,REQ01922,12.824486,80.219325,30.5,135.0,EN_ROUTE_TO_HOSPITAL
2026-08-23 18:38:04,AMB0094,REQ01922,12.831428,80.21942,41.2,135.0,EN_ROUTE_TO_HOSPITAL
2026-08-23 18:38:08,AMB0094,REQ01922,12.839025,80.22087,50.0,135.0,EN_ROUTE_TO_HOSPITAL
2026-08-23 18:38:13,AMB0094,REQ01922,12.846322,80.221342,42.2,135.0,EN_ROUTE_TO_HOSPITAL
2026-08-23 18:38:17,AMB0094,REQ01922,12.854079,80.222223,40.5,135.0,EN_ROUTE_TO_HOSPITAL
2026-08-23 18:38:23,AMB0094,REQ01922,12.860915,80.223562,34.3,135.0,EN_ROUTE_TO_HOSPITAL
2026-08-23 18:38:30,AMB0094,REQ01922,12.868771,80.223943,43.3,135.0,EN_ROUTE_TO_HOSPITAL
2026-08-23 18:38:34,AMB0094,REQ01922,12.876106,80.22526,31.7,135.0,EN_ROUTE_TO_HOSPITAL
2026-08-23 18:38:38,AMB0094,REQ01922,12.882882,80.226308,34.6,135.0,EN_ROUTE_TO_HOSPITAL
2026-08-23 18:38:46,AMB0094,REQ01922,12.890743,80.22732,20.9,135.0,EN_ROUTE_TO_HOSPITAL
2026-08-23 18:38:51,AMB0094,REQ01922,12.897677,80.228203,48.5,135.0,EN_ROUTE_TO_HOSPITAL
2026-08-23 18:38:57,AMB0094,REQ01922,12.905848,80.228774,45.7,135.0,EN_ROUTE_TO_HOSPITAL
2026-08-20 14:44:19,AMB0123,REQ00094,12.949287,80.145317,26.1,135.0,EN_ROUTE_TO_PATIENT
2026-08-20 14:44:26,AMB0123,REQ00094,12.954022,80.152808,43.1,135.0,EN_ROUTE_TO_PATIENT
2026-08-20 14:44:33,AMB0123,REQ00094,12.958376,80.161064,44.0,135.0,EN_ROUTE_TO_PATIENT
2026-08-20 14:44:41,AMB0123,REQ00094,12.963716,80.167938,32.8,135.0,EN_ROUTE_TO_PATIENT
2026-08-20 14:44:48,AMB0123,REQ00094,12.967997,80.175601,31.0,135.0,EN_ROUTE_TO_PATIENT
2026-08-20 14:44:55,AMB0123,REQ00094,12.973493,80.184115,23.6,135.0,EN_ROUTE_TO_PATIENT
2026-08-20 14:45:03,AMB0123,REQ00094,12.977112,80.191447,35.2,135.0,EN_ROUTE_TO_PATIENT
2026-08-20 14:45:11,AMB0123,REQ00094,12.981807,80.19977,47.5,135.0,EN_ROUTE_TO_PATIENT
2026-08-20 14:45:18,AMB0123,REQ00094,12.986984,80.206891,24.9,135.0,EN_ROUTE_TO_PATIENT
2026-08-20 14:45:22,AMB0123,REQ00094,12.991231,80.21477,48.2,135.0,EN_ROUTE_TO_PATIENT
2026-08-20 14:45:29,AMB0123,REQ00094,12.99563,80.222896,49.7,135.0,EN_ROUTE_TO_PATIENT
2026-08-20 14:45:36,AMB0123,REQ00094,13.00124,80.229775,28.6,135.0,EN_ROUTE_TO_PATIENT
2026-08-20 14:45:42,AMB0123,REQ00094,13.004992,80.238078,52.8,135.0,EN_ROUTE_TO_PATIENT
2026-08-20 14:45:50,AMB0123,REQ00094,13.009773,80.245143,35.7,135.0,EN_ROUTE_TO_PATIENT
2026-08-20 14:45:58,AMB0123,REQ00094,13.015251,80.2539,29.1,135.0,EN_ROUTE_TO_PATIENT
2026-08-20 14:46:03,AMB0123,REQ00094,13.019232,80.26047,49.8,135.0,EN_ROUTE_TO_PATIENT
2026-08-20 14:46:45,AMB0123,REQ00094,13.01934,80.261379,42.1,135.0,EN_ROUTE_TO_HOSPITAL
2026-08-20 14:46:49,AMB0123,REQ00094,13.011817,80.258664,23.9,135.0,EN_ROUTE_TO_HOSPITAL
2026-08-20 14:46:57,AMB0123,REQ00094,13.00493,80.256931,22.7,135.0,EN_ROUTE_TO_HOSPITAL
2026-08-20 14:47:04,AMB0123,REQ00094,12.998598,80.255289,37.9,135.0,EN_ROUTE_TO_HOSPITAL
2026-08-20 14:47:08,AMB0123,REQ00094,12.990722,80.25266,54.9,135.0,EN_ROUTE_TO_HOSPITAL
2026-08-20 14:47:14,AMB0123,REQ00094,12.983825,80.251333,49.6,135.0,EN_ROUTE_TO_HOSPITAL
2026-08-20 14:47:18,AMB0123,REQ00094,12.977204,80.248709,51.7,135.0,EN_ROUTE_TO_HOSPITAL
2026-08-20 14:47:22,AMB0123,REQ00094,12.969239,80.24682,40.7,135.0,EN_ROUTE_TO_HOSPITAL
2026-08-20 14:47:27,AMB0123,REQ00094,12.962235,80.245108,44.2,135.0,EN_ROUTE_TO_HOSPITAL
2026-08-20 14:47:34,AMB0123,REQ00094,12.955805,80.242208,34.9,135.0,EN_ROUTE_TO_HOSPITAL
2026-08-20 14:47:38,AMB0123,REQ00094,12.947893,80.240786,36.9,135.0,EN_ROUTE_TO_HOSPITAL
2026-08-20 14:47:45,AMB0123,REQ00094,12.941523,80.238318,32.6,135.0,EN_ROUTE_TO_HOSPITAL
2026-08-20 14:47:53,AMB0123,REQ00094,12.933969,80.237104,23.0,135.0,EN_ROUTE_TO_HOSPITAL
2026-08-20 14:48:01,AMB0123,REQ00094,12.926291,80.234125,51.0,135.0,EN_ROUTE_TO_HOSPITAL
2026-08-20 14:48:06,AMB0123,REQ00094,12.919923,80.233002,48.1,135.0,EN_ROUTE_TO_HOSPITAL
2026-08-20 14:48:13,AMB0123,REQ00094,12.91206,80.23041,54.2,135.0,EN_ROUTE_TO_HOSPITAL
2026-08-20 14:48:20,AMB0123,REQ00094,12.904972,80.229124,22.4,135.0,EN_ROUTE_TO_HOSPITAL
2026-08-15 08:17:31,AMB0107,REQ02662,12.959606,80.242532,40.5,135.0,EN_ROUTE_TO_PATIENT
2026-08-15 08:17:39,AMB0107,REQ02662,12.956467,80.239788,41.3,135.0,EN_ROUTE_TO_PATIENT
2026-08-15 08:17:44,AMB0107,REQ02662,12.954986,80.237061,24.7,135.0,EN_ROUTE_TO_PATIENT
2026-08-15 08:17:52,AMB0107,REQ02662,12.953004,80.234461,52.2,135.0,EN_ROUTE_TO_PATIENT
2026-08-15 08:17:59,AMB0107,REQ02662,12.950784,80.231266,23.2,135.0,EN_ROUTE_TO_PATIENT
2026-08-15 08:18:07,AMB0107,REQ02662,12.949149,80.228819,47.3,135.0,EN_ROUTE_TO_PATIENT
2026-08-15 08:18:12,AMB0107,REQ02662,12.946401,80.224944,30.9,135.0,EN_ROUTE_TO_PATIENT
2026-08-15 08:18:20,AMB0107,REQ02662,12.944674,80.222236,37.3,135.0,EN_ROUTE_TO_PATIENT
2026-08-15 08:18:27,AMB0107,REQ02662,12.943072,80.219452,21.5,135.0,EN_ROUTE_TO_PATIENT
2026-08-15 08:18:32,AMB0107,REQ02662,12.940139,80.216323,23.6,135.0,EN_ROUTE_TO_PATIENT
2026-08-15 08:18:40,AMB0107,REQ02662,12.938891,80.214001,38.7,135.0,EN_ROUTE_TO_PATIENT
2026-08-15 08:19:25,AMB0107,REQ02662,12.938539,80.214527,29.1,135.0,EN_ROUTE_TO_HOSPITAL
2026-08-15 08:19:30,AMB0107,REQ02662,12.948654,80.216125,22.8,135.0,EN_ROUTE_TO_HOSPITAL
2026-08-15 08:19:34,AMB0107,REQ02662,12.959476,80.218155,52.0,135.0,EN_ROUTE_TO_HOSPITAL
2026-08-15 08:19:41,AMB0107,REQ02662,12.970629,80.220854,23.7,135.0,EN_ROUTE_TO_HOSPITAL
2026-08-15 08:19:46,AMB0107,REQ02662,12.981161,80.222771,47.0,135.0,EN_ROUTE_TO_HOSPITAL
2026-08-15 08:19:52,AMB0107,REQ02662,12.991626,80.224618,24.7,135.0,EN_ROUTE_TO_HOSPITAL
2026-08-15 08:19:59,AMB0107,REQ02662,13.003272,80.226669,24.1,135.0,EN_ROUTE_TO_HOSPITAL
2026-08-15 08:20:03,AMB0107,REQ02662,13.013652,80.229412,34.1,135.0,EN_ROUTE_TO_HOSPITAL
2026-08-15 08:20:09,AMB0107,REQ02662,13.024097,80.231002,34.3,135.0,EN_ROUTE_TO_HOSPITAL
2026-08-15 08:20:16,AMB0107,REQ02662,13.035816,80.233437,32.5,135.0,EN_ROUTE_TO_HOSPITAL
2026-08-15 08:20:23,AMB0107,REQ02662,13.046302,80.235866,32.8,135.0,EN_ROUTE_TO_HOSPITAL
2026-08-15 08:20:29,AMB0107,REQ02662,13.057247,80.237876,21.1,135.0,EN_ROUTE_TO_HOSPITAL
2026-08-15 08:20:34,AMB0107,REQ02662,13.066945,80.239945,42.3,135.0,EN_ROUTE_TO_HOSPITAL
2026-08-15 08:20:42,AMB0107,REQ02662,13.078857,80.242975,22.9,135.0,EN_ROUTE_TO_HOSPITAL
2026-08-24 12:15:24,AMB0016,REQ00297,13.128928,80.287862,38.9,135.0,EN_ROUTE_TO_PATIENT
2026-08-24 12:15:31,AMB0016,REQ00297,13.105952,80.283336,25.5,135.0,EN_ROUTE_TO_PATIENT
2026-08-24 12:15:38,AMB0016,REQ00297,13.083329,80.280393,44.0,135.0,EN_ROUTE_TO_PATIENT
2026-08-24 12:15:42,AMB0016,REQ00297,13.060135,80.275562,29.1,135.0,EN_ROUTE_TO_PATIENT
2026-08-24 12:15:47,AMB0016,REQ00297,13.037249,80.272442,51.5,135.0,EN_ROUTE_TO_PATIENT
2026-08-24 12:15:51,AMB0016,REQ00297,13.015041,80.268492,36.7,135.0,EN_ROUTE_TO_PATIENT
2026-08-24 12:15:55,AMB0016,REQ00297,12.992046,80.264563,37.0,135.0,EN_ROUTE_TO_PATIENT
2026-08-24 12:16:02,AMB0016,REQ00297,12.968776,80.261017,54.4,135.0,EN_ROUTE_TO_PATIENT
2026-08-24 12:16:10,AMB0016,REQ00297,12.946542,80.257583,54.1,135.0,EN_ROUTE_TO_PATIENT
2026-08-24 12:16:16,AMB0016,REQ00297,12.923417,80.253083,29.5,135.0,EN_ROUTE_TO_PATIENT
2026-08-24 12:16:21,AMB0016,REQ00297,12.900023,80.250291,42.6,135.0,EN_ROUTE_TO_PATIENT
2026-08-24 12:16:29,AMB0016,REQ00297,12.876915,80.246602,26.6,135.0,EN_ROUTE_TO_PATIENT
2026-08-24 12:16:36,AMB0016,REQ00297,12.854048,80.242372,27.5,135.0,EN_ROUTE_TO_PATIENT
2026-08-24 12:16:41,AMB0016,REQ00297,12.831515,80.239019,29.5,135.0,EN_ROUTE_TO_PATIENT
2026-08-24 12:16:45,AMB0016,REQ00297,12.809135,80.235208,51.6,135.0,EN_ROUTE_TO_PATIENT
2026-08-24 12:16:51,AMB0016,REQ00297,12.786348,80.230611,25.9,135.0,EN_ROUTE_TO_PATIENT
2026-08-24 12:17:47,AMB0016,REQ00297,12.785476,80.230949,52.9,135.0,EN_ROUTE_TO_HOSPITAL
2026-08-24 12:17:53,AMB0016,REQ00297,12.802024,80.231782,54.7,135.0,EN_ROUTE_TO_HOSPITAL
2026-08-24 12:18:00,AMB0016,REQ00297,12.818528,80.233326,53.2,135.0,EN_ROUTE_TO_HOSPITAL
2026-08-24 12:18:05,AMB0016,REQ00297,12.8349,80.234818,21.7,135.0,EN_ROUTE_TO_HOSPITAL
2026-08-24 12:18:12,AMB0016,REQ00297,12.850685,80.235314,28.1,135.0,EN_ROUTE_TO_HOSPITAL
2026-08-24 12:18:16,AMB0016,REQ00297,12.866509,80.237194,33.4,135.0,EN_ROUTE_TO_HOSPITAL
2026-08-24 12:18:20,AMB0016,REQ00297,12.883082,80.237607,38.8,135.0,EN_ROUTE_TO_HOSPITAL
2026-08-24 12:18:27,AMB0016,REQ00297,12.89888,80.239444,47.7,135.0,EN_ROUTE_TO_HOSPITAL
2026-08-24 12:18:32,AMB0016,REQ00297,12.91525,80.240687,29.4,135.0,EN_ROUTE_TO_HOSPITAL
2026-08-24 12:18:37,AMB0016,REQ00297,12.931045,80.241035,41.7,135.0,EN_ROUTE_TO_HOSPITAL
2026-08-24 12:18:45,AMB0016,REQ00297,12.947529,80.24254,36.6,135.0,EN_ROUTE_TO_HOSPITAL
2026-08-24 12:18:52,AMB0016,REQ00297,12.963591,80.243546,33.7,135.0,EN_ROUTE_TO_HOSPITAL
2026-08-24 12:18:59,AMB0016,REQ00297,12.979396,80.245501,53.9,135.0,EN_ROUTE_TO_HOSPITAL
2026-08-24 12:19:04,AMB0016,REQ00297,12.995726,80.245651,24.5,135.0,EN_ROUTE_TO_HOSPITAL
2026-08-24 12:19:12,AMB0016,REQ00297,13.012599,80.247765,39.9,135.0,EN_ROUTE_TO_HOSPITAL
2026-08-24 12:19:20,AMB0016,REQ00297,13.028785,80.248277,27.8,135.0,EN_ROUTE_TO_HOSPITAL
2026-08-24 12:19:24,AMB0016,REQ00297,13.044479,80.250127,39.3,135.0,EN_ROUTE_TO_HOSPITAL
2026-08-19 14:50:18,AMB0039,REQ01856,13.082739,80.211387,30.7,135.0,EN_ROUTE_TO_PATIENT
2026-08-19 14:50:24,AMB0039,REQ01856,13.08558,80.219423,29.9,135.0,EN_ROUTE_TO_PATIENT
2026-08-19 14:50:30,AMB0039,REQ01856,13.087373,80.227552,41.4,135.0,EN_ROUTE_TO_PATIENT
2026-08-19 14:50:36,AMB0039,REQ01856,13.089357,80.234995,54.7,135.0,EN_ROUTE_TO_PATIENT
2026-08-19 14:50:44,AMB0039,REQ01856,13.091879,80.243454,20.7,135.0,EN_ROUTE_TO_PATIENT
2026-08-19 14:50:48,AMB0039,REQ01856,13.094097,80.250744,36.7,135.0,EN_ROUTE_TO_PATIENT
2026-08-19 14:50:53,AMB0039,REQ01856,13.09622,80.259203,48.7,135.0,EN_ROUTE_TO_PATIENT
2026-08-19 14:50:57,AMB0039,REQ01856,13.098334,80.267418,44.4,135.0,EN_ROUTE_TO_PATIENT
2026-08-19 14:51:01,AMB0039,REQ01856,13.099953,80.274573,22.5,135.0,EN_ROUTE_TO_PATIENT
2026-08-19 14:52:00,AMB0039,REQ01856,13.099978,80.275419,20.9,135.0,EN_ROUTE_TO_HOSPITAL
2026-08-19 14:52:08,AMB0039,REQ01856,13.085172,80.268364,43.3,135.0,EN_ROUTE_TO_HOSPITAL
2026-08-19 14:52:14,AMB0039,REQ01856,13.069747,80.2612,35.7,135.0,EN_ROUTE_TO_HOSPITAL
2026-08-19 14:52:18,AMB0039,REQ01856,13.054494,80.255024,30.1,135.0,EN_ROUTE_TO_HOSPITAL
2026-08-19 14:52:23,AMB0039,REQ01856,13.039861,80.247907,53.5,135.0,EN_ROUTE_TO_HOSPITAL
2026-08-19 14:52:30,AMB0039,REQ01856,13.02437,80.241328,20.8,135.0,EN_ROUTE_TO_HOSPITAL
2026-08-19 14:52:36,AMB0039,REQ01856,13.009544,80.234379,28.4,135.0,EN_ROUTE_TO_HOSPITAL
2026-08-19 14:52:44,AMB0039,REQ01856,12.994365,80.227056,37.3,135.0,EN_ROUTE_TO_HOSPITAL
2026-08-19 14:52:49,AMB0039,REQ01856,12.979772,80.22058,43.2,135.0,EN_ROUTE_TO_HOSPITAL
2026-08-28 03:00:01,AMB0068,REQ01781,13.03511,80.268286,33.1,135.0,EN_ROUTE_TO_PATIENT
2026-08-28 03:00:08,AMB0068,REQ01781,13.031891,80.263041,42.8,135.0,EN_ROUTE_TO_PATIENT
2026-08-28 03:00:14,AMB0068,REQ01781,13.027557,80.258761,38.5,135.0,EN_ROUTE_TO_PATIENT
2026-08-28 03:00:20,AMB0068,REQ01781,13.024701,80.254071,43.9,135.0,EN_ROUTE_TO_PATIENT
2026-08-28 03:00:24,AMB0068,REQ01781,13.020753,80.248947,48.7,135.0,EN_ROUTE_TO_PATIENT
2026-08-28 03:00:29,AMB0068,REQ01781,13.01698,80.244345,20.9,135.0,EN_ROUTE_TO_PATIENT
2026-08-28 03:00:37,AMB0068,REQ01781,13.013734,80.239552,48.1,135.0,EN_ROUTE_TO_PATIENT
2026-08-28 03:00:41,AMB0068,REQ01781,13.010401,80.234533,45.6,135.0,EN_ROUTE_TO_PATIENT
2026-08-28 03:00:49,AMB0068,REQ01781,13.007315,80.229434,46.3,135.0,EN_ROUTE_TO_PATIENT
2026-08-28 03:00:57,AMB0068,REQ01781,13.003149,80.224642,44.8,135.0,EN_ROUTE_TO_PATIENT
2026-08-28 03:01:02,AMB0068,REQ01781,13.000038,80.219665,30.1,135.0,EN_ROUTE_TO_PATIENT
2026-08-28 03:01:54,AMB0068,REQ01781,12.999837,80.220184,23.8,135.0,EN_ROUTE_TO_HOSPITAL
2026-08-28 03:01:59,AMB0068,REQ01781,13.006143,80.220094,41.0,135.0,EN_ROUTE_TO_HOSPITAL
2026-08-28 03:02:04,AMB0068,REQ01781,13.013585,80.220246,32.5,135.0,EN_ROUTE_TO_HOSPITAL
2026-08-28 03:02:12,AMB0068,REQ01781,13.019599,80.221077,37.2,135.0,EN_ROUTE_TO_HOSPITAL
2026-08-28 03:02:17,AMB0068,REQ01781,13.025732,80.2207,24.8,135.0,EN_ROUTE_TO_HOSPITAL
2026-08-28 03:02:25,AMB0068,REQ01781,13.033184,80.220515,28.0,135.0,EN_ROUTE_TO_HOSPITAL
2026-08-28 03:02:29,AMB0068,REQ01781,13.039625,80.22125,46.6,135.0,EN_ROUTE_TO_HOSPITAL
2026-08-28 03:02:34,AMB0068,REQ01781,13.045374,80.22152,40.6,135.0,EN_ROUTE_TO_HOSPITAL
2026-08-28 03:02:40,AMB0068,REQ01781,13.051823,80.221222,41.6,135.0,EN_ROUTE_TO_HOSPITAL
2026-08-28 03:02:44,AMB0068,REQ01781,13.059083,80.222021,48.6,135.0,EN_ROUTE_TO_HOSPITAL
2026-08-28 03:02:52,AMB0068,REQ01781,13.065484,80.221272,26.2,135.0,EN_ROUTE_TO_HOSPITAL
2026-08-28 03:02:57,AMB0068,REQ01781,13.07138,80.221735,34.3,135.0,EN_ROUTE_TO_HOSPITAL
2026-08-03 15:15:12,AMB0006,REQ00669,13.165818,80.254975,47.6,135.0,EN_ROUTE_TO_PATIENT
2026-08-03 15:15:17,AMB0006,REQ00669,13.158016,80.251347,28.1,135.0,EN_ROUTE_TO_PATIENT
2026-08-03 15:15:24,AMB0006,REQ00669,13.151253,80.247776,25.8,135.0,EN_ROUTE_TO_PATIENT
2026-08-03 15:15:30,AMB0006,REQ00669,13.143474,80.244148,31.8,135.0,EN_ROUTE_TO_PATIENT
2026-08-03 15:15:34,AMB0006,REQ00669,13.136862,80.240881,27.2,135.0,EN_ROUTE_TO_PATIENT
2026-08-03 15:15:42,AMB0006,REQ00669,13.12947,80.237645,30.7,135.0,EN_ROUTE_TO_PATIENT
2026-08-03 15:15:46,AMB0006,REQ00669,13.122056,80.233432,44.7,135.0,EN_ROUTE_TO_PATIENT
2026-08-03 15:15:51,AMB0006,REQ00669,13.11447,80.230248,45.5,135.0,EN_ROUTE_TO_PATIENT
2026-08-03 15:15:55,AMB0006,REQ00669,13.107263,80.226638,22.7,135.0,EN_ROUTE_TO_PATIENT
2026-08-03 15:16:00,AMB0006,REQ00669,13.100432,80.222299,35.4,135.0,EN_ROUTE_TO_PATIENT
2026-08-03 15:16:05,AMB0006,REQ00669,13.093375,80.218881,20.8,135.0,EN_ROUTE_TO_PATIENT
2026-08-03 15:16:10,AMB0006,REQ00669,13.08617,80.215579,24.6,135.0,EN_ROUTE_TO_PATIENT
2026-08-03 15:16:14,AMB0006,REQ00669,13.079136,80.212232,54.2,135.0,EN_ROUTE_TO_PATIENT
2026-08-03 15:16:21,AMB0006,REQ00669,13.071482,80.20798,28.0,135.0,EN_ROUTE_TO_PATIENT
2026-08-03 15:17:10,AMB0006,REQ00669,13.072054,80.207807,49.8,135.0,EN_ROUTE_TO_HOSPITAL
2026-08-03 15:17:17,AMB0006,REQ00669,13.047019,80.208821,47.1,135.0,EN_ROUTE_TO_HOSPITAL
2026-08-03 15:17:21,AMB0006,REQ00669,13.022074,80.210281,53.7,135.0,EN_ROUTE_TO_HOSPITAL
2026-08-03 15:17:28,AMB0006,REQ00669,12.996289,80.211108,38.9,135.0,EN_ROUTE_TO_HOSPITAL
2026-08-03 15:17:36,AMB0006,REQ00669,12.972177,80.212358,44.4,135.0,EN_ROUTE_TO_HOSPITAL
2026-08-03 15:17:43,AMB0006,REQ00669,12.947248,80.214009,34.7,135.0,EN_ROUTE_TO_HOSPITAL
2026-08-03 15:17:47,AMB0006,REQ00669,12.921907,80.21483,46.3,135.0,EN_ROUTE_TO_HOSPITAL
2026-08-03 15:17:51,AMB0006,REQ00669,12.896637,80.215949,41.9,135.0,EN_ROUTE_TO_HOSPITAL
2026-08-03 15:17:58,AMB0006,REQ00669,12.871686,80.216666,48.2,135.0,EN_ROUTE_TO_HOSPITAL
2026-08-03 15:18:06,AMB0006,REQ00669,12.847349,80.217771,53.7,135.0,EN_ROUTE_TO_HOSPITAL
2026-08-03 15:18:13,AMB0006,REQ00669,12.8221,80.218883,48.1,135.0,EN_ROUTE_TO_HOSPITAL
2026-08-03 15:18:21,AMB0006,REQ00669,12.797048,80.22099,46.2,135.0,EN_ROUTE_TO_HOSPITAL
2026-08-05 11:57:32,AMB0042,REQ00682,13.082764,80.177826,30.3,135.0,EN_ROUTE_TO_PATIENT
2026-08-05 11:57:38,AMB0042,REQ00682,13.08037,80.179143,52.4,135.0,EN_ROUTE_TO_PATIENT
2026-08-05 11:57:44,AMB0042,REQ00682,13.07683,80.180506,41.2,135.0,EN_ROUTE_TO_PATIENT
2026-08-05 11:57:49,AMB0042,REQ00682,13.073614,80.181888,26.7,135.0,EN_ROUTE_TO_PATIENT
2026-08-05 11:57:56,AMB0042,REQ00682,13.069874,80.181896,47.2,135.0,EN_ROUTE_TO_PATIENT
2026-08-05 11:58:04,AMB0042,REQ00682,13.067357,80.183646,36.5,135.0,EN_ROUTE_TO_PATIENT
2026-08-05 11:58:09,AMB0042,REQ00682,13.064159,80.184406,35.1,135.0,EN_ROUTE_TO_PATIENT
2026-08-05 11:58:13,AMB0042,REQ00682,13.061338,80.185681,21.8,135.0,EN_ROUTE_TO_PATIENT
2026-08-05 11:58:17,AMB0042,REQ00682,13.05813,80.186732,20.1,135.0,EN_ROUTE_TO_PATIENT
2026-08-05 11:58:24,AMB0042,REQ00682,13.055117,80.188022,20.1,135.0,EN_ROUTE_TO_PATIENT
2026-08-05 11:58:29,AMB0042,REQ00682,13.050996,80.189583,25.6,135.0,EN_ROUTE_TO_PATIENT
2026-08-05 11:58:33,AMB0042,REQ00682,13.048415,80.190879,46.0,135.0,EN_ROUTE_TO_PATIENT
2026-08-05 11:58:41,AMB0042,REQ00682,13.045425,80.191232,37.6,135.0,EN_ROUTE_TO_PATIENT
2026-08-05 11:58:49,AMB0042,REQ00682,13.042202,80.192294,30.7,135.0,EN_ROUTE_TO_PATIENT
2026-08-05 11:58:54,AMB0042,REQ00682,13.039059,80.193382,51.9,135.0,EN_ROUTE_TO_PATIENT
2026-08-05 11:58:58,AMB0042,REQ00682,13.035359,80.195551,27.0,135.0,EN_ROUTE_TO_PATIENT
2026-08-05 12:00:13,AMB0042,REQ00682,13.036085,80.195429,36.1,135.0,EN_ROUTE_TO_HOSPITAL
2026-08-05 12:00:17,AMB0042,REQ00682,13.035758,80.202439,50.8,135.0,EN_ROUTE_TO_HOSPITAL
2026-08-05 12:00:21,AMB0042,REQ00682,13.034861,80.210798,53.8,135.0,EN_ROUTE_TO_HOSPITAL
2026-08-05 12:00:26,AMB0042,REQ00682,13.0348,80.218746,39.7,135.0,EN_ROUTE_TO_HOSPITAL
2026-08-05 12:00:34,AMB0042,REQ00682,13.034815,80.226503,42.6,135.0,EN_ROUTE_TO_HOSPITAL
2026-08-05 12:00:42,AMB0042,REQ00682,13.034632,80.233737,27.8,135.0,EN_ROUTE_TO_HOSPITAL
2026-08-05 12:00:47,AMB0042,REQ00682,13.033963,80.241875,41.8,135.0,EN_ROUTE_TO_HOSPITAL
2026-08-05 12:00:51,AMB0042,REQ00682,13.033479,80.248917,30.9,135.0,EN_ROUTE_TO_HOSPITAL
2026-08-05 12:00:57,AMB0042,REQ00682,13.033212,80.257499,25.6,135.0,EN_ROUTE_TO_HOSPITAL
2026-08-02 21:28:58,AMB0119,REQ02119,12.921104,80.095595,47.2,135.0,EN_ROUTE_TO_PATIENT
2026-08-02 21:29:04,AMB0119,REQ02119,12.936099,80.110714,21.4,135.0,EN_ROUTE_TO_PATIENT
2026-08-02 21:29:10,AMB0119,REQ02119,12.951784,80.124871,51.8,135.0,EN_ROUTE_TO_PATIENT
2026-08-02 21:29:16,AMB0119,REQ02119,12.966974,80.139653,38.0,135.0,EN_ROUTE_TO_PATIENT
2026-08-02 21:29:20,AMB0119,REQ02119,12.981869,80.154144,37.3,135.0,EN_ROUTE_TO_PATIENT
2026-08-02 21:29:26,AMB0119,REQ02119,12.997017,80.167575,46.1,135.0,EN_ROUTE_TO_PATIENT
2026-08-02 21:29:31,AMB0119,REQ02119,13.011355,80.182628,54.7,135.0,EN_ROUTE_TO_PATIENT
2026-08-02 21:29:35,AMB0119,REQ02119,13.027013,80.196142,47.9,135.0,EN_ROUTE_TO_PATIENT
2026-08-02 21:29:39,AMB0119,REQ02119,13.042446,80.211366,33.9,135.0,EN_ROUTE_TO_PATIENT
2026-08-02 21:29:46,AMB0119,REQ02119,13.056334,80.225319,45.0,135.0,EN_ROUTE_TO_PATIENT
2026-08-02 21:29:53,AMB0119,REQ02119,13.071425,80.240078,53.1,135.0,EN_ROUTE_TO_PATIENT
2026-08-02 21:30:00,AMB0119,REQ02119,13.086998,80.254164,27.8,135.0,EN_ROUTE_TO_PATIENT
2026-08-02 21:30:04,AMB0119,REQ02119,13.102127,80.268721,52.4,135.0,EN_ROUTE_TO_PATIENT
2026-08-02 21:30:09,AMB0119,REQ02119,13.11683,80.283081,36.3,135.0,EN_ROUTE_TO_PATIENT
2026-08-02 21:30:14,AMB0119,REQ02119,13.131719,80.296675,49.4,135.0,EN_ROUTE_TO_PATIENT
2026-08-02 21:31:20,AMB0119,REQ02119,13.132342,80.297776,33.0,135.0,EN_ROUTE_TO_HOSPITAL
2026-08-02 21:31:26,AMB0119,REQ02119,13.124172,80.294406,38.6,135.0,EN_ROUTE_TO_HOSPITAL
2026-08-02 21:31:33,AMB0119,REQ02119,13.1159,80.292009,27.3,135.0,EN_ROUTE_TO_HOSPITAL
2026-08-02 21:31:37,AMB0119,REQ02119,13.106736,80.289654,35.5,135.0,EN_ROUTE_TO_HOSPITAL
2026-08-02 21:31:41,AMB0119,REQ02119,13.098145,80.286918,23.6,135.0,EN_ROUTE_TO_HOSPITAL
2026-08-02 21:31:46,AMB0119,REQ02119,13.090124,80.283149,47.6,135.0,EN_ROUTE_TO_HOSPITAL
2026-08-02 21:31:54,AMB0119,REQ02119,13.082233,80.281289,39.5,135.0,EN_ROUTE_TO_HOSPITAL
2026-08-02 21:31:58,AMB0119,REQ02119,13.073849,80.277959,20.2,135.0,EN_ROUTE_TO_HOSPITAL
2026-08-02 21:32:06,AMB0119,REQ02119,13.064797,80.275167,31.2,135.0,EN_ROUTE_TO_HOSPITAL
2026-08-02 21:32:13,AMB0119,REQ02119,13.056666,80.273164,39.4,135.0,EN_ROUTE_TO_HOSPITAL
2026-08-02 21:32:18,AMB0119,REQ02119,13.048109,80.269574,26.1,135.0,EN_ROUTE_TO_HOSPITAL
2026-08-02 21:32:23,AMB0119,REQ02119,13.040615,80.267341,52.6,135.0,EN_ROUTE_TO_HOSPITAL
2026-08-02 21:32:28,AMB0119,REQ02119,13.03202,80.264819,43.7,135.0,EN_ROUTE_TO_HOSPITAL
2026-08-02 21:32:34,AMB0119,REQ02119,13.02324,80.26191,38.5,135.0,EN_ROUTE_TO_HOSPITAL
2026-08-02 21:32:39,AMB0119,REQ02119,13.014916,80.258799,27.5,135.0,EN_ROUTE_TO_HOSPITAL
2026-08-02 21:32:44,AMB0119,REQ02119,13.006374,80.256053,43.0,135.0,EN_ROUTE_TO_HOSPITAL
2026-08-24 22:03:59,AMB0035,REQ00724,13.077682,80.24393,34.9,135.0,EN_ROUTE_TO_PATIENT
2026-08-24 22:04:06,AMB0035,REQ00724,13.080218,80.236362,39.7,135.0,EN_ROUTE_TO_PATIENT
2026-08-24 22:04:13,AMB0035,REQ00724,13.082987,80.229531,32.9,135.0,EN_ROUTE_TO_PATIENT
2026-08-24 22:04:17,AMB0035,REQ00724,13.087109,80.221435,26.4,135.0,EN_ROUTE_TO_PATIENT
2026-08-24 22:04:22,AMB0035,REQ00724,13.090162,80.2142,36.6,135.0,EN_ROUTE_TO_PATIENT
2026-08-24 22:04:29,AMB0035,REQ00724,13.093201,80.207202,44.4,135.0,EN_ROUTE_TO_PATIENT
2026-08-24 22:04:36,AMB0035,REQ00724,13.096244,80.199301,41.5,135.0,EN_ROUTE_TO_PATIENT
2026-08-24 22:04:42,AMB0035,REQ00724,13.098477,80.192175,54.8,135.0,EN_ROUTE_TO_PATIENT
2026-08-24 22:04:50,AMB0035,REQ00724,13.101716,80.18452,26.4,135.0,EN_ROUTE_TO_PATIENT
2026-08-24 22:04:56,AMB0035,REQ00724,13.10514,80.176401,48.1,135.0,EN_ROUTE_TO_PATIENT
2026-08-24 22:05:03,AMB0035,REQ00724,13.108145,80.169112,33.3,135.0,EN_ROUTE_TO_PATIENT
2026-08-24 22:05:09,AMB0035,REQ00724,13.111109,80.161897,30.3,135.0,EN_ROUTE_TO_PATIENT
2026-08-24 22:05:16,AMB0035,REQ00724,13.114365,80.154486,43.4,135.0,EN_ROUTE_TO_PATIENT
2026-08-24 22:05:53,AMB0035,REQ00724,13.115202,80.154805,21.7,135.0,EN_ROUTE_TO_HOSPITAL
2026-08-24 22:05:58,AMB0035,REQ00724,13.112241,80.158641,37.2,135.0,EN_ROUTE_TO_HOSPITAL
2026-08-24 22:06:05,AMB0035,REQ00724,13.109022,80.162297,37.9,135.0,EN_ROUTE_TO_HOSPITAL
2026-08-24 22:06:11,AMB0035,REQ00724,13.106769,80.166706,52.4,135.0,EN_ROUTE_TO_HOSPITAL
2026-08-24 22:06:16,AMB0035,REQ00724,13.103881,80.171229,54.0,135.0,EN_ROUTE_TO_HOSPITAL
2026-08-24 22:06:24,AMB0035,REQ00724,13.101602,80.175005,22.7,135.0,EN_ROUTE_TO_HOSPITAL
2026-08-24 22:06:31,AMB0035,REQ00724,13.098999,80.179839,24.5,135.0,EN_ROUTE_TO_HOSPITAL
2026-08-24 22:06:37,AMB0035,REQ00724,13.0962,80.183827,26.1,135.0,EN_ROUTE_TO_HOSPITAL
2026-08-24 22:06:41,AMB0035,REQ00724,13.093533,80.187887,53.2,135.0,EN_ROUTE_TO_HOSPITAL
2026-08-24 22:06:48,AMB0035,REQ00724,13.090718,80.191812,46.2,135.0,EN_ROUTE_TO_HOSPITAL
2026-08-24 22:06:53,AMB0035,REQ00724,13.088274,80.196413,53.4,135.0,EN_ROUTE_TO_HOSPITAL
2026-08-24 22:06:59,AMB0035,REQ00724,13.085744,80.200976,25.5,135.0,EN_ROUTE_TO_HOSPITAL
2026-08-24 22:07:06,AMB0035,REQ00724,13.082433,80.204513,42.3,135.0,EN_ROUTE_TO_HOSPITAL
2026-08-24 22:07:12,AMB0035,REQ00724,13.079831,80.209514,48.3,135.0,EN_ROUTE_TO_HOSPITAL
2026-08-24 22:07:19,AMB0035,REQ00724,13.077381,80.213873,24.7,135.0,EN_ROUTE_TO_HOSPITAL
2026-08-24 22:07:26,AMB0035,REQ00724,13.075062,80.217375,35.9,135.0,EN_ROUTE_TO_HOSPITAL
2026-08-24 22:07:34,AMB0035,REQ00724,13.072029,80.221747,26.8,135.0,EN_ROUTE_TO_HOSPITAL
2026-08-09 18:20:57,AMB0122,REQ01035,12.964084,80.150752,50.5,135.0,EN_ROUTE_TO_PATIENT
2026-08-09 18:21:03,AMB0122,REQ01035,12.977157,80.160011,52.0,135.0,EN_ROUTE_TO_PATIENT
2026-08-09 18:21:08,AMB0122,REQ01035,12.990183,80.170627,36.9,135.0,EN_ROUTE_TO_PATIENT
2026-08-09 18:21:14,AMB0122,REQ01035,13.003541,80.180032,25.7,135.0,EN_ROUTE_TO_PATIENT
2026-08-09 18:21:18,AMB0122,REQ01035,13.015995,80.189222,47.5,135.0,EN_ROUTE_TO_PATIENT
2026-08-09 18:21:22,AMB0122,REQ01035,13.0291,80.200114,32.7,135.0,EN_ROUTE_TO_PATIENT
2026-08-09 18:21:27,AMB0122,REQ01035,13.043013,80.209912,39.4,135.0,EN_ROUTE_TO_PATIENT
2026-08-09 18:21:34,AMB0122,REQ01035,13.055238,80.21929,53.0,135.0,EN_ROUTE_TO_PATIENT
2026-08-09 18:21:42,AMB0122,REQ01035,13.068408,80.229547,37.2,135.0,EN_ROUTE_TO_PATIENT
2026-08-09 18:23:05,AMB0122,REQ01035,13.068482,80.228532,20.9,135.0,EN_ROUTE_TO_HOSPITAL
2026-08-09 18:23:13,AMB0122,REQ01035,13.072434,80.233896,38.5,135.0,EN_ROUTE_TO_HOSPITAL
2026-08-09 18:23:19,AMB0122,REQ01035,13.075491,80.237939,51.9,135.0,EN_ROUTE_TO_HOSPITAL
2026-08-09 18:23:23,AMB0122,REQ01035,13.078405,80.241886,34.2,135.0,EN_ROUTE_TO_HOSPITAL
2026-08-09 18:23:31,AMB0122,REQ01035,13.082494,80.246461,27.2,135.0,EN_ROUTE_TO_HOSPITAL
2026-08-09 18:23:37,AMB0122,REQ01035,13.085546,80.251049,41.9,135.0,EN_ROUTE_TO_HOSPITAL
2026-08-09 18:23:44,AMB0122,REQ01035,13.089169,80.255312,28.4,135.0,EN_ROUTE_TO_HOSPITAL
2026-08-09 18:23:49,AMB0122,REQ01035,13.092963,80.259473,38.0,135.0,EN_ROUTE_TO_HOSPITAL
2026-08-09 18:23:53,AMB0122,REQ01035,13.096683,80.263691,26.5,135.0,EN_ROUTE_TO_HOSPITAL
2026-08-09 18:23:59,AMB0122,REQ01035,13.099692,80.268719,49.1,135.0,EN_ROUTE_TO_HOSPITAL
2026-08-09 18:24:04,AMB0122,REQ01035,13.102433,80.273318,53.9,135.0,EN_ROUTE_TO_HOSPITAL
2026-08-09 18:24:09,AMB0122,REQ01035,13.106759,80.277155,35.1,135.0,EN_ROUTE_TO_HOSPITAL
2026-08-09 18:24:16,AMB0122,REQ01035,13.10934,80.281442,25.4,135.0,EN_ROUTE_TO_HOSPITAL
2026-08-09 18:24:21,AMB0122,REQ01035,13.112859,80.285882,37.3,135.0,EN_ROUTE_TO_HOSPITAL
2026-08-05 07:23:18,AMB0127,REQ02881,12.951846,80.262049,42.2,135.0,EN_ROUTE_TO_PATIENT
2026-08-05 07:23:26,AMB0127,REQ02881,12.964696,80.261851,21.3,135.0,EN_ROUTE_TO_PATIENT
2026-08-05 07:23:33,AMB0127,REQ02881,12.977679,80.26171,20.9,135.0,EN_ROUTE_TO_PATIENT
2026-08-05 07:23:40,AMB0127,REQ02881,12.990637,80.260588,28.2,135.0,EN_ROUTE_TO_PATIENT
2026-08-05 07:23:44,AMB0127,REQ02881,13.003442,80.259778,40.4,135.0,EN_ROUTE_TO_PATIENT
2026-08-05 07:23:48,AMB0127,REQ02881,13.0169,80.259102,44.8,135.0,EN_ROUTE_TO_PATIENT
2026-08-05 07:23:55,AMB0127,REQ02881,13.029206,80.258742,50.7,135.0,EN_ROUTE_TO_PATIENT
2026-08-05 07:23:59,AMB0127,REQ02881,13.042222,80.258274,51.9,135.0,EN_ROUTE_TO_PATIENT
2026-08-05 07:24:07,AMB0127,REQ02881,13.055995,80.256539,27.6,135.0,EN_ROUTE_TO_PATIENT
2026-08-05 07:24:12,AMB0127,REQ02881,13.068644,80.256536,52.5,135.0,EN_ROUTE_TO_PATIENT
2026-08-05 07:24:17,AMB0127,REQ02881,13.081542,80.255218,28.7,135.0,EN_ROUTE_TO_PATIENT
2026-08-05 07:25:10,AMB0127,REQ02881,13.081946,80.255366,31.3,135.0,EN_ROUTE_TO_HOSPITAL
2026-08-05 07:25:15,AMB0127,REQ02881,13.083665,80.258439,38.7,135.0,EN_ROUTE_TO_HOSPITAL
2026-08-05 07:25:21,AMB0127,REQ02881,13.086144,80.26105,43.3,135.0,EN_ROUTE_TO_HOSPITAL
2026-08-05 07:25:26,AMB0127,REQ02881,13.08796,80.263267,26.2,135.0,EN_ROUTE_TO_HOSPITAL
2026-08-05 07:25:33,AMB0127,REQ02881,13.089624,80.266342,29.0,135.0,EN_ROUTE_TO_HOSPITAL
2026-08-05 07:25:39,AMB0127,REQ02881,13.092177,80.268795,48.5,135.0,EN_ROUTE_TO_HOSPITAL
2026-08-05 07:25:47,AMB0127,REQ02881,13.094787,80.27102,23.3,135.0,EN_ROUTE_TO_HOSPITAL
2026-08-05 07:25:53,AMB0127,REQ02881,13.096015,80.274217,40.5,135.0,EN_ROUTE_TO_HOSPITAL
2026-08-05 07:25:59,AMB0127,REQ02881,13.09829,80.276046,34.6,135.0,EN_ROUTE_TO_HOSPITAL
2026-08-05 07:26:03,AMB0127,REQ02881,13.10103,80.279267,47.7,135.0,EN_ROUTE_TO_HOSPITAL
2026-08-05 07:26:08,AMB0127,REQ02881,13.102172,80.281867,42.2,135.0,EN_ROUTE_TO_HOSPITAL
2026-08-05 07:26:15,AMB0127,REQ02881,13.104984,80.284533,39.3,135.0,EN_ROUTE_TO_HOSPITAL
2026-08-05 07:26:21,AMB0127,REQ02881,13.107349,80.285952,54.2,135.0,EN_ROUTE_TO_HOSPITAL
2026-08-11 00:13:53,AMB0012,REQ02070,13.160568,80.200563,42.8,135.0,EN_ROUTE_TO_PATIENT
2026-08-11 00:14:01,AMB0012,REQ02070,13.159005,80.203579,34.3,135.0,EN_ROUTE_TO_PATIENT
2026-08-11 00:14:05,AMB0012,REQ02070,13.156963,80.206151,22.9,135.0,EN_ROUTE_TO_PATIENT
2026-08-11 00:14:11,AMB0012,REQ02070,13.154849,80.208595,33.9,135.0,EN_ROUTE_TO_PATIENT
2026-08-11 00:14:16,AMB0012,REQ02070,13.153027,80.211423,30.9,135.0,EN_ROUTE_TO_PATIENT
2026-08-11 00:14:23,AMB0012,REQ02070,13.151053,80.213821,24.7,135.0,EN_ROUTE_TO_PATIENT
2026-08-11 00:14:30,AMB0012,REQ02070,13.149057,80.217127,54.9,135.0,EN_ROUTE_TO_PATIENT
2026-08-11 00:14:36,AMB0012,REQ02070,13.147457,80.218677,22.2,135.0,EN_ROUTE_TO_PATIENT
2026-08-11 00:14:42,AMB0012,REQ02070,13.144727,80.222207,22.3,135.0,EN_ROUTE_TO_PATIENT
2026-08-11 00:14:47,AMB0012,REQ02070,13.142816,80.223989,37.6,135.0,EN_ROUTE_TO_PATIENT
2026-08-11 00:14:51,AMB0012,REQ02070,13.141115,80.227291,26.1,135.0,EN_ROUTE_TO_PATIENT
2026-08-11 00:14:55,AMB0012,REQ02070,13.139546,80.229366,47.5,135.0,EN_ROUTE_TO_PATIENT
2026-08-11 00:15:01,AMB0012,REQ02070,13.137095,80.23274,26.3,135.0,EN_ROUTE_TO_PATIENT
2026-08-11 00:15:06,AMB0012,REQ02070,13.13499,80.234666,48.5,135.0,EN_ROUTE_TO_PATIENT
2026-08-11 00:16:13,AMB0012,REQ02070,13.135655,80.234878,30.0,135.0,EN_ROUTE_TO_HOSPITAL
2026-08-11 00:16:21,AMB0012,REQ02070,13.125125,80.238847,37.0,135.0,EN_ROUTE_TO_HOSPITAL
2026-08-11 00:16:27,AMB0012,REQ02070,13.114363,80.242383,51.0,135.0,EN_ROUTE_TO_HOSPITAL
2026-08-11 00:16:32,AMB0012,REQ02070,13.104275,80.245829,34.8,135.0,EN_ROUTE_TO_HOSPITAL
2026-08-11 00:16:40,AMB0012,REQ02070,13.094205,80.249606,22.6,135.0,EN_ROUTE_TO_HOSPITAL
2026-08-11 00:16:46,AMB0012,REQ02070,13.084927,80.253066,51.5,135.0,EN_ROUTE_TO_HOSPITAL
2026-08-11 00:16:54,AMB0012,REQ02070,13.074786,80.25685,20.8,135.0,EN_ROUTE_TO_HOSPITAL
2026-08-11 00:17:00,AMB0012,REQ02070,13.064876,80.25983,29.3,135.0,EN_ROUTE_TO_HOSPITAL
2026-08-11 00:17:07,AMB0012,REQ02070,13.054856,80.263434,28.1,135.0,EN_ROUTE_TO_HOSPITAL
2026-08-29 18:40:58,AMB0024,REQ02325,13.102879,80.275621,20.3,135.0,EN_ROUTE_TO_PATIENT
2026-08-29 18:41:06,AMB0024,REQ02325,13.104068,80.263801,45.6,135.0,EN_ROUTE_TO_PATIENT
2026-08-29 18:41:14,AMB0024,REQ02325,13.105741,80.251945,46.9,135.0,EN_ROUTE_TO_PATIENT
2026-08-29 18:41:22,AMB0024,REQ02325,13.107045,80.24052,52.9,135.0,EN_ROUTE_TO_PATIENT
2026-08-29 18:41:27,AMB0024,REQ02325,13.108054,80.22849,22.7,135.0,EN_ROUTE_TO_PATIENT
2026-08-29 18:41:32,AMB0024,REQ02325,13.109092,80.216684,20.6,135.0,EN_ROUTE_TO_PATIENT
2026-08-29 18:41:36,AMB0024,REQ02325,13.11063,80.204985,31.0,135.0,EN_ROUTE_TO_PATIENT
2026-08-29 18:41:41,AMB0024,REQ02325,13.113032,80.193945,40.4,135.0,EN_ROUTE_TO_PATIENT
2026-08-29 18:41:47,AMB0024,REQ02325,13.114433,80.182306,28.6,135.0,EN_ROUTE_TO_PATIENT
2026-08-29 18:41:52,AMB0024,REQ02325,13.114838,80.171282,51.7,135.0,EN_ROUTE_TO_PATIENT
2026-08-29 18:41:58,AMB0024,REQ02325,13.117353,80.159227,32.1,135.0,EN_ROUTE_TO_PATIENT
2026-08-29 18:42:02,AMB0024,REQ02325,13.118519,80.147052,52.5,135.0,EN_ROUTE_TO_PATIENT
2026-08-29 18:42:10,AMB0024,REQ02325,13.119857,80.136154,43.3,135.0,EN_ROUTE_TO_PATIENT
2026-08-29 18:42:18,AMB0024,REQ02325,13.120802,80.124544,27.3,135.0,EN_ROUTE_TO_PATIENT
2026-08-29 18:42:25,AMB0024,REQ02325,13.123186,80.11236,44.4,135.0,EN_ROUTE_TO_PATIENT
2026-08-29 18:42:33,AMB0024,REQ02325,13.123751,80.100414,29.5,135.0,EN_ROUTE_TO_PATIENT
2026-08-29 18:42:37,AMB0024,REQ02325,13.125508,80.089628,20.1,135.0,EN_ROUTE_TO_PATIENT
2026-08-29 18:43:49,AMB0024,REQ02325,13.125642,80.089897,51.4,135.0,EN_ROUTE_TO_HOSPITAL
2026-08-29 18:43:55,AMB0024,REQ02325,13.105869,80.092708,53.7,135.0,EN_ROUTE_TO_HOSPITAL
2026-08-29 18:44:03,AMB0024,REQ02325,13.085322,80.096675,35.8,135.0,EN_ROUTE_TO_HOSPITAL
2026-08-29 18:44:09,AMB0024,REQ02325,13.065621,80.100401,26.3,135.0,EN_ROUTE_TO_HOSPITAL
2026-08-29 18:44:14,AMB0024,REQ02325,13.044535,80.104757,20.2,135.0,EN_ROUTE_TO_HOSPITAL
2026-08-29 18:44:18,AMB0024,REQ02325,13.024342,80.107911,40.5,135.0,EN_ROUTE_TO_HOSPITAL
2026-08-29 18:44:22,AMB0024,REQ02325,13.005179,80.112664,49.2,135.0,EN_ROUTE_TO_HOSPITAL
2026-08-29 18:44:26,AMB0024,REQ02325,12.984013,80.115894,38.7,135.0,EN_ROUTE_TO_HOSPITAL
2026-08-29 18:44:33,AMB0024,REQ02325,12.964958,80.119853,22.1,135.0,EN_ROUTE_TO_HOSPITAL
2026-08-29 18:44:40,AMB0024,REQ02325,12.944709,80.123916,42.3,135.0,EN_ROUTE_TO_HOSPITAL
2026-08-29 18:44:48,AMB0024,REQ02325,12.924256,80.127945,46.1,135.0,EN_ROUTE_TO_HOSPITAL
2026-08-31 09:09:18,AMB0111,REQ01886,12.900421,80.23061,26.0,135.0,EN_ROUTE_TO_PATIENT
2026-08-31 09:09:22,AMB0111,REQ01886,12.903287,80.233699,37.7,135.0,EN_ROUTE_TO_PATIENT
2026-08-31 09:09:30,AMB0111,REQ01886,12.906854,80.237786,26.3,135.0,EN_ROUTE_TO_PATIENT
2026-08-31 09:09:35,AMB0111,REQ01886,12.910959,80.24005,21.8,135.0,EN_ROUTE_TO_PATIENT
2026-08-31 09:09:39,AMB0111,REQ01886,12.913781,80.24407,50.8,135.0,EN_ROUTE_TO_PATIENT
2026-08-31 09:09:45,AMB0111,REQ01886,12.917848,80.246844,41.2,135.0,EN_ROUTE_TO_PATIENT
2026-08-31 09:09:50,AMB0111,REQ01886,12.921319,80.250556,51.7,135.0,EN_ROUTE_TO_PATIENT
2026-08-31 09:09:56,AMB0111,REQ01886,12.92373,80.253317,34.4,135.0,EN_ROUTE_TO_PATIENT
2026-08-31 09:10:04,AMB0111,REQ01886,12.928104,80.25655,41.9,135.0,EN_ROUTE_TO_PATIENT
2026-08-31 09:10:11,AMB0111,REQ01886,12.931255,80.259008,42.0,135.0,EN_ROUTE_TO_PATIENT
2026-08-31 09:10:18,AMB0111,REQ01886,12.934515,80.262229,48.8,135.0,EN_ROUTE_TO_PATIENT
2026-08-31 09:10:59,AMB0111,REQ01886,12.934671,80.262162,38.7,135.0,EN_ROUTE_TO_HOSPITAL
2026-08-31 09:11:06,AMB0111,REQ01886,12.941296,80.262396,21.3,135.0,EN_ROUTE_TO_HOSPITAL
2026-08-31 09:11:10,AMB0111,REQ01886,12.948432,80.261294,23.3,135.0,EN_ROUTE_TO_HOSPITAL
2026-08-31 09:11:14,AMB0111,REQ01886,12.955038,80.260737,49.6,135.0,EN_ROUTE_TO_HOSPITAL
2026-08-31 09:11:19,AMB0111,REQ01886,12.961675,80.260025,22.1,135.0,EN_ROUTE_TO_HOSPITAL
2026-08-31 09:11:26,AMB0111,REQ01886,12.969375,80.258094,28.1,135.0,EN_ROUTE_TO_HOSPITAL
2026-08-31 09:11:34,AMB0111,REQ01886,12.975309,80.258032,52.0,135.0,EN_ROUTE_TO_HOSPITAL
2026-08-31 09:11:41,AMB0111,REQ01886,12.982588,80.256886,34.1,135.0,EN_ROUTE_TO_HOSPITAL
2026-08-31 09:11:47,AMB0111,REQ01886,12.989409,80.256531,43.4,135.0,EN_ROUTE_TO_HOSPITAL
2026-08-31 09:11:54,AMB0111,REQ01886,12.996264,80.25503,51.2,135.0,EN_ROUTE_TO_HOSPITAL
2026-08-31 09:12:02,AMB0111,REQ01886,13.00333,80.254607,31.8,135.0,EN_ROUTE_TO_HOSPITAL
2026-08-31 09:12:08,AMB0111,REQ01886,13.009862,80.254159,36.9,135.0,EN_ROUTE_TO_HOSPITAL
2026-08-31 09:12:16,AMB0111,REQ01886,13.017146,80.253123,21.5,135.0,EN_ROUTE_TO_HOSPITAL
2026-08-31 09:12:22,AMB0111,REQ01886,13.023954,80.251977,22.4,135.0,EN_ROUTE_TO_HOSPITAL
2026-08-31 09:12:27,AMB0111,REQ01886,13.031069,80.25129,39.1,135.0,EN_ROUTE_TO_HOSPITAL
2026-08-31 09:12:33,AMB0111,REQ01886,13.037641,80.249954,22.5,135.0,EN_ROUTE_TO_HOSPITAL
2026-08-31 09:12:40,AMB0111,REQ01886,13.044135,80.249857,54.1,135.0,EN_ROUTE_TO_HOSPITAL
2026-08-04 04:32:29,AMB0052,REQ00097,13.050487,80.208383,41.7,135.0,EN_ROUTE_TO_PATIENT
2026-08-04 04:32:36,AMB0052,REQ00097,13.032375,80.210251,26.1,135.0,EN_ROUTE_TO_PATIENT
2026-08-04 04:32:41,AMB0052,REQ00097,13.01447,80.211765,51.2,135.0,EN_ROUTE_TO_PATIENT
2026-08-04 04:32:45,AMB0052,REQ00097,12.995495,80.213766,20.3,135.0,EN_ROUTE_TO_PATIENT
2026-08-04 04:32:52,AMB0052,REQ00097,12.97718,80.214962,28.2,135.0,EN_ROUTE_TO_PATIENT
2026-08-04 04:32:57,AMB0052,REQ00097,12.95871,80.216949,36.3,135.0,EN_ROUTE_TO_PATIENT
2026-08-04 04:33:03,AMB0052,REQ00097,12.941017,80.218316,36.7,135.0,EN_ROUTE_TO_PATIENT
2026-08-04 04:33:07,AMB0052,REQ00097,12.922601,80.221169,38.1,135.0,EN_ROUTE_TO_PATIENT
2026-08-04 04:33:13,AMB0052,REQ00097,12.903656,80.222496,22.2,135.0,EN_ROUTE_TO_PATIENT
2026-08-04 04:33:21,AMB0052,REQ00097,12.885886,80.223708,49.0,135.0,EN_ROUTE_TO_PATIENT
2026-08-04 04:33:25,AMB0052,REQ00097,12.867703,80.225561,52.9,135.0,EN_ROUTE_TO_PATIENT
2026-08-04 04:33:32,AMB0052,REQ00097,12.849594,80.227495,37.3,135.0,EN_ROUTE_TO_PATIENT
2026-08-04 04:33:40,AMB0052,REQ00097,12.830396,80.228819,27.9,135.0,EN_ROUTE_TO_PATIENT
2026-08-04 04:33:47,AMB0052,REQ00097,12.811787,80.231522,38.4,135.0,EN_ROUTE_TO_PATIENT
2026-08-04 04:33:54,AMB0052,REQ00097,12.794529,80.232237,22.2,135.0,EN_ROUTE_TO_PATIENT
2026-08-04 04:34:00,AMB0052,REQ00097,12.775649,80.234774,33.9,135.0,EN_ROUTE_TO_PATIENT
2026-08-04 04:34:59,AMB0052,REQ00097,12.776163,80.23406,35.7,135.0,EN_ROUTE_TO_HOSPITAL
2026-08-04 04:35:04,AMB0052,REQ00097,12.793774,80.219603,22.3,135.0,EN_ROUTE_TO_HOSPITAL
2026-08-04 04:35:08,AMB0052,REQ00097,12.81318,80.204621,52.7,135.0,EN_ROUTE_TO_HOSPITAL
2026-08-04 04:35:15,AMB0052,REQ00097,12.831628,80.189057,50.3,135.0,EN_ROUTE_TO_HOSPITAL
2026-08-04 04:35:23,AMB0052,REQ00097,12.850275,80.174006,41.3,135.0,EN_ROUTE_TO_HOSPITAL
2026-08-04 04:35:30,AMB0052,REQ00097,12.869262,80.158377,30.8,135.0,EN_ROUTE_TO_HOSPITAL
2026-08-04 04:35:35,AMB0052,REQ00097,12.887562,80.143324,36.6,135.0,EN_ROUTE_TO_HOSPITAL
2026-08-04 04:35:42,AMB0052,REQ00097,12.905777,80.128099,52.7,135.0,EN_ROUTE_TO_HOSPITAL
2026-08-04 04:35:48,AMB0052,REQ00097,12.924469,80.113714,38.3,135.0,EN_ROUTE_TO_HOSPITAL
2026-09-08 17:26:56,AMB0021,REQ00313,13.114927,80.233792,21.4,135.0,EN_ROUTE_TO_PATIENT
2026-09-08 17:27:03,AMB0021,REQ00313,13.103353,80.224093,48.9,135.0,EN_ROUTE_TO_PATIENT
2026-09-08 17:27:09,AMB0021,REQ00313,13.091506,80.215294,41.8,135.0,EN_ROUTE_TO_PATIENT
2026-09-08 17:27:13,AMB0021,REQ00313,13.079279,80.205272,39.9,135.0,EN_ROUTE_TO_PATIENT
2026-09-08 17:27:21,AMB0021,REQ00313,13.066931,80.195651,27.1,135.0,EN_ROUTE_TO_PATIENT
2026-09-08 17:27:27,AMB0021,REQ00313,13.055763,80.187262,39.8,135.0,EN_ROUTE_TO_PATIENT
2026-09-08 17:27:31,AMB0021,REQ00313,13.043351,80.17733,23.9,135.0,EN_ROUTE_TO_PATIENT
2026-09-08 17:27:39,AMB0021,REQ00313,13.031843,80.168098,45.1,135.0,EN_ROUTE_TO_PATIENT
2026-09-08 17:27:46,AMB0021,REQ00313,13.019779,80.159208,21.1,135.0,EN_ROUTE_TO_PATIENT
2026-09-08 17:27:51,AMB0021,REQ00313,13.007761,80.149262,51.0,135.0,EN_ROUTE_TO_PATIENT
2026-09-08 17:27:59,AMB0021,REQ00313,12.995003,80.139667,22.2,135.0,EN_ROUTE_TO_PATIENT
2026-09-08 17:28:06,AMB0021,REQ00313,12.983859,80.130194,40.2,135.0,EN_ROUTE_TO_PATIENT
2026-09-08 17:28:14,AMB0021,REQ00313,12.971508,80.12163,27.8,135.0,EN_ROUTE_TO_PATIENT
2026-09-08 17:28:20,AMB0021,REQ00313,12.959772,80.11223,45.3,135.0,EN_ROUTE_TO_PATIENT
2026-09-08 17:29:47,AMB0021,REQ00313,12.958938,80.112277,35.9,135.0,EN_ROUTE_TO_HOSPITAL
2026-09-08 17:29:54,AMB0021,REQ00313,12.968629,80.124828,25.0,135.0,EN_ROUTE_TO_HOSPITAL
2026-09-08 17:30:01,AMB0021,REQ00313,12.978784,80.137146,29.6,135.0,EN_ROUTE_TO_HOSPITAL
2026-09-08 17:30:08,AMB0021,REQ00313,12.988267,80.148628,35.4,135.0,EN_ROUTE_TO_HOSPITAL
2026-09-08 17:30:13,AMB0021,REQ00313,12.997959,80.161764,52.0,135.0,EN_ROUTE_TO_HOSPITAL
2026-09-08 17:30:20,AMB0021,REQ00313,13.00674,80.174011,25.1,135.0,EN_ROUTE_TO_HOSPITAL
2026-09-08 17:30:27,AMB0021,REQ00313,13.016028,80.186573,49.5,135.0,EN_ROUTE_TO_HOSPITAL
2026-09-08 17:30:32,AMB0021,REQ00313,13.025777,80.198124,22.6,135.0,EN_ROUTE_TO_HOSPITAL
2026-09-08 17:30:40,AMB0021,REQ00313,13.034958,80.21149,44.5,135.0,EN_ROUTE_TO_HOSPITAL
2026-09-08 17:30:45,AMB0021,REQ00313,13.045207,80.223574,36.9,135.0,EN_ROUTE_TO_HOSPITAL
2026-09-08 17:30:49,AMB0021,REQ00313,13.05404,80.236088,45.0,135.0,EN_ROUTE_TO_HOSPITAL
2026-09-08 17:30:53,AMB0021,REQ00313,13.064208,80.248403,34.2,135.0,EN_ROUTE_TO_HOSPITAL
2026-09-08 17:31:01,AMB0021,REQ00313,13.072974,80.260782,42.8,135.0,EN_ROUTE_TO_HOSPITAL
2026-08-01 03:43:39,AMB0062,REQ00419,13.04451,80.252668,50.3,135.0,EN_ROUTE_TO_PATIENT
2026-08-01 03:43:43,AMB0062,REQ00419,13.050001,80.253575,46.5,135.0,EN_ROUTE_TO_PATIENT
2026-08-01 03:43:47,AMB0062,REQ00419,13.056529,80.254263,38.0,135.0,EN_ROUTE_TO_PATIENT
2026-08-01 03:43:55,AMB0062,REQ00419,13.062356,80.255902,41.7,135.0,EN_ROUTE_TO_PATIENT
2026-08-01 03:44:02,AMB0062,REQ00419,13.067824,80.256771,23.6,135.0,EN_ROUTE_TO_PATIENT
2026-08-01 03:44:09,AMB0062,REQ00419,13.072824,80.258837,52.5,135.0,EN_ROUTE_TO_PATIENT
2026-08-01 03:44:13,AMB0062,REQ00419,13.078928,80.259919,38.9,135.0,EN_ROUTE_TO_PATIENT
2026-08-01 03:44:19,AMB0062,REQ00419,13.084475,80.260972,39.5,135.0,EN_ROUTE_TO_PATIENT
2026-08-01 03:44:25,AMB0062,REQ00419,13.090592,80.261935,52.7,135.0,EN_ROUTE_TO_PATIENT
2026-08-01 03:44:30,AMB0062,REQ00419,13.09675,80.263904,37.2,135.0,EN_ROUTE_TO_PATIENT
2026-08-01 03:44:34,AMB0062,REQ00419,13.101943,80.264326,22.5,135.0,EN_ROUTE_TO_PATIENT
2026-08-01 03:45:40,AMB0062,REQ00419,13.101765,80.264701,31.3,135.0,EN_ROUTE_TO_HOSPITAL
2026-08-01 03:45:44,AMB0062,REQ00419,13.096846,80.253236,36.3,135.0,EN_ROUTE_TO_HOSPITAL
2026-08-01 03:45:49,AMB0062,REQ00419,13.090492,80.241763,53.9,135.0,EN_ROUTE_TO_HOSPITAL
2026-08-01 03:45:56,AMB0062,REQ00419,13.084859,80.230514,22.9,135.0,EN_ROUTE_TO_HOSPITAL
2026-08-01 03:46:01,AMB0062,REQ00419,13.078771,80.219776,26.6,135.0,EN_ROUTE_TO_HOSPITAL
2026-08-01 03:46:07,AMB0062,REQ00419,13.072893,80.208566,22.0,135.0,EN_ROUTE_TO_HOSPITAL
2026-08-01 03:46:14,AMB0062,REQ00419,13.067799,80.197621,49.4,135.0,EN_ROUTE_TO_HOSPITAL
2026-08-01 03:46:19,AMB0062,REQ00419,13.061184,80.185796,49.4,135.0,EN_ROUTE_TO_HOSPITAL
2026-08-01 03:46:24,AMB0062,REQ00419,13.055761,80.174726,33.6,135.0,EN_ROUTE_TO_HOSPITAL
2026-08-01 03:46:32,AMB0062,REQ00419,13.050445,80.163807,54.4,135.0,EN_ROUTE_TO_HOSPITAL
2026-08-01 03:46:40,AMB0062,REQ00419,13.04391,80.151529,48.2,135.0,EN_ROUTE_TO_HOSPITAL
2026-08-01 03:46:47,AMB0062,REQ00419,13.039076,80.140734,39.7,135.0,EN_ROUTE_TO_HOSPITAL
2026-08-11 18:51:53,AMB0105,REQ01871,12.958261,80.244674,29.1,135.0,EN_ROUTE_TO_PATIENT
2026-08-11 18:52:00,AMB0105,REQ01871,12.956694,80.241179,37.1,135.0,EN_ROUTE_TO_PATIENT
2026-08-11 18:52:07,AMB0105,REQ01871,12.9554,80.236518,45.7,135.0,EN_ROUTE_TO_PATIENT
2026-08-11 18:52:14,AMB0105,REQ01871,12.954675,80.231976,37.5,135.0,EN_ROUTE_TO_PATIENT
2026-08-11 18:52:20,AMB0105,REQ01871,12.953105,80.226834,20.3,135.0,EN_ROUTE_TO_PATIENT
2026-08-11 18:52:26,AMB0105,REQ01871,12.951894,80.22342,39.0,135.0,EN_ROUTE_TO_PATIENT
2026-08-11 18:52:30,AMB0105,REQ01871,12.950695,80.219009,24.5,135.0,EN_ROUTE_TO_PATIENT
2026-08-11 18:52:37,AMB0105,REQ01871,12.949513,80.213495,23.7,135.0,EN_ROUTE_TO_PATIENT
2026-08-11 18:52:44,AMB0105,REQ01871,12.948005,80.209441,37.9,135.0,EN_ROUTE_TO_PATIENT
2026-08-11 18:52:51,AMB0105,REQ01871,12.946722,80.204881,50.7,135.0,EN_ROUTE_TO_PATIENT
2026-08-11 18:53:28,AMB0105,REQ01871,12.947562,80.204764,23.7,135.0,EN_ROUTE_TO_HOSPITAL
2026-08-11 18:53:34,AMB0105,REQ01871,12.959269,80.210767,41.7,135.0,EN_ROUTE_TO_HOSPITAL
2026-08-11 18:53:42,AMB0105,REQ01871,12.970927,80.21617,36.0,135.0,EN_ROUTE_TO_HOSPITAL
2026-08-11 18:53:46,AMB0105,REQ01871,12.982457,80.222074,51.8,135.0,EN_ROUTE_TO_HOSPITAL
2026-08-11 18:53:52,AMB0105,REQ01871,12.995247,80.227787,38.4,135.0,EN_ROUTE_TO_HOSPITAL
2026-08-11 18:54:00,AMB0105,REQ01871,13.006898,80.233971,46.1,135.0,EN_ROUTE_TO_HOSPITAL
2026-08-11 18:54:05,AMB0105,REQ01871,13.018592,80.24031,46.6,135.0,EN_ROUTE_TO_HOSPITAL
2026-08-11 18:54:12,AMB0105,REQ01871,13.029756,80.245403,39.4,135.0,EN_ROUTE_TO_HOSPITAL
2026-08-11 18:54:16,AMB0105,REQ01871,13.042445,80.251713,54.0,135.0,EN_ROUTE_TO_HOSPITAL
2026-08-11 18:54:21,AMB0105,REQ01871,13.054449,80.257677,44.1,135.0,EN_ROUTE_TO_HOSPITAL
2026-08-11 18:54:29,AMB0105,REQ01871,13.065973,80.262785,37.7,135.0,EN_ROUTE_TO_HOSPITAL
2026-08-11 18:54:34,AMB0105,REQ01871,13.077293,80.268339,45.1,135.0,EN_ROUTE_TO_HOSPITAL
2026-08-11 18:54:42,AMB0105,REQ01871,13.089927,80.274421,44.0,135.0,EN_ROUTE_TO_HOSPITAL
2026-08-11 18:54:46,AMB0105,REQ01871,13.101834,80.280782,40.7,135.0,EN_ROUTE_TO_HOSPITAL
2026-08-11 18:54:54,AMB0105,REQ01871,13.113445,80.286065,27.5,135.0,EN_ROUTE_TO_HOSPITAL
2026-09-01 04:48:05,AMB0037,REQ01011,13.085022,80.210487,50.2,135.0,EN_ROUTE_TO_PATIENT
2026-09-01 04:48:11,AMB0037,REQ01011,13.068461,80.213425,38.3,135.0,EN_ROUTE_TO_PATIENT
2026-09-01 04:48:15,AMB0037,REQ01011,13.052746,80.215463,42.4,135.0,EN_ROUTE_TO_PATIENT
2026-09-01 04:48:22,AMB0037,REQ01011,13.036624,80.218143,28.8,135.0,EN_ROUTE_TO_PATIENT
2026-09-01 04:48:26,AMB0037,REQ01011,13.019043,80.220043,28.0,135.0,EN_ROUTE_TO_PATIENT
2026-09-01 04:48:30,AMB0037,REQ01011,13.003351,80.222899,34.0,135.0,EN_ROUTE_TO_PATIENT
2026-09-01 04:48:37,AMB0037,REQ01011,12.986408,80.225557,51.9,135.0,EN_ROUTE_TO_PATIENT
2026-09-01 04:48:41,AMB0037,REQ01011,12.969985,80.227938,45.3,135.0,EN_ROUTE_TO_PATIENT
2026-09-01 04:48:49,AMB0037,REQ01011,12.954053,80.230497,44.6,135.0,EN_ROUTE_TO_PATIENT
2026-09-01 04:48:56,AMB0037,REQ01011,12.937801,80.23261,25.0,135.0,EN_ROUTE_TO_PATIENT
2026-09-01 04:49:02,AMB0037,REQ01011,12.920914,80.2351,31.7,135.0,EN_ROUTE_TO_PATIENT
2026-09-01 04:49:07,AMB0037,REQ01011,12.904821,80.237171,54.4,135.0,EN_ROUTE_TO_PATIENT
2026-09-01 04:49:13,AMB0037,REQ01011,12.888134,80.240404,50.5,135.0,EN_ROUTE_TO_PATIENT
2026-09-01 04:50:25,AMB0037,REQ01011,12.887752,80.239924,40.7,135.0,EN_ROUTE_TO_HOSPITAL
2026-09-01 04:50:29,AMB0037,REQ01011,12.904046,80.236877,43.0,135.0,EN_ROUTE_TO_HOSPITAL
2026-09-01 04:50:37,AMB0037,REQ01011,12.919888,80.23493,20.5,135.0,EN_ROUTE_TO_HOSPITAL
2026-09-01 04:50:45,AMB0037,REQ01011,12.937044,80.231427,22.5,135.0,EN_ROUTE_TO_HOSPITAL
2026-09-01 04:50:52,AMB0037,REQ01011,12.952502,80.229026,41.9,135.0,EN_ROUTE_TO_HOSPITAL
2026-09-01 04:51:00,AMB0037,REQ01011,12.969423,80.2257,49.2,135.0,EN_ROUTE_TO_HOSPITAL
2026-09-01 04:51:06,AMB0037,REQ01011,12.984936,80.223721,44.0,135.0,EN_ROUTE_TO_HOSPITAL
2026-09-01 04:51:11,AMB0037,REQ01011,13.001256,80.220698,42.5,135.0,EN_ROUTE_TO_HOSPITAL
2026-09-01 04:51:16,AMB0037,REQ01011,13.018343,80.217175,43.9,135.0,EN_ROUTE_TO_HOSPITAL
2026-09-01 04:51:21,AMB0037,REQ01011,13.034594,80.214684,35.0,135.0,EN_ROUTE_TO_HOSPITAL
2026-09-01 04:51:26,AMB0037,REQ01011,13.050311,80.212034,36.6,135.0,EN_ROUTE_TO_HOSPITAL
2026-08-28 14:30:05,AMB0020,REQ00681,13.117078,80.234914,39.4,135.0,EN_ROUTE_TO_PATIENT
2026-08-28 14:30:09,AMB0020,REQ00681,13.113915,80.236378,40.0,135.0,EN_ROUTE_TO_PATIENT
2026-08-28 14:30:15,AMB0020,REQ00681,13.109464,80.239636,25.8,135.0,EN_ROUTE_TO_PATIENT
2026-08-28 14:30:21,AMB0020,REQ00681,13.106575,80.242695,45.1,135.0,EN_ROUTE_TO_PATIENT
2026-08-28 14:30:25,AMB0020,REQ00681,13.102828,80.2445,50.0,135.0,EN_ROUTE_TO_PATIENT
2026-08-28 14:30:30,AMB0020,REQ00681,13.098012,80.24784,34.0,135.0,EN_ROUTE_TO_PATIENT
2026-08-28 14:30:36,AMB0020,REQ00681,13.094789,80.250498,46.1,135.0,EN_ROUTE_TO_PATIENT
2026-08-28 14:30:40,AMB0020,REQ00681,13.091369,80.252669,40.7,135.0,EN_ROUTE_TO_PATIENT
2026-08-28 14:30:44,AMB0020,REQ00681,13.087797,80.255413,44.9,135.0,EN_ROUTE_TO_PATIENT
2026-08-28 14:30:51,AMB0020,REQ00681,13.08347,80.258168,21.8,135.0,EN_ROUTE_TO_PATIENT
2026-08-28 14:30:56,AMB0020,REQ00681,13.079128,80.259922,44.8,135.0,EN_ROUTE_TO_PATIENT
2026-08-28 14:31:01,AMB0020,REQ00681,13.076189,80.262912,34.9,135.0,EN_ROUTE_TO_PATIENT
2026-08-28 14:31:07,AMB0020,REQ00681,13.072461,80.264997,51.8,135.0,EN_ROUTE_TO_PATIENT
2026-08-28 14:32:15,AMB0020,REQ00681,13.071962,80.264995,50.7,135.0,EN_ROUTE_TO_HOSPITAL
2026-08-28 14:32:23,AMB0020,REQ00681,13.072582,80.25942,25.5,135.0,EN_ROUTE_TO_HOSPITAL
2026-08-28 14:32:30,AMB0020,REQ00681,13.073967,80.253262,24.7,135.0,EN_ROUTE_TO_HOSPITAL
2026-08-28 14:32:35,AMB0020,REQ00681,13.075108,80.247483,50.0,135.0,EN_ROUTE_TO_HOSPITAL
2026-08-28 14:32:39,AMB0020,REQ00681,13.0765,80.241029,51.2,135.0,EN_ROUTE_TO_HOSPITAL
2026-08-28 14:32:47,AMB0020,REQ00681,13.076764,80.235264,54.7,135.0,EN_ROUTE_TO_HOSPITAL
2026-08-28 14:32:51,AMB0020,REQ00681,13.078625,80.229559,49.7,135.0,EN_ROUTE_TO_HOSPITAL
2026-08-28 14:32:59,AMB0020,REQ00681,13.079207,80.223514,43.7,135.0,EN_ROUTE_TO_HOSPITAL
2026-08-28 14:33:03,AMB0020,REQ00681,13.081037,80.217196,38.8,135.0,EN_ROUTE_TO_HOSPITAL
2026-08-28 14:33:10,AMB0020,REQ00681,13.082105,80.21038,32.6,135.0,EN_ROUTE_TO_HOSPITAL
2026-08-28 14:33:18,AMB0020,REQ00681,13.082362,80.205461,33.4,135.0,EN_ROUTE_TO_HOSPITAL
2026-08-28 14:33:24,AMB0020,REQ00681,13.08332,80.198924,34.3,135.0,EN_ROUTE_TO_HOSPITAL
2026-08-28 14:33:29,AMB0020,REQ00681,13.084806,80.193204,43.0,135.0,EN_ROUTE_TO_HOSPITAL
2026-08-28 14:33:33,AMB0020,REQ00681,13.085787,80.186215,44.2,135.0,EN_ROUTE_TO_HOSPITAL
2026-08-31 21:51:31,AMB0098,REQ02275,12.97759,80.220309,43.0,135.0,EN_ROUTE_TO_PATIENT
2026-08-31 21:51:38,AMB0098,REQ02275,12.978995,80.220218,39.7,135.0,EN_ROUTE_TO_PATIENT
2026-08-31 21:51:44,AMB0098,REQ02275,12.9801,80.218868,33.7,135.0,EN_ROUTE_TO_PATIENT
2026-08-31 21:51:48,AMB0098,REQ02275,12.981982,80.2188,49.5,135.0,EN_ROUTE_TO_PATIENT
2026-08-31 21:51:56,AMB0098,REQ02275,12.982862,80.218212,20.1,135.0,EN_ROUTE_TO_PATIENT
2026-08-31 21:52:01,AMB0098,REQ02275,12.984693,80.218106,38.0,135.0,EN_ROUTE_TO_PATIENT
2026-08-31 21:52:07,AMB0098,REQ02275,12.985884,80.217628,47.8,135.0,EN_ROUTE_TO_PATIENT
2026-08-31 21:52:11,AMB0098,REQ02275,12.987631,80.216865,22.4,135.0,EN_ROUTE_TO_PATIENT
2026-08-31 21:52:15,AMB0098,REQ02275,12.989825,80.216477,45.0,135.0,EN_ROUTE_TO_PATIENT
2026-08-31 21:52:20,AMB0098,REQ02275,12.990271,80.216103,21.0,135.0,EN_ROUTE_TO_PATIENT
2026-08-31 21:52:26,AMB0098,REQ02275,12.992802,80.215835,21.2,135.0,EN_ROUTE_TO_PATIENT
2026-08-31 21:52:33,AMB0098,REQ02275,12.994057,80.216204,50.7,135.0,EN_ROUTE_TO_PATIENT
2026-08-31 21:52:39,AMB0098,REQ02275,12.995512,80.215299,32.9,135.0,EN_ROUTE_TO_PATIENT
2026-08-31 21:52:45,AMB0098,REQ02275,12.996971,80.215305,45.2,135.0,EN_ROUTE_TO_PATIENT
2026-08-31 21:52:52,AMB0098,REQ02275,12.997727,80.214391,54.4,135.0,EN_ROUTE_TO_PATIENT
2026-08-31 21:54:11,AMB0098,REQ02275,12.99831,80.215279,51.1,135.0,EN_ROUTE_TO_HOSPITAL
2026-08-31 21:54:17,AMB0098,REQ02275,12.999382,80.220259,22.3,135.0,EN_ROUTE_TO_HOSPITAL
2026-08-31 21:54:21,AMB0098,REQ02275,13.000845,80.224679,30.9,135.0,EN_ROUTE_TO_HOSPITAL
2026-08-31 21:54:27,AMB0098,REQ02275,13.001194,80.230606,24.8,135.0,EN_ROUTE_TO_HOSPITAL
2026-08-31 21:54:35,AMB0098,REQ02275,13.002832,80.23531,38.8,135.0,EN_ROUTE_TO_HOSPITAL
2026-08-31 21:54:42,AMB0098,REQ02275,13.003317,80.241006,30.2,135.0,EN_ROUTE_TO_HOSPITAL
2026-08-31 21:54:49,AMB0098,REQ02275,13.00484,80.245813,37.7,135.0,EN_ROUTE_TO_HOSPITAL
2026-08-31 21:54:57,AMB0098,REQ02275,13.005236,80.251193,20.7,135.0,EN_ROUTE_TO_HOSPITAL
2026-08-31 21:55:05,AMB0098,REQ02275,13.006584,80.256113,20.9,135.0,EN_ROUTE_TO_HOSPITAL
2026-08-12 21:38:31,AMB0056,REQ00120,13.056643,80.242692,47.8,135.0,EN_ROUTE_TO_PATIENT
2026-08-12 21:38:35,AMB0056,REQ00120,13.061282,80.231156,51.6,135.0,EN_ROUTE_TO_PATIENT
2026-08-12 21:38:39,AMB0056,REQ00120,13.065308,80.219993,27.1,135.0,EN_ROUTE_TO_PATIENT
2026-08-12 21:38:45,AMB0056,REQ00120,13.068845,80.208109,42.0,135.0,EN_ROUTE_TO_PATIENT
2026-08-12 21:38:53,AMB0056,REQ00120,13.073271,80.196455,44.0,135.0,EN_ROUTE_TO_PATIENT
2026-08-12 21:38:57,AMB0056,REQ00120,13.076479,80.184731,47.9,135.0,EN_ROUTE_TO_PATIENT
2026-08-12 21:39:01,AMB0056,REQ00120,13.080522,80.173775,41.7,135.0,EN_ROUTE_TO_PATIENT
2026-08-12 21:39:09,AMB0056,REQ00120,13.084459,80.161374,52.4,135.0,EN_ROUTE_TO_PATIENT
2026-08-12 21:39:16,AMB0056,REQ00120,13.088563,80.149951,21.3,135.0,EN_ROUTE_TO_PATIENT
2026-08-12 21:39:23,AMB0056,REQ00120,13.092964,80.13844,36.3,135.0,EN_ROUTE_TO_PATIENT
2026-08-12 21:39:29,AMB0056,REQ00120,13.096551,80.126827,35.7,135.0,EN_ROUTE_TO_PATIENT
2026-08-12 21:39:33,AMB0056,REQ00120,13.100298,80.115415,32.7,135.0,EN_ROUTE_TO_PATIENT
2026-08-12 21:39:39,AMB0056,REQ00120,13.104681,80.104156,33.5,135.0,EN_ROUTE_TO_PATIENT
2026-08-12 21:39:44,AMB0056,REQ00120,13.108634,80.092605,40.1,135.0,EN_ROUTE_TO_PATIENT
2026-08-12 21:40:51,AMB0056,REQ00120,13.108617,80.092387,34.6,135.0,EN_ROUTE_TO_HOSPITAL
2026-08-12 21:40:58,AMB0056,REQ00120,13.097395,80.094344,49.7,135.0,EN_ROUTE_TO_HOSPITAL
2026-08-12 21:41:06,AMB0056,REQ00120,13.087175,80.097197,22.2,135.0,EN_ROUTE_TO_HOSPITAL
2026-08-12 21:41:12,AMB0056,REQ00120,13.075123,80.098782,49.2,135.0,EN_ROUTE_TO_HOSPITAL
2026-08-12 21:41:19,AMB0056,REQ00120,13.064522,80.101774,37.9,135.0,EN_ROUTE_TO_HOSPITAL
2026-08-12 21:41:25,AMB0056,REQ00120,13.053329,80.104613,41.7,135.0,EN_ROUTE_TO_HOSPITAL
2026-08-12 21:41:29,AMB0056,REQ00120,13.042165,80.106948,40.3,135.0,EN_ROUTE_TO_HOSPITAL
2026-08-12 21:41:33,AMB0056,REQ00120,13.03106,80.109212,41.1,135.0,EN_ROUTE_TO_HOSPITAL
2026-08-12 21:41:41,AMB0056,REQ00120,13.02069,80.111954,52.3,135.0,EN_ROUTE_TO_HOSPITAL
2026-08-12 21:41:45,AMB0056,REQ00120,13.008894,80.113419,40.5,135.0,EN_ROUTE_TO_HOSPITAL
2026-08-12 21:41:53,AMB0056,REQ00120,12.997793,80.11674,41.7,135.0,EN_ROUTE_TO_HOSPITAL
2026-08-12 21:41:57,AMB0056,REQ00120,12.987854,80.118385,32.5,135.0,EN_ROUTE_TO_HOSPITAL
2026-08-12 21:42:01,AMB0056,REQ00120,12.976467,80.121282,49.9,135.0,EN_ROUTE_TO_HOSPITAL
2026-08-12 21:42:06,AMB0056,REQ00120,12.964988,80.123976,33.6,135.0,EN_ROUTE_TO_HOSPITAL
2026-08-12 21:42:13,AMB0056,REQ00120,12.954446,80.125988,46.7,135.0,EN_ROUTE_TO_HOSPITAL
2026-08-12 21:42:18,AMB0056,REQ00120,12.942734,80.128012,45.5,135.0,EN_ROUTE_TO_HOSPITAL
2026-08-12 06:50:16,AMB0016,REQ01099,13.128674,80.286848,49.3,135.0,EN_ROUTE_TO_PATIENT
2026-08-12 06:50:22,AMB0016,REQ01099,13.115319,80.280178,28.6,135.0,EN_ROUTE_TO_PATIENT
2026-08-12 06:50:29,AMB0016,REQ01099,13.100545,80.273605,30.0,135.0,EN_ROUTE_TO_PATIENT
2026-08-12 06:50:35,AMB0016,REQ01099,13.085943,80.267999,22.1,135.0,EN_ROUTE_TO_PATIENT
2026-08-12 06:50:40,AMB0016,REQ01099,13.071553,80.260889,34.1,135.0,EN_ROUTE_TO_PATIENT
2026-08-12 06:50:48,AMB0016,REQ01099,13.058156,80.254316,53.5,135.0,EN_ROUTE_TO_PATIENT
2026-08-12 06:50:53,AMB0016,REQ01099,13.043483,80.247733,39.7,135.0,EN_ROUTE_TO_PATIENT
2026-08-12 06:50:58,AMB0016,REQ01099,13.029205,80.241751,37.8,135.0,EN_ROUTE_TO_PATIENT
2026-08-12 06:51:03,AMB0016,REQ01099,13.014644,80.234068,33.2,135.0,EN_ROUTE_TO_PATIENT
2026-08-12 06:51:11,AMB0016,REQ01099,13.000924,80.227586,42.8,135.0,EN_ROUTE_TO_PATIENT
2026-08-12 06:52:02,AMB0016,REQ01099,12.999861,80.228664,54.4,135.0,EN_ROUTE_TO_HOSPITAL
2026-08-12 06:52:06,AMB0016,REQ01099,13.005497,80.227303,54.0,135.0,EN_ROUTE_TO_HOSPITAL
2026-08-12 06:52:12,AMB0016,REQ01099,13.010174,80.227156,24.8,135.0,EN_ROUTE_TO_HOSPITAL
2026-08-12 06:52:19,AMB0016,REQ01099,13.015192,80.227594,29.4,135.0,EN_ROUTE_TO_HOSPITAL
2026-08-12 06:52:23,AMB0016,REQ01099,13.020017,80.22667,42.7,135.0,EN_ROUTE_TO_HOSPITAL
2026-08-12 06:52:29,AMB0016,REQ01099,13.025253,80.226836,52.8,135.0,EN_ROUTE_TO_HOSPITAL
2026-08-12 06:52:36,AMB0016,REQ01099,13.029657,80.226358,53.2,135.0,EN_ROUTE_TO_HOSPITAL
2026-08-12 06:52:42,AMB0016,REQ01099,13.0349,80.225737,27.4,135.0,EN_ROUTE_TO_HOSPITAL
2026-08-12 06:52:47,AMB0016,REQ01099,13.039292,80.225683,49.1,135.0,EN_ROUTE_TO_HOSPITAL
2026-08-12 06:52:51,AMB0016,REQ01099,13.044295,80.225872,32.1,135.0,EN_ROUTE_TO_HOSPITAL
2026-08-12 06:52:55,AMB0016,REQ01099,13.049388,80.225987,46.3,135.0,EN_ROUTE_TO_HOSPITAL
2026-08-12 06:53:02,AMB0016,REQ01099,13.054565,80.224738,39.9,135.0,EN_ROUTE_TO_HOSPITAL
2026-08-12 06:53:08,AMB0016,REQ01099,13.059458,80.22556,23.5,135.0,EN_ROUTE_TO_HOSPITAL
2026-08-12 06:53:16,AMB0016,REQ01099,13.064561,80.225322,24.9,135.0,EN_ROUTE_TO_HOSPITAL
2026-08-12 06:53:24,AMB0016,REQ01099,13.068536,80.224969,26.2,135.0,EN_ROUTE_TO_HOSPITAL
2026-08-12 06:53:29,AMB0016,REQ01099,13.073666,80.223918,31.9,135.0,EN_ROUTE_TO_HOSPITAL
2026-08-12 06:53:34,AMB0016,REQ01099,13.07942,80.224355,52.1,135.0,EN_ROUTE_TO_HOSPITAL
2026-09-02 23:45:58,AMB0048,REQ01530,13.068706,80.19143,43.5,135.0,EN_ROUTE_TO_PATIENT
2026-09-02 23:46:05,AMB0048,REQ01530,13.059224,80.192683,50.4,135.0,EN_ROUTE_TO_PATIENT
2026-09-02 23:46:12,AMB0048,REQ01530,13.049334,80.194411,46.5,135.0,EN_ROUTE_TO_PATIENT
2026-09-02 23:46:18,AMB0048,REQ01530,13.039015,80.196293,30.9,135.0,EN_ROUTE_TO_PATIENT
2026-09-02 23:46:25,AMB0048,REQ01530,13.029014,80.198209,53.2,135.0,EN_ROUTE_TO_PATIENT
2026-09-02 23:46:32,AMB0048,REQ01530,13.019865,80.200097,21.3,135.0,EN_ROUTE_TO_PATIENT
2026-09-02 23:46:39,AMB0048,REQ01530,13.009733,80.202586,28.9,135.0,EN_ROUTE_TO_PATIENT
2026-09-02 23:46:44,AMB0048,REQ01530,13.000165,80.204404,24.8,135.0,EN_ROUTE_TO_PATIENT
2026-09-02 23:46:51,AMB0048,REQ01530,12.989301,80.205448,27.3,135.0,EN_ROUTE_TO_PATIENT
2026-09-02 23:47:31,AMB0048,REQ01530,12.990159,80.206184,35.2,135.0,EN_ROUTE_TO_HOSPITAL
2026-09-02 23:47:36,AMB0048,REQ01530,13.001941,80.213854,23.8,135.0,EN_ROUTE_TO_HOSPITAL
2026-09-02 23:47:40,AMB0048,REQ01530,13.013274,80.222006,47.2,135.0,EN_ROUTE_TO_HOSPITAL
2026-09-02 23:47:44,AMB0048,REQ01530,13.024847,80.230511,30.5,135.0,EN_ROUTE_TO_HOSPITAL
2026-09-02 23:47:49,AMB0048,REQ01530,13.03673,80.23797,45.8,135.0,EN_ROUTE_TO_HOSPITAL
2026-09-02 23:47:57,AMB0048,REQ01530,13.047967,80.245623,52.3,135.0,EN_ROUTE_TO_HOSPITAL
2026-09-02 23:48:03,AMB0048,REQ01530,13.059679,80.254675,31.6,135.0,EN_ROUTE_TO_HOSPITAL
2026-09-02 23:48:09,AMB0048,REQ01530,13.071739,80.262641,22.0,135.0,EN_ROUTE_TO_HOSPITAL
2026-09-02 23:48:14,AMB0048,REQ01530,13.08342,80.270701,36.7,135.0,EN_ROUTE_TO_HOSPITAL
2026-09-02 23:48:20,AMB0048,REQ01530,13.094731,80.278553,23.6,135.0,EN_ROUTE_TO_HOSPITAL
2026-09-02 23:48:26,AMB0048,REQ01530,13.10632,80.28617,35.2,135.0,EN_ROUTE_TO_HOSPITAL
2026-08-26 10:07:51,AMB0099,REQ00477,12.979095,80.22,53.7,135.0,EN_ROUTE_TO_PATIENT
2026-08-26 10:07:57,AMB0099,REQ00477,12.988899,80.225924,29.1,135.0,EN_ROUTE_TO_PATIENT
2026-08-26 10:08:01,AMB0099,REQ00477,12.999568,80.233007,22.2,135.0,EN_ROUTE_TO_PATIENT
2026-08-26 10:08:07,AMB0099,REQ00477,13.008915,80.238203,28.9,135.0,EN_ROUTE_TO_PATIENT
2026-08-26 10:08:12,AMB0099,REQ00477,13.019082,80.243968,42.5,135.0,EN_ROUTE_TO_PATIENT
2026-08-26 10:08:17,AMB0099,REQ00477,13.029882,80.250306,24.4,135.0,EN_ROUTE_TO_PATIENT
2026-08-26 10:08:24,AMB0099,REQ00477,13.039887,80.256649,30.5,135.0,EN_ROUTE_TO_PATIENT
2026-08-26 10:08:29,AMB0099,REQ00477,13.049826,80.262852,27.8,135.0,EN_ROUTE_TO_PATIENT
2026-08-26 10:08:36,AMB0099,REQ00477,13.060506,80.268615,25.8,135.0,EN_ROUTE_TO_PATIENT
2026-08-26 10:08:42,AMB0099,REQ00477,13.070474,80.27424,47.2,135.0,EN_ROUTE_TO_PATIENT
2026-08-26 10:08:48,AMB0099,REQ00477,13.08012,80.280764,50.6,135.0,EN_ROUTE_TO_PATIENT
2026-08-26 10:08:53,AMB0099,REQ00477,13.090496,80.286744,37.6,135.0,EN_ROUTE_TO_PATIENT
2026-08-26 10:08:58,AMB0099,REQ00477,13.100751,80.29238,30.7,135.0,EN_ROUTE_TO_PATIENT
2026-08-26 10:09:05,AMB0099,REQ00477,13.110717,80.298891,42.9,135.0,EN_ROUTE_TO_PATIENT
2026-08-26 10:10:20,AMB0099,REQ00477,13.110825,80.298903,31.2,135.0,EN_ROUTE_TO_HOSPITAL
2026-08-26 10:10:25,AMB0099,REQ00477,13.105634,80.294924,25.3,135.0,EN_ROUTE_TO_HOSPITAL
2026-08-26 10:10:31,AMB0099,REQ00477,13.100281,80.292622,27.0,135.0,EN_ROUTE_TO_HOSPITAL
2026-08-26 10:10:38,AMB0099,REQ00477,13.094775,80.289458,36.6,135.0,EN_ROUTE_TO_HOSPITAL
2026-08-26 10:10:44,AMB0099,REQ00477,13.090305,80.286031,47.1,135.0,EN_ROUTE_TO_HOSPITAL
2026-08-26 10:10:49,AMB0099,REQ00477,13.084907,80.283102,42.4,135.0,EN_ROUTE_TO_HOSPITAL
2026-08-26 10:10:56,AMB0099,REQ00477,13.079703,80.280144,22.2,135.0,EN_ROUTE_TO_HOSPITAL
2026-08-26 10:11:02,AMB0099,REQ00477,13.075215,80.277846,39.2,135.0,EN_ROUTE_TO_HOSPITAL
2026-08-26 10:11:07,AMB0099,REQ00477,13.070164,80.275296,46.6,135.0,EN_ROUTE_TO_HOSPITAL
2026-08-14 06:13:57,AMB0004,REQ01446,13.161692,80.301631,46.6,135.0,EN_ROUTE_TO_PATIENT
2026-08-14 06:14:05,AMB0004,REQ01446,13.150717,80.297135,35.9,135.0,EN_ROUTE_TO_PATIENT
2026-08-14 06:14:09,AMB0004,REQ01446,13.140252,80.292849,42.4,135.0,EN_ROUTE_TO_PATIENT
2026-08-14 06:14:14,AMB0004,REQ01446,13.130638,80.289554,47.8,135.0,EN_ROUTE_TO_PATIENT
2026-08-14 06:14:22,AMB0004,REQ01446,13.11955,80.284989,38.1,135.0,EN_ROUTE_TO_PATIENT
2026-08-14 06:14:27,AMB0004,REQ01446,13.109945,80.281004,27.6,135.0,EN_ROUTE_TO_PATIENT
2026-08-14 06:14:31,AMB0004,REQ01446,13.099277,80.277218,25.0,135.0,EN_ROUTE_TO_PATIENT
2026-08-14 06:14:37,AMB0004,REQ01446,13.088664,80.273021,52.6,135.0,EN_ROUTE_TO_PATIENT
2026-08-14 06:14:42,AMB0004,REQ01446,13.077736,80.269136,42.9,135.0,EN_ROUTE_TO_PATIENT
2026-08-14 06:14:46,AMB0004,REQ01446,13.06786,80.264747,20.1,135.0,EN_ROUTE_TO_PATIENT
2026-08-14 06:14:50,AMB0004,REQ01446,13.057229,80.260727,51.6,135.0,EN_ROUTE_TO_PATIENT
2026-08-14 06:14:56,AMB0004,REQ01446,13.047252,80.256683,48.1,135.0,EN_ROUTE_TO_PATIENT
2026-08-14 06:15:04,AMB0004,REQ01446,13.037355,80.252049,39.1,135.0,EN_ROUTE_TO_PATIENT
2026-08-14 06:15:12,AMB0004,REQ01446,13.02667,80.248466,36.8,135.0,EN_ROUTE_TO_PATIENT
2026-08-14 06:16:08,AMB0004,REQ01446,13.025973,80.248591,29.0,135.0,EN_ROUTE_TO_HOSPITAL
2026-08-14 06:16:14,AMB0004,REQ01446,13.028194,80.235883,21.3,135.0,EN_ROUTE_TO_HOSPITAL
2026-08-14 06:16:19,AMB0004,REQ01446,13.028618,80.224316,50.5,135.0,EN_ROUTE_TO_HOSPITAL
2026-08-14 06:16:27,AMB0004,REQ01446,13.030166,80.21262,50.8,135.0,EN_ROUTE_TO_HOSPITAL
2026-08-14 06:16:31,AMB0004,REQ01446,13.032384,80.200876,39.0,135.0,EN_ROUTE_TO_HOSPITAL
2026-08-14 06:16:38,AMB0004,REQ01446,13.03277,80.18886,34.3,135.0,EN_ROUTE_TO_HOSPITAL
2026-08-14 06:16:44,AMB0004,REQ01446,13.03452,80.17699,38.2,135.0,EN_ROUTE_TO_HOSPITAL
2026-08-14 06:16:48,AMB0004,REQ01446,13.03646,80.16492,31.0,135.0,EN_ROUTE_TO_HOSPITAL
2026-08-14 06:16:53,AMB0004,REQ01446,13.037514,80.152582,41.8,135.0,EN_ROUTE_TO_HOSPITAL
2026-08-14 06:17:00,AMB0004,REQ01446,13.038267,80.141235,25.4,135.0,EN_ROUTE_TO_HOSPITAL
2026-08-22 14:53:10,AMB0109,REQ02245,12.900639,80.230629,48.8,135.0,EN_ROUTE_TO_PATIENT
2026-08-22 14:53:17,AMB0109,REQ02245,12.904004,80.22204,27.2,135.0,EN_ROUTE_TO_PATIENT
2026-08-22 14:53:21,AMB0109,REQ02245,12.908256,80.213086,54.9,135.0,EN_ROUTE_TO_PATIENT
2026-08-22 14:53:26,AMB0109,REQ02245,12.91241,80.204936,38.9,135.0,EN_ROUTE_TO_PATIENT
2026-08-22 14:53:33,AMB0109,REQ02245,12.916052,80.197191,54.7,135.0,EN_ROUTE_TO_PATIENT
2026-08-22 14:53:40,AMB0109,REQ02245,12.920322,80.188755,35.4,135.0,EN_ROUTE_TO_PATIENT
2026-08-22 14:53:44,AMB0109,REQ02245,12.923691,80.179741,43.7,135.0,EN_ROUTE_TO_PATIENT
2026-08-22 14:53:51,AMB0109,REQ02245,12.928368,80.171468,51.1,135.0,EN_ROUTE_TO_PATIENT
2026-08-22 14:53:56,AMB0109,REQ02245,12.932286,80.162942,35.5,135.0,EN_ROUTE_TO_PATIENT
2026-08-22 14:54:03,AMB0109,REQ02245,12.936193,80.155062,52.8,135.0,EN_ROUTE_TO_PATIENT
2026-08-22 14:54:08,AMB0109,REQ02245,12.940267,80.146788,39.4,135.0,EN_ROUTE_TO_PATIENT
2026-08-22 14:54:12,AMB0109,REQ02245,12.944546,80.137716,27.1,135.0,EN_ROUTE_TO_PATIENT
2026-08-22 14:55:45,AMB0109,REQ02245,12.944883,80.137847,24.3,135.0,EN_ROUTE_TO_HOSPITAL
2026-08-22 14:55:53,AMB0109,REQ02245,12.95671,80.148135,52.4,135.0,EN_ROUTE_TO_HOSPITAL
2026-08-22 14:56:01,AMB0109,REQ02245,12.968415,80.157903,28.8,135.0,EN_ROUTE_TO_HOSPITAL
2026-08-22 14:56:08,AMB0109,REQ02245,12.981065,80.168579,45.9,135.0,EN_ROUTE_TO_HOSPITAL
2026-08-22 14:56:12,AMB0109,REQ02245,12.993024,80.178391,23.1,135.0,EN_ROUTE_TO_HOSPITAL
2026-08-22 14:56:17,AMB0109,REQ02245,13.005773,80.188059,54.7,135.0,EN_ROUTE_TO_HOSPITAL
2026-08-22 14:56:24,AMB0109,REQ02245,13.017829,80.198533,38.4,135.0,EN_ROUTE_TO_HOSPITAL
2026-08-22 14:56:29,AMB0109,REQ02245,13.029145,80.208926,26.9,135.0,EN_ROUTE_TO_HOSPITAL
2026-08-22 14:56:37,AMB0109,REQ02245,13.041256,80.218709,29.5,135.0,EN_ROUTE_TO_HOSPITAL
2026-08-22 14:56:45,AMB0109,REQ02245,13.053476,80.228538,45.9,135.0,EN_ROUTE_TO_HOSPITAL
2026-08-22 14:56:49,AMB0109,REQ02245,13.06669,80.238763,52.4,135.0,EN_ROUTE_TO_HOSPITAL
2026-08-22 14:56:54,AMB0109,REQ02245,13.077937,80.248774,30.7,135.0,EN_ROUTE_TO_HOSPITAL
2026-08-22 14:57:01,AMB0109,REQ02245,13.090776,80.258865,25.3,135.0,EN_ROUTE_TO_HOSPITAL
2026-08-22 14:57:06,AMB0109,REQ02245,13.102852,80.268568,41.9,135.0,EN_ROUTE_TO_HOSPITAL
2026-08-22 14:57:11,AMB0109,REQ02245,13.114396,80.278967,33.9,135.0,EN_ROUTE_TO_HOSPITAL
2026-08-22 14:57:17,AMB0109,REQ02245,13.126901,80.288965,22.6,135.0,EN_ROUTE_TO_HOSPITAL
2026-09-04 21:53:15,AMB0123,REQ02415,12.950004,80.145079,24.4,135.0,EN_ROUTE_TO_PATIENT
2026-09-04 21:53:21,AMB0123,REQ02415,12.957608,80.152471,38.4,135.0,EN_ROUTE_TO_PATIENT
2026-09-04 21:53:28,AMB0123,REQ02415,12.965524,80.159909,36.3,135.0,EN_ROUTE_TO_PATIENT
2026-09-04 21:53:34,AMB0123,REQ02415,12.973044,80.167364,27.8,135.0,EN_ROUTE_TO_PATIENT
2026-09-04 21:53:41,AMB0123,REQ02415,12.980859,80.175472,20.8,135.0,EN_ROUTE_TO_PATIENT
2026-09-04 21:53:49,AMB0123,REQ02415,12.988688,80.183105,44.0,135.0,EN_ROUTE_TO_PATIENT
2026-09-04 21:53:57,AMB0123,REQ02415,12.996941,80.190261,38.2,135.0,EN_ROUTE_TO_PATIENT
2026-09-04 21:54:02,AMB0123,REQ02415,13.004477,80.197219,33.7,135.0,EN_ROUTE_TO_PATIENT
2026-09-04 21:54:10,AMB0123,REQ02415,13.012343,80.204858,44.0,135.0,EN_ROUTE_TO_PATIENT
2026-09-04 21:54:14,AMB0123,REQ02415,13.019754,80.21264,52.6,135.0,EN_ROUTE_TO_PATIENT
2026-09-04 21:54:21,AMB0123,REQ02415,13.027376,80.220318,45.6,135.0,EN_ROUTE_TO_PATIENT
2026-09-04 21:54:27,AMB0123,REQ02415,13.035864,80.22777,20.2,135.0,EN_ROUTE_TO_PATIENT
2026-09-04 21:54:31,AMB0123,REQ02415,13.043047,80.235705,44.1,135.0,EN_ROUTE_TO_PATIENT
2026-09-04 21:54:37,AMB0123,REQ02415,13.051571,80.243204,45.0,135.0,EN_ROUTE_TO_PATIENT
2026-09-04 21:54:44,AMB0123,REQ02415,13.059217,80.250016,54.2,135.0,EN_ROUTE_TO_PATIENT
2026-09-04 21:54:48,AMB0123,REQ02415,13.067171,80.258005,38.7,135.0,EN_ROUTE_TO_PATIENT
2026-09-04 21:55:59,AMB0123,REQ02415,13.066399,80.258352,20.4,135.0,EN_ROUTE_TO_HOSPITAL
2026-09-04 21:56:06,AMB0123,REQ02415,13.063515,80.257236,43.6,135.0,EN_ROUTE_TO_HOSPITAL
2026-09-04 21:56:12,AMB0123,REQ02415,13.06199,80.257213,22.5,135.0,EN_ROUTE_TO_HOSPITAL
2026-09-04 21:56:17,AMB0123,REQ02415,13.059109,80.258057,22.9,135.0,EN_ROUTE_TO_HOSPITAL
2026-09-04 21:56:21,AMB0123,REQ02415,13.056993,80.258213,51.0,135.0,EN_ROUTE_TO_HOSPITAL
2026-09-04 21:56:27,AMB0123,REQ02415,13.053925,80.257493,25.7,135.0,EN_ROUTE_TO_HOSPITAL
2026-09-04 21:56:34,AMB0123,REQ02415,13.051617,80.257516,35.7,135.0,EN_ROUTE_TO_HOSPITAL
2026-09-04 21:56:39,AMB0123,REQ02415,13.048913,80.256969,47.3,135.0,EN_ROUTE_TO_HOSPITAL
2026-09-04 21:56:46,AMB0123,REQ02415,13.045998,80.257888,28.9,135.0,EN_ROUTE_TO_HOSPITAL
2026-09-04 21:56:54,AMB0123,REQ02415,13.043387,80.257751,45.5,135.0,EN_ROUTE_TO_HOSPITAL
2026-09-04 21:56:59,AMB0123,REQ02415,13.041701,80.257157,38.9,135.0,EN_ROUTE_TO_HOSPITAL
2026-09-04 21:57:06,AMB0123,REQ02415,13.039267,80.257628,30.4,135.0,EN_ROUTE_TO_HOSPITAL
2026-09-04 21:57:10,AMB0123,REQ02415,13.036387,80.2569,22.1,135.0,EN_ROUTE_TO_HOSPITAL
2026-09-04 21:57:17,AMB0123,REQ02415,13.033337,80.257641,39.2,135.0,EN_ROUTE_TO_HOSPITAL
2026-08-07 07:24:15,AMB0055,REQ01707,13.055881,80.212679,34.5,135.0,EN_ROUTE_TO_PATIENT
2026-08-07 07:24:19,AMB0055,REQ01707,13.045372,80.214693,52.9,135.0,EN_ROUTE_TO_PATIENT
2026-08-07 07:24:24,AMB0055,REQ01707,13.034315,80.217339,21.9,135.0,EN_ROUTE_TO_PATIENT
2026-08-07 07:24:32,AMB0055,REQ01707,13.024365,80.219539,50.0,135.0,EN_ROUTE_TO_PATIENT
2026-08-07 07:24:37,AMB0055,REQ01707,13.013179,80.220796,41.9,135.0,EN_ROUTE_TO_PATIENT
2026-08-07 07:24:41,AMB0055,REQ01707,13.002881,80.222888,49.4,135.0,EN_ROUTE_TO_PATIENT
2026-08-07 07:24:48,AMB0055,REQ01707,12.991968,80.225559,47.5,135.0,EN_ROUTE_TO_PATIENT
2026-08-07 07:24:53,AMB0055,REQ01707,12.980755,80.227272,45.5,135.0,EN_ROUTE_TO_PATIENT
2026-08-07 07:24:59,AMB0055,REQ01707,12.970844,80.229464,47.3,135.0,EN_ROUTE_TO_PATIENT
2026-08-07 07:25:06,AMB0055,REQ01707,12.960115,80.232456,23.5,135.0,EN_ROUTE_TO_PATIENT
2026-08-07 07:25:12,AMB0055,REQ01707,12.948788,80.233816,42.6,135.0,EN_ROUTE_TO_PATIENT
2026-08-07 07:25:19,AMB0055,REQ01707,12.937869,80.23608,41.3,135.0,EN_ROUTE_TO_PATIENT
2026-08-07 07:25:27,AMB0055,REQ01707,12.92789,80.238812,43.2,135.0,EN_ROUTE_TO_PATIENT
2026-08-07 07:25:31,AMB0055,REQ01707,12.916308,80.240772,49.6,135.0,EN_ROUTE_TO_PATIENT
2026-08-07 07:25:36,AMB0055,REQ01707,12.906168,80.242386,26.6,135.0,EN_ROUTE_TO_PATIENT
2026-08-07 07:25:40,AMB0055,REQ01707,12.89531,80.24562,44.0,135.0,EN_ROUTE_TO_PATIENT
2026-08-07 07:27:06,AMB0055,REQ01707,12.895537,80.245557,27.0,135.0,EN_ROUTE_TO_HOSPITAL
2026-08-07 07:27:14,AMB0055,REQ01707,12.910498,80.246515,45.0,135.0,EN_ROUTE_TO_HOSPITAL
2026-08-07 07:27:22,AMB0055,REQ01707,12.924761,80.247983,26.5,135.0,EN_ROUTE_TO_HOSPITAL
2026-08-07 07:27:28,AMB0055,REQ01707,12.94048,80.249579,34.1,135.0,EN_ROUTE_TO_HOSPITAL
2026-08-07 07:27:32,AMB0055,REQ01707,12.954379,80.250296,54.5,135.0,EN_ROUTE_TO_HOSPITAL
2026-08-07 07:27:38,AMB0055,REQ01707,12.969382,80.251185,51.7,135.0,EN_ROUTE_TO_HOSPITAL
2026-08-07 07:27:43,AMB0055,REQ01707,12.984553,80.253069,45.4,135.0,EN_ROUTE_TO_HOSPITAL
2026-08-07 07:27:49,AMB0055,REQ01707,12.998916,80.254343,27.3,135.0,EN_ROUTE_TO_HOSPITAL
2026-08-07 07:27:53,AMB0055,REQ01707,13.013725,80.254929,54.8,135.0,EN_ROUTE_TO_HOSPITAL
2026-08-07 07:27:57,AMB0055,REQ01707,13.028807,80.256778,48.3,135.0,EN_ROUTE_TO_HOSPITAL
2026-08-07 07:28:01,AMB0055,REQ01707,13.04425,80.257543,25.6,135.0,EN_ROUTE_TO_HOSPITAL
2026-08-07 07:28:08,AMB0055,REQ01707,13.05872,80.259499,22.5,135.0,EN_ROUTE_TO_HOSPITAL
2026-08-07 07:28:15,AMB0055,REQ01707,13.073058,80.26089,39.1,135.0,EN_ROUTE_TO_HOSPITAL
2026-08-10 07:48:27,AMB0067,REQ01918,13.033396,80.267607,48.1,135.0,EN_ROUTE_TO_PATIENT
2026-08-10 07:48:32,AMB0067,REQ01918,13.040806,80.267586,41.9,135.0,EN_ROUTE_TO_PATIENT
2026-08-10 07:48:37,AMB0067,REQ01918,13.048705,80.266403,46.4,135.0,EN_ROUTE_TO_PATIENT
2026-08-10 07:48:42,AMB0067,REQ01918,13.057161,80.265004,44.9,135.0,EN_ROUTE_TO_PATIENT
2026-08-10 07:48:49,AMB0067,REQ01918,13.064898,80.264803,35.4,135.0,EN_ROUTE_TO_PATIENT
2026-08-10 07:48:53,AMB0067,REQ01918,13.072776,80.263674,40.9,135.0,EN_ROUTE_TO_PATIENT
2026-08-10 07:49:01,AMB0067,REQ01918,13.080925,80.262415,48.7,135.0,EN_ROUTE_TO_PATIENT
2026-08-10 07:49:06,AMB0067,REQ01918,13.087802,80.261679,50.3,135.0,EN_ROUTE_TO_PATIENT
2026-08-10 07:49:11,AMB0067,REQ01918,13.095715,80.260996,32.4,135.0,EN_ROUTE_TO_PATIENT
2026-08-10 07:49:15,AMB0067,REQ01918,13.104158,80.260052,37.4,135.0,EN_ROUTE_TO_PATIENT
2026-08-10 07:49:19,AMB0067,REQ01918,13.112229,80.259367,26.7,135.0,EN_ROUTE_TO_PATIENT
2026-08-10 07:49:25,AMB0067,REQ01918,13.119266,80.258769,37.5,135.0,EN_ROUTE_TO_PATIENT
2026-08-10 07:49:29,AMB0067,REQ01918,13.127998,80.25758,43.7,135.0,EN_ROUTE_TO_PATIENT
2026-08-10 07:49:33,AMB0067,REQ01918,13.135831,80.256304,33.1,135.0,EN_ROUTE_TO_PATIENT
2026-08-10 07:49:39,AMB0067,REQ01918,13.142815,80.255726,54.9,135.0,EN_ROUTE_TO_PATIENT
2026-08-10 07:49:45,AMB0067,REQ01918,13.150601,80.254561,39.6,135.0,EN_ROUTE_TO_PATIENT
2026-08-10 07:49:53,AMB0067,REQ01918,13.159137,80.253828,28.7,135.0,EN_ROUTE_TO_PATIENT
2026-08-10 07:51:23,AMB0067,REQ01918,13.159407,80.254859,46.3,135.0,EN_ROUTE_TO_HOSPITAL
2026-08-10 07:51:30,AMB0067,REQ01918,13.152132,80.254685,24.3,135.0,EN_ROUTE_TO_HOSPITAL
2026-08-10 07:51:34,AMB0067,REQ01918,13.144453,80.255157,46.6,135.0,EN_ROUTE_TO_HOSPITAL
2026-08-10 07:51:41,AMB0067,REQ01918,13.137596,80.255294,23.2,135.0,EN_ROUTE_TO_HOSPITAL
2026-08-10 07:51:49,AMB0067,REQ01918,13.13069,80.256127,38.3,135.0,EN_ROUTE_TO_HOSPITAL
2026-08-10 07:51:53,AMB0067,REQ01918,13.122827,80.256509,30.8,135.0,EN_ROUTE_TO_HOSPITAL
2026-08-10 07:51:57,AMB0067,REQ01918,13.115953,80.257322,23.6,135.0,EN_ROUTE_TO_HOSPITAL
2026-08-10 07:52:02,AMB0067,REQ01918,13.108957,80.258611,51.0,135.0,EN_ROUTE_TO_HOSPITAL
2026-08-10 07:52:06,AMB0067,REQ01918,13.101754,80.25845,43.1,135.0,EN_ROUTE_TO_HOSPITAL
2026-08-10 07:52:13,AMB0067,REQ01918,13.094561,80.259053,24.3,135.0,EN_ROUTE_TO_HOSPITAL
2026-08-10 07:52:21,AMB0067,REQ01918,13.087892,80.259292,43.5,135.0,EN_ROUTE_TO_HOSPITAL
2026-08-10 07:52:25,AMB0067,REQ01918,13.080635,80.26013,34.9,135.0,EN_ROUTE_TO_HOSPITAL
2026-08-10 07:52:29,AMB0067,REQ01918,13.073872,80.261086,21.7,135.0,EN_ROUTE_TO_HOSPITAL
2026-08-11 15:25:23,AMB0071,REQ02587,13.040232,80.23782,46.0,135.0,EN_ROUTE_TO_PATIENT
2026-08-11 15:25:28,AMB0071,REQ02587,13.039673,80.239292,30.0,135.0,EN_ROUTE_TO_PATIENT
2026-08-11 15:25:35,AMB0071,REQ02587,13.038142,80.240497,23.4,135.0,EN_ROUTE_TO_PATIENT
2026-08-11 15:25:40,AMB0071,REQ02587,13.036931,80.243293,32.0,135.0,EN_ROUTE_TO_PATIENT
2026-08-11 15:25:48,AMB0071,REQ02587,13.035691,80.2452,41.5,135.0,EN_ROUTE_TO_PATIENT
2026-08-11 15:25:56,AMB0071,REQ02587,13.035406,80.2473,44.5,135.0,EN_ROUTE_TO_PATIENT
2026-08-11 15:26:03,AMB0071,REQ02587,13.034349,80.24838,46.9,135.0,EN_ROUTE_TO_PATIENT
2026-08-11 15:26:08,AMB0071,REQ02587,13.032771,80.250338,41.5,135.0,EN_ROUTE_TO_PATIENT
2026-08-11 15:26:13,AMB0071,REQ02587,13.031838,80.251825,23.6,135.0,EN_ROUTE_TO_PATIENT
2026-08-11 15:26:20,AMB0071,REQ02587,13.030848,80.254037,39.9,135.0,EN_ROUTE_TO_PATIENT
2026-08-11 15:26:25,AMB0071,REQ02587,13.030479,80.255664,49.4,135.0,EN_ROUTE_TO_PATIENT
2026-08-11 15:26:29,AMB0071,REQ02587,13.028919,80.257835,53.1,135.0,EN_ROUTE_TO_PATIENT
2026-08-11 15:26:37,AMB0071,REQ02587,13.027855,80.259965,32.9,135.0,EN_ROUTE_TO_PATIENT
2026-08-11 15:26:45,AMB0071,REQ02587,13.027166,80.261529,28.8,135.0,EN_ROUTE_TO_PATIENT
2026-08-11 15:26:52,AMB0071,REQ02587,13.025495,80.263969,28.5,135.0,EN_ROUTE_TO_PATIENT
2026-08-11 15:27:42,AMB0071,REQ02587,13.026017,80.263392,22.9,135.0,EN_ROUTE_TO_HOSPITAL
2026-08-11 15:27:46,AMB0071,REQ02587,13.030069,80.261404,51.9,135.0,EN_ROUTE_TO_HOSPITAL
2026-08-11 15:27:54,AMB0071,REQ02587,13.033003,80.258544,32.4,135.0,EN_ROUTE_TO_HOSPITAL
2026-08-11 15:28:01,AMB0071,REQ02587,13.037381,80.255108,44.5,135.0,EN_ROUTE_TO_HOSPITAL
2026-08-11 15:28:07,AMB0071,REQ02587,13.041155,80.252003,33.8,135.0,EN_ROUTE_TO_HOSPITAL
2026-08-11 15:28:15,AMB0071,REQ02587,13.045405,80.249687,50.8,135.0,EN_ROUTE_TO_HOSPITAL
2026-08-11 15:28:22,AMB0071,REQ02587,13.048487,80.246395,44.8,135.0,EN_ROUTE_TO_HOSPITAL
2026-08-11 15:28:28,AMB0071,REQ02587,13.051868,80.243436,44.0,135.0,EN_ROUTE_TO_HOSPITAL
2026-08-11 15:28:36,AMB0071,REQ02587,13.05578,80.241395,36.6,135.0,EN_ROUTE_TO_HOSPITAL
2026-08-11 15:28:40,AMB0071,REQ02587,13.059991,80.237885,54.4,135.0,EN_ROUTE_TO_HOSPITAL
2026-08-11 15:28:46,AMB0071,REQ02587,13.063294,80.235839,52.3,135.0,EN_ROUTE_TO_HOSPITAL
2026-08-11 15:28:51,AMB0071,REQ02587,13.06712,80.232451,53.1,135.0,EN_ROUTE_TO_HOSPITAL
2026-08-11 15:28:58,AMB0071,REQ02587,13.070979,80.229206,21.4,135.0,EN_ROUTE_TO_HOSPITAL
2026-08-11 15:29:04,AMB0071,REQ02587,13.074596,80.226863,33.1,135.0,EN_ROUTE_TO_HOSPITAL
2026-08-11 15:29:11,AMB0071,REQ02587,13.079037,80.223934,50.7,135.0,EN_ROUTE_TO_HOSPITAL
2026-08-08 18:42:57,AMB0095,REQ02134,12.982443,80.256004,51.1,135.0,EN_ROUTE_TO_PATIENT
2026-08-08 18:43:04,AMB0095,REQ02134,12.98341,80.255616,52.6,135.0,EN_ROUTE_TO_PATIENT
2026-08-08 18:43:12,AMB0095,REQ02134,12.984875,80.255677,40.4,135.0,EN_ROUTE_TO_PATIENT
2026-08-08 18:43:19,AMB0095,REQ02134,12.985641,80.255223,36.5,135.0,EN_ROUTE_TO_PATIENT
2026-08-08 18:43:25,AMB0095,REQ02134,12.98724,80.254695,20.5,135.0,EN_ROUTE_TO_PATIENT
2026-08-08 18:43:29,AMB0095,REQ02134,12.989103,80.255242,35.1,135.0,EN_ROUTE_TO_PATIENT
2026-08-08 18:43:34,AMB0095,REQ02134,12.990589,80.254104,40.7,135.0,EN_ROUTE_TO_PATIENT
2026-08-08 18:43:40,AMB0095,REQ02134,12.991035,80.254243,24.7,135.0,EN_ROUTE_TO_PATIENT
2026-08-08 18:43:46,AMB0095,REQ02134,12.992741,80.254302,43.6,135.0,EN_ROUTE_TO_PATIENT
2026-08-08 18:44:43,AMB0095,REQ02134,12.993295,80.254153,44.2,135.0,EN_ROUTE_TO_HOSPITAL
2026-08-08 18:44:50,AMB0095,REQ02134,13.004749,80.257886,53.1,135.0,EN_ROUTE_TO_HOSPITAL
2026-08-08 18:44:57,AMB0095,REQ02134,13.015911,80.261023,34.3,135.0,EN_ROUTE_TO_HOSPITAL
2026-08-08 18:45:05,AMB0095,REQ02134,13.026876,80.263955,24.3,135.0,EN_ROUTE_TO_HOSPITAL
2026-08-08 18:45:10,AMB0095,REQ02134,13.038987,80.266569,49.3,135.0,EN_ROUTE_TO_HOSPITAL
2026-08-08 18:45:14,AMB0095,REQ02134,13.050066,80.270554,21.3,135.0,EN_ROUTE_TO_HOSPITAL
2026-08-08 18:45:20,AMB0095,REQ02134,13.061584,80.273159,34.7,135.0,EN_ROUTE_TO_HOSPITAL
2026-08-08 18:45:26,AMB0095,REQ02134,13.072476,80.276384,44.0,135.0,EN_ROUTE_TO_HOSPITAL
2026-08-08 18:45:32,AMB0095,REQ02134,13.084576,80.279905,52.8,135.0,EN_ROUTE_TO_HOSPITAL
2026-08-08 18:45:36,AMB0095,REQ02134,13.095769,80.283721,46.2,135.0,EN_ROUTE_TO_HOSPITAL
2026-08-08 18:45:42,AMB0095,REQ02134,13.106796,80.28621,20.7,135.0,EN_ROUTE_TO_HOSPITAL
2026-08-10 16:18:13,AMB0090,REQ01084,13.019445,80.178972,50.4,135.0,EN_ROUTE_TO_PATIENT
2026-08-10 16:18:21,AMB0090,REQ01084,13.029727,80.190773,50.7,135.0,EN_ROUTE_TO_PATIENT
2026-08-10 16:18:28,AMB0090,REQ01084,13.039627,80.20179,47.4,135.0,EN_ROUTE_TO_PATIENT
2026-08-10 16:18:34,AMB0090,REQ01084,13.049909,80.211923,50.4,135.0,EN_ROUTE_TO_PATIENT
2026-08-10 16:18:38,AMB0090,REQ01084,13.059728,80.223411,39.9,135.0,EN_ROUTE_TO_PATIENT
2026-08-10 16:18:42,AMB0090,REQ01084,13.069642,80.233788,39.1,135.0,EN_ROUTE_TO_PATIENT
2026-08-10 16:18:49,AMB0090,REQ01084,13.080225,80.244849,27.7,135.0,EN_ROUTE_TO_PATIENT
2026-08-10 16:18:54,AMB0090,REQ01084,13.090761,80.255665,45.9,135.0,EN_ROUTE_TO_PATIENT
2026-08-10 16:19:00,AMB0090,REQ01084,13.10063,80.267124,23.6,135.0,EN_ROUTE_TO_PATIENT
2026-08-10 16:19:06,AMB0090,REQ01084,13.109943,80.278324,21.8,135.0,EN_ROUTE_TO_PATIENT
2026-08-10 16:19:13,AMB0090,REQ01084,13.120128,80.288868,53.7,135.0,EN_ROUTE_TO_PATIENT
2026-08-10 16:19:18,AMB0090,REQ01084,13.130761,80.300481,49.4,135.0,EN_ROUTE_TO_PATIENT
2026-08-10 16:20:11,AMB0090,REQ01084,13.130832,80.29998,20.9,135.0,EN_ROUTE_TO_HOSPITAL
2026-08-10 16:20:17,AMB0090,REQ01084,13.121285,80.29405,53.9,135.0,EN_ROUTE_TO_HOSPITAL
2026-08-10 16:20:25,AMB0090,REQ01084,13.111235,80.288986,46.6,135.0,EN_ROUTE_TO_HOSPITAL
2026-08-10 16:20:30,AMB0090,REQ01084,13.102397,80.283443,53.0,135.0,EN_ROUTE_TO_HOSPITAL
2026-08-10 16:20:38,AMB0090,REQ01084,13.09271,80.277203,45.6,135.0,EN_ROUTE_TO_HOSPITAL
2026-08-10 16:20:46,AMB0090,REQ01084,13.082943,80.272509,28.2,135.0,EN_ROUTE_TO_HOSPITAL
2026-08-10 16:20:51,AMB0090,REQ01084,13.073191,80.266612,27.4,135.0,EN_ROUTE_TO_HOSPITAL
2026-08-10 16:20:59,AMB0090,REQ01084,13.063155,80.26086,37.0,135.0,EN_ROUTE_TO_HOSPITAL
2026-08-10 16:21:04,AMB0090,REQ01084,13.053464,80.254857,31.4,135.0,EN_ROUTE_TO_HOSPITAL
2026-08-10 16:21:12,AMB0090,REQ01084,13.044409,80.249905,22.1,135.0,EN_ROUTE_TO_HOSPITAL
2026-08-12 23:10:07,AMB0038,REQ02467,13.081594,80.206346,54.2,135.0,EN_ROUTE_TO_PATIENT
2026-08-12 23:10:14,AMB0038,REQ02467,13.082696,80.204972,25.8,135.0,EN_ROUTE_TO_PATIENT
2026-08-12 23:10:19,AMB0038,REQ02467,13.083872,80.204486,51.7,135.0,EN_ROUTE_TO_PATIENT
2026-08-12 23:10:25,AMB0038,REQ02467,13.084043,80.203532,37.0,135.0,EN_ROUTE_TO_PATIENT
2026-08-12 23:10:31,AMB0038,REQ02467,13.084664,80.202156,22.5,135.0,EN_ROUTE_TO_PATIENT
2026-08-12 23:10:39,AMB0038,REQ02467,13.086097,80.201181,20.3,135.0,EN_ROUTE_TO_PATIENT
2026-08-12 23:10:44,AMB0038,REQ02467,13.086599,80.200841,24.5,135.0,EN_ROUTE_TO_PATIENT
2026-08-12 23:10:48,AMB0038,REQ02467,13.087587,80.19884,24.1,135.0,EN_ROUTE_TO_PATIENT
2026-08-12 23:10:56,AMB0038,REQ02467,13.08834,80.19784,37.8,135.0,EN_ROUTE_TO_PATIENT
2026-08-12 23:11:04,AMB0038,REQ02467,13.089575,80.19655,42.4,135.0,EN_ROUTE_TO_PATIENT
2026-08-12 23:11:08,AMB0038,REQ02467,13.091117,80.196031,39.4,135.0,EN_ROUTE_TO_PATIENT
2026-08-12 23:11:15,AMB0038,REQ02467,13.091432,80.194576,50.3,135.0,EN_ROUTE_TO_PATIENT
2026-08-12 23:11:22,AMB0038,REQ02467,13.093103,80.193413,20.5,135.0,EN_ROUTE_TO_PATIENT
2026-08-12 23:11:28,AMB0038,REQ02467,13.093261,80.193113,22.8,135.0,EN_ROUTE_TO_PATIENT
2026-08-12 23:11:36,AMB0038,REQ02467,13.094941,80.191994,31.3,135.0,EN_ROUTE_TO_PATIENT
2026-08-12 23:11:43,AMB0038,REQ02467,13.095516,80.190959,25.6,135.0,EN_ROUTE_TO_PATIENT
2026-08-12 23:11:49,AMB0038,REQ02467,13.096804,80.18949,23.1,135.0,EN_ROUTE_TO_PATIENT
2026-08-12 23:13:01,AMB0038,REQ02467,13.095977,80.189929,31.9,135.0,EN_ROUTE_TO_HOSPITAL
2026-08-12 23:13:09,AMB0038,REQ02467,13.094636,80.195159,53.4,135.0,EN_ROUTE_TO_HOSPITAL
2026-08-12 23:13:15,AMB0038,REQ02467,13.093147,80.199587,32.3,135.0,EN_ROUTE_TO_HOSPITAL
2026-08-12 23:13:20,AMB0038,REQ02467,13.090853,80.204671,45.4,135.0,EN_ROUTE_TO_HOSPITAL
2026-08-12 23:13:28,AMB0038,REQ02467,13.089738,80.209482,53.8,135.0,EN_ROUTE_TO_HOSPITAL
2026-08-12 23:13:32,AMB0038,REQ02467,13.087862,80.21451,41.9,135.0,EN_ROUTE_TO_HOSPITAL
2026-08-12 23:13:38,AMB0038,REQ02467,13.087128,80.220082,27.0,135.0,EN_ROUTE_TO_HOSPITAL
2026-08-12 23:13:44,AMB0038,REQ02467,13.084323,80.224957,20.3,135.0,EN_ROUTE_TO_HOSPITAL
2026-08-12 23:13:49,AMB0038,REQ02467,13.08281,80.230775,30.3,135.0,EN_ROUTE_TO_HOSPITAL
2026-08-12 23:13:55,AMB0038,REQ02467,13.081935,80.23548,40.0,135.0,EN_ROUTE_TO_HOSPITAL
2026-08-12 23:14:00,AMB0038,REQ02467,13.079982,80.240776,21.5,135.0,EN_ROUTE_TO_HOSPITAL
2026-08-12 23:14:08,AMB0038,REQ02467,13.078336,80.245974,22.3,135.0,EN_ROUTE_TO_HOSPITAL
2026-08-12 23:14:12,AMB0038,REQ02467,13.076969,80.250226,36.5,135.0,EN_ROUTE_TO_HOSPITAL
2026-08-12 23:14:20,AMB0038,REQ02467,13.074555,80.255096,40.4,135.0,EN_ROUTE_TO_HOSPITAL
2026-08-12 23:14:25,AMB0038,REQ02467,13.073108,80.260992,29.5,135.0,EN_ROUTE_TO_HOSPITAL
2026-09-04 00:30:50,AMB0037,REQ00450,13.085874,80.210816,46.3,135.0,EN_ROUTE_TO_PATIENT
2026-09-04 00:30:55,AMB0037,REQ00450,13.084906,80.21982,50.8,135.0,EN_ROUTE_TO_PATIENT
2026-09-04 00:31:01,AMB0037,REQ00450,13.085719,80.22887,36.6,135.0,EN_ROUTE_TO_PATIENT
2026-09-04 00:31:08,AMB0037,REQ00450,13.085958,80.238577,23.2,135.0,EN_ROUTE_TO_PATIENT
2026-09-04 00:31:14,AMB0037,REQ00450,13.086012,80.247716,30.4,135.0,EN_ROUTE_TO_PATIENT
2026-09-04 00:31:18,AMB0037,REQ00450,13.085927,80.256587,31.5,135.0,EN_ROUTE_TO_PATIENT
2026-09-04 00:31:26,AMB0037,REQ00450,13.08525,80.265871,39.9,135.0,EN_ROUTE_TO_PATIENT
2026-09-04 00:31:34,AMB0037,REQ00450,13.085847,80.27424,39.2,135.0,EN_ROUTE_TO_PATIENT
2026-09-04 00:31:39,AMB0037,REQ00450,13.086224,80.284306,22.9,135.0,EN_ROUTE_TO_PATIENT
2026-09-04 00:31:45,AMB0037,REQ00450,13.086006,80.293524,26.0,135.0,EN_ROUTE_TO_PATIENT
2026-09-04 00:33:07,AMB0037,REQ00450,13.08534,80.292666,53.5,135.0,EN_ROUTE_TO_HOSPITAL
2026-09-04 00:33:11,AMB0037,REQ00450,13.085334,80.287195,23.9,135.0,EN_ROUTE_TO_HOSPITAL
2026-09-04 00:33:18,AMB0037,REQ00450,13.086139,80.282225,30.7,135.0,EN_ROUTE_TO_HOSPITAL
2026-09-04 00:33:24,AMB0037,REQ00450,13.085934,80.276947,31.9,135.0,EN_ROUTE_TO_HOSPITAL
2026-09-04 00:33:28,AMB0037,REQ00450,13.085242,80.271239,34.2,135.0,EN_ROUTE_TO_HOSPITAL
2026-09-04 00:33:33,AMB0037,REQ00450,13.085582,80.265302,20.3,135.0,EN_ROUTE_TO_HOSPITAL
2026-09-04 00:33:37,AMB0037,REQ00450,13.086015,80.259827,20.9,135.0,EN_ROUTE_TO_HOSPITAL
2026-09-04 00:33:45,AMB0037,REQ00450,13.085295,80.253812,46.2,135.0,EN_ROUTE_TO_HOSPITAL
2026-09-04 00:33:51,AMB0037,REQ00450,13.085692,80.248865,42.8,135.0,EN_ROUTE_TO_HOSPITAL
2026-09-04 00:33:56,AMB0037,REQ00450,13.084956,80.243308,25.5,135.0,EN_ROUTE_TO_HOSPITAL
2026-09-04 00:34:02,AMB0037,REQ00450,13.085618,80.237756,24.8,135.0,EN_ROUTE_TO_HOSPITAL
2026-09-04 00:34:06,AMB0037,REQ00450,13.084654,80.232049,42.5,135.0,EN_ROUTE_TO_HOSPITAL
2026-09-04 00:34:11,AMB0037,REQ00450,13.084922,80.227267,25.2,135.0,EN_ROUTE_TO_HOSPITAL
2026-09-04 00:34:17,AMB0037,REQ00450,13.084525,80.220936,36.3,135.0,EN_ROUTE_TO_HOSPITAL
2026-09-04 00:34:21,AMB0037,REQ00450,13.085582,80.215672,29.2,135.0,EN_ROUTE_TO_HOSPITAL
2026-09-04 00:34:29,AMB0037,REQ00450,13.08484,80.209714,52.8,135.0,EN_ROUTE_TO_HOSPITAL
2026-08-24 14:36:06,AMB0070,REQ01210,13.043935,80.23425,21.1,135.0,EN_ROUTE_TO_PATIENT
2026-08-24 14:36:10,AMB0070,REQ01210,13.052095,80.239203,54.9,135.0,EN_ROUTE_TO_PATIENT
2026-08-24 14:36:18,AMB0070,REQ01210,13.059749,80.244588,24.3,135.0,EN_ROUTE_TO_PATIENT
2026-08-24 14:36:25,AMB0070,REQ01210,13.067364,80.24966,26.7,135.0,EN_ROUTE_TO_PATIENT
2026-08-24 14:36:32,AMB0070,REQ01210,13.075829,80.254305,30.9,135.0,EN_ROUTE_TO_PATIENT
2026-08-24 14:36:36,AMB0070,REQ01210,13.083621,80.259376,43.4,135.0,EN_ROUTE_TO_PATIENT
2026-08-24 14:36:44,AMB0070,REQ01210,13.091097,80.264492,45.8,135.0,EN_ROUTE_TO_PATIENT
2026-08-24 14:36:52,AMB0070,REQ01210,13.098403,80.268383,20.2,135.0,EN_ROUTE_TO_PATIENT
2026-08-24 14:36:57,AMB0070,REQ01210,13.106433,80.273375,20.9,135.0,EN_ROUTE_TO_PATIENT
2026-08-24 14:37:02,AMB0070,REQ01210,13.114211,80.278393,39.8,135.0,EN_ROUTE_TO_PATIENT
2026-08-24 14:37:10,AMB0070,REQ01210,13.121668,80.283202,42.8,135.0,EN_ROUTE_TO_PATIENT
2026-08-24 14:37:14,AMB0070,REQ01210,13.128975,80.288523,44.6,135.0,EN_ROUTE_TO_PATIENT
2026-08-24 14:37:21,AMB0070,REQ01210,13.137572,80.293806,45.5,135.0,EN_ROUTE_TO_PATIENT
2026-08-24 14:37:27,AMB0070,REQ01210,13.144452,80.298159,35.5,135.0,EN_ROUTE_TO_PATIENT
2026-08-24 14:38:42,AMB0070,REQ01210,13.145522,80.297829,31.6,135.0,EN_ROUTE_TO_HOSPITAL
2026-08-24 14:38:48,AMB0070,REQ01210,13.126418,80.292357,51.3,135.0,EN_ROUTE_TO_HOSPITAL
2026-08-24 14:38:56,AMB0070,REQ01210,13.108398,80.288025,38.9,135.0,EN_ROUTE_TO_HOSPITAL
2026-08-24 14:39:04,AMB0070,REQ01210,13.089687,80.282142,31.7,135.0,EN_ROUTE_TO_HOSPITAL
2026-08-24 14:39:08,AMB0070,REQ01210,13.071199,80.276181,26.9,135.0,EN_ROUTE_TO_HOSPITAL
2026-08-24 14:39:15,AMB0070,REQ01210,13.053147,80.27102,25.7,135.0,EN_ROUTE_TO_HOSPITAL
2026-08-24 14:39:23,AMB0070,REQ01210,13.034521,80.266056,27.2,135.0,EN_ROUTE_TO_HOSPITAL
2026-08-24 14:39:29,AMB0070,REQ01210,13.015624,80.260778,50.2,135.0,EN_ROUTE_TO_HOSPITAL
2026-08-24 14:39:37,AMB0070,REQ01210,12.997171,80.255061,47.6,135.0,EN_ROUTE_TO_HOSPITAL
2026-08-24 14:39:45,AMB0070,REQ01210,12.978549,80.249725,42.9,135.0,EN_ROUTE_TO_HOSPITAL
2026-08-24 14:39:53,AMB0070,REQ01210,12.960579,80.244805,24.6,135.0,EN_ROUTE_TO_HOSPITAL
2026-08-24 14:40:00,AMB0070,REQ01210,12.941808,80.239126,20.6,135.0,EN_ROUTE_TO_HOSPITAL
2026-08-24 14:40:06,AMB0070,REQ01210,12.923347,80.233925,34.7,135.0,EN_ROUTE_TO_HOSPITAL
2026-08-24 14:40:10,AMB0070,REQ01210,12.905133,80.229016,48.4,135.0,EN_ROUTE_TO_HOSPITAL
2026-09-01 08:48:12,AMB0052,REQ02224,13.051332,80.208167,37.6,135.0,EN_ROUTE_TO_PATIENT
2026-09-01 08:48:20,AMB0052,REQ02224,13.025696,80.207456,41.3,135.0,EN_ROUTE_TO_PATIENT
2026-09-01 08:48:27,AMB0052,REQ02224,13.001668,80.207149,47.8,135.0,EN_ROUTE_TO_PATIENT
2026-09-01 08:48:32,AMB0052,REQ02224,12.977141,80.20748,54.8,135.0,EN_ROUTE_TO_PATIENT
2026-09-01 08:48:39,AMB0052,REQ02224,12.95237,80.207001,21.1,135.0,EN_ROUTE_TO_PATIENT
2026-09-01 08:48:45,AMB0052,REQ02224,12.926996,80.206499,24.9,135.0,EN_ROUTE_TO_PATIENT
2026-09-01 08:48:52,AMB0052,REQ02224,12.901805,80.205435,49.6,135.0,EN_ROUTE_TO_PATIENT
2026-09-01 08:48:56,AMB0052,REQ02224,12.877841,80.205159,21.1,135.0,EN_ROUTE_TO_PATIENT
2026-09-01 08:49:04,AMB0052,REQ02224,12.852486,80.204424,30.1,135.0,EN_ROUTE_TO_PATIENT
2026-09-01 08:49:08,AMB0052,REQ02224,12.827664,80.203873,48.3,135.0,EN_ROUTE_TO_PATIENT
2026-09-01 08:49:15,AMB0052,REQ02224,12.802721,80.203931,46.6,135.0,EN_ROUTE_TO_PATIENT
2026-09-01 08:49:22,AMB0052,REQ02224,12.778456,80.203843,36.6,135.0,EN_ROUTE_TO_PATIENT
2026-09-01 08:50:20,AMB0052,REQ02224,12.778162,80.202978,26.6,135.0,EN_ROUTE_TO_HOSPITAL
2026-09-01 08:50:25,AMB0052,REQ02224,12.790839,80.205822,28.5,135.0,EN_ROUTE_TO_HOSPITAL
2026-09-01 08:50:32,AMB0052,REQ02224,12.801956,80.209493,26.7,135.0,EN_ROUTE_TO_HOSPITAL
2026-09-01 08:50:39,AMB0052,REQ02224,12.814843,80.211557,36.5,135.0,EN_ROUTE_TO_HOSPITAL
2026-09-01 08:50:46,AMB0052,REQ02224,12.826327,80.214798,45.6,135.0,EN_ROUTE_TO_HOSPITAL
2026-09-01 08:50:51,AMB0052,REQ02224,12.838228,80.218039,24.1,135.0,EN_ROUTE_TO_HOSPITAL
2026-09-01 08:50:59,AMB0052,REQ02224,12.85105,80.220145,31.7,135.0,EN_ROUTE_TO_HOSPITAL
2026-09-01 08:51:06,AMB0052,REQ02224,12.862675,80.222823,25.6,135.0,EN_ROUTE_TO_HOSPITAL
2026-09-01 08:51:11,AMB0052,REQ02224,12.875046,80.225682,38.0,135.0,EN_ROUTE_TO_HOSPITAL
2026-09-01 08:51:15,AMB0052,REQ02224,12.887481,80.2286,48.5,135.0,EN_ROUTE_TO_HOSPITAL
2026-09-01 08:51:21,AMB0052,REQ02224,12.89955,80.231395,44.6,135.0,EN_ROUTE_TO_HOSPITAL
2026-09-01 08:51:26,AMB0052,REQ02224,12.910959,80.235012,33.9,135.0,EN_ROUTE_TO_HOSPITAL
2026-09-01 08:51:30,AMB0052,REQ02224,12.923109,80.237832,35.4,135.0,EN_ROUTE_TO_HOSPITAL
2026-09-01 08:51:36,AMB0052,REQ02224,12.935989,80.239802,53.4,135.0,EN_ROUTE_TO_HOSPITAL
2026-09-01 08:51:41,AMB0052,REQ02224,12.947285,80.243408,45.8,135.0,EN_ROUTE_TO_HOSPITAL
2026-09-01 08:51:49,AMB0052,REQ02224,12.959881,80.245666,51.8,135.0,EN_ROUTE_TO_HOSPITAL
2026-09-08 05:40:02,AMB0005,REQ02391,13.162573,80.296551,38.1,135.0,EN_ROUTE_TO_PATIENT
2026-09-08 05:40:06,AMB0005,REQ02391,13.145543,80.286072,50.8,135.0,EN_ROUTE_TO_PATIENT
2026-09-08 05:40:14,AMB0005,REQ02391,13.129206,80.27415,23.0,135.0,EN_ROUTE_TO_PATIENT
2026-09-08 05:40:21,AMB0005,REQ02391,13.113068,80.262987,23.4,135.0,EN_ROUTE_TO_PATIENT
2026-09-08 05:40:27,AMB0005,REQ02391,13.097145,80.251636,36.9,135.0,EN_ROUTE_TO_PATIENT
2026-09-08 05:40:35,AMB0005,REQ02391,13.080657,80.239869,50.9,135.0,EN_ROUTE_TO_PATIENT
2026-09-08 05:40:39,AMB0005,REQ02391,13.063506,80.227867,47.9,135.0,EN_ROUTE_TO_PATIENT
2026-09-08 05:40:46,AMB0005,REQ02391,13.048213,80.217503,41.4,135.0,EN_ROUTE_TO_PATIENT
2026-09-08 05:40:51,AMB0005,REQ02391,13.030909,80.205207,25.0,135.0,EN_ROUTE_TO_PATIENT
2026-09-08 05:40:57,AMB0005,REQ02391,13.015319,80.194459,27.1,135.0,EN_ROUTE_TO_PATIENT
2026-09-08 05:41:49,AMB0005,REQ02391,13.014758,80.194657,33.9,135.0,EN_ROUTE_TO_HOSPITAL
2026-09-08 05:41:54,AMB0005,REQ02391,13.016617,80.195705,20.9,135.0,EN_ROUTE_TO_HOSPITAL
2026-09-08 05:42:00,AMB0005,REQ02391,13.018917,80.19633,46.6,135.0,EN_ROUTE_TO_HOSPITAL
2026-09-08 05:42:07,AMB0005,REQ02391,13.021056,80.198017,25.3,135.0,EN_ROUTE_TO_HOSPITAL
2026-09-08 05:42:11,AMB0005,REQ02391,13.023942,80.198812,44.6,135.0,EN_ROUTE_TO_HOSPITAL
2026-09-08 05:42:18,AMB0005,REQ02391,13.025544,80.199384,25.8,135.0,EN_ROUTE_TO_HOSPITAL
2026-09-08 05:42:25,AMB0005,REQ02391,13.028526,80.201321,48.6,135.0,EN_ROUTE_TO_HOSPITAL
2026-09-08 05:42:33,AMB0005,REQ02391,13.030434,80.201658,28.5,135.0,EN_ROUTE_TO_HOSPITAL
2026-09-08 05:42:41,AMB0005,REQ02391,13.032177,80.202758,45.1,135.0,EN_ROUTE_TO_HOSPITAL
2026-09-08 05:42:49,AMB0005,REQ02391,13.035237,80.204123,47.1,135.0,EN_ROUTE_TO_HOSPITAL
2026-09-08 05:42:54,AMB0005,REQ02391,13.037122,80.205322,53.3,135.0,EN_ROUTE_TO_HOSPITAL
2026-09-08 05:42:58,AMB0005,REQ02391,13.039432,80.206524,52.9,135.0,EN_ROUTE_TO_HOSPITAL
2026-09-08 05:43:05,AMB0005,REQ02391,13.041342,80.207654,25.0,135.0,EN_ROUTE_TO_HOSPITAL
2026-09-08 05:43:10,AMB0005,REQ02391,13.043397,80.209146,41.1,135.0,EN_ROUTE_TO_HOSPITAL
2026-09-08 05:43:17,AMB0005,REQ02391,13.046189,80.210318,27.5,135.0,EN_ROUTE_TO_HOSPITAL
2026-09-08 05:43:23,AMB0005,REQ02391,13.048095,80.210733,53.0,135.0,EN_ROUTE_TO_HOSPITAL
2026-09-08 05:43:31,AMB0005,REQ02391,13.050582,80.211711,37.2,135.0,EN_ROUTE_TO_HOSPITAL
2026-09-03 11:05:06,AMB0009,REQ00037,13.14619,80.232179,22.7,135.0,EN_ROUTE_TO_PATIENT
2026-09-03 11:05:13,AMB0009,REQ00037,13.135968,80.23102,43.8,135.0,EN_ROUTE_TO_PATIENT
2026-09-03 11:05:18,AMB0009,REQ00037,13.126888,80.229171,21.6,135.0,EN_ROUTE_TO_PATIENT
2026-09-03 11:05:22,AMB0009,REQ00037,13.115978,80.22731,52.1,135.0,EN_ROUTE_TO_PATIENT
2026-09-03 11:05:29,AMB0009,REQ00037,13.106463,80.224783,32.5,135.0,EN_ROUTE_TO_PATIENT
2026-09-03 11:05:36,AMB0009,REQ00037,13.095981,80.223886,40.1,135.0,EN_ROUTE_TO_PATIENT
2026-09-03 11:05:43,AMB0009,REQ00037,13.085975,80.221652,46.5,135.0,EN_ROUTE_TO_PATIENT
2026-09-03 11:05:49,AMB0009,REQ00037,13.075631,80.219304,38.3,135.0,EN_ROUTE_TO_PATIENT
2026-09-03 11:05:54,AMB0009,REQ00037,13.065599,80.217807,30.5,135.0,EN_ROUTE_TO_PATIENT
2026-09-03 11:06:00,AMB0009,REQ00037,13.055901,80.216341,44.3,135.0,EN_ROUTE_TO_PATIENT
2026-09-03 11:06:07,AMB0009,REQ00037,13.046631,80.214381,52.8,135.0,EN_ROUTE_TO_PATIENT
2026-09-03 11:06:14,AMB0009,REQ00037,13.035907,80.212022,49.2,135.0,EN_ROUTE_TO_PATIENT
2026-09-03 11:06:21,AMB0009,REQ00037,13.025664,80.210673,46.1,135.0,EN_ROUTE_TO_PATIENT
2026-09-03 11:07:21,AMB0009,REQ00037,13.026055,80.211315,44.7,135.0,EN_ROUTE_TO_HOSPITAL
2026-09-03 11:07:29,AMB0009,REQ00037,13.030144,80.217432,33.5,135.0,EN_ROUTE_TO_HOSPITAL
2026-09-03 11:07:34,AMB0009,REQ00037,13.034619,80.223568,35.6,135.0,EN_ROUTE_TO_HOSPITAL
2026-09-03 11:07:41,AMB0009,REQ00037,13.038533,80.22991,24.2,135.0,EN_ROUTE_TO_HOSPITAL
2026-09-03 11:07:45,AMB0009,REQ00037,13.043247,80.236553,49.4,135.0,EN_ROUTE_TO_HOSPITAL
2026-09-03 11:07:51,AMB0009,REQ00037,13.04814,80.242666,54.5,135.0,EN_ROUTE_TO_HOSPITAL
2026-09-03 11:07:58,AMB0009,REQ00037,13.051766,80.249069,37.4,135.0,EN_ROUTE_TO_HOSPITAL
2026-09-03 11:08:05,AMB0009,REQ00037,13.056538,80.254935,36.9,135.0,EN_ROUTE_TO_HOSPITAL
2026-09-03 11:08:11,AMB0009,REQ00037,13.061554,80.261694,22.0,135.0,EN_ROUTE_TO_HOSPITAL
2026-09-03 11:08:19,AMB0009,REQ00037,13.064774,80.268216,32.2,135.0,EN_ROUTE_TO_HOSPITAL
2026-09-03 11:08:23,AMB0009,REQ00037,13.069672,80.27426,33.9,135.0,EN_ROUTE_TO_HOSPITAL
2026-08-11 03:16:23,AMB0030,REQ02669,13.069752,80.264632,36.2,135.0,EN_ROUTE_TO_PATIENT
2026-08-11 03:16:27,AMB0030,REQ02669,13.060452,80.255471,24.0,135.0,EN_ROUTE_TO_PATIENT
2026-08-11 03:16:33,AMB0030,REQ02669,13.050848,80.246027,38.6,135.0,EN_ROUTE_TO_PATIENT
2026-08-11 03:16:39,AMB0030,REQ02669,13.042118,80.236962,40.4,135.0,EN_ROUTE_TO_PATIENT
2026-08-11 03:16:46,AMB0030,REQ02669,13.033596,80.228642,46.9,135.0,EN_ROUTE_TO_PATIENT
2026-08-11 03:16:54,AMB0030,REQ02669,13.024353,80.218596,50.6,135.0,EN_ROUTE_TO_PATIENT
2026-08-11 03:16:58,AMB0030,REQ02669,13.015387,80.209515,20.1,135.0,EN_ROUTE_TO_PATIENT
2026-08-11 03:17:02,AMB0030,REQ02669,13.005783,80.200477,22.6,135.0,EN_ROUTE_TO_PATIENT
2026-08-11 03:17:06,AMB0030,REQ02669,12.997345,80.191257,32.5,135.0,EN_ROUTE_TO_PATIENT
2026-08-11 03:17:11,AMB0030,REQ02669,12.988347,80.182703,23.2,135.0,EN_ROUTE_TO_PATIENT
2026-08-11 03:17:17,AMB0030,REQ02669,12.979033,80.173852,20.7,135.0,EN_ROUTE_TO_PATIENT
2026-08-11 03:17:24,AMB0030,REQ02669,12.970523,80.164728,34.8,135.0,EN_ROUTE_TO_PATIENT
2026-08-11 03:17:31,AMB0030,REQ02669,12.961112,80.155944,36.9,135.0,EN_ROUTE_TO_PATIENT
2026-08-11 03:17:38,AMB0030,REQ02669,12.951449,80.146688,44.6,135.0,EN_ROUTE_TO_PATIENT
2026-08-11 03:18:51,AMB0030,REQ02669,12.952056,80.147091,38.6,135.0,EN_ROUTE_TO_HOSPITAL
2026-08-11 03:18:58,AMB0030,REQ02669,12.960629,80.154359,30.1,135.0,EN_ROUTE_TO_HOSPITAL
2026-08-11 03:19:03,AMB0030,REQ02669,12.968048,80.162175,28.5,135.0,EN_ROUTE_TO_HOSPITAL
2026-08-11 03:19:08,AMB0030,REQ02669,12.97673,80.169087,36.0,135.0,EN_ROUTE_TO_HOSPITAL
2026-08-11 03:19:13,AMB0030,REQ02669,12.983896,80.176761,24.3,135.0,EN_ROUTE_TO_HOSPITAL
2026-08-11 03:19:20,AMB0030,REQ02669,12.993052,80.184224,48.8,135.0,EN_ROUTE_TO_HOSPITAL
2026-08-11 03:19:26,AMB0030,REQ02669,13.000998,80.192144,35.3,135.0,EN_ROUTE_TO_HOSPITAL
2026-08-11 03:19:30,AMB0030,REQ02669,13.00926,80.19959,54.5,135.0,EN_ROUTE_TO_HOSPITAL
2026-08-11 03:19:34,AMB0030,REQ02669,13.016552,80.206909,21.4,135.0,EN_ROUTE_TO_HOSPITAL
2026-08-11 03:19:41,AMB0030,REQ02669,13.024313,80.215516,36.0,135.0,EN_ROUTE_TO_HOSPITAL
2026-08-11 03:19:47,AMB0030,REQ02669,13.032483,80.222744,28.6,135.0,EN_ROUTE_TO_HOSPITAL
2026-08-11 03:19:55,AMB0030,REQ02669,13.040958,80.230796,34.3,135.0,EN_ROUTE_TO_HOSPITAL
2026-08-11 03:19:59,AMB0030,REQ02669,13.048873,80.237769,29.5,135.0,EN_ROUTE_TO_HOSPITAL
2026-08-11 03:20:05,AMB0030,REQ02669,13.057081,80.245691,23.2,135.0,EN_ROUTE_TO_HOSPITAL
2026-08-11 03:20:12,AMB0030,REQ02669,13.065345,80.253412,47.7,135.0,EN_ROUTE_TO_HOSPITAL
2026-08-11 03:20:18,AMB0030,REQ02669,13.074041,80.261213,36.8,135.0,EN_ROUTE_TO_HOSPITAL
2026-08-07 23:53:54,AMB0025,REQ00147,13.101613,80.269784,24.9,135.0,EN_ROUTE_TO_PATIENT
2026-08-07 23:54:02,AMB0025,REQ00147,13.095911,80.268119,30.9,135.0,EN_ROUTE_TO_PATIENT
2026-08-07 23:54:06,AMB0025,REQ00147,13.090907,80.265766,48.3,135.0,EN_ROUTE_TO_PATIENT
2026-08-07 23:54:12,AMB0025,REQ00147,13.084235,80.264114,29.2,135.0,EN_ROUTE_TO_PATIENT
2026-08-07 23:54:18,AMB0025,REQ00147,13.078371,80.262969,33.6,135.0,EN_ROUTE_TO_PATIENT
2026-08-07 23:54:22,AMB0025,REQ00147,13.072969,80.261156,45.3,135.0,EN_ROUTE_TO_PATIENT
2026-08-07 23:54:29,AMB0025,REQ00147,13.06691,80.258493,40.3,135.0,EN_ROUTE_TO_PATIENT
2026-08-07 23:54:34,AMB0025,REQ00147,13.061524,80.256864,25.9,135.0,EN_ROUTE_TO_PATIENT
2026-08-07 23:54:38,AMB0025,REQ00147,13.055637,80.254426,47.0,135.0,EN_ROUTE_TO_PATIENT
2026-08-07 23:54:43,AMB0025,REQ00147,13.049492,80.25338,40.0,135.0,EN_ROUTE_TO_PATIENT
2026-08-07 23:54:50,AMB0025,REQ00147,13.043621,80.251691,34.5,135.0,EN_ROUTE_TO_PATIENT
2026-08-07 23:54:58,AMB0025,REQ00147,13.037336,80.249014,51.1,135.0,EN_ROUTE_TO_PATIENT
2026-08-07 23:55:04,AMB0025,REQ00147,13.032257,80.247025,26.9,135.0,EN_ROUTE_TO_PATIENT
2026-08-07 23:55:12,AMB0025,REQ00147,13.026186,80.245188,28.1,135.0,EN_ROUTE_TO_PATIENT
2026-08-07 23:55:18,AMB0025,REQ00147,13.019988,80.24441,33.1,135.0,EN_ROUTE_TO_PATIENT
2026-08-07 23:55:24,AMB0025,REQ00147,13.014863,80.241914,23.9,135.0,EN_ROUTE_TO_PATIENT
2026-08-07 23:55:30,AMB0025,REQ00147,13.008601,80.23968,22.9,135.0,EN_ROUTE_TO_PATIENT
2026-08-07 23:56:33,AMB0025,REQ00147,13.007965,80.239831,28.2,135.0,EN_ROUTE_TO_HOSPITAL
2026-08-07 23:56:41,AMB0025,REQ00147,12.984572,80.237636,42.8,135.0,EN_ROUTE_TO_HOSPITAL
2026-08-07 23:56:46,AMB0025,REQ00147,12.961845,80.236025,36.2,135.0,EN_ROUTE_TO_HOSPITAL
2026-08-07 23:56:53,AMB0025,REQ00147,12.937602,80.233972,41.7,135.0,EN_ROUTE_TO_HOSPITAL
2026-08-07 23:57:01,AMB0025,REQ00147,12.9151,80.230866,42.6,135.0,EN_ROUTE_TO_HOSPITAL
2026-08-07 23:57:08,AMB0025,REQ00147,12.891392,80.229044,37.9,135.0,EN_ROUTE_TO_HOSPITAL
2026-08-07 23:57:16,AMB0025,REQ00147,12.86799,80.227074,33.5,135.0,EN_ROUTE_TO_HOSPITAL
2026-08-07 23:57:23,AMB0025,REQ00147,12.843901,80.225219,44.6,135.0,EN_ROUTE_TO_HOSPITAL
2026-08-07 23:57:30,AMB0025,REQ00147,12.821049,80.223049,44.1,135.0,EN_ROUTE_TO_HOSPITAL
2026-08-07 23:57:38,AMB0025,REQ00147,12.796503,80.221051,32.7,135.0,EN_ROUTE_TO_HOSPITAL
2026-08-24 21:36:33,AMB0042,REQ01684,13.083266,80.177932,21.3,135.0,EN_ROUTE_TO_PATIENT
2026-08-24 21:36:38,AMB0042,REQ01684,13.088489,80.173858,32.8,135.0,EN_ROUTE_TO_PATIENT
2026-08-24 21:36:42,AMB0042,REQ01684,13.094004,80.169493,52.6,135.0,EN_ROUTE_TO_PATIENT
2026-08-24 21:36:46,AMB0042,REQ01684,13.098202,80.165923,50.6,135.0,EN_ROUTE_TO_PATIENT
2026-08-24 21:36:53,AMB0042,REQ01684,13.104269,80.16089,45.5,135.0,EN_ROUTE_TO_PATIENT
2026-08-24 21:37:01,AMB0042,REQ01684,13.109284,80.157214,25.9,135.0,EN_ROUTE_TO_PATIENT
2026-08-24 21:37:08,AMB0042,REQ01684,13.114302,80.152949,54.0,135.0,EN_ROUTE_TO_PATIENT
2026-08-24 21:37:12,AMB0042,REQ01684,13.119867,80.149014,41.6,135.0,EN_ROUTE_TO_PATIENT
2026-08-24 21:37:20,AMB0042,REQ01684,13.125298,80.145051,44.8,135.0,EN_ROUTE_TO_PATIENT
2026-08-24 21:38:32,AMB0042,REQ01684,13.124128,80.144007,47.9,135.0,EN_ROUTE_TO_HOSPITAL
2026-08-24 21:38:39,AMB0042,REQ01684,13.111506,80.149978,44.6,135.0,EN_ROUTE_TO_HOSPITAL
2026-08-24 21:38:46,AMB0042,REQ01684,13.097293,80.155412,42.7,135.0,EN_ROUTE_TO_HOSPITAL
2026-08-24 21:38:54,AMB0042,REQ01684,13.083147,80.160599,28.3,135.0,EN_ROUTE_TO_HOSPITAL
2026-08-24 21:38:59,AMB0042,REQ01684,13.069724,80.165324,28.6,135.0,EN_ROUTE_TO_HOSPITAL
2026-08-24 21:39:04,AMB0042,REQ01684,13.056457,80.170401,35.1,135.0,EN_ROUTE_TO_HOSPITAL
2026-08-24 21:39:09,AMB0042,REQ01684,13.042835,80.175526,34.0,135.0,EN_ROUTE_TO_HOSPITAL
2026-08-24 21:39:15,AMB0042,REQ01684,13.028797,80.181106,44.0,135.0,EN_ROUTE_TO_HOSPITAL
2026-08-24 21:39:19,AMB0042,REQ01684,13.015456,80.18636,22.9,135.0,EN_ROUTE_TO_HOSPITAL
2026-08-24 21:39:27,AMB0042,REQ01684,13.001315,80.191889,54.7,135.0,EN_ROUTE_TO_HOSPITAL
2026-08-24 21:39:34,AMB0042,REQ01684,12.987063,80.197119,27.5,135.0,EN_ROUTE_TO_HOSPITAL
2026-08-24 21:39:38,AMB0042,REQ01684,12.973747,80.202184,23.1,135.0,EN_ROUTE_TO_HOSPITAL
2026-08-24 21:39:43,AMB0042,REQ01684,12.959832,80.208156,20.8,135.0,EN_ROUTE_TO_HOSPITAL
2026-08-24 21:39:48,AMB0042,REQ01684,12.946212,80.213344,50.5,135.0,EN_ROUTE_TO_HOSPITAL
2026-08-24 21:39:53,AMB0042,REQ01684,12.93331,80.217709,26.2,135.0,EN_ROUTE_TO_HOSPITAL
2026-08-24 21:40:00,AMB0042,REQ01684,12.918982,80.223738,28.5,135.0,EN_ROUTE_TO_HOSPITAL
2026-08-24 21:40:04,AMB0042,REQ01684,12.905324,80.228833,37.1,135.0,EN_ROUTE_TO_HOSPITAL
2026-08-12 00:37:13,AMB0096,REQ01273,12.982181,80.258798,20.7,135.0,EN_ROUTE_TO_PATIENT
2026-08-12 00:37:18,AMB0096,REQ01273,12.974204,80.255481,22.5,135.0,EN_ROUTE_TO_PATIENT
2026-08-12 00:37:22,AMB0096,REQ01273,12.967024,80.253352,36.0,135.0,EN_ROUTE_TO_PATIENT
2026-08-12 00:37:27,AMB0096,REQ01273,12.958288,80.250192,44.2,135.0,EN_ROUTE_TO_PATIENT
2026-08-12 00:37:32,AMB0096,REQ01273,12.951345,80.246705,33.6,135.0,EN_ROUTE_TO_PATIENT
2026-08-12 00:37:37,AMB0096,REQ01273,12.943476,80.244188,28.2,135.0,EN_ROUTE_TO_PATIENT
2026-08-12 00:37:42,AMB0096,REQ01273,12.935855,80.240726,27.1,135.0,EN_ROUTE_TO_PATIENT
2026-08-12 00:37:46,AMB0096,REQ01273,12.928922,80.238681,39.2,135.0,EN_ROUTE_TO_PATIENT
2026-08-12 00:37:52,AMB0096,REQ01273,12.92058,80.234889,32.0,135.0,EN_ROUTE_TO_PATIENT
2026-08-12 00:37:58,AMB0096,REQ01273,12.913715,80.232969,43.4,135.0,EN_ROUTE_TO_PATIENT
2026-08-12 00:38:06,AMB0096,REQ01273,12.906162,80.230027,52.5,135.0,EN_ROUTE_TO_PATIENT
2026-08-12 00:38:12,AMB0096,REQ01273,12.898866,80.226911,48.7,135.0,EN_ROUTE_TO_PATIENT
2026-08-12 00:38:58,AMB0096,REQ01273,12.898742,80.226466,28.4,135.0,EN_ROUTE_TO_HOSPITAL
2026-08-12 00:39:06,AMB0096,REQ01273,12.908058,80.225662,43.8,135.0,EN_ROUTE_TO_HOSPITAL
2026-08-12 00:39:14,AMB0096,REQ01273,12.918344,80.225073,40.1,135.0,EN_ROUTE_TO_HOSPITAL
2026-08-12 00:39:19,AMB0096,REQ01273,12.929054,80.223843,32.2,135.0,EN_ROUTE_TO_HOSPITAL
2026-08-12 00:39:26,AMB0096,REQ01273,12.938678,80.224067,36.0,135.0,EN_ROUTE_TO_HOSPITAL
2026-08-12 00:39:30,AMB0096,REQ01273,12.948732,80.222508,27.9,135.0,EN_ROUTE_TO_HOSPITAL
2026-08-12 00:39:35,AMB0096,REQ01273,12.959167,80.222124,50.3,135.0,EN_ROUTE_TO_HOSPITAL
2026-08-12 00:39:40,AMB0096,REQ01273,12.969859,80.221821,35.8,135.0,EN_ROUTE_TO_HOSPITAL
2026-08-12 00:39:44,AMB0096,REQ01273,12.980114,80.22114,40.3,135.0,EN_ROUTE_TO_HOSPITAL
2026-08-28 05:45:01,AMB0103,REQ02890,12.952526,80.209437,52.2,135.0,EN_ROUTE_TO_PATIENT
2026-08-28 05:45:08,AMB0103,REQ02890,12.964859,80.217089,37.4,135.0,EN_ROUTE_TO_PATIENT
2026-08-28 05:45:15,AMB0103,REQ02890,12.976875,80.224765,47.1,135.0,EN_ROUTE_TO_PATIENT
2026-08-28 05:45:21,AMB0103,REQ02890,12.990028,80.232785,52.2,135.0,EN_ROUTE_TO_PATIENT
2026-08-28 05:45:26,AMB0103,REQ02890,13.002265,80.240764,39.2,135.0,EN_ROUTE_TO_PATIENT
2026-08-28 05:45:33,AMB0103,REQ02890,13.014195,80.249378,39.2,135.0,EN_ROUTE_TO_PATIENT
2026-08-28 05:45:40,AMB0103,REQ02890,13.026506,80.256219,44.8,135.0,EN_ROUTE_TO_PATIENT
2026-08-28 05:45:47,AMB0103,REQ02890,13.039431,80.26434,27.3,135.0,EN_ROUTE_TO_PATIENT
2026-08-28 05:45:53,AMB0103,REQ02890,13.051976,80.271772,42.6,135.0,EN_ROUTE_TO_PATIENT
2026-08-28 05:45:58,AMB0103,REQ02890,13.063551,80.280238,23.6,135.0,EN_ROUTE_TO_PATIENT
2026-08-28 05:46:02,AMB0103,REQ02890,13.076302,80.288236,45.5,135.0,EN_ROUTE_TO_PATIENT
2026-08-28 05:46:10,AMB0103,REQ02890,13.08869,80.295568,41.5,135.0,EN_ROUTE_TO_PATIENT
2026-08-28 05:46:51,AMB0103,REQ02890,13.08841,80.296023,33.9,135.0,EN_ROUTE_TO_HOSPITAL
2026-08-28 05:46:59,AMB0103,REQ02890,13.08658,80.293284,37.7,135.0,EN_ROUTE_TO_HOSPITAL
2026-08-28 05:47:04,AMB0103,REQ02890,13.084194,80.290736,45.2,135.0,EN_ROUTE_TO_HOSPITAL
2026-08-28 05:47:12,AMB0103,REQ02890,13.080801,80.288918,53.1,135.0,EN_ROUTE_TO_HOSPITAL
2026-08-28 05:47:20,AMB0103,REQ02890,13.079389,80.286982,46.0,135.0,EN_ROUTE_TO_HOSPITAL
2026-08-28 05:47:25,AMB0103,REQ02890,13.076565,80.284513,53.9,135.0,EN_ROUTE_TO_HOSPITAL
2026-08-28 05:47:31,AMB0103,REQ02890,13.074469,80.281756,24.7,135.0,EN_ROUTE_TO_HOSPITAL
2026-08-28 05:47:35,AMB0103,REQ02890,13.071646,80.279148,31.5,135.0,EN_ROUTE_TO_HOSPITAL
2026-08-28 05:47:42,AMB0103,REQ02890,13.069289,80.27682,37.6,135.0,EN_ROUTE_TO_HOSPITAL
2026-08-28 05:47:49,AMB0103,REQ02890,13.066513,80.27455,27.8,135.0,EN_ROUTE_TO_HOSPITAL
2026-08-28 05:47:55,AMB0103,REQ02890,13.063792,80.27325,48.4,135.0,EN_ROUTE_TO_HOSPITAL
2026-08-28 05:48:00,AMB0103,REQ02890,13.062228,80.27041,33.9,135.0,EN_ROUTE_TO_HOSPITAL
2026-08-28 05:48:06,AMB0103,REQ02890,13.059976,80.268111,53.6,135.0,EN_ROUTE_TO_HOSPITAL
2026-08-28 05:48:12,AMB0103,REQ02890,13.056593,80.266233,50.8,135.0,EN_ROUTE_TO_HOSPITAL
2026-08-28 05:48:20,AMB0103,REQ02890,13.055078,80.263547,51.5,135.0,EN_ROUTE_TO_HOSPITAL
2026-08-27 19:47:55,AMB0028,REQ00943,13.08121,80.274671,38.6,135.0,EN_ROUTE_TO_PATIENT
2026-08-27 19:48:02,AMB0028,REQ00943,13.079647,80.27273,43.8,135.0,EN_ROUTE_TO_PATIENT
2026-08-27 19:48:08,AMB0028,REQ00943,13.076781,80.269662,33.3,135.0,EN_ROUTE_TO_PATIENT
2026-08-27 19:48:12,AMB0028,REQ00943,13.074096,80.267853,47.5,135.0,EN_ROUTE_TO_PATIENT
2026-08-27 19:48:16,AMB0028,REQ00943,13.072369,80.26617,47.8,135.0,EN_ROUTE_TO_PATIENT
2026-08-27 19:48:21,AMB0028,REQ00943,13.069643,80.264171,42.5,135.0,EN_ROUTE_TO_PATIENT
2026-08-27 19:48:29,AMB0028,REQ00943,13.067522,80.2623,37.9,135.0,EN_ROUTE_TO_PATIENT
2026-08-27 19:48:35,AMB0028,REQ00943,13.065279,80.259728,43.5,135.0,EN_ROUTE_TO_PATIENT
2026-08-27 19:48:43,AMB0028,REQ00943,13.063681,80.256935,36.9,135.0,EN_ROUTE_TO_PATIENT
2026-08-27 19:49:40,AMB0028,REQ00943,13.063829,80.257135,23.7,135.0,EN_ROUTE_TO_HOSPITAL
2026-08-27 19:49:47,AMB0028,REQ00943,13.055733,80.249369,24.4,135.0,EN_ROUTE_TO_HOSPITAL
2026-08-27 19:49:52,AMB0028,REQ00943,13.048419,80.241303,44.2,135.0,EN_ROUTE_TO_HOSPITAL
2026-08-27 19:49:58,AMB0028,REQ00943,13.040899,80.233698,24.7,135.0,EN_ROUTE_TO_HOSPITAL
2026-08-27 19:50:06,AMB0028,REQ00943,13.033843,80.225107,24.8,135.0,EN_ROUTE_TO_HOSPITAL
2026-08-27 19:50:14,AMB0028,REQ00943,13.025592,80.217524,20.4,135.0,EN_ROUTE_TO_HOSPITAL
2026-08-27 19:50:22,AMB0028,REQ00943,13.018648,80.209593,25.6,135.0,EN_ROUTE_TO_HOSPITAL
2026-08-27 19:50:27,AMB0028,REQ00943,13.011248,80.200574,23.4,135.0,EN_ROUTE_TO_HOSPITAL
2026-08-27 19:50:32,AMB0028,REQ00943,13.003728,80.193293,54.7,135.0,EN_ROUTE_TO_HOSPITAL
2026-08-27 19:50:36,AMB0028,REQ00943,12.995472,80.184946,43.2,135.0,EN_ROUTE_TO_HOSPITAL
2026-08-27 19:50:41,AMB0028,REQ00943,12.987885,80.177241,32.2,135.0,EN_ROUTE_TO_HOSPITAL
2026-08-27 19:50:45,AMB0028,REQ00943,12.981327,80.168401,20.4,135.0,EN_ROUTE_TO_HOSPITAL
2026-08-27 19:50:50,AMB0028,REQ00943,12.972999,80.160864,47.1,135.0,EN_ROUTE_TO_HOSPITAL
2026-08-27 19:50:58,AMB0028,REQ00943,12.965831,80.152791,46.4,135.0,EN_ROUTE_TO_HOSPITAL
2026-08-27 19:51:06,AMB0028,REQ00943,12.957933,80.145098,41.8,135.0,EN_ROUTE_TO_HOSPITAL
2026-08-27 19:51:12,AMB0028,REQ00943,12.950617,80.136336,25.7,135.0,EN_ROUTE_TO_HOSPITAL
2026-08-27 19:51:19,AMB0028,REQ00943,12.94369,80.128008,40.1,135.0,EN_ROUTE_TO_HOSPITAL
2026-09-05 03:46:01,AMB0128,REQ02884,12.950001,80.255737,49.3,135.0,EN_ROUTE_TO_PATIENT
2026-09-05 03:46:09,AMB0128,REQ02884,12.951823,80.250222,23.8,135.0,EN_ROUTE_TO_PATIENT
2026-09-05 03:46:16,AMB0128,REQ02884,12.954054,80.244287,48.1,135.0,EN_ROUTE_TO_PATIENT
2026-09-05 03:46:20,AMB0128,REQ02884,12.956179,80.239198,30.6,135.0,EN_ROUTE_TO_PATIENT
2026-09-05 03:46:28,AMB0128,REQ02884,12.958286,80.233942,23.6,135.0,EN_ROUTE_TO_PATIENT
2026-09-05 03:46:34,AMB0128,REQ02884,12.960289,80.228328,33.8,135.0,EN_ROUTE_TO_PATIENT
2026-09-05 03:46:38,AMB0128,REQ02884,12.96161,80.221882,20.4,135.0,EN_ROUTE_TO_PATIENT
2026-09-05 03:46:42,AMB0128,REQ02884,12.963683,80.216362,52.4,135.0,EN_ROUTE_TO_PATIENT
2026-09-05 03:46:47,AMB0128,REQ02884,12.965704,80.21167,35.1,135.0,EN_ROUTE_TO_PATIENT
2026-09-05 03:46:54,AMB0128,REQ02884,12.968216,80.205805,52.9,135.0,EN_ROUTE_TO_PATIENT
2026-09-05 03:47:02,AMB0128,REQ02884,12.970233,80.199941,43.9,135.0,EN_ROUTE_TO_PATIENT
2026-09-05 03:47:08,AMB0128,REQ02884,12.972469,80.193799,22.5,135.0,EN_ROUTE_TO_PATIENT
2026-09-05 03:47:14,AMB0128,REQ02884,12.974399,80.188545,54.9,135.0,EN_ROUTE_TO_PATIENT
2026-09-05 03:47:18,AMB0128,REQ02884,12.976765,80.183186,42.4,135.0,EN_ROUTE_TO_PATIENT
2026-09-05 03:47:25,AMB0128,REQ02884,12.978229,80.177739,30.1,135.0,EN_ROUTE_TO_PATIENT
2026-09-05 03:47:29,AMB0128,REQ02884,12.979842,80.172266,31.8,135.0,EN_ROUTE_TO_PATIENT
2026-09-05 03:47:35,AMB0128,REQ02884,12.982743,80.166616,53.5,135.0,EN_ROUTE_TO_PATIENT
2026-09-05 03:48:17,AMB0128,REQ02884,12.982799,80.166757,45.3,135.0,EN_ROUTE_TO_HOSPITAL
2026-09-05 03:48:22,AMB0128,REQ02884,12.989837,80.173482,37.6,135.0,EN_ROUTE_TO_HOSPITAL
2026-09-05 03:48:27,AMB0128,REQ02884,12.997336,80.18118,54.8,135.0,EN_ROUTE_TO_HOSPITAL
2026-09-05 03:48:32,AMB0128,REQ02884,13.005911,80.189297,41.8,135.0,EN_ROUTE_TO_HOSPITAL
2026-09-05 03:48:37,AMB0128,REQ02884,13.01318,80.196539,51.3,135.0,EN_ROUTE_TO_HOSPITAL
2026-09-05 03:48:45,AMB0128,REQ02884,13.021707,80.203736,39.0,135.0,EN_ROUTE_TO_HOSPITAL
2026-09-05 03:48:49,AMB0128,REQ02884,13.028462,80.211859,49.6,135.0,EN_ROUTE_TO_HOSPITAL
2026-09-05 03:48:56,AMB0128,REQ02884,13.036263,80.219161,48.3,135.0,EN_ROUTE_TO_HOSPITAL
2026-09-05 03:49:02,AMB0128,REQ02884,13.044298,80.226881,48.4,135.0,EN_ROUTE_TO_HOSPITAL
2026-09-05 03:49:10,AMB0128,REQ02884,13.052499,80.233635,36.6,135.0,EN_ROUTE_TO_HOSPITAL
2026-09-05 03:49:16,AMB0128,REQ02884,13.06027,80.241219,38.4,135.0,EN_ROUTE_TO_HOSPITAL
2026-09-05 03:49:21,AMB0128,REQ02884,13.067522,80.2495,47.8,135.0,EN_ROUTE_TO_HOSPITAL
2026-09-05 03:49:27,AMB0128,REQ02884,13.075382,80.256848,47.9,135.0,EN_ROUTE_TO_HOSPITAL
2026-09-05 03:49:33,AMB0128,REQ02884,13.083679,80.264112,37.3,135.0,EN_ROUTE_TO_HOSPITAL
2026-09-05 03:49:41,AMB0128,REQ02884,13.091732,80.271511,32.8,135.0,EN_ROUTE_TO_HOSPITAL
2026-09-05 03:49:45,AMB0128,REQ02884,13.099321,80.278469,46.4,135.0,EN_ROUTE_TO_HOSPITAL
2026-09-05 03:49:50,AMB0128,REQ02884,13.107194,80.286081,27.2,135.0,EN_ROUTE_TO_HOSPITAL
2026-08-18 16:38:41,AMB0101,REQ00898,12.980885,80.21809,45.1,135.0,EN_ROUTE_TO_PATIENT
2026-08-18 16:38:48,AMB0101,REQ00898,12.992585,80.218813,46.3,135.0,EN_ROUTE_TO_PATIENT
2026-08-18 16:38:53,AMB0101,REQ00898,13.003477,80.218746,41.6,135.0,EN_ROUTE_TO_PATIENT
2026-08-18 16:39:00,AMB0101,REQ00898,13.015136,80.21847,54.9,135.0,EN_ROUTE_TO_PATIENT
2026-08-18 16:39:04,AMB0101,REQ00898,13.026548,80.219024,30.9,135.0,EN_ROUTE_TO_PATIENT
2026-08-18 16:39:10,AMB0101,REQ00898,13.037672,80.219207,37.2,135.0,EN_ROUTE_TO_PATIENT
2026-08-18 16:39:16,AMB0101,REQ00898,13.049125,80.219958,53.4,135.0,EN_ROUTE_TO_PATIENT
2026-08-18 16:39:24,AMB0101,REQ00898,13.060557,80.219414,40.1,135.0,EN_ROUTE_TO_PATIENT
2026-08-18 16:39:31,AMB0101,REQ00898,13.071786,80.22046,37.3,135.0,EN_ROUTE_TO_PATIENT
2026-08-18 16:39:35,AMB0101,REQ00898,13.082739,80.220667,40.1,135.0,EN_ROUTE_TO_PATIENT
2026-08-18 16:39:41,AMB0101,REQ00898,13.09416,80.219976,31.5,135.0,EN_ROUTE_TO_PATIENT
2026-08-18 16:39:47,AMB0101,REQ00898,13.105141,80.220729,54.9,135.0,EN_ROUTE_TO_PATIENT
2026-08-18 16:40:50,AMB0101,REQ00898,13.105406,80.220925,22.7,135.0,EN_ROUTE_TO_HOSPITAL
2026-08-18 16:40:54,AMB0101,REQ00898,13.103834,80.219843,50.7,135.0,EN_ROUTE_TO_HOSPITAL
2026-08-18 16:41:01,AMB0101,REQ00898,13.102569,80.218969,35.9,135.0,EN_ROUTE_TO_HOSPITAL
2026-08-18 16:41:07,AMB0101,REQ00898,13.101461,80.21854,22.9,135.0,EN_ROUTE_TO_HOSPITAL
2026-08-18 16:41:15,AMB0101,REQ00898,13.099672,80.217582,29.9,135.0,EN_ROUTE_TO_HOSPITAL
2026-08-18 16:41:20,AMB0101,REQ00898,13.098639,80.216625,52.2,135.0,EN_ROUTE_TO_HOSPITAL
2026-08-18 16:41:26,AMB0101,REQ00898,13.096924,80.216242,48.8,135.0,EN_ROUTE_TO_HOSPITAL
2026-08-18 16:41:32,AMB0101,REQ00898,13.096224,80.215519,49.7,135.0,EN_ROUTE_TO_HOSPITAL
2026-08-18 16:41:37,AMB0101,REQ00898,13.094323,80.215231,53.7,135.0,EN_ROUTE_TO_HOSPITAL
2026-08-18 16:41:42,AMB0101,REQ00898,13.092851,80.214365,54.3,135.0,EN_ROUTE_TO_HOSPITAL
2026-08-18 16:41:47,AMB0101,REQ00898,13.091633,80.213442,49.5,135.0,EN_ROUTE_TO_HOSPITAL
2026-08-18 16:41:52,AMB0101,REQ00898,13.090471,80.213064,54.8,135.0,EN_ROUTE_TO_HOSPITAL
2026-08-18 16:41:59,AMB0101,REQ00898,13.089217,80.212559,40.5,135.0,EN_ROUTE_TO_HOSPITAL
2026-08-18 16:42:06,AMB0101,REQ00898,13.087743,80.211003,26.7,135.0,EN_ROUTE_TO_HOSPITAL
2026-08-18 16:42:10,AMB0101,REQ00898,13.086521,80.210845,31.4,135.0,EN_ROUTE_TO_HOSPITAL
2026-08-18 16:42:17,AMB0101,REQ00898,13.085431,80.210309,26.3,135.0,EN_ROUTE_TO_HOSPITAL
2026-08-03 07:02:30,AMB0007,REQ00765,13.165544,80.257415,37.3,135.0,EN_ROUTE_TO_PATIENT
2026-08-03 07:02:36,AMB0007,REQ00765,13.158752,80.254047,38.9,135.0,EN_ROUTE_TO_PATIENT
2026-08-03 07:02:44,AMB0007,REQ00765,13.151258,80.252503,45.3,135.0,EN_ROUTE_TO_PATIENT
2026-08-03 07:02:48,AMB0007,REQ00765,13.144275,80.249693,53.6,135.0,EN_ROUTE_TO_PATIENT
2026-08-03 07:02:55,AMB0007,REQ00765,13.137305,80.247437,50.2,135.0,EN_ROUTE_TO_PATIENT
2026-08-03 07:03:00,AMB0007,REQ00765,13.129396,80.245219,52.6,135.0,EN_ROUTE_TO_PATIENT
2026-08-03 07:03:06,AMB0007,REQ00765,13.122262,80.24276,27.6,135.0,EN_ROUTE_TO_PATIENT
2026-08-03 07:03:14,AMB0007,REQ00765,13.114925,80.240459,23.2,135.0,EN_ROUTE_TO_PATIENT
2026-08-03 07:03:21,AMB0007,REQ00765,13.108237,80.237347,37.0,135.0,EN_ROUTE_TO_PATIENT
2026-08-03 07:03:25,AMB0007,REQ00765,13.101284,80.235272,46.5,135.0,EN_ROUTE_TO_PATIENT
2026-08-03 07:03:32,AMB0007,REQ00765,13.094064,80.233496,30.4,135.0,EN_ROUTE_TO_PATIENT
2026-08-03 07:03:37,AMB0007,REQ00765,13.08598,80.230935,43.7,135.0,EN_ROUTE_TO_PATIENT
2026-08-03 07:03:45,AMB0007,REQ00765,13.079216,80.228884,41.2,135.0,EN_ROUTE_TO_PATIENT
2026-08-03 07:04:33,AMB0007,REQ00765,13.079352,80.22886,36.7,135.0,EN_ROUTE_TO_HOSPITAL
2026-08-03 07:04:41,AMB0007,REQ00765,13.077885,80.226691,36.5,135.0,EN_ROUTE_TO_HOSPITAL
2026-08-03 07:04:47,AMB0007,REQ00765,13.075296,80.226342,24.8,135.0,EN_ROUTE_TO_HOSPITAL
2026-08-03 07:04:53,AMB0007,REQ00765,13.074116,80.224678,37.5,135.0,EN_ROUTE_TO_HOSPITAL
2026-08-03 07:04:57,AMB0007,REQ00765,13.071952,80.224119,29.5,135.0,EN_ROUTE_TO_HOSPITAL
2026-08-03 07:05:04,AMB0007,REQ00765,13.070038,80.223713,31.5,135.0,EN_ROUTE_TO_HOSPITAL
2026-08-03 07:05:08,AMB0007,REQ00765,13.068977,80.221648,45.3,135.0,EN_ROUTE_TO_HOSPITAL
2026-08-03 07:05:16,AMB0007,REQ00765,13.066848,80.221061,20.3,135.0,EN_ROUTE_TO_HOSPITAL
2026-08-03 07:05:24,AMB0007,REQ00765,13.065261,80.220597,42.3,135.0,EN_ROUTE_TO_HOSPITAL
2026-08-03 07:05:29,AMB0007,REQ00765,13.063096,80.219645,23.8,135.0,EN_ROUTE_TO_HOSPITAL
2026-08-03 07:05:35,AMB0007,REQ00765,13.06096,80.218466,35.4,135.0,EN_ROUTE_TO_HOSPITAL
2026-08-03 07:05:41,AMB0007,REQ00765,13.059634,80.217606,41.4,135.0,EN_ROUTE_TO_HOSPITAL
2026-08-03 07:05:47,AMB0007,REQ00765,13.058172,80.215968,39.2,135.0,EN_ROUTE_TO_HOSPITAL
2026-08-03 07:05:55,AMB0007,REQ00765,13.055532,80.215336,50.1,135.0,EN_ROUTE_TO_HOSPITAL
2026-08-03 07:06:02,AMB0007,REQ00765,13.054077,80.214093,31.8,135.0,EN_ROUTE_TO_HOSPITAL
2026-08-03 07:06:08,AMB0007,REQ00765,13.052884,80.212868,21.3,135.0,EN_ROUTE_TO_HOSPITAL
2026-08-03 07:06:13,AMB0007,REQ00765,13.051194,80.211456,26.3,135.0,EN_ROUTE_TO_HOSPITAL
2026-09-04 04:06:26,AMB0130,REQ01138,12.784233,80.2237,38.2,135.0,EN_ROUTE_TO_PATIENT
2026-09-04 04:06:31,AMB0130,REQ01138,12.80412,80.219839,51.1,135.0,EN_ROUTE_TO_PATIENT
2026-09-04 04:06:37,AMB0130,REQ01138,12.824629,80.216877,33.2,135.0,EN_ROUTE_TO_PATIENT
2026-09-04 04:06:42,AMB0130,REQ01138,12.84457,80.213404,38.1,135.0,EN_ROUTE_TO_PATIENT
2026-09-04 04:06:47,AMB0130,REQ01138,12.864996,80.210553,51.7,135.0,EN_ROUTE_TO_PATIENT
2026-09-04 04:06:52,AMB0130,REQ01138,12.884837,80.206162,26.3,135.0,EN_ROUTE_TO_PATIENT
2026-09-04 04:06:56,AMB0130,REQ01138,12.905361,80.203225,54.8,135.0,EN_ROUTE_TO_PATIENT
2026-09-04 04:07:04,AMB0130,REQ01138,12.925231,80.199219,51.7,135.0,EN_ROUTE_TO_PATIENT
2026-09-04 04:07:11,AMB0130,REQ01138,12.944983,80.196415,36.0,135.0,EN_ROUTE_TO_PATIENT
2026-09-04 04:07:16,AMB0130,REQ01138,12.965502,80.192743,21.2,135.0,EN_ROUTE_TO_PATIENT
2026-09-04 04:07:22,AMB0130,REQ01138,12.985879,80.189633,54.2,135.0,EN_ROUTE_TO_PATIENT
2026-09-04 04:07:30,AMB0130,REQ01138,13.006357,80.185728,47.5,135.0,EN_ROUTE_TO_PATIENT
2026-09-04 04:07:36,AMB0130,REQ01138,13.026018,80.182707,51.8,135.0,EN_ROUTE_TO_PATIENT
2026-09-04 04:07:43,AMB0130,REQ01138,13.046103,80.179297,49.1,135.0,EN_ROUTE_TO_PATIENT
2026-09-04 04:07:47,AMB0130,REQ01138,13.066199,80.175546,42.3,135.0,EN_ROUTE_TO_PATIENT
2026-09-04 04:08:49,AMB0130,REQ01138,13.066668,80.175709,38.9,135.0,EN_ROUTE_TO_HOSPITAL
2026-09-04 04:08:53,AMB0130,REQ01138,13.068939,80.180132,45.2,135.0,EN_ROUTE_TO_HOSPITAL
2026-09-04 04:08:59,AMB0130,REQ01138,13.070747,80.184599,50.4,135.0,EN_ROUTE_TO_HOSPITAL
2026-09-04 04:09:04,AMB0130,REQ01138,13.073883,80.188974,33.6,135.0,EN_ROUTE_TO_HOSPITAL
2026-09-04 04:09:09,AMB0130,REQ01138,13.075959,80.192484,25.0,135.0,EN_ROUTE_TO_HOSPITAL
2026-09-04 04:09:13,AMB0130,REQ01138,13.078293,80.196763,23.1,135.0,EN_ROUTE_TO_HOSPITAL
2026-09-04 04:09:19,AMB0130,REQ01138,13.080254,80.201786,48.5,135.0,EN_ROUTE_TO_HOSPITAL
2026-09-04 04:09:26,AMB0130,REQ01138,13.083015,80.205692,22.5,135.0,EN_ROUTE_TO_HOSPITAL
2026-09-04 04:09:30,AMB0130,REQ01138,13.084737,80.209878,29.0,135.0,EN_ROUTE_TO_HOSPITAL
2026-08-15 14:07:48,AMB0056,REQ01969,13.057337,80.243427,34.6,135.0,EN_ROUTE_TO_PATIENT
2026-08-15 14:07:53,AMB0056,REQ01969,13.049533,80.243264,43.9,135.0,EN_ROUTE_TO_PATIENT
2026-08-15 14:07:59,AMB0056,REQ01969,13.041819,80.242837,30.1,135.0,EN_ROUTE_TO_PATIENT
2026-08-15 14:08:03,AMB0056,REQ01969,13.033879,80.242831,45.8,135.0,EN_ROUTE_TO_PATIENT
2026-08-15 14:08:08,AMB0056,REQ01969,13.027062,80.242947,35.1,135.0,EN_ROUTE_TO_PATIENT
2026-08-15 14:08:15,AMB0056,REQ01969,13.019405,80.242813,31.5,135.0,EN_ROUTE_TO_PATIENT
2026-08-15 14:08:23,AMB0056,REQ01969,13.012029,80.242736,23.5,135.0,EN_ROUTE_TO_PATIENT
2026-08-15 14:08:29,AMB0056,REQ01969,13.004258,80.242513,29.1,135.0,EN_ROUTE_TO_PATIENT
2026-08-15 14:08:33,AMB0056,REQ01969,12.996725,80.242044,49.1,135.0,EN_ROUTE_TO_PATIENT
2026-08-15 14:08:41,AMB0056,REQ01969,12.988492,80.241447,54.0,135.0,EN_ROUTE_TO_PATIENT
2026-08-15 14:10:00,AMB0056,REQ01969,12.988417,80.241262,25.5,135.0,EN_ROUTE_TO_HOSPITAL
2026-08-15 14:10:07,AMB0056,REQ01969,12.991364,80.242277,44.6,135.0,EN_ROUTE_TO_HOSPITAL
2026-08-15 14:10:12,AMB0056,REQ01969,12.994333,80.24393,42.1,135.0,EN_ROUTE_TO_HOSPITAL
2026-08-15 14:10:20,AMB0056,REQ01969,12.99694,80.244766,35.3,135.0,EN_ROUTE_TO_HOSPITAL
2026-08-15 14:10:25,AMB0056,REQ01969,13.000428,80.245593,40.2,135.0,EN_ROUTE_TO_HOSPITAL
2026-08-15 14:10:30,AMB0056,REQ01969,13.003018,80.246402,45.3,135.0,EN_ROUTE_TO_HOSPITAL
2026-08-15 14:10:36,AMB0056,REQ01969,13.005319,80.247991,46.1,135.0,EN_ROUTE_TO_HOSPITAL
2026-08-15 14:10:43,AMB0056,REQ01969,13.008113,80.248996,36.8,135.0,EN_ROUTE_TO_HOSPITAL
2026-08-15 14:10:51,AMB0056,REQ01969,13.011384,80.2498,30.5,135.0,EN_ROUTE_TO_HOSPITAL
2026-08-15 14:10:58,AMB0056,REQ01969,13.013879,80.250075,22.6,135.0,EN_ROUTE_TO_HOSPITAL
2026-08-15 14:11:05,AMB0056,REQ01969,13.0172,80.251482,26.6,135.0,EN_ROUTE_TO_HOSPITAL
2026-08-15 14:11:12,AMB0056,REQ01969,13.020056,80.251755,30.4,135.0,EN_ROUTE_TO_HOSPITAL
2026-08-15 14:11:16,AMB0056,REQ01969,13.022657,80.252777,43.1,135.0,EN_ROUTE_TO_HOSPITAL
2026-08-15 14:11:23,AMB0056,REQ01969,13.025093,80.253859,45.4,135.0,EN_ROUTE_TO_HOSPITAL
2026-08-15 14:11:30,AMB0056,REQ01969,13.028564,80.25528,35.6,135.0,EN_ROUTE_TO_HOSPITAL
2026-08-15 14:11:36,AMB0056,REQ01969,13.030427,80.256465,42.1,135.0,EN_ROUTE_TO_HOSPITAL
2026-08-15 14:11:40,AMB0056,REQ01969,13.033763,80.257621,23.5,135.0,EN_ROUTE_TO_HOSPITAL
2026-08-22 10:06:10,AMB0059,REQ01673,13.045243,80.246777,25.1,135.0,EN_ROUTE_TO_PATIENT
2026-08-22 10:06:14,AMB0059,REQ01673,13.050903,80.250531,35.9,135.0,EN_ROUTE_TO_PATIENT
2026-08-22 10:06:18,AMB0059,REQ01673,13.056269,80.253888,34.4,135.0,EN_ROUTE_TO_PATIENT
2026-08-22 10:06:25,AMB0059,REQ01673,13.061444,80.256778,35.5,135.0,EN_ROUTE_TO_PATIENT
2026-08-22 10:06:31,AMB0059,REQ01673,13.066896,80.26036,49.8,135.0,EN_ROUTE_TO_PATIENT
2026-08-22 10:06:35,AMB0059,REQ01673,13.07199,80.26362,37.9,135.0,EN_ROUTE_TO_PATIENT
2026-08-22 10:06:40,AMB0059,REQ01673,13.078446,80.267769,20.4,135.0,EN_ROUTE_TO_PATIENT
2026-08-22 10:06:44,AMB0059,REQ01673,13.083424,80.270519,34.0,135.0,EN_ROUTE_TO_PATIENT
2026-08-22 10:06:51,AMB0059,REQ01673,13.088774,80.274111,37.6,135.0,EN_ROUTE_TO_PATIENT
2026-08-22 10:06:57,AMB0059,REQ01673,13.093829,80.277179,24.4,135.0,EN_ROUTE_TO_PATIENT
2026-08-22 10:07:04,AMB0059,REQ01673,13.099894,80.281065,50.8,135.0,EN_ROUTE_TO_PATIENT
2026-08-22 10:07:09,AMB0059,REQ01673,13.104745,80.284428,52.5,135.0,EN_ROUTE_TO_PATIENT
2026-08-22 10:07:16,AMB0059,REQ01673,13.110508,80.288173,22.9,135.0,EN_ROUTE_TO_PATIENT
2026-08-22 10:08:00,AMB0059,REQ01673,13.111128,80.28872,54.1,135.0,EN_ROUTE_TO_HOSPITAL
2026-08-22 10:08:06,AMB0059,REQ01673,13.107703,80.282693,31.9,135.0,EN_ROUTE_TO_HOSPITAL
2026-08-22 10:08:14,AMB0059,REQ01673,13.105173,80.276882,51.3,135.0,EN_ROUTE_TO_HOSPITAL
2026-08-22 10:08:21,AMB0059,REQ01673,13.102086,80.27033,32.7,135.0,EN_ROUTE_TO_HOSPITAL
2026-08-22 10:08:26,AMB0059,REQ01673,13.098573,80.265295,36.3,135.0,EN_ROUTE_TO_HOSPITAL
2026-08-22 10:08:34,AMB0059,REQ01673,13.096431,80.258763,37.2,135.0,EN_ROUTE_TO_HOSPITAL
2026-08-22 10:08:42,AMB0059,REQ01673,13.09332,80.253008,23.9,135.0,EN_ROUTE_TO_HOSPITAL
2026-08-22 10:08:50,AMB0059,REQ01673,13.090524,80.247615,47.6,135.0,EN_ROUTE_TO_HOSPITAL
2026-08-22 10:08:56,AMB0059,REQ01673,13.087986,80.240922,43.6,135.0,EN_ROUTE_TO_HOSPITAL
2026-08-22 10:09:02,AMB0059,REQ01673,13.084603,80.235127,49.9,135.0,EN_ROUTE_TO_HOSPITAL
2026-08-22 10:09:09,AMB0059,REQ01673,13.082009,80.229924,26.5,135.0,EN_ROUTE_TO_HOSPITAL
2026-08-22 10:09:14,AMB0059,REQ01673,13.078703,80.224444,37.8,135.0,EN_ROUTE_TO_HOSPITAL
2026-09-03 16:59:09,AMB0082,REQ02290,13.050638,80.091227,39.1,135.0,EN_ROUTE_TO_PATIENT
2026-09-03 16:59:17,AMB0082,REQ02290,13.033563,80.099205,53.4,135.0,EN_ROUTE_TO_PATIENT
2026-09-03 16:59:23,AMB0082,REQ02290,13.016375,80.108852,48.7,135.0,EN_ROUTE_TO_PATIENT
2026-09-03 16:59:29,AMB0082,REQ02290,12.998617,80.117845,51.1,135.0,EN_ROUTE_TO_PATIENT
2026-09-03 16:59:33,AMB0082,REQ02290,12.982217,80.126203,39.3,135.0,EN_ROUTE_TO_PATIENT
2026-09-03 16:59:38,AMB0082,REQ02290,12.964431,80.1351,27.4,135.0,EN_ROUTE_TO_PATIENT
2026-09-03 16:59:45,AMB0082,REQ02290,12.94696,80.144007,46.7,135.0,EN_ROUTE_TO_PATIENT
2026-09-03 16:59:49,AMB0082,REQ02290,12.929898,80.153308,51.7,135.0,EN_ROUTE_TO_PATIENT
2026-09-03 16:59:55,AMB0082,REQ02290,12.911856,80.162236,35.0,135.0,EN_ROUTE_TO_PATIENT
2026-09-03 17:00:02,AMB0082,REQ02290,12.89549,80.170963,52.1,135.0,EN_ROUTE_TO_PATIENT
2026-09-03 17:00:08,AMB0082,REQ02290,12.877288,80.179538,22.7,135.0,EN_ROUTE_TO_PATIENT
2026-09-03 17:00:16,AMB0082,REQ02290,12.860318,80.189358,43.7,135.0,EN_ROUTE_TO_PATIENT
2026-09-03 17:00:24,AMB0082,REQ02290,12.843138,80.197924,39.5,135.0,EN_ROUTE_TO_PATIENT
2026-09-03 17:00:29,AMB0082,REQ02290,12.825713,80.206724,50.7,135.0,EN_ROUTE_TO_PATIENT
2026-09-03 17:00:33,AMB0082,REQ02290,12.808582,80.216026,28.4,135.0,EN_ROUTE_TO_PATIENT
2026-09-03 17:00:38,AMB0082,REQ02290,12.790543,80.2243,30.4,135.0,EN_ROUTE_TO_PATIENT
2026-09-03 17:01:55,AMB0082,REQ02290,12.791185,80.223994,22.3,135.0,EN_ROUTE_TO_HOSPITAL
2026-09-03 17:02:02,AMB0082,REQ02290,12.817097,80.223177,21.4,135.0,EN_ROUTE_TO_HOSPITAL
2026-09-03 17:02:07,AMB0082,REQ02290,12.842844,80.222106,35.7,135.0,EN_ROUTE_TO_HOSPITAL
2026-09-03 17:02:13,AMB0082,REQ02290,12.869188,80.220459,32.9,135.0,EN_ROUTE_TO_HOSPITAL
2026-09-03 17:02:20,AMB0082,REQ02290,12.894894,80.219043,35.3,135.0,EN_ROUTE_TO_HOSPITAL
2026-09-03 17:02:25,AMB0082,REQ02290,12.921196,80.218152,39.9,135.0,EN_ROUTE_TO_HOSPITAL
2026-09-03 17:02:31,AMB0082,REQ02290,12.948264,80.217008,20.6,135.0,EN_ROUTE_TO_HOSPITAL
2026-09-03 17:02:35,AMB0082,REQ02290,12.973497,80.215212,40.0,135.0,EN_ROUTE_TO_HOSPITAL
2026-09-03 17:02:40,AMB0082,REQ02290,13.000203,80.213316,37.4,135.0,EN_ROUTE_TO_HOSPITAL
2026-09-03 17:02:48,AMB0082,REQ02290,13.025831,80.212901,47.5,135.0,EN_ROUTE_TO_HOSPITAL
2026-09-03 17:02:54,AMB0082,REQ02290,13.051703,80.210678,44.8,135.0,EN_ROUTE_TO_HOSPITAL
2026-08-29 23:20:07,AMB0034,REQ01839,13.077228,80.240458,53.8,135.0,EN_ROUTE_TO_PATIENT
2026-08-29 23:20:15,AMB0034,REQ01839,13.076117,80.229763,54.7,135.0,EN_ROUTE_TO_PATIENT
2026-08-29 23:20:20,AMB0034,REQ01839,13.074477,80.21854,32.9,135.0,EN_ROUTE_TO_PATIENT
2026-08-29 23:20:28,AMB0034,REQ01839,13.072855,80.20699,45.6,135.0,EN_ROUTE_TO_PATIENT
2026-08-29 23:20:36,AMB0034,REQ01839,13.071288,80.196053,33.3,135.0,EN_ROUTE_TO_PATIENT
2026-08-29 23:20:43,AMB0034,REQ01839,13.069251,80.185372,54.0,135.0,EN_ROUTE_TO_PATIENT
2026-08-29 23:20:49,AMB0034,REQ01839,13.067538,80.174342,20.3,135.0,EN_ROUTE_TO_PATIENT
2026-08-29 23:20:56,AMB0034,REQ01839,13.065879,80.163165,20.9,135.0,EN_ROUTE_TO_PATIENT
2026-08-29 23:21:00,AMB0034,REQ01839,13.063771,80.151794,34.1,135.0,EN_ROUTE_TO_PATIENT
2026-08-29 23:21:06,AMB0034,REQ01839,13.062927,80.141421,38.4,135.0,EN_ROUTE_TO_PATIENT
2026-08-29 23:21:13,AMB0034,REQ01839,13.06087,80.129922,32.4,135.0,EN_ROUTE_TO_PATIENT
2026-08-29 23:21:17,AMB0034,REQ01839,13.059526,80.11852,32.1,135.0,EN_ROUTE_TO_PATIENT
2026-08-29 23:21:21,AMB0034,REQ01839,13.057485,80.108519,28.3,135.0,EN_ROUTE_TO_PATIENT
2026-08-29 23:21:27,AMB0034,REQ01839,13.055658,80.096436,32.9,135.0,EN_ROUTE_TO_PATIENT
2026-08-29 23:21:31,AMB0034,REQ01839,13.054462,80.085448,48.1,135.0,EN_ROUTE_TO_PATIENT
2026-08-29 23:21:39,AMB0034,REQ01839,13.05189,80.075224,43.7,135.0,EN_ROUTE_TO_PATIENT
2026-08-29 23:22:39,AMB0034,REQ01839,13.052306,80.074521,34.0,135.0,EN_ROUTE_TO_HOSPITAL
2026-08-29 23:22:43,AMB0034,REQ01839,13.045845,80.08586,32.4,135.0,EN_ROUTE_TO_HOSPITAL
2026-08-29 23:22:50,AMB0034,REQ01839,13.040629,80.097606,36.8,135.0,EN_ROUTE_TO_HOSPITAL
2026-08-29 23:22:55,AMB0034,REQ01839,13.034346,80.108904,42.4,135.0,EN_ROUTE_TO_HOSPITAL
2026-08-29 23:23:00,AMB0034,REQ01839,13.028066,80.120776,53.7,135.0,EN_ROUTE_TO_HOSPITAL
2026-08-29 23:23:04,AMB0034,REQ01839,13.021231,80.131753,21.4,135.0,EN_ROUTE_TO_HOSPITAL
2026-08-29 23:23:10,AMB0034,REQ01839,13.014933,80.143516,45.7,135.0,EN_ROUTE_TO_HOSPITAL
2026-08-29 23:23:15,AMB0034,REQ01839,13.009331,80.154333,38.9,135.0,EN_ROUTE_TO_HOSPITAL
2026-08-29 23:23:19,AMB0034,REQ01839,13.002701,80.166627,51.7,135.0,EN_ROUTE_TO_HOSPITAL
2026-08-29 23:23:26,AMB0034,REQ01839,12.996607,80.177248,54.2,135.0,EN_ROUTE_TO_HOSPITAL
2026-08-29 23:23:34,AMB0034,REQ01839,12.990754,80.189174,41.1,135.0,EN_ROUTE_TO_HOSPITAL
2026-08-29 23:23:39,AMB0034,REQ01839,12.984366,80.200613,37.3,135.0,EN_ROUTE_TO_HOSPITAL
2026-08-29 23:23:44,AMB0034,REQ01839,12.978472,80.211412,47.2,135.0,EN_ROUTE_TO_HOSPITAL
2026-08-29 23:23:49,AMB0034,REQ01839,12.971505,80.223007,34.8,135.0,EN_ROUTE_TO_HOSPITAL
2026-08-29 23:23:53,AMB0034,REQ01839,12.966449,80.234262,20.5,135.0,EN_ROUTE_TO_HOSPITAL
2026-08-29 23:24:01,AMB0034,REQ01839,12.960176,80.245702,45.4,135.0,EN_ROUTE_TO_HOSPITAL
2026-09-06 05:35:41,AMB0102,REQ00996,12.951485,80.209935,48.8,135.0,EN_ROUTE_TO_PATIENT
2026-09-06 05:35:48,AMB0102,REQ00996,12.958163,80.212032,53.2,135.0,EN_ROUTE_TO_PATIENT
2026-09-06 05:35:54,AMB0102,REQ00996,12.965689,80.215689,30.4,135.0,EN_ROUTE_TO_PATIENT
2026-09-06 05:35:59,AMB0102,REQ00996,12.973199,80.218769,20.4,135.0,EN_ROUTE_TO_PATIENT
2026-09-06 05:36:07,AMB0102,REQ00996,12.980579,80.221347,23.6,135.0,EN_ROUTE_TO_PATIENT
2026-09-06 05:36:11,AMB0102,REQ00996,12.98677,80.224453,49.4,135.0,EN_ROUTE_TO_PATIENT
2026-09-06 05:36:18,AMB0102,REQ00996,12.993841,80.227763,51.8,135.0,EN_ROUTE_TO_PATIENT
2026-09-06 05:36:26,AMB0102,REQ00996,13.001168,80.230137,20.5,135.0,EN_ROUTE_TO_PATIENT
2026-09-06 05:36:34,AMB0102,REQ00996,13.008488,80.233784,37.1,135.0,EN_ROUTE_TO_PATIENT
2026-09-06 05:36:41,AMB0102,REQ00996,13.015273,80.236424,36.8,135.0,EN_ROUTE_TO_PATIENT
2026-09-06 05:36:47,AMB0102,REQ00996,13.022775,80.2392,31.9,135.0,EN_ROUTE_TO_PATIENT
2026-09-06 05:36:52,AMB0102,REQ00996,13.029618,80.24272,30.2,135.0,EN_ROUTE_TO_PATIENT
2026-09-06 05:36:57,AMB0102,REQ00996,13.037745,80.244616,45.5,135.0,EN_ROUTE_TO_PATIENT
2026-09-06 05:37:03,AMB0102,REQ00996,13.044601,80.247998,43.7,135.0,EN_ROUTE_TO_PATIENT
2026-09-06 05:37:10,AMB0102,REQ00996,13.051346,80.251341,37.9,135.0,EN_ROUTE_TO_PATIENT
2026-09-06 05:37:15,AMB0102,REQ00996,13.058113,80.254584,35.9,135.0,EN_ROUTE_TO_PATIENT
2026-09-06 05:37:19,AMB0102,REQ00996,13.06614,80.257033,43.8,135.0,EN_ROUTE_TO_PATIENT
2026-09-06 05:38:45,AMB0102,REQ00996,13.065935,80.257581,53.2,135.0,EN_ROUTE_TO_HOSPITAL
2026-09-06 05:38:49,AMB0102,REQ00996,13.05645,80.248782,27.0,135.0,EN_ROUTE_TO_HOSPITAL
2026-09-06 05:38:56,AMB0102,REQ00996,13.047747,80.24102,50.4,135.0,EN_ROUTE_TO_HOSPITAL
2026-09-06 05:39:01,AMB0102,REQ00996,13.03898,80.232463,33.7,135.0,EN_ROUTE_TO_HOSPITAL
2026-09-06 05:39:08,AMB0102,REQ00996,13.030231,80.224891,44.7,135.0,EN_ROUTE_TO_HOSPITAL
2026-09-06 05:39:14,AMB0102,REQ00996,13.022002,80.216237,20.8,135.0,EN_ROUTE_TO_HOSPITAL
2026-09-06 05:39:18,AMB0102,REQ00996,13.012324,80.208626,31.0,135.0,EN_ROUTE_TO_HOSPITAL
2026-09-06 05:39:23,AMB0102,REQ00996,13.004052,80.200048,28.5,135.0,EN_ROUTE_TO_HOSPITAL
2026-09-06 05:39:29,AMB0102,REQ00996,12.995144,80.191797,23.4,135.0,EN_ROUTE_TO_HOSPITAL
2026-09-06 05:39:33,AMB0102,REQ00996,12.985719,80.183959,33.8,135.0,EN_ROUTE_TO_HOSPITAL
2026-09-06 05:39:40,AMB0102,REQ00996,12.977607,80.175666,39.5,135.0,EN_ROUTE_TO_HOSPITAL
2026-09-06 05:39:46,AMB0102,REQ00996,12.968412,80.168161,54.3,135.0,EN_ROUTE_TO_HOSPITAL
2026-09-06 05:39:52,AMB0102,REQ00996,12.959178,80.160129,43.8,135.0,EN_ROUTE_TO_HOSPITAL
2026-09-06 05:39:59,AMB0102,REQ00996,12.950338,80.151953,41.9,135.0,EN_ROUTE_TO_HOSPITAL
2026-09-06 05:40:04,AMB0102,REQ00996,12.941504,80.143267,34.4,135.0,EN_ROUTE_TO_HOSPITAL
2026-09-06 05:40:09,AMB0102,REQ00996,12.932948,80.135507,32.3,135.0,EN_ROUTE_TO_HOSPITAL
2026-09-06 05:40:14,AMB0102,REQ00996,12.924196,80.127969,20.4,135.0,EN_ROUTE_TO_HOSPITAL
2026-08-05 14:27:41,AMB0123,REQ02463,12.950018,80.145492,39.6,135.0,EN_ROUTE_TO_PATIENT
2026-08-05 14:27:47,AMB0123,REQ02463,12.961377,80.159024,26.1,135.0,EN_ROUTE_TO_PATIENT
2026-08-05 14:27:52,AMB0123,REQ02463,12.973978,80.17355,23.8,135.0,EN_ROUTE_TO_PATIENT
2026-08-05 14:28:00,AMB0123,REQ02463,12.986499,80.187126,30.2,135.0,EN_ROUTE_TO_PATIENT
2026-08-05 14:28:05,AMB0123,REQ02463,12.998496,80.201381,27.6,135.0,EN_ROUTE_TO_PATIENT
2026-08-05 14:28:09,AMB0123,REQ02463,13.010824,80.214896,47.0,135.0,EN_ROUTE_TO_PATIENT
2026-08-05 14:28:14,AMB0123,REQ02463,13.023016,80.228441,46.8,135.0,EN_ROUTE_TO_PATIENT
2026-08-05 14:28:18,AMB0123,REQ02463,13.03567,80.242182,42.6,135.0,EN_ROUTE_TO_PATIENT
2026-08-05 14:28:24,AMB0123,REQ02463,13.048334,80.256696,45.6,135.0,EN_ROUTE_TO_PATIENT
2026-08-05 14:28:29,AMB0123,REQ02463,13.060049,80.271129,41.7,135.0,EN_ROUTE_TO_PATIENT
2026-08-05 14:28:36,AMB0123,REQ02463,13.072278,80.284223,20.1,135.0,EN_ROUTE_TO_PATIENT
2026-08-05 14:29:58,AMB0123,REQ02463,13.073,80.285017,24.5,135.0,EN_ROUTE_TO_HOSPITAL
2026-08-05 14:30:03,AMB0123,REQ02463,13.059066,80.269731,43.9,135.0,EN_ROUTE_TO_HOSPITAL
2026-08-05 14:30:11,AMB0123,REQ02463,13.046158,80.256126,31.8,135.0,EN_ROUTE_TO_HOSPITAL
2026-08-05 14:30:19,AMB0123,REQ02463,13.032122,80.241715,37.2,135.0,EN_ROUTE_TO_HOSPITAL
2026-08-05 14:30:24,AMB0123,REQ02463,13.019181,80.227554,20.9,135.0,EN_ROUTE_TO_HOSPITAL
2026-08-05 14:30:28,AMB0123,REQ02463,13.005079,80.213046,46.9,135.0,EN_ROUTE_TO_HOSPITAL
2026-08-05 14:30:34,AMB0123,REQ02463,12.992202,80.198735,25.4,135.0,EN_ROUTE_TO_HOSPITAL
2026-08-05 14:30:38,AMB0123,REQ02463,12.978767,80.18516,49.3,135.0,EN_ROUTE_TO_HOSPITAL
2026-08-05 14:30:43,AMB0123,REQ02463,12.964866,80.170656,31.4,135.0,EN_ROUTE_TO_HOSPITAL
2026-08-05 14:30:50,AMB0123,REQ02463,12.95108,80.155717,40.8,135.0,EN_ROUTE_TO_HOSPITAL
2026-08-05 14:30:54,AMB0123,REQ02463,12.938092,80.141448,37.9,135.0,EN_ROUTE_TO_HOSPITAL
2026-08-05 14:31:01,AMB0123,REQ02463,12.924571,80.127074,20.2,135.0,EN_ROUTE_TO_HOSPITAL
2026-08-03 00:13:40,AMB0114,REQ01964,12.920104,80.193825,32.9,135.0,EN_ROUTE_TO_PATIENT
2026-08-03 00:13:45,AMB0114,REQ01964,12.932036,80.201038,45.2,135.0,EN_ROUTE_TO_PATIENT
2026-08-03 00:13:52,AMB0114,REQ01964,12.944634,80.208337,23.6,135.0,EN_ROUTE_TO_PATIENT
2026-08-03 00:14:00,AMB0114,REQ01964,12.955799,80.216319,28.9,135.0,EN_ROUTE_TO_PATIENT
2026-08-03 00:14:05,AMB0114,REQ01964,12.967943,80.224597,38.7,135.0,EN_ROUTE_TO_PATIENT
2026-08-03 00:14:11,AMB0114,REQ01964,12.979849,80.23105,20.4,135.0,EN_ROUTE_TO_PATIENT
2026-08-03 00:14:19,AMB0114,REQ01964,12.992149,80.239786,44.4,135.0,EN_ROUTE_TO_PATIENT
2026-08-03 00:14:27,AMB0114,REQ01964,13.003768,80.247086,46.7,135.0,EN_ROUTE_TO_PATIENT
2026-08-03 00:14:35,AMB0114,REQ01964,13.01621,80.254498,32.8,135.0,EN_ROUTE_TO_PATIENT
2026-08-03 00:14:40,AMB0114,REQ01964,13.027397,80.261853,37.6,135.0,EN_ROUTE_TO_PATIENT
2026-08-03 00:15:57,AMB0114,REQ01964,13.027736,80.262389,39.1,135.0,EN_ROUTE_TO_HOSPITAL
2026-08-03 00:16:03,AMB0114,REQ01964,13.025689,80.261737,25.2,135.0,EN_ROUTE_TO_HOSPITAL
2026-08-03 00:16:08,AMB0114,REQ01964,13.023865,80.260428,46.6,135.0,EN_ROUTE_TO_HOSPITAL
2026-08-03 00:16:12,AMB0114,REQ01964,13.022443,80.259944,48.9,135.0,EN_ROUTE_TO_HOSPITAL
2026-08-03 00:16:16,AMB0114,REQ01964,13.01958,80.259348,34.1,135.0,EN_ROUTE_TO_HOSPITAL
2026-08-03 00:16:24,AMB0114,REQ01964,13.01867,80.259283,51.1,135.0,EN_ROUTE_TO_HOSPITAL
2026-08-03 00:16:30,AMB0114,REQ01964,13.016075,80.259491,44.8,135.0,EN_ROUTE_TO_HOSPITAL
2026-08-03 00:16:36,AMB0114,REQ01964,13.013778,80.258236,32.3,135.0,EN_ROUTE_TO_HOSPITAL
2026-08-03 00:16:43,AMB0114,REQ01964,13.011886,80.257731,29.2,135.0,EN_ROUTE_TO_HOSPITAL
2026-08-03 00:16:50,AMB0114,REQ01964,13.010023,80.25759,49.0,135.0,EN_ROUTE_TO_HOSPITAL
2026-08-03 00:16:55,AMB0114,REQ01964,13.008674,80.25723,50.4,135.0,EN_ROUTE_TO_HOSPITAL
2026-08-03 00:17:00,AMB0114,REQ01964,13.00647,80.257061,52.6,135.0,EN_ROUTE_TO_HOSPITAL
2026-09-04 21:36:15,AMB0078,REQ01374,13.03812,80.158323,52.5,135.0,EN_ROUTE_TO_PATIENT
2026-09-04 21:36:20,AMB0078,REQ01374,13.038611,80.170473,36.4,135.0,EN_ROUTE_TO_PATIENT
2026-09-04 21:36:26,AMB0078,REQ01374,13.040229,80.182124,40.3,135.0,EN_ROUTE_TO_PATIENT
2026-09-04 21:36:32,AMB0078,REQ01374,13.04064,80.193451,52.3,135.0,EN_ROUTE_TO_PATIENT
2026-09-04 21:36:38,AMB0078,REQ01374,13.041027,80.206067,33.2,135.0,EN_ROUTE_TO_PATIENT
2026-09-04 21:36:45,AMB0078,REQ01374,13.042219,80.216846,27.8,135.0,EN_ROUTE_TO_PATIENT
2026-09-04 21:36:50,AMB0078,REQ01374,13.043087,80.228709,34.1,135.0,EN_ROUTE_TO_PATIENT
2026-09-04 21:36:57,AMB0078,REQ01374,13.043626,80.241249,44.7,135.0,EN_ROUTE_TO_PATIENT
2026-09-04 21:37:03,AMB0078,REQ01374,13.044751,80.252869,53.0,135.0,EN_ROUTE_TO_PATIENT
2026-09-04 21:38:26,AMB0078,REQ01374,13.044076,80.252674,43.8,135.0,EN_ROUTE_TO_HOSPITAL
2026-09-04 21:38:33,AMB0078,REQ01374,13.045254,80.249699,45.3,135.0,EN_ROUTE_TO_HOSPITAL
2026-09-04 21:38:40,AMB0078,REQ01374,13.046231,80.245032,30.8,135.0,EN_ROUTE_TO_HOSPITAL
2026-09-04 21:38:48,AMB0078,REQ01374,13.046787,80.241706,45.9,135.0,EN_ROUTE_TO_HOSPITAL
2026-09-04 21:38:53,AMB0078,REQ01374,13.046953,80.238028,33.5,135.0,EN_ROUTE_TO_HOSPITAL
2026-09-04 21:38:58,AMB0078,REQ01374,13.047936,80.233986,42.3,135.0,EN_ROUTE_TO_HOSPITAL
2026-09-04 21:39:05,AMB0078,REQ01374,13.049065,80.230955,52.1,135.0,EN_ROUTE_TO_HOSPITAL
2026-09-04 21:39:09,AMB0078,REQ01374,13.049187,80.227467,20.8,135.0,EN_ROUTE_TO_HOSPITAL
2026-09-04 21:39:16,AMB0078,REQ01374,13.050074,80.223611,46.5,135.0,EN_ROUTE_TO_HOSPITAL
2026-09-04 21:39:20,AMB0078,REQ01374,13.051587,80.220318,20.9,135.0,EN_ROUTE_TO_HOSPITAL
2026-09-04 21:39:26,AMB0078,REQ01374,13.051492,80.21581,37.8,135.0,EN_ROUTE_TO_HOSPITAL
2026-09-04 21:39:31,AMB0078,REQ01374,13.052926,80.212156,47.2,135.0,EN_ROUTE_TO_HOSPITAL
2026-08-07 15:41:20,AMB0091,REQ01461,13.005815,80.257586,52.5,135.0,EN_ROUTE_TO_PATIENT
2026-08-07 15:41:25,AMB0091,REQ01461,13.001152,80.247453,27.6,135.0,EN_ROUTE_TO_PATIENT
2026-08-07 15:41:33,AMB0091,REQ01461,12.99548,80.237769,49.3,135.0,EN_ROUTE_TO_PATIENT
2026-08-07 15:41:39,AMB0091,REQ01461,12.991164,80.227854,53.3,135.0,EN_ROUTE_TO_PATIENT
2026-08-07 15:41:44,AMB0091,REQ01461,12.985701,80.217473,44.8,135.0,EN_ROUTE_TO_PATIENT
2026-08-07 15:41:51,AMB0091,REQ01461,12.981292,80.207568,45.2,135.0,EN_ROUTE_TO_PATIENT
2026-08-07 15:41:56,AMB0091,REQ01461,12.976169,80.19797,49.2,135.0,EN_ROUTE_TO_PATIENT
2026-08-07 15:42:04,AMB0091,REQ01461,12.971159,80.186933,23.8,135.0,EN_ROUTE_TO_PATIENT
2026-08-07 15:42:11,AMB0091,REQ01461,12.965907,80.177178,22.3,135.0,EN_ROUTE_TO_PATIENT
2026-08-07 15:42:19,AMB0091,REQ01461,12.961746,80.168002,27.8,135.0,EN_ROUTE_TO_PATIENT
2026-08-07 15:42:25,AMB0091,REQ01461,12.956665,80.158036,21.7,135.0,EN_ROUTE_TO_PATIENT
2026-08-07 15:42:32,AMB0091,REQ01461,12.951079,80.147766,24.7,135.0,EN_ROUTE_TO_PATIENT
2026-08-07 15:42:37,AMB0091,REQ01461,12.946168,80.137791,53.2,135.0,EN_ROUTE_TO_PATIENT
2026-08-07 15:42:45,AMB0091,REQ01461,12.941347,80.127725,25.4,135.0,EN_ROUTE_TO_PATIENT
2026-08-07 15:42:49,AMB0091,REQ01461,12.936759,80.117039,36.9,135.0,EN_ROUTE_TO_PATIENT
2026-08-07 15:42:57,AMB0091,REQ01461,12.932179,80.107225,54.6,135.0,EN_ROUTE_TO_PATIENT
2026-08-07 15:43:03,AMB0091,REQ01461,12.926485,80.096943,44.8,135.0,EN_ROUTE_TO_PATIENT
2026-08-07 15:43:51,AMB0091,REQ01461,12.926829,80.097471,45.9,135.0,EN_ROUTE_TO_HOSPITAL
2026-08-07 15:43:57,AMB0091,REQ01461,12.937776,80.105855,23.1,135.0,EN_ROUTE_TO_HOSPITAL
2026-08-07 15:44:02,AMB0091,REQ01461,12.949688,80.113431,52.3,135.0,EN_ROUTE_TO_HOSPITAL
2026-08-07 15:44:07,AMB0091,REQ01461,12.960576,80.121853,29.8,135.0,EN_ROUTE_TO_HOSPITAL
2026-08-07 15:44:15,AMB0091,REQ01461,12.971974,80.129481,52.2,135.0,EN_ROUTE_TO_HOSPITAL
2026-08-07 15:44:19,AMB0091,REQ01461,12.983121,80.138149,45.4,135.0,EN_ROUTE_TO_HOSPITAL
2026-08-07 15:44:24,AMB0091,REQ01461,12.994541,80.145668,43.7,135.0,EN_ROUTE_TO_HOSPITAL
2026-08-07 15:44:28,AMB0091,REQ01461,13.005923,80.153945,30.0,135.0,EN_ROUTE_TO_HOSPITAL
2026-08-07 15:44:32,AMB0091,REQ01461,13.017283,80.161622,29.4,135.0,EN_ROUTE_TO_HOSPITAL
2026-08-07 15:44:36,AMB0091,REQ01461,13.028809,80.170379,48.4,135.0,EN_ROUTE_TO_HOSPITAL
2026-08-07 15:44:44,AMB0091,REQ01461,13.040303,80.178404,25.2,135.0,EN_ROUTE_TO_HOSPITAL
2026-08-07 15:44:50,AMB0091,REQ01461,13.051448,80.186105,53.5,135.0,EN_ROUTE_TO_HOSPITAL
2026-08-07 15:44:56,AMB0091,REQ01461,13.062394,80.193564,45.8,135.0,EN_ROUTE_TO_HOSPITAL
2026-08-07 15:45:00,AMB0091,REQ01461,13.073967,80.202531,28.8,135.0,EN_ROUTE_TO_HOSPITAL
2026-08-07 15:45:06,AMB0091,REQ01461,13.085036,80.210032,27.6,135.0,EN_ROUTE_TO_HOSPITAL
2026-08-04 00:25:49,AMB0062,REQ01681,13.043938,80.252639,29.9,135.0,EN_ROUTE_TO_PATIENT
2026-08-04 00:25:56,AMB0062,REQ01681,13.03249,80.238528,53.3,135.0,EN_ROUTE_TO_PATIENT
2026-08-04 00:26:03,AMB0062,REQ01681,13.021272,80.224619,40.6,135.0,EN_ROUTE_TO_PATIENT
2026-08-04 00:26:08,AMB0062,REQ01681,13.009526,80.210524,46.7,135.0,EN_ROUTE_TO_PATIENT
2026-08-04 00:26:12,AMB0062,REQ01681,12.996585,80.1966,53.5,135.0,EN_ROUTE_TO_PATIENT
2026-08-04 00:26:16,AMB0062,REQ01681,12.985605,80.182923,36.0,135.0,EN_ROUTE_TO_PATIENT
2026-08-04 00:26:20,AMB0062,REQ01681,12.973199,80.169883,32.8,135.0,EN_ROUTE_TO_PATIENT
2026-08-04 00:26:26,AMB0062,REQ01681,12.961933,80.155665,31.0,135.0,EN_ROUTE_TO_PATIENT
2026-08-04 00:26:34,AMB0062,REQ01681,12.949321,80.142257,33.8,135.0,EN_ROUTE_TO_PATIENT
2026-08-04 00:27:13,AMB0062,REQ01681,12.949496,80.141409,23.3,135.0,EN_ROUTE_TO_HOSPITAL
2026-08-04 00:27:20,AMB0062,REQ01681,12.962072,80.147713,49.8,135.0,EN_ROUTE_TO_HOSPITAL
2026-08-04 00:27:27,AMB0062,REQ01681,12.974781,80.154572,26.0,135.0,EN_ROUTE_TO_HOSPITAL
2026-08-04 00:27:31,AMB0062,REQ01681,12.986204,80.159805,39.7,135.0,EN_ROUTE_TO_HOSPITAL
2026-08-04 00:27:39,AMB0062,REQ01681,12.998349,80.166532,30.1,135.0,EN_ROUTE_TO_HOSPITAL
2026-08-04 00:27:43,AMB0062,REQ01681,13.011504,80.172263,25.5,135.0,EN_ROUTE_TO_HOSPITAL
2026-08-04 00:27:47,AMB0062,REQ01681,13.023646,80.178969,42.5,135.0,EN_ROUTE_TO_HOSPITAL
2026-08-04 00:27:55,AMB0062,REQ01681,13.03557,80.184894,29.5,135.0,EN_ROUTE_TO_HOSPITAL
2026-08-04 00:27:59,AMB0062,REQ01681,13.048713,80.190965,32.3,135.0,EN_ROUTE_TO_HOSPITAL
2026-08-04 00:28:03,AMB0062,REQ01681,13.060871,80.19783,23.2,135.0,EN_ROUTE_TO_HOSPITAL
2026-08-04 00:28:11,AMB0062,REQ01681,13.072387,80.204324,48.5,135.0,EN_ROUTE_TO_HOSPITAL
2026-08-04 00:28:19,AMB0062,REQ01681,13.084775,80.209719,49.0,135.0,EN_ROUTE_TO_HOSPITAL
2026-08-09 13:54:51,AMB0113,REQ00574,12.916561,80.19215,40.0,135.0,EN_ROUTE_TO_PATIENT
2026-08-09 13:54:59,AMB0113,REQ00574,12.93058,80.192779,49.3,135.0,EN_ROUTE_TO_PATIENT
2026-08-09 13:55:05,AMB0113,REQ00574,12.945232,80.193722,49.7,135.0,EN_ROUTE_TO_PATIENT
2026-08-09 13:55:12,AMB0113,REQ00574,12.959775,80.193708,41.2,135.0,EN_ROUTE_TO_PATIENT
2026-08-09 13:55:16,AMB0113,REQ00574,12.974583,80.195274,20.6,135.0,EN_ROUTE_TO_PATIENT
2026-08-09 13:55:20,AMB0113,REQ00574,12.988827,80.195645,45.6,135.0,EN_ROUTE_TO_PATIENT
2026-08-09 13:55:25,AMB0113,REQ00574,13.003846,80.195959,49.0,135.0,EN_ROUTE_TO_PATIENT
2026-08-09 13:55:33,AMB0113,REQ00574,13.017688,80.197176,41.3,135.0,EN_ROUTE_TO_PATIENT
2026-08-09 13:55:40,AMB0113,REQ00574,13.032701,80.197441,22.5,135.0,EN_ROUTE_TO_PATIENT
2026-08-09 13:55:48,AMB0113,REQ00574,13.047753,80.198185,31.7,135.0,EN_ROUTE_TO_PATIENT
2026-08-09 13:55:52,AMB0113,REQ00574,13.062559,80.19902,25.6,135.0,EN_ROUTE_TO_PATIENT
2026-08-09 13:55:59,AMB0113,REQ00574,13.076274,80.200303,34.0,135.0,EN_ROUTE_TO_PATIENT
2026-08-09 13:56:03,AMB0113,REQ00574,13.091492,80.200613,47.3,135.0,EN_ROUTE_TO_PATIENT
2026-08-09 13:56:09,AMB0113,REQ00574,13.105753,80.200904,29.9,135.0,EN_ROUTE_TO_PATIENT
2026-08-09 13:56:13,AMB0113,REQ00574,13.119955,80.201999,40.9,135.0,EN_ROUTE_TO_PATIENT
2026-08-09 13:56:17,AMB0113,REQ00574,13.134415,80.203153,44.6,135.0,EN_ROUTE_TO_PATIENT
2026-08-09 13:56:23,AMB0113,REQ00574,13.150074,80.203824,36.8,135.0,EN_ROUTE_TO_PATIENT
2026-08-09 13:57:53,AMB0113,REQ00574,13.149896,80.202909,45.0,135.0,EN_ROUTE_TO_HOSPITAL
2026-08-09 13:57:57,AMB0113,REQ00574,13.128676,80.207706,30.2,135.0,EN_ROUTE_TO_HOSPITAL
2026-08-09 13:58:01,AMB0113,REQ00574,13.107661,80.212415,33.4,135.0,EN_ROUTE_TO_HOSPITAL
2026-08-09 13:58:06,AMB0113,REQ00574,13.085786,80.217237,33.7,135.0,EN_ROUTE_TO_HOSPITAL
2026-08-09 13:58:10,AMB0113,REQ00574,13.064696,80.222538,32.0,135.0,EN_ROUTE_TO_HOSPITAL
2026-08-09 13:58:15,AMB0113,REQ00574,13.044288,80.22705,39.5,135.0,EN_ROUTE_TO_HOSPITAL
2026-08-09 13:58:20,AMB0113,REQ00574,13.022435,80.232087,32.2,135.0,EN_ROUTE_TO_HOSPITAL
2026-08-09 13:58:27,AMB0113,REQ00574,13.001625,80.236353,29.8,135.0,EN_ROUTE_TO_HOSPITAL
2026-08-09 13:58:35,AMB0113,REQ00574,12.981251,80.241375,37.6,135.0,EN_ROUTE_TO_HOSPITAL
2026-08-09 13:58:41,AMB0113,REQ00574,12.960213,80.246576,23.7,135.0,EN_ROUTE_TO_HOSPITAL
2026-09-05 08:47:21,AMB0081,REQ00806,13.043269,80.097006,50.8,135.0,EN_ROUTE_TO_PATIENT
2026-09-05 08:47:29,AMB0081,REQ00806,13.044258,80.108577,53.9,135.0,EN_ROUTE_TO_PATIENT
2026-09-05 08:47:37,AMB0081,REQ00806,13.043886,80.119129,49.4,135.0,EN_ROUTE_TO_PATIENT
2026-09-05 08:47:43,AMB0081,REQ00806,13.044035,80.130218,36.2,135.0,EN_ROUTE_TO_PATIENT
2026-09-05 08:47:48,AMB0081,REQ00806,13.043836,80.141823,41.5,135.0,EN_ROUTE_TO_PATIENT
2026-09-05 08:47:53,AMB0081,REQ00806,13.044108,80.152529,43.5,135.0,EN_ROUTE_TO_PATIENT
2026-09-05 08:47:59,AMB0081,REQ00806,13.044403,80.163381,51.6,135.0,EN_ROUTE_TO_PATIENT
2026-09-05 08:48:07,AMB0081,REQ00806,13.044926,80.175303,20.4,135.0,EN_ROUTE_TO_PATIENT
2026-09-05 08:48:14,AMB0081,REQ00806,13.044622,80.185263,42.2,135.0,EN_ROUTE_TO_PATIENT
2026-09-05 08:48:18,AMB0081,REQ00806,13.044891,80.196893,41.5,135.0,EN_ROUTE_TO_PATIENT
2026-09-05 08:48:22,AMB0081,REQ00806,13.045148,80.207539,27.7,135.0,EN_ROUTE_TO_PATIENT
2026-09-05 08:48:27,AMB0081,REQ00806,13.045539,80.21887,38.2,135.0,EN_ROUTE_TO_PATIENT
2026-09-05 08:48:32,AMB0081,REQ00806,13.044886,80.229321,52.2,135.0,EN_ROUTE_TO_PATIENT
2026-09-05 08:49:50,AMB0081,REQ00806,13.045041,80.22926,49.7,135.0,EN_ROUTE_TO_HOSPITAL
2026-09-05 08:49:58,AMB0081,REQ00806,13.044208,80.226376,42.1,135.0,EN_ROUTE_TO_HOSPITAL
2026-09-05 08:50:03,AMB0081,REQ00806,13.042348,80.2224,26.4,135.0,EN_ROUTE_TO_HOSPITAL
2026-09-05 08:50:09,AMB0081,REQ00806,13.040218,80.218821,27.4,135.0,EN_ROUTE_TO_HOSPITAL
2026-09-05 08:50:15,AMB0081,REQ00806,13.038265,80.215503,31.4,135.0,EN_ROUTE_TO_HOSPITAL
2026-09-05 08:50:22,AMB0081,REQ00806,13.03687,80.211665,54.4,135.0,EN_ROUTE_TO_HOSPITAL
2026-09-05 08:50:29,AMB0081,REQ00806,13.034682,80.20821,44.2,135.0,EN_ROUTE_TO_HOSPITAL
2026-09-05 08:50:35,AMB0081,REQ00806,13.033556,80.204356,41.4,135.0,EN_ROUTE_TO_HOSPITAL
2026-09-05 08:50:41,AMB0081,REQ00806,13.032077,80.201332,21.0,135.0,EN_ROUTE_TO_HOSPITAL
2026-09-05 08:50:45,AMB0081,REQ00806,13.0297,80.196674,53.2,135.0,EN_ROUTE_TO_HOSPITAL
2026-09-05 08:50:53,AMB0081,REQ00806,13.027852,80.193579,35.5,135.0,EN_ROUTE_TO_HOSPITAL
2026-09-05 08:50:57,AMB0081,REQ00806,13.026082,80.189965,34.3,135.0,EN_ROUTE_TO_HOSPITAL
2026-09-05 08:51:04,AMB0081,REQ00806,13.024452,80.186303,32.6,135.0,EN_ROUTE_TO_HOSPITAL
2026-09-05 08:51:11,AMB0081,REQ00806,13.023237,80.182105,37.4,135.0,EN_ROUTE_TO_HOSPITAL
2026-09-05 08:51:18,AMB0081,REQ00806,13.021724,80.178966,53.0,135.0,EN_ROUTE_TO_HOSPITAL
2026-08-04 02:08:04,AMB0129,REQ01661,12.783518,80.220808,33.9,135.0,EN_ROUTE_TO_PATIENT
2026-08-04 02:08:10,AMB0129,REQ01661,12.804743,80.217537,52.0,135.0,EN_ROUTE_TO_PATIENT
2026-08-04 02:08:14,AMB0129,REQ01661,12.827491,80.213593,54.9,135.0,EN_ROUTE_TO_PATIENT
2026-08-04 02:08:21,AMB0129,REQ01661,12.849013,80.209352,53.1,135.0,EN_ROUTE_TO_PATIENT
2026-08-04 02:08:27,AMB0129,REQ01661,12.871168,80.20587,27.6,135.0,EN_ROUTE_TO_PATIENT
2026-08-04 02:08:34,AMB0129,REQ01661,12.892358,80.201761,33.6,135.0,EN_ROUTE_TO_PATIENT
2026-08-04 02:08:38,AMB0129,REQ01661,12.914029,80.198419,47.1,135.0,EN_ROUTE_TO_PATIENT
2026-08-04 02:08:43,AMB0129,REQ01661,12.936055,80.194466,26.5,135.0,EN_ROUTE_TO_PATIENT
2026-08-04 02:08:49,AMB0129,REQ01661,12.957713,80.190821,36.7,135.0,EN_ROUTE_TO_PATIENT
2026-08-04 02:08:57,AMB0129,REQ01661,12.979892,80.187338,37.9,135.0,EN_ROUTE_TO_PATIENT
2026-08-04 02:09:01,AMB0129,REQ01661,13.001913,80.18311,53.8,135.0,EN_ROUTE_TO_PATIENT
2026-08-04 02:09:08,AMB0129,REQ01661,13.023549,80.179601,40.9,135.0,EN_ROUTE_TO_PATIENT
2026-08-04 02:09:13,AMB0129,REQ01661,13.04482,80.175118,42.6,135.0,EN_ROUTE_TO_PATIENT
2026-08-04 02:09:19,AMB0129,REQ01661,13.066923,80.172141,25.2,135.0,EN_ROUTE_TO_PATIENT
2026-08-04 02:09:26,AMB0129,REQ01661,13.088962,80.167459,46.6,135.0,EN_ROUTE_TO_PATIENT
2026-08-04 02:09:34,AMB0129,REQ01661,13.109901,80.163746,26.7,135.0,EN_ROUTE_TO_PATIENT
2026-08-04 02:09:41,AMB0129,REQ01661,13.132283,80.160218,21.8,135.0,EN_ROUTE_TO_PATIENT
2026-08-04 02:10:36,AMB0129,REQ01661,13.131728,80.160909,40.0,135.0,EN_ROUTE_TO_HOSPITAL
2026-08-04 02:10:44,AMB0129,REQ01661,13.090191,80.16747,20.7,135.0,EN_ROUTE_TO_HOSPITAL
2026-08-04 02:10:48,AMB0129,REQ01661,13.048685,80.174953,22.4,135.0,EN_ROUTE_TO_HOSPITAL
2026-08-04 02:10:53,AMB0129,REQ01661,13.006944,80.182382,52.2,135.0,EN_ROUTE_TO_HOSPITAL
2026-08-04 02:10:59,AMB0129,REQ01661,12.964812,80.190712,45.4,135.0,EN_ROUTE_TO_HOSPITAL
2026-08-04 02:11:07,AMB0129,REQ01661,12.922284,80.198189,40.1,135.0,EN_ROUTE_TO_HOSPITAL
2026-08-04 02:11:11,AMB0129,REQ01661,12.880518,80.20554,44.7,135.0,EN_ROUTE_TO_HOSPITAL
2026-08-04 02:11:19,AMB0129,REQ01661,12.839061,80.213061,45.5,135.0,EN_ROUTE_TO_HOSPITAL
2026-08-04 02:11:24,AMB0129,REQ01661,12.797343,80.220297,45.0,135.0,EN_ROUTE_TO_HOSPITAL
2026-08-20 17:53:14,AMB0124,REQ01934,12.953815,80.148256,24.7,135.0,EN_ROUTE_TO_PATIENT
2026-08-20 17:53:21,AMB0124,REQ01934,12.966528,80.161097,25.5,135.0,EN_ROUTE_TO_PATIENT
2026-08-20 17:53:27,AMB0124,REQ01934,12.978975,80.172608,47.7,135.0,EN_ROUTE_TO_PATIENT
2026-08-20 17:53:35,AMB0124,REQ01934,12.992237,80.185428,41.4,135.0,EN_ROUTE_TO_PATIENT
2026-08-20 17:53:41,AMB0124,REQ01934,13.004644,80.197143,46.6,135.0,EN_ROUTE_TO_PATIENT
2026-08-20 17:53:46,AMB0124,REQ01934,13.017866,80.209938,49.5,135.0,EN_ROUTE_TO_PATIENT
2026-08-20 17:53:52,AMB0124,REQ01934,13.03048,80.222439,27.6,135.0,EN_ROUTE_TO_PATIENT
2026-08-20 17:54:00,AMB0124,REQ01934,13.043503,80.234691,48.6,135.0,EN_ROUTE_TO_PATIENT
2026-08-20 17:54:08,AMB0124,REQ01934,13.057239,80.246845,48.1,135.0,EN_ROUTE_TO_PATIENT
2026-08-20 17:54:15,AMB0124,REQ01934,13.069283,80.259541,41.1,135.0,EN_ROUTE_TO_PATIENT
2026-08-20 17:54:19,AMB0124,REQ01934,13.082539,80.271302,36.3,135.0,EN_ROUTE_TO_PATIENT
2026-08-20 17:54:24,AMB0124,REQ01934,13.095607,80.283354,53.2,135.0,EN_ROUTE_TO_PATIENT
2026-08-20 17:54:31,AMB0124,REQ01934,13.107989,80.295274,22.2,135.0,EN_ROUTE_TO_PATIENT
2026-08-20 17:55:52,AMB0124,REQ01934,13.10814,80.295938,37.0,135.0,EN_ROUTE_TO_HOSPITAL
2026-08-20 17:56:00,AMB0124,REQ01934,13.105518,80.290507,48.8,135.0,EN_ROUTE_TO_HOSPITAL
2026-08-20 17:56:08,AMB0124,REQ01934,13.103963,80.285775,41.0,135.0,EN_ROUTE_TO_HOSPITAL
2026-08-20 17:56:13,AMB0124,REQ01934,13.101613,80.280445,36.6,135.0,EN_ROUTE_TO_HOSPITAL
2026-08-20 17:56:20,AMB0124,REQ01934,13.099009,80.275827,27.7,135.0,EN_ROUTE_TO_HOSPITAL
2026-08-20 17:56:24,AMB0124,REQ01934,13.096674,80.271502,23.4,135.0,EN_ROUTE_TO_HOSPITAL
2026-08-20 17:56:29,AMB0124,REQ01934,13.093814,80.265791,36.5,135.0,EN_ROUTE_TO_HOSPITAL
2026-08-20 17:56:36,AMB0124,REQ01934,13.091665,80.261633,54.2,135.0,EN_ROUTE_TO_HOSPITAL
2026-08-20 17:56:43,AMB0124,REQ01934,13.088335,80.2568,29.9,135.0,EN_ROUTE_TO_HOSPITAL
2026-08-20 17:56:51,AMB0124,REQ01934,13.086606,80.251414,47.7,135.0,EN_ROUTE_TO_HOSPITAL
2026-08-20 17:56:55,AMB0124,REQ01934,13.084093,80.24693,24.3,135.0,EN_ROUTE_TO_HOSPITAL
2026-08-20 17:57:01,AMB0124,REQ01934,13.081971,80.24202,29.6,135.0,EN_ROUTE_TO_HOSPITAL
2026-08-20 17:57:08,AMB0124,REQ01934,13.078785,80.23702,38.7,135.0,EN_ROUTE_TO_HOSPITAL
2026-08-20 17:57:12,AMB0124,REQ01934,13.076816,80.231391,32.5,135.0,EN_ROUTE_TO_HOSPITAL
2026-08-20 17:57:20,AMB0124,REQ01934,13.074412,80.226613,23.5,135.0,EN_ROUTE_TO_HOSPITAL
2026-08-20 17:57:26,AMB0124,REQ01934,13.071852,80.221626,30.1,135.0,EN_ROUTE_TO_HOSPITAL
2026-08-25 04:07:38,AMB0044,REQ00788,13.11501,80.151523,30.1,135.0,EN_ROUTE_TO_PATIENT
2026-08-25 04:07:44,AMB0044,REQ00788,13.104879,80.169276,29.1,135.0,EN_ROUTE_TO_PATIENT
2026-08-25 04:07:48,AMB0044,REQ00788,13.094384,80.185184,39.7,135.0,EN_ROUTE_TO_PATIENT
2026-08-25 04:07:53,AMB0044,REQ00788,13.084799,80.20208,26.1,135.0,EN_ROUTE_TO_PATIENT
2026-08-25 04:07:58,AMB0044,REQ00788,13.073813,80.218936,50.6,135.0,EN_ROUTE_TO_PATIENT
2026-08-25 04:08:02,AMB0044,REQ00788,13.06382,80.23656,47.7,135.0,EN_ROUTE_TO_PATIENT
2026-08-25 04:08:09,AMB0044,REQ00788,13.053565,80.25264,52.7,135.0,EN_ROUTE_TO_PATIENT
2026-08-25 04:08:13,AMB0044,REQ00788,13.044363,80.269497,32.4,135.0,EN_ROUTE_TO_PATIENT
2026-08-25 04:08:19,AMB0044,REQ00788,13.03413,80.286404,50.1,135.0,EN_ROUTE_TO_PATIENT
2026-08-25 04:09:31,AMB0044,REQ00788,13.034142,80.286283,48.4,135.0,EN_ROUTE_TO_HOSPITAL
2026-08-25 04:09:38,AMB0044,REQ00788,13.037809,80.286264,36.9,135.0,EN_ROUTE_TO_HOSPITAL
2026-08-25 04:09:46,AMB0044,REQ00788,13.040609,80.285787,44.9,135.0,EN_ROUTE_TO_HOSPITAL
2026-08-25 04:09:54,AMB0044,REQ00788,13.044727,80.285076,31.0,135.0,EN_ROUTE_TO_HOSPITAL
2026-08-25 04:10:00,AMB0044,REQ00788,13.048848,80.28402,36.3,135.0,EN_ROUTE_TO_HOSPITAL
2026-08-25 04:10:04,AMB0044,REQ00788,13.052113,80.282921,20.4,135.0,EN_ROUTE_TO_HOSPITAL
2026-08-25 04:10:11,AMB0044,REQ00788,13.055151,80.282629,26.4,135.0,EN_ROUTE_TO_HOSPITAL
2026-08-25 04:10:17,AMB0044,REQ00788,13.059817,80.281815,48.5,135.0,EN_ROUTE_TO_HOSPITAL
2026-08-25 04:10:21,AMB0044,REQ00788,13.063178,80.280592,22.7,135.0,EN_ROUTE_TO_HOSPITAL
2026-08-25 04:10:28,AMB0044,REQ00788,13.066013,80.280287,48.5,135.0,EN_ROUTE_TO_HOSPITAL
2026-08-25 04:10:34,AMB0044,REQ00788,13.069972,80.280038,41.4,135.0,EN_ROUTE_TO_HOSPITAL
2026-08-25 04:10:41,AMB0044,REQ00788,13.07325,80.278379,44.0,135.0,EN_ROUTE_TO_HOSPITAL
2026-08-25 04:10:49,AMB0044,REQ00788,13.077843,80.278707,42.6,135.0,EN_ROUTE_TO_HOSPITAL
2026-08-25 04:10:53,AMB0044,REQ00788,13.081295,80.277776,54.2,135.0,EN_ROUTE_TO_HOSPITAL
2026-08-04 18:27:37,AMB0053,REQ00864,13.05254,80.207876,21.6,135.0,EN_ROUTE_TO_PATIENT
2026-08-04 18:27:42,AMB0053,REQ00864,13.05961,80.215126,54.1,135.0,EN_ROUTE_TO_PATIENT
2026-08-04 18:27:49,AMB0053,REQ00864,13.066453,80.222891,42.3,135.0,EN_ROUTE_TO_PATIENT
2026-08-04 18:27:54,AMB0053,REQ00864,13.074525,80.228681,39.7,135.0,EN_ROUTE_TO_PATIENT
2026-08-04 18:28:02,AMB0053,REQ00864,13.081333,80.236465,45.0,135.0,EN_ROUTE_TO_PATIENT
2026-08-04 18:28:06,AMB0053,REQ00864,13.088596,80.242983,50.0,135.0,EN_ROUTE_TO_PATIENT
2026-08-04 18:28:10,AMB0053,REQ00864,13.095581,80.250028,43.9,135.0,EN_ROUTE_TO_PATIENT
2026-08-04 18:28:17,AMB0053,REQ00864,13.10308,80.257342,32.3,135.0,EN_ROUTE_TO_PATIENT
2026-08-04 18:28:23,AMB0053,REQ00864,13.110609,80.263999,40.7,135.0,EN_ROUTE_TO_PATIENT
2026-08-04 18:28:31,AMB0053,REQ00864,13.117931,80.271141,20.8,135.0,EN_ROUTE_TO_PATIENT
2026-08-04 18:28:36,AMB0053,REQ00864,13.124151,80.278214,21.9,135.0,EN_ROUTE_TO_PATIENT
2026-08-04 18:28:42,AMB0053,REQ00864,13.131862,80.285168,48.0,135.0,EN_ROUTE_TO_PATIENT
2026-08-04 18:29:58,AMB0053,REQ00864,13.13225,80.284236,31.7,135.0,EN_ROUTE_TO_HOSPITAL
2026-08-04 18:30:05,AMB0053,REQ00864,13.123263,80.281263,22.1,135.0,EN_ROUTE_TO_HOSPITAL
2026-08-04 18:30:10,AMB0053,REQ00864,13.11463,80.277238,32.4,135.0,EN_ROUTE_TO_HOSPITAL
2026-08-04 18:30:18,AMB0053,REQ00864,13.106089,80.274413,26.7,135.0,EN_ROUTE_TO_HOSPITAL
2026-08-04 18:30:23,AMB0053,REQ00864,13.097032,80.270402,47.6,135.0,EN_ROUTE_TO_HOSPITAL
2026-08-04 18:30:27,AMB0053,REQ00864,13.08756,80.267296,25.2,135.0,EN_ROUTE_TO_HOSPITAL
2026-08-04 18:30:34,AMB0053,REQ00864,13.079234,80.263311,47.0,135.0,EN_ROUTE_TO_HOSPITAL
2026-08-04 18:30:39,AMB0053,REQ00864,13.070023,80.259854,47.9,135.0,EN_ROUTE_TO_HOSPITAL
2026-08-04 18:30:43,AMB0053,REQ00864,13.062261,80.25683,31.2,135.0,EN_ROUTE_TO_HOSPITAL
2026-08-04 18:30:51,AMB0053,REQ00864,13.053262,80.253138,29.9,135.0,EN_ROUTE_TO_HOSPITAL
2026-08-04 18:30:56,AMB0053,REQ00864,13.04407,80.249381,39.4,135.0,EN_ROUTE_TO_HOSPITAL
2026-08-19 09:30:51,AMB0020,REQ00781,13.117444,80.234756,33.5,135.0,EN_ROUTE_TO_PATIENT
2026-08-19 09:30:58,AMB0020,REQ00781,13.09627,80.234147,34.1,135.0,EN_ROUTE_TO_PATIENT
2026-08-19 09:31:02,AMB0020,REQ00781,13.074821,80.234777,50.3,135.0,EN_ROUTE_TO_PATIENT
2026-08-19 09:31:09,AMB0020,REQ00781,13.053816,80.234209,50.5,135.0,EN_ROUTE_TO_PATIENT
2026-08-19 09:31:13,AMB0020,REQ00781,13.032558,80.233792,35.3,135.0,EN_ROUTE_TO_PATIENT
2026-08-19 09:31:21,AMB0020,REQ00781,13.012022,80.233885,47.1,135.0,EN_ROUTE_TO_PATIENT
2026-08-19 09:31:29,AMB0020,REQ00781,12.990898,80.233953,41.3,135.0,EN_ROUTE_TO_PATIENT
2026-08-19 09:31:33,AMB0020,REQ00781,12.970093,80.234695,20.5,135.0,EN_ROUTE_TO_PATIENT
2026-08-19 09:31:37,AMB0020,REQ00781,12.948134,80.233892,39.3,135.0,EN_ROUTE_TO_PATIENT
2026-08-19 09:31:42,AMB0020,REQ00781,12.927941,80.234117,50.6,135.0,EN_ROUTE_TO_PATIENT
2026-08-19 09:31:47,AMB0020,REQ00781,12.906187,80.234786,24.0,135.0,EN_ROUTE_TO_PATIENT
2026-08-19 09:31:53,AMB0020,REQ00781,12.88571,80.234431,35.1,135.0,EN_ROUTE_TO_PATIENT
2026-08-19 09:32:00,AMB0020,REQ00781,12.864181,80.23393,36.2,135.0,EN_ROUTE_TO_PATIENT
2026-08-19 09:32:06,AMB0020,REQ00781,12.842974,80.234659,26.5,135.0,EN_ROUTE_TO_PATIENT
2026-08-19 09:32:13,AMB0020,REQ00781,12.822323,80.234205,26.8,135.0,EN_ROUTE_TO_PATIENT
2026-08-19 09:32:21,AMB0020,REQ00781,12.801202,80.23431,48.0,135.0,EN_ROUTE_TO_PATIENT
2026-08-19 09:33:36,AMB0020,REQ00781,12.800451,80.233736,29.0,135.0,EN_ROUTE_TO_HOSPITAL
2026-08-19 09:33:42,AMB0020,REQ00781,12.815479,80.230471,30.5,135.0,EN_ROUTE_TO_HOSPITAL
2026-08-19 09:33:48,AMB0020,REQ00781,12.829914,80.226755,51.6,135.0,EN_ROUTE_TO_HOSPITAL
2026-08-19 09:33:52,AMB0020,REQ00781,12.844689,80.223706,35.8,135.0,EN_ROUTE_TO_HOSPITAL
2026-08-19 09:33:58,AMB0020,REQ00781,12.859407,80.219959,30.7,135.0,EN_ROUTE_TO_HOSPITAL
2026-08-19 09:34:06,AMB0020,REQ00781,12.8744,80.21635,54.9,135.0,EN_ROUTE_TO_HOSPITAL
2026-08-19 09:34:14,AMB0020,REQ00781,12.88932,80.211975,40.2,135.0,EN_ROUTE_TO_HOSPITAL
2026-08-19 09:34:20,AMB0020,REQ00781,12.903899,80.208834,47.8,135.0,EN_ROUTE_TO_HOSPITAL
2026-08-19 09:34:28,AMB0020,REQ00781,12.918957,80.204524,28.4,135.0,EN_ROUTE_TO_HOSPITAL
2026-08-19 09:34:36,AMB0020,REQ00781,12.933508,80.20134,40.5,135.0,EN_ROUTE_TO_HOSPITAL
2026-08-19 09:34:43,AMB0020,REQ00781,12.947711,80.197088,53.0,135.0,EN_ROUTE_TO_HOSPITAL
2026-08-19 09:34:47,AMB0020,REQ00781,12.962798,80.193598,50.2,135.0,EN_ROUTE_TO_HOSPITAL
2026-08-19 09:34:52,AMB0020,REQ00781,12.977168,80.190419,31.2,135.0,EN_ROUTE_TO_HOSPITAL
2026-08-19 09:35:00,AMB0020,REQ00781,12.992135,80.186686,20.7,135.0,EN_ROUTE_TO_HOSPITAL
2026-08-19 09:35:06,AMB0020,REQ00781,13.006933,80.182355,25.1,135.0,EN_ROUTE_TO_HOSPITAL
2026-08-19 09:35:10,AMB0020,REQ00781,13.021686,80.178902,25.7,135.0,EN_ROUTE_TO_HOSPITAL
2026-08-19 20:19:42,AMB0077,REQ00058,13.033057,80.162135,50.2,135.0,EN_ROUTE_TO_PATIENT
2026-08-19 20:19:50,AMB0077,REQ00058,13.033623,80.168425,22.0,135.0,EN_ROUTE_TO_PATIENT
2026-08-19 20:19:54,AMB0077,REQ00058,13.035439,80.176537,54.2,135.0,EN_ROUTE_TO_PATIENT
2026-08-19 20:19:59,AMB0077,REQ00058,13.036709,80.182696,38.3,135.0,EN_ROUTE_TO_PATIENT
2026-08-19 20:20:07,AMB0077,REQ00058,13.038688,80.19057,46.7,135.0,EN_ROUTE_TO_PATIENT
2026-08-19 20:20:13,AMB0077,REQ00058,13.039544,80.197867,25.5,135.0,EN_ROUTE_TO_PATIENT
2026-08-19 20:20:18,AMB0077,REQ00058,13.041145,80.204022,43.6,135.0,EN_ROUTE_TO_PATIENT
2026-08-19 20:20:24,AMB0077,REQ00058,13.042978,80.211884,20.3,135.0,EN_ROUTE_TO_PATIENT
2026-08-19 20:20:30,AMB0077,REQ00058,13.044109,80.218756,30.3,135.0,EN_ROUTE_TO_PATIENT
2026-08-19 20:20:37,AMB0077,REQ00058,13.04539,80.226316,32.5,135.0,EN_ROUTE_TO_PATIENT
2026-08-19 20:20:41,AMB0077,REQ00058,13.046688,80.232996,31.6,135.0,EN_ROUTE_TO_PATIENT
2026-08-19 20:20:48,AMB0077,REQ00058,13.048539,80.239518,41.8,135.0,EN_ROUTE_TO_PATIENT
2026-08-19 20:20:53,AMB0077,REQ00058,13.049521,80.247484,54.9,135.0,EN_ROUTE_TO_PATIENT
2026-08-19 20:20:58,AMB0077,REQ00058,13.051067,80.254069,26.6,135.0,EN_ROUTE_TO_PATIENT
2026-08-19 20:21:06,AMB0077,REQ00058,13.052439,80.261116,22.5,135.0,EN_ROUTE_TO_PATIENT
2026-08-19 20:21:14,AMB0077,REQ00058,13.05493,80.269163,51.2,135.0,EN_ROUTE_TO_PATIENT
2026-08-19 20:22:21,AMB0077,REQ00058,13.054505,80.26905,50.7,135.0,EN_ROUTE_TO_HOSPITAL
2026-08-19 20:22:25,AMB0077,REQ00058,13.061316,80.270932,41.3,135.0,EN_ROUTE_TO_HOSPITAL
2026-08-19 20:22:29,AMB0077,REQ00058,13.067463,80.272266,48.3,135.0,EN_ROUTE_TO_HOSPITAL
2026-08-19 20:22:37,AMB0077,REQ00058,13.074521,80.273617,55.0,135.0,EN_ROUTE_TO_HOSPITAL
2026-08-19 20:22:44,AMB0077,REQ00058,13.080791,80.275516,36.4,135.0,EN_ROUTE_TO_HOSPITAL
2026-08-19 20:22:48,AMB0077,REQ00058,13.087291,80.278072,22.8,135.0,EN_ROUTE_TO_HOSPITAL
2026-08-19 20:22:56,AMB0077,REQ00058,13.094326,80.279709,26.5,135.0,EN_ROUTE_TO_HOSPITAL
2026-08-19 20:23:03,AMB0077,REQ00058,13.101233,80.281797,36.2,135.0,EN_ROUTE_TO_HOSPITAL
2026-08-19 20:23:07,AMB0077,REQ00058,13.107799,80.283436,36.0,135.0,EN_ROUTE_TO_HOSPITAL
2026-08-19 20:23:13,AMB0077,REQ00058,13.113799,80.285327,34.2,135.0,EN_ROUTE_TO_HOSPITAL
2026-08-19 20:23:21,AMB0077,REQ00058,13.120379,80.287681,31.5,135.0,EN_ROUTE_TO_HOSPITAL
2026-08-19 20:23:29,AMB0077,REQ00058,13.127446,80.289249,35.3,135.0,EN_ROUTE_TO_HOSPITAL
2026-08-05 20:14:30,AMB0053,REQ01050,13.052234,80.208708,45.4,135.0,EN_ROUTE_TO_PATIENT
2026-08-05 20:14:35,AMB0053,REQ01050,13.056278,80.217518,37.4,135.0,EN_ROUTE_TO_PATIENT
2026-08-05 20:14:39,AMB0053,REQ01050,13.059672,80.226286,54.0,135.0,EN_ROUTE_TO_PATIENT
2026-08-05 20:14:45,AMB0053,REQ01050,13.063346,80.234607,32.5,135.0,EN_ROUTE_TO_PATIENT
2026-08-05 20:14:51,AMB0053,REQ01050,13.067068,80.243511,31.2,135.0,EN_ROUTE_TO_PATIENT
2026-08-05 20:14:56,AMB0053,REQ01050,13.070514,80.252817,22.4,135.0,EN_ROUTE_TO_PATIENT
2026-08-05 20:15:01,AMB0053,REQ01050,13.074855,80.261107,40.1,135.0,EN_ROUTE_TO_PATIENT
2026-08-05 20:15:06,AMB0053,REQ01050,13.078613,80.270502,38.5,135.0,EN_ROUTE_TO_PATIENT
2026-08-05 20:15:11,AMB0053,REQ01050,13.082227,80.278721,34.8,135.0,EN_ROUTE_TO_PATIENT
2026-08-05 20:15:15,AMB0053,REQ01050,13.085175,80.287507,25.4,135.0,EN_ROUTE_TO_PATIENT
2026-08-05 20:16:09,AMB0053,REQ01050,13.084998,80.287513,35.8,135.0,EN_ROUTE_TO_HOSPITAL
2026-08-05 20:16:17,AMB0053,REQ01050,13.082795,80.280613,40.4,135.0,EN_ROUTE_TO_HOSPITAL
2026-08-05 20:16:24,AMB0053,REQ01050,13.078508,80.27326,47.0,135.0,EN_ROUTE_TO_HOSPITAL
2026-08-05 20:16:29,AMB0053,REQ01050,13.075543,80.267109,35.7,135.0,EN_ROUTE_TO_HOSPITAL
2026-08-05 20:16:33,AMB0053,REQ01050,13.072582,80.259752,41.0,135.0,EN_ROUTE_TO_HOSPITAL
2026-08-05 20:16:37,AMB0053,REQ01050,13.069324,80.253101,22.4,135.0,EN_ROUTE_TO_HOSPITAL
2026-08-05 20:16:45,AMB0053,REQ01050,13.066056,80.245902,50.2,135.0,EN_ROUTE_TO_HOSPITAL
2026-08-05 20:16:49,AMB0053,REQ01050,13.062979,80.239805,43.8,135.0,EN_ROUTE_TO_HOSPITAL
2026-08-05 20:16:54,AMB0053,REQ01050,13.059627,80.232846,49.4,135.0,EN_ROUTE_TO_HOSPITAL
2026-08-05 20:16:59,AMB0053,REQ01050,13.056697,80.225874,35.4,135.0,EN_ROUTE_TO_HOSPITAL
2026-08-05 20:17:06,AMB0053,REQ01050,13.053851,80.218498,23.5,135.0,EN_ROUTE_TO_HOSPITAL
2026-08-05 20:17:14,AMB0053,REQ01050,13.05005,80.211918,28.9,135.0,EN_ROUTE_TO_HOSPITAL
2026-08-15 04:16:27,AMB0009,REQ01424,13.146049,80.232949,44.9,135.0,EN_ROUTE_TO_PATIENT
2026-08-15 04:16:32,AMB0009,REQ01424,13.106021,80.229649,43.0,135.0,EN_ROUTE_TO_PATIENT
2026-08-15 04:16:36,AMB0009,REQ01424,13.064649,80.226549,49.0,135.0,EN_ROUTE_TO_PATIENT
2026-08-15 04:16:40,AMB0009,REQ01424,13.023754,80.224256,27.9,135.0,EN_ROUTE_TO_PATIENT
2026-08-15 04:16:44,AMB0009,REQ01424,12.983251,80.222007,33.7,135.0,EN_ROUTE_TO_PATIENT
2026-08-15 04:16:48,AMB0009,REQ01424,12.942951,80.218994,24.8,135.0,EN_ROUTE_TO_PATIENT
2026-08-15 04:16:52,AMB0009,REQ01424,12.901196,80.215917,23.8,135.0,EN_ROUTE_TO_PATIENT
2026-08-15 04:16:56,AMB0009,REQ01424,12.860754,80.212829,53.1,135.0,EN_ROUTE_TO_PATIENT
2026-08-15 04:17:03,AMB0009,REQ01424,12.820444,80.209875,21.2,135.0,EN_ROUTE_TO_PATIENT
2026-08-15 04:17:07,AMB0009,REQ01424,12.779044,80.207233,30.1,135.0,EN_ROUTE_TO_PATIENT
2026-08-15 04:18:18,AMB0009,REQ01424,12.778625,80.208084,43.0,135.0,EN_ROUTE_TO_HOSPITAL
2026-08-15 04:18:25,AMB0009,REQ01424,12.798074,80.207517,28.1,135.0,EN_ROUTE_TO_HOSPITAL
2026-08-15 04:18:31,AMB0009,REQ01424,12.817231,80.208159,37.9,135.0,EN_ROUTE_TO_HOSPITAL
2026-08-15 04:18:37,AMB0009,REQ01424,12.836394,80.208327,24.7,135.0,EN_ROUTE_TO_HOSPITAL
2026-08-15 04:18:44,AMB0009,REQ01424,12.855609,80.208841,45.5,135.0,EN_ROUTE_TO_HOSPITAL
2026-08-15 04:18:49,AMB0009,REQ01424,12.87423,80.208402,21.6,135.0,EN_ROUTE_TO_HOSPITAL
2026-08-15 04:18:54,AMB0009,REQ01424,12.89336,80.208865,39.8,135.0,EN_ROUTE_TO_HOSPITAL
2026-08-15 04:19:01,AMB0009,REQ01424,12.913388,80.208523,46.9,135.0,EN_ROUTE_TO_HOSPITAL
2026-08-15 04:19:05,AMB0009,REQ01424,12.932167,80.208814,42.0,135.0,EN_ROUTE_TO_HOSPITAL
2026-08-15 04:19:12,AMB0009,REQ01424,12.950769,80.209556,43.8,135.0,EN_ROUTE_TO_HOSPITAL
2026-08-15 04:19:16,AMB0009,REQ01424,12.969996,80.209631,34.8,135.0,EN_ROUTE_TO_HOSPITAL
2026-08-15 04:19:24,AMB0009,REQ01424,12.989279,80.209128,31.0,135.0,EN_ROUTE_TO_HOSPITAL
2026-08-15 04:19:28,AMB0009,REQ01424,13.008637,80.209381,52.2,135.0,EN_ROUTE_TO_HOSPITAL
2026-08-15 04:19:35,AMB0009,REQ01424,13.027631,80.210163,36.8,135.0,EN_ROUTE_TO_HOSPITAL
2026-08-15 04:19:43,AMB0009,REQ01424,13.047086,80.210022,33.8,135.0,EN_ROUTE_TO_HOSPITAL
2026-08-15 04:19:50,AMB0009,REQ01424,13.066258,80.209828,35.2,135.0,EN_ROUTE_TO_HOSPITAL
2026-08-15 04:19:56,AMB0009,REQ01424,13.08512,80.210041,22.3,135.0,EN_ROUTE_TO_HOSPITAL
2026-09-06 13:14:08,AMB0012,REQ02063,13.160559,80.200859,23.8,135.0,EN_ROUTE_TO_PATIENT
2026-09-06 13:14:15,AMB0012,REQ02063,13.149661,80.210121,38.1,135.0,EN_ROUTE_TO_PATIENT
2026-09-06 13:14:19,AMB0012,REQ02063,13.138135,80.218605,49.7,135.0,EN_ROUTE_TO_PATIENT
2026-09-06 13:14:26,AMB0012,REQ02063,13.12634,80.226779,27.5,135.0,EN_ROUTE_TO_PATIENT
2026-09-06 13:14:32,AMB0012,REQ02063,13.114988,80.235553,53.7,135.0,EN_ROUTE_TO_PATIENT
2026-09-06 13:14:40,AMB0012,REQ02063,13.103569,80.244268,43.6,135.0,EN_ROUTE_TO_PATIENT
2026-09-06 13:14:47,AMB0012,REQ02063,13.091379,80.252995,46.1,135.0,EN_ROUTE_TO_PATIENT
2026-09-06 13:14:55,AMB0012,REQ02063,13.080589,80.262021,37.2,135.0,EN_ROUTE_TO_PATIENT
2026-09-06 13:15:02,AMB0012,REQ02063,13.068873,80.27118,22.2,135.0,EN_ROUTE_TO_PATIENT
2026-09-06 13:16:01,AMB0012,REQ02063,13.06899,80.270828,42.8,135.0,EN_ROUTE_TO_HOSPITAL
2026-09-06 13:16:08,AMB0012,REQ02063,13.068049,80.265076,37.7,135.0,EN_ROUTE_TO_HOSPITAL
2026-09-06 13:16:16,AMB0012,REQ02063,13.065463,80.259792,26.4,135.0,EN_ROUTE_TO_HOSPITAL
2026-09-06 13:16:21,AMB0012,REQ02063,13.064871,80.254452,30.6,135.0,EN_ROUTE_TO_HOSPITAL
2026-09-06 13:16:27,AMB0012,REQ02063,13.062782,80.249565,26.4,135.0,EN_ROUTE_TO_HOSPITAL
2026-09-06 13:16:33,AMB0012,REQ02063,13.061291,80.244161,41.6,135.0,EN_ROUTE_TO_HOSPITAL
2026-09-06 13:16:41,AMB0012,REQ02063,13.060369,80.237974,50.6,135.0,EN_ROUTE_TO_HOSPITAL
2026-09-06 13:16:48,AMB0012,REQ02063,13.057911,80.233135,20.4,135.0,EN_ROUTE_TO_HOSPITAL
2026-09-06 13:16:52,AMB0012,REQ02063,13.056289,80.227257,31.6,135.0,EN_ROUTE_TO_HOSPITAL
2026-09-06 13:16:58,AMB0012,REQ02063,13.055299,80.22152,22.9,135.0,EN_ROUTE_TO_HOSPITAL
2026-09-06 13:17:03,AMB0012,REQ02063,13.053345,80.215927,33.8,135.0,EN_ROUTE_TO_HOSPITAL
2026-09-06 13:17:10,AMB0012,REQ02063,13.052056,80.211047,52.2,135.0,EN_ROUTE_TO_HOSPITAL
2026-08-22 05:56:58,AMB0071,REQ01311,13.0408,80.237176,36.5,135.0,EN_ROUTE_TO_PATIENT
2026-08-22 05:57:04,AMB0071,REQ01311,13.04249,80.236176,51.9,135.0,EN_ROUTE_TO_PATIENT
2026-08-22 05:57:08,AMB0071,REQ01311,13.044851,80.235435,49.9,135.0,EN_ROUTE_TO_PATIENT
2026-08-22 05:57:12,AMB0071,REQ01311,13.046973,80.235947,30.2,135.0,EN_ROUTE_TO_PATIENT
2026-08-22 05:57:18,AMB0071,REQ01311,13.049403,80.234714,47.7,135.0,EN_ROUTE_TO_PATIENT
2026-08-22 05:57:24,AMB0071,REQ01311,13.050933,80.233655,53.6,135.0,EN_ROUTE_TO_PATIENT
2026-08-22 05:57:30,AMB0071,REQ01311,13.053722,80.233258,33.8,135.0,EN_ROUTE_TO_PATIENT
2026-08-22 05:57:38,AMB0071,REQ01311,13.055319,80.232454,53.1,135.0,EN_ROUTE_TO_PATIENT
2026-08-22 05:57:46,AMB0071,REQ01311,13.058317,80.232066,27.3,135.0,EN_ROUTE_TO_PATIENT
2026-08-22 05:57:51,AMB0071,REQ01311,13.059762,80.231429,47.7,135.0,EN_ROUTE_TO_PATIENT
2026-08-22 05:57:57,AMB0071,REQ01311,13.062585,80.230635,36.7,135.0,EN_ROUTE_TO_PATIENT
2026-08-22 05:58:04,AMB0071,REQ01311,13.064895,80.230883,52.4,135.0,EN_ROUTE_TO_PATIENT
2026-08-22 05:58:12,AMB0071,REQ01311,13.06629,80.229191,47.4,135.0,EN_ROUTE_TO_PATIENT
2026-08-22 05:58:18,AMB0071,REQ01311,13.069515,80.229253,26.7,135.0,EN_ROUTE_TO_PATIENT
2026-08-22 05:58:24,AMB0071,REQ01311,13.071639,80.228329,40.7,135.0,EN_ROUTE_TO_PATIENT
2026-08-22 05:58:30,AMB0071,REQ01311,13.07364,80.228294,20.8,135.0,EN_ROUTE_TO_PATIENT
2026-08-22 05:58:36,AMB0071,REQ01311,13.075861,80.227339,45.9,135.0,EN_ROUTE_TO_PATIENT
2026-08-22 05:59:22,AMB0071,REQ01311,13.076059,80.227715,36.4,135.0,EN_ROUTE_TO_HOSPITAL
2026-08-22 05:59:29,AMB0071,REQ01311,13.076725,80.223854,25.4,135.0,EN_ROUTE_TO_HOSPITAL
2026-08-22 05:59:33,AMB0071,REQ01311,13.077493,80.221379,41.7,135.0,EN_ROUTE_TO_HOSPITAL
2026-08-22 05:59:38,AMB0071,REQ01311,13.077882,80.218881,37.4,135.0,EN_ROUTE_TO_HOSPITAL
2026-08-22 05:59:45,AMB0071,REQ01311,13.078073,80.216792,46.1,135.0,EN_ROUTE_TO_HOSPITAL
2026-08-22 05:59:49,AMB0071,REQ01311,13.079206,80.213877,30.4,135.0,EN_ROUTE_TO_HOSPITAL
2026-08-22 05:59:53,AMB0071,REQ01311,13.079832,80.210645,53.2,135.0,EN_ROUTE_TO_HOSPITAL
2026-08-22 05:59:59,AMB0071,REQ01311,13.08045,80.208831,47.8,135.0,EN_ROUTE_TO_HOSPITAL
2026-08-22 06:00:05,AMB0071,REQ01311,13.081231,80.205341,21.8,135.0,EN_ROUTE_TO_HOSPITAL
2026-08-22 06:00:12,AMB0071,REQ01311,13.081185,80.202621,41.1,135.0,EN_ROUTE_TO_HOSPITAL
2026-08-22 06:00:16,AMB0071,REQ01311,13.08294,80.200051,53.4,135.0,EN_ROUTE_TO_HOSPITAL
2026-08-22 06:00:21,AMB0071,REQ01311,13.083604,80.19751,35.1,135.0,EN_ROUTE_TO_HOSPITAL
2026-08-22 06:00:29,AMB0071,REQ01311,13.083254,80.19458,54.2,135.0,EN_ROUTE_TO_HOSPITAL
2026-08-22 06:00:37,AMB0071,REQ01311,13.084293,80.191724,31.8,135.0,EN_ROUTE_TO_HOSPITAL
2026-08-22 06:00:43,AMB0071,REQ01311,13.085165,80.189699,25.2,135.0,EN_ROUTE_TO_HOSPITAL
2026-08-22 06:00:49,AMB0071,REQ01311,13.085162,80.186905,25.6,135.0,EN_ROUTE_TO_HOSPITAL
2026-08-05 15:54:33,AMB0017,REQ01370,13.110009,80.297483,45.0,135.0,EN_ROUTE_TO_PATIENT
2026-08-05 15:54:41,AMB0017,REQ01370,13.10611,80.290889,21.9,135.0,EN_ROUTE_TO_PATIENT
2026-08-05 15:54:47,AMB0017,REQ01370,13.101761,80.28337,45.1,135.0,EN_ROUTE_TO_PATIENT
2026-08-05 15:54:52,AMB0017,REQ01370,13.098607,80.2767,22.6,135.0,EN_ROUTE_TO_PATIENT
2026-08-05 15:54:56,AMB0017,REQ01370,13.095324,80.269519,47.4,135.0,EN_ROUTE_TO_PATIENT
2026-08-05 15:55:01,AMB0017,REQ01370,13.090977,80.262491,33.8,135.0,EN_ROUTE_TO_PATIENT
2026-08-05 15:55:05,AMB0017,REQ01370,13.087802,80.254999,26.5,135.0,EN_ROUTE_TO_PATIENT
2026-08-05 15:55:11,AMB0017,REQ01370,13.084251,80.24896,38.8,135.0,EN_ROUTE_TO_PATIENT
2026-08-05 15:55:17,AMB0017,REQ01370,13.080502,80.241019,20.4,135.0,EN_ROUTE_TO_PATIENT
2026-08-05 15:55:24,AMB0017,REQ01370,13.077038,80.234344,34.5,135.0,EN_ROUTE_TO_PATIENT
2026-08-05 15:55:28,AMB0017,REQ01370,13.073483,80.227872,37.8,135.0,EN_ROUTE_TO_PATIENT
2026-08-05 15:55:33,AMB0017,REQ01370,13.069063,80.220247,48.4,135.0,EN_ROUTE_TO_PATIENT
2026-08-05 15:55:37,AMB0017,REQ01370,13.065246,80.214076,35.3,135.0,EN_ROUTE_TO_PATIENT
2026-08-05 15:57:10,AMB0017,REQ01370,13.066279,80.213777,29.8,135.0,EN_ROUTE_TO_HOSPITAL
2026-08-05 15:57:14,AMB0017,REQ01370,13.064519,80.213327,20.5,135.0,EN_ROUTE_TO_HOSPITAL
2026-08-05 15:57:21,AMB0017,REQ01370,13.063819,80.213342,40.3,135.0,EN_ROUTE_TO_HOSPITAL
2026-08-05 15:57:27,AMB0017,REQ01370,13.062468,80.213019,22.1,135.0,EN_ROUTE_TO_HOSPITAL
2026-08-05 15:57:34,AMB0017,REQ01370,13.061544,80.212737,47.6,135.0,EN_ROUTE_TO_HOSPITAL
2026-08-05 15:57:41,AMB0017,REQ01370,13.061383,80.212944,38.1,135.0,EN_ROUTE_TO_HOSPITAL
2026-08-05 15:57:48,AMB0017,REQ01370,13.060106,80.212219,29.4,135.0,EN_ROUTE_TO_HOSPITAL
2026-08-05 15:57:56,AMB0017,REQ01370,13.059045,80.211846,44.2,135.0,EN_ROUTE_TO_HOSPITAL
2026-08-05 15:58:02,AMB0017,REQ01370,13.058056,80.212361,47.8,135.0,EN_ROUTE_TO_HOSPITAL
2026-08-05 15:58:10,AMB0017,REQ01370,13.057462,80.212153,28.1,135.0,EN_ROUTE_TO_HOSPITAL
2026-08-05 15:58:16,AMB0017,REQ01370,13.056991,80.211885,38.6,135.0,EN_ROUTE_TO_HOSPITAL
2026-08-05 15:58:24,AMB0017,REQ01370,13.056151,80.211574,33.3,135.0,EN_ROUTE_TO_HOSPITAL
2026-08-05 15:58:30,AMB0017,REQ01370,13.05471,80.21099,30.8,135.0,EN_ROUTE_TO_HOSPITAL
2026-08-05 15:58:38,AMB0017,REQ01370,13.053714,80.211825,22.1,135.0,EN_ROUTE_TO_HOSPITAL
2026-08-05 15:58:43,AMB0017,REQ01370,13.053619,80.211061,26.2,135.0,EN_ROUTE_TO_HOSPITAL
2026-08-05 15:58:47,AMB0017,REQ01370,13.052116,80.211082,43.3,135.0,EN_ROUTE_TO_HOSPITAL
2026-08-28 19:39:20,AMB0074,REQ00663,13.036262,80.200942,21.8,135.0,EN_ROUTE_TO_PATIENT
2026-08-28 19:39:27,AMB0074,REQ00663,13.042355,80.208278,49.9,135.0,EN_ROUTE_TO_PATIENT
2026-08-28 19:39:35,AMB0074,REQ00663,13.048016,80.215487,38.0,135.0,EN_ROUTE_TO_PATIENT
2026-08-28 19:39:43,AMB0074,REQ00663,13.053669,80.222321,20.2,135.0,EN_ROUTE_TO_PATIENT
2026-08-28 19:39:49,AMB0074,REQ00663,13.058801,80.229428,32.3,135.0,EN_ROUTE_TO_PATIENT
2026-08-28 19:39:54,AMB0074,REQ00663,13.064921,80.235757,21.2,135.0,EN_ROUTE_TO_PATIENT
2026-08-28 19:40:01,AMB0074,REQ00663,13.070324,80.242945,20.1,135.0,EN_ROUTE_TO_PATIENT
2026-08-28 19:40:09,AMB0074,REQ00663,13.076568,80.250638,45.0,135.0,EN_ROUTE_TO_PATIENT
2026-08-28 19:40:17,AMB0074,REQ00663,13.081672,80.257375,48.0,135.0,EN_ROUTE_TO_PATIENT
2026-08-28 19:40:24,AMB0074,REQ00663,13.087546,80.264631,21.9,135.0,EN_ROUTE_TO_PATIENT
2026-08-28 19:40:31,AMB0074,REQ00663,13.093676,80.271071,39.2,135.0,EN_ROUTE_TO_PATIENT
2026-08-28 19:40:37,AMB0074,REQ00663,13.098914,80.277896,40.2,135.0,EN_ROUTE_TO_PATIENT
2026-08-28 19:40:42,AMB0074,REQ00663,13.104807,80.285204,31.9,135.0,EN_ROUTE_TO_PATIENT
2026-08-28 19:41:41,AMB0074,REQ00663,13.104951,80.285041,23.4,135.0,EN_ROUTE_TO_HOSPITAL
2026-08-28 19:41:48,AMB0074,REQ00663,13.100729,80.279965,35.9,135.0,EN_ROUTE_TO_HOSPITAL
2026-08-28 19:41:53,AMB0074,REQ00663,13.097033,80.27476,51.4,135.0,EN_ROUTE_TO_HOSPITAL
2026-08-28 19:41:58,AMB0074,REQ00663,13.092919,80.269126,21.1,135.0,EN_ROUTE_TO_HOSPITAL
2026-08-28 19:42:04,AMB0074,REQ00663,13.089472,80.264323,22.5,135.0,EN_ROUTE_TO_HOSPITAL
2026-08-28 19:42:09,AMB0074,REQ00663,13.085212,80.258953,30.5,135.0,EN_ROUTE_TO_HOSPITAL
2026-08-28 19:42:16,AMB0074,REQ00663,13.081525,80.254133,31.9,135.0,EN_ROUTE_TO_HOSPITAL
2026-08-28 19:42:23,AMB0074,REQ00663,13.07762,80.248195,40.7,135.0,EN_ROUTE_TO_HOSPITAL
2026-08-28 19:42:31,AMB0074,REQ00663,13.073889,80.243343,23.9,135.0,EN_ROUTE_TO_HOSPITAL
2026-08-28 19:42:36,AMB0074,REQ00663,13.07035,80.238046,26.5,135.0,EN_ROUTE_TO_HOSPITAL
2026-08-28 19:42:41,AMB0074,REQ00663,13.066452,80.232455,25.7,135.0,EN_ROUTE_TO_HOSPITAL
2026-08-28 19:42:45,AMB0074,REQ00663,13.061784,80.228018,23.5,135.0,EN_ROUTE_TO_HOSPITAL
2026-08-28 19:42:50,AMB0074,REQ00663,13.058339,80.22246,43.8,135.0,EN_ROUTE_TO_HOSPITAL
2026-08-28 19:42:58,AMB0074,REQ00663,13.054914,80.217559,22.9,135.0,EN_ROUTE_TO_HOSPITAL
2026-08-28 19:43:06,AMB0074,REQ00663,13.050216,80.21192,44.1,135.0,EN_ROUTE_TO_HOSPITAL
2026-08-07 23:43:18,AMB0063,REQ01951,13.056488,80.261872,24.5,135.0,EN_ROUTE_TO_PATIENT
2026-08-07 23:43:23,AMB0063,REQ01951,13.044365,80.250436,27.7,135.0,EN_ROUTE_TO_PATIENT
2026-08-07 23:43:28,AMB0063,REQ01951,13.032169,80.238938,43.3,135.0,EN_ROUTE_TO_PATIENT
2026-08-07 23:43:34,AMB0063,REQ01951,13.020719,80.226596,34.2,135.0,EN_ROUTE_TO_PATIENT
2026-08-07 23:43:39,AMB0063,REQ01951,13.008682,80.214694,27.6,135.0,EN_ROUTE_TO_PATIENT
2026-08-07 23:43:44,AMB0063,REQ01951,12.995975,80.203595,30.5,135.0,EN_ROUTE_TO_PATIENT
2026-08-07 23:43:51,AMB0063,REQ01951,12.983216,80.191405,30.7,135.0,EN_ROUTE_TO_PATIENT
2026-08-07 23:43:58,AMB0063,REQ01951,12.971582,80.179717,53.2,135.0,EN_ROUTE_TO_PATIENT
2026-08-07 23:44:06,AMB0063,REQ01951,12.959772,80.167511,53.0,135.0,EN_ROUTE_TO_PATIENT
2026-08-07 23:44:13,AMB0063,REQ01951,12.94664,80.156292,54.0,135.0,EN_ROUTE_TO_PATIENT
2026-08-07 23:44:18,AMB0063,REQ01951,12.935233,80.144489,53.4,135.0,EN_ROUTE_TO_PATIENT
2026-08-07 23:44:22,AMB0063,REQ01951,12.922528,80.131908,39.3,135.0,EN_ROUTE_TO_PATIENT
2026-08-07 23:44:28,AMB0063,REQ01951,12.910996,80.120733,45.8,135.0,EN_ROUTE_TO_PATIENT
2026-08-07 23:45:32,AMB0063,REQ01951,12.910071,80.120033,21.9,135.0,EN_ROUTE_TO_HOSPITAL
2026-08-07 23:45:38,AMB0063,REQ01951,12.92993,80.135637,44.9,135.0,EN_ROUTE_TO_HOSPITAL
2026-08-07 23:45:46,AMB0063,REQ01951,12.949633,80.150845,35.8,135.0,EN_ROUTE_TO_HOSPITAL
2026-08-07 23:45:54,AMB0063,REQ01951,12.969743,80.166256,36.0,135.0,EN_ROUTE_TO_HOSPITAL
2026-08-07 23:46:02,AMB0063,REQ01951,12.989017,80.181974,54.4,135.0,EN_ROUTE_TO_HOSPITAL
2026-08-07 23:46:06,AMB0063,REQ01951,13.008915,80.196477,39.6,135.0,EN_ROUTE_TO_HOSPITAL
2026-08-07 23:46:14,AMB0063,REQ01951,13.029288,80.212396,42.2,135.0,EN_ROUTE_TO_HOSPITAL
2026-08-07 23:46:20,AMB0063,REQ01951,13.048478,80.228194,23.5,135.0,EN_ROUTE_TO_HOSPITAL
2026-08-07 23:46:28,AMB0063,REQ01951,13.068344,80.243204,54.5,135.0,EN_ROUTE_TO_HOSPITAL
2026-08-07 23:46:35,AMB0063,REQ01951,13.08722,80.258273,41.6,135.0,EN_ROUTE_TO_HOSPITAL
2026-08-07 23:46:40,AMB0063,REQ01951,13.107221,80.273723,41.6,135.0,EN_ROUTE_TO_HOSPITAL
2026-08-07 23:46:45,AMB0063,REQ01951,13.126612,80.288754,35.2,135.0,EN_ROUTE_TO_HOSPITAL
2026-08-10 16:27:00,AMB0093,REQ00615,13.005056,80.25857,20.9,135.0,EN_ROUTE_TO_PATIENT
2026-08-10 16:27:08,AMB0093,REQ00615,13.00722,80.253947,44.5,135.0,EN_ROUTE_TO_PATIENT
2026-08-10 16:27:15,AMB0093,REQ00615,13.009453,80.249628,24.5,135.0,EN_ROUTE_TO_PATIENT
2026-08-10 16:27:19,AMB0093,REQ00615,13.011271,80.246707,38.5,135.0,EN_ROUTE_TO_PATIENT
2026-08-10 16:27:27,AMB0093,REQ00615,13.013751,80.241748,20.7,135.0,EN_ROUTE_TO_PATIENT
2026-08-10 16:27:35,AMB0093,REQ00615,13.01655,80.238811,21.3,135.0,EN_ROUTE_TO_PATIENT
2026-08-10 16:27:40,AMB0093,REQ00615,13.01839,80.234738,49.5,135.0,EN_ROUTE_TO_PATIENT
2026-08-10 16:27:48,AMB0093,REQ00615,13.021713,80.230431,40.6,135.0,EN_ROUTE_TO_PATIENT
2026-08-10 16:27:52,AMB0093,REQ00615,13.023048,80.226898,30.6,135.0,EN_ROUTE_TO_PATIENT
2026-08-10 16:28:00,AMB0093,REQ00615,13.026304,80.222833,25.1,135.0,EN_ROUTE_TO_PATIENT
2026-08-10 16:28:08,AMB0093,REQ00615,13.028338,80.219084,51.6,135.0,EN_ROUTE_TO_PATIENT
2026-08-10 16:28:12,AMB0093,REQ00615,13.030272,80.214213,25.9,135.0,EN_ROUTE_TO_PATIENT
2026-08-10 16:28:19,AMB0093,REQ00615,13.032843,80.210823,25.1,135.0,EN_ROUTE_TO_PATIENT
2026-08-10 16:29:54,AMB0093,REQ00615,13.033016,80.210258,30.1,135.0,EN_ROUTE_TO_HOSPITAL
2026-08-10 16:30:02,AMB0093,REQ00615,13.025787,80.210792,31.1,135.0,EN_ROUTE_TO_HOSPITAL
2026-08-10 16:30:06,AMB0093,REQ00615,13.019392,80.21086,22.4,135.0,EN_ROUTE_TO_HOSPITAL
2026-08-10 16:30:13,AMB0093,REQ00615,13.012273,80.210535,47.3,135.0,EN_ROUTE_TO_HOSPITAL
2026-08-10 16:30:19,AMB0093,REQ00615,13.005582,80.209987,54.2,135.0,EN_ROUTE_TO_HOSPITAL
2026-08-10 16:30:23,AMB0093,REQ00615,12.998025,80.210474,31.9,135.0,EN_ROUTE_TO_HOSPITAL
2026-08-10 16:30:27,AMB0093,REQ00615,12.990987,80.211002,41.2,135.0,EN_ROUTE_TO_HOSPITAL
2026-08-10 16:30:33,AMB0093,REQ00615,12.984938,80.210889,53.0,135.0,EN_ROUTE_TO_HOSPITAL
2026-08-10 16:30:39,AMB0093,REQ00615,12.977978,80.211045,33.5,135.0,EN_ROUTE_TO_HOSPITAL
2026-08-10 16:30:43,AMB0093,REQ00615,12.97103,80.21015,22.6,135.0,EN_ROUTE_TO_HOSPITAL
2026-08-10 16:30:48,AMB0093,REQ00615,12.963062,80.210776,28.8,135.0,EN_ROUTE_TO_HOSPITAL
2026-08-10 16:30:52,AMB0093,REQ00615,12.957108,80.210311,31.8,135.0,EN_ROUTE_TO_HOSPITAL
2026-08-10 16:30:57,AMB0093,REQ00615,12.950207,80.210687,41.0,135.0,EN_ROUTE_TO_HOSPITAL
2026-08-22 14:41:27,AMB0127,REQ01073,12.951805,80.263076,24.6,135.0,EN_ROUTE_TO_PATIENT
2026-08-22 14:41:34,AMB0127,REQ01073,12.959185,80.25509,31.4,135.0,EN_ROUTE_TO_PATIENT
2026-08-22 14:41:40,AMB0127,REQ01073,12.966235,80.248248,35.2,135.0,EN_ROUTE_TO_PATIENT
2026-08-22 14:41:46,AMB0127,REQ01073,12.974263,80.241192,23.8,135.0,EN_ROUTE_TO_PATIENT
2026-08-22 14:41:54,AMB0127,REQ01073,12.981348,80.234467,26.9,135.0,EN_ROUTE_TO_PATIENT
2026-08-22 14:41:58,AMB0127,REQ01073,12.98949,80.226717,22.5,135.0,EN_ROUTE_TO_PATIENT
2026-08-22 14:42:04,AMB0127,REQ01073,12.996985,80.219618,41.6,135.0,EN_ROUTE_TO_PATIENT
2026-08-22 14:42:09,AMB0127,REQ01073,13.003791,80.212855,52.5,135.0,EN_ROUTE_TO_PATIENT
2026-08-22 14:42:14,AMB0127,REQ01073,13.012025,80.20614,28.9,135.0,EN_ROUTE_TO_PATIENT
2026-08-22 14:42:18,AMB0127,REQ01073,13.018714,80.198241,28.3,135.0,EN_ROUTE_TO_PATIENT
2026-08-22 14:42:26,AMB0127,REQ01073,13.0263,80.192185,25.7,135.0,EN_ROUTE_TO_PATIENT
2026-08-22 14:42:34,AMB0127,REQ01073,13.033935,80.185007,27.8,135.0,EN_ROUTE_TO_PATIENT
2026-08-22 14:43:22,AMB0127,REQ01073,13.034431,80.185049,33.5,135.0,EN_ROUTE_TO_HOSPITAL
2026-08-22 14:43:28,AMB0127,REQ01073,13.032575,80.184128,32.9,135.0,EN_ROUTE_TO_HOSPITAL
2026-08-22 14:43:35,AMB0127,REQ01073,13.031897,80.183484,27.0,135.0,EN_ROUTE_TO_HOSPITAL
2026-08-22 14:43:43,AMB0127,REQ01073,13.030914,80.183282,47.8,135.0,EN_ROUTE_TO_HOSPITAL
2026-08-22 14:43:47,AMB0127,REQ01073,13.030698,80.183514,33.3,135.0,EN_ROUTE_TO_HOSPITAL
2026-08-22 14:43:55,AMB0127,REQ01073,13.02925,80.182881,30.9,135.0,EN_ROUTE_TO_HOSPITAL
2026-08-22 14:43:59,AMB0127,REQ01073,13.029199,80.182106,52.6,135.0,EN_ROUTE_TO_HOSPITAL
2026-08-22 14:44:05,AMB0127,REQ01073,13.028747,80.181649,47.1,135.0,EN_ROUTE_TO_HOSPITAL
2026-08-22 14:44:11,AMB0127,REQ01073,13.027252,80.181252,20.7,135.0,EN_ROUTE_TO_HOSPITAL
2026-08-22 14:44:18,AMB0127,REQ01073,13.026948,80.1817,53.7,135.0,EN_ROUTE_TO_HOSPITAL
2026-08-22 14:44:24,AMB0127,REQ01073,13.026213,80.180636,30.9,135.0,EN_ROUTE_TO_HOSPITAL
2026-08-22 14:44:30,AMB0127,REQ01073,13.025343,80.180309,22.3,135.0,EN_ROUTE_TO_HOSPITAL
2026-08-22 14:44:37,AMB0127,REQ01073,13.024536,80.180017,23.3,135.0,EN_ROUTE_TO_HOSPITAL
2026-08-22 14:44:45,AMB0127,REQ01073,13.023148,80.17965,25.3,135.0,EN_ROUTE_TO_HOSPITAL
2026-08-22 14:44:50,AMB0127,REQ01073,13.022582,80.179582,54.4,135.0,EN_ROUTE_TO_HOSPITAL
2026-08-22 14:44:54,AMB0127,REQ01073,13.021088,80.178436,54.5,135.0,EN_ROUTE_TO_HOSPITAL
2026-08-31 01:47:08,AMB0072,REQ02631,13.050009,80.231829,52.8,135.0,EN_ROUTE_TO_PATIENT
2026-08-31 01:47:16,AMB0072,REQ02631,13.042939,80.234435,35.1,135.0,EN_ROUTE_TO_PATIENT
2026-08-31 01:47:21,AMB0072,REQ02631,13.045274,80.238037,49.9,135.0,EN_ROUTE_TO_PATIENT
2026-08-31 01:47:28,AMB0072,REQ02631,13.047904,80.240762,24.4,135.0,EN_ROUTE_TO_PATIENT
2026-08-31 01:47:33,AMB0072,REQ02631,13.051431,80.243213,45.4,135.0,EN_ROUTE_TO_PATIENT
2026-08-31 01:47:39,AMB0072,REQ02631,13.054265,80.246407,24.4,135.0,EN_ROUTE_TO_PATIENT
2026-08-31 01:47:46,AMB0072,REQ02631,13.057112,80.24903,21.2,135.0,EN_ROUTE_TO_PATIENT
2026-08-31 01:47:53,AMB0072,REQ02631,13.059175,80.251656,40.8,135.0,EN_ROUTE_TO_PATIENT
2026-08-31 01:48:01,AMB0072,REQ02631,13.062116,80.254375,22.4,135.0,EN_ROUTE_TO_PATIENT
2026-08-31 01:48:08,AMB0072,REQ02631,13.065452,80.256904,31.2,135.0,EN_ROUTE_TO_PATIENT
2026-08-31 01:48:12,AMB0072,REQ02631,13.067666,80.259425,54.8,135.0,EN_ROUTE_TO_PATIENT
2026-08-31 01:48:16,AMB0072,REQ02631,13.070583,80.26321,22.7,135.0,EN_ROUTE_TO_PATIENT
2026-08-31 01:49:11,AMB0072,REQ02631,13.071025,80.263339,30.8,135.0,EN_ROUTE_TO_HOSPITAL
2026-08-31 01:49:17,AMB0072,REQ02631,13.058451,80.260103,22.2,135.0,EN_ROUTE_TO_HOSPITAL
2026-08-31 01:49:23,AMB0072,REQ02631,13.045729,80.257164,54.5,135.0,EN_ROUTE_TO_HOSPITAL
2026-08-31 01:49:30,AMB0072,REQ02631,13.033416,80.254787,28.2,135.0,EN_ROUTE_TO_HOSPITAL
2026-08-31 01:49:38,AMB0072,REQ02631,13.019828,80.252734,44.4,135.0,EN_ROUTE_TO_HOSPITAL
2026-08-31 01:49:44,AMB0072,REQ02631,13.007224,80.249377,37.9,135.0,EN_ROUTE_TO_HOSPITAL
2026-08-31 01:49:48,AMB0072,REQ02631,12.995195,80.246571,44.6,135.0,EN_ROUTE_TO_HOSPITAL
2026-08-31 01:49:53,AMB0072,REQ02631,12.982411,80.244749,48.1,135.0,EN_ROUTE_TO_HOSPITAL
2026-08-31 01:49:58,AMB0072,REQ02631,12.969232,80.242131,25.9,135.0,EN_ROUTE_TO_HOSPITAL
2026-08-31 01:50:06,AMB0072,REQ02631,12.956414,80.239462,37.3,135.0,EN_ROUTE_TO_HOSPITAL
2026-08-31 01:50:10,AMB0072,REQ02631,12.943874,80.236399,35.5,135.0,EN_ROUTE_TO_HOSPITAL
2026-08-31 01:50:18,AMB0072,REQ02631,12.930877,80.234225,47.1,135.0,EN_ROUTE_TO_HOSPITAL
2026-08-31 01:50:25,AMB0072,REQ02631,12.918699,80.231324,45.0,135.0,EN_ROUTE_TO_HOSPITAL
2026-08-31 01:50:32,AMB0072,REQ02631,12.905809,80.2286,38.4,135.0,EN_ROUTE_TO_HOSPITAL
2026-09-03 15:36:16,AMB0003,REQ00279,13.157945,80.301429,27.4,135.0,EN_ROUTE_TO_PATIENT
2026-09-03 15:36:24,AMB0003,REQ00279,13.149765,80.290282,48.9,135.0,EN_ROUTE_TO_PATIENT
2026-09-03 15:36:32,AMB0003,REQ00279,13.142331,80.280926,30.2,135.0,EN_ROUTE_TO_PATIENT
2026-09-03 15:36:39,AMB0003,REQ00279,13.134518,80.270184,22.8,135.0,EN_ROUTE_TO_PATIENT
2026-09-03 15:36:46,AMB0003,REQ00279,13.126097,80.259734,36.5,135.0,EN_ROUTE_TO_PATIENT
2026-09-03 15:36:51,AMB0003,REQ00279,13.118165,80.249581,42.6,135.0,EN_ROUTE_TO_PATIENT
2026-09-03 15:36:55,AMB0003,REQ00279,13.110321,80.240121,41.8,135.0,EN_ROUTE_TO_PATIENT
2026-09-03 15:36:59,AMB0003,REQ00279,13.102435,80.229912,28.5,135.0,EN_ROUTE_TO_PATIENT
2026-09-03 15:37:06,AMB0003,REQ00279,13.094839,80.219071,21.4,135.0,EN_ROUTE_TO_PATIENT
2026-09-03 15:37:14,AMB0003,REQ00279,13.087814,80.20922,27.4,135.0,EN_ROUTE_TO_PATIENT
2026-09-03 15:37:19,AMB0003,REQ00279,13.079457,80.199284,37.0,135.0,EN_ROUTE_TO_PATIENT
2026-09-03 15:38:51,AMB0003,REQ00279,13.078904,80.199223,52.6,135.0,EN_ROUTE_TO_HOSPITAL
2026-09-03 15:38:56,AMB0003,REQ00279,13.082908,80.207621,54.1,135.0,EN_ROUTE_TO_HOSPITAL
2026-09-03 15:39:03,AMB0003,REQ00279,13.085769,80.215769,40.7,135.0,EN_ROUTE_TO_HOSPITAL
2026-09-03 15:39:10,AMB0003,REQ00279,13.089365,80.224543,47.9,135.0,EN_ROUTE_TO_HOSPITAL
2026-09-03 15:39:15,AMB0003,REQ00279,13.093124,80.233952,29.1,135.0,EN_ROUTE_TO_HOSPITAL
2026-09-03 15:39:23,AMB0003,REQ00279,13.095811,80.242271,38.6,135.0,EN_ROUTE_TO_HOSPITAL
2026-09-03 15:39:29,AMB0003,REQ00279,13.099997,80.25082,50.4,135.0,EN_ROUTE_TO_HOSPITAL
2026-09-03 15:39:36,AMB0003,REQ00279,13.102938,80.260056,42.8,135.0,EN_ROUTE_TO_HOSPITAL
2026-09-03 15:39:42,AMB0003,REQ00279,13.106507,80.268474,54.1,135.0,EN_ROUTE_TO_HOSPITAL
2026-09-03 15:39:48,AMB0003,REQ00279,13.109733,80.27691,51.6,135.0,EN_ROUTE_TO_HOSPITAL
2026-09-03 15:39:53,AMB0003,REQ00279,13.112861,80.286524,23.4,135.0,EN_ROUTE_TO_HOSPITAL
2026-08-14 03:08:28,AMB0023,REQ02268,13.101108,80.272034,27.0,135.0,EN_ROUTE_TO_PATIENT
2026-08-14 03:08:35,AMB0023,REQ02268,13.077336,80.267318,45.2,135.0,EN_ROUTE_TO_PATIENT
2026-08-14 03:08:41,AMB0023,REQ02268,13.053016,80.262978,31.2,135.0,EN_ROUTE_TO_PATIENT
2026-08-14 03:08:48,AMB0023,REQ02268,13.030343,80.258413,44.6,135.0,EN_ROUTE_TO_PATIENT
2026-08-14 03:08:54,AMB0023,REQ02268,13.005557,80.253894,34.0,135.0,EN_ROUTE_TO_PATIENT
2026-08-14 03:08:59,AMB0023,REQ02268,12.981751,80.24884,33.7,135.0,EN_ROUTE_TO_PATIENT
2026-08-14 03:09:05,AMB0023,REQ02268,12.959091,80.244487,50.9,135.0,EN_ROUTE_TO_PATIENT
2026-08-14 03:09:10,AMB0023,REQ02268,12.934523,80.239115,22.8,135.0,EN_ROUTE_TO_PATIENT
2026-08-14 03:09:17,AMB0023,REQ02268,12.910695,80.234782,27.7,135.0,EN_ROUTE_TO_PATIENT
2026-08-14 03:09:25,AMB0023,REQ02268,12.887235,80.230058,25.8,135.0,EN_ROUTE_TO_PATIENT
2026-08-14 03:09:31,AMB0023,REQ02268,12.863784,80.225405,40.4,135.0,EN_ROUTE_TO_PATIENT
2026-08-14 03:09:38,AMB0023,REQ02268,12.840045,80.2205,52.2,135.0,EN_ROUTE_TO_PATIENT
2026-08-14 03:09:43,AMB0023,REQ02268,12.816519,80.216773,53.4,135.0,EN_ROUTE_TO_PATIENT
2026-08-14 03:09:48,AMB0023,REQ02268,12.792765,80.211293,51.9,135.0,EN_ROUTE_TO_PATIENT
2026-08-14 03:10:34,AMB0023,REQ02268,12.791883,80.211667,29.7,135.0,EN_ROUTE_TO_HOSPITAL
2026-08-14 03:10:42,AMB0023,REQ02268,12.809074,80.209728,48.6,135.0,EN_ROUTE_TO_HOSPITAL
2026-08-14 03:10:47,AMB0023,REQ02268,12.825603,80.206249,40.0,135.0,EN_ROUTE_TO_HOSPITAL
2026-08-14 03:10:51,AMB0023,REQ02268,12.841151,80.204088,40.9,135.0,EN_ROUTE_TO_HOSPITAL
2026-08-14 03:10:59,AMB0023,REQ02268,12.857738,80.202179,33.3,135.0,EN_ROUTE_TO_HOSPITAL
2026-08-14 03:11:03,AMB0023,REQ02268,12.873959,80.200238,47.8,135.0,EN_ROUTE_TO_HOSPITAL
2026-08-14 03:11:11,AMB0023,REQ02268,12.890579,80.196988,26.7,135.0,EN_ROUTE_TO_HOSPITAL
2026-08-14 03:11:15,AMB0023,REQ02268,12.907346,80.195632,20.1,135.0,EN_ROUTE_TO_HOSPITAL
2026-08-14 03:11:19,AMB0023,REQ02268,12.922846,80.19274,32.4,135.0,EN_ROUTE_TO_HOSPITAL
2026-08-14 03:11:23,AMB0023,REQ02268,12.940069,80.191068,46.0,135.0,EN_ROUTE_TO_HOSPITAL
2026-08-14 03:11:27,AMB0023,REQ02268,12.956353,80.187718,42.0,135.0,EN_ROUTE_TO_HOSPITAL
2026-08-14 03:11:31,AMB0023,REQ02268,12.9721,80.186259,52.8,135.0,EN_ROUTE_TO_HOSPITAL
2026-08-14 03:11:39,AMB0023,REQ02268,12.988449,80.183152,49.0,135.0,EN_ROUTE_TO_HOSPITAL
2026-08-14 03:11:46,AMB0023,REQ02268,13.005729,80.18082,46.5,135.0,EN_ROUTE_TO_HOSPITAL
2026-08-14 03:11:52,AMB0023,REQ02268,13.021326,80.178666,27.0,135.0,EN_ROUTE_TO_HOSPITAL
2026-09-03 21:15:46,AMB0038,REQ00369,13.081305,80.206732,22.9,135.0,EN_ROUTE_TO_PATIENT
2026-09-03 21:15:51,AMB0038,REQ00369,13.07323,80.201057,33.1,135.0,EN_ROUTE_TO_PATIENT
2026-09-03 21:15:59,AMB0038,REQ00369,13.063974,80.195655,22.3,135.0,EN_ROUTE_TO_PATIENT
2026-09-03 21:16:07,AMB0038,REQ00369,13.055238,80.189718,26.4,135.0,EN_ROUTE_TO_PATIENT
2026-09-03 21:16:14,AMB0038,REQ00369,13.047265,80.184109,25.5,135.0,EN_ROUTE_TO_PATIENT
2026-09-03 21:16:21,AMB0038,REQ00369,13.038311,80.177851,50.2,135.0,EN_ROUTE_TO_PATIENT
2026-09-03 21:16:25,AMB0038,REQ00369,13.029787,80.17274,28.4,135.0,EN_ROUTE_TO_PATIENT
2026-09-03 21:16:33,AMB0038,REQ00369,13.020898,80.166458,44.2,135.0,EN_ROUTE_TO_PATIENT
2026-09-03 21:16:41,AMB0038,REQ00369,13.013463,80.160913,33.8,135.0,EN_ROUTE_TO_PATIENT
2026-09-03 21:16:45,AMB0038,REQ00369,13.004624,80.155694,25.9,135.0,EN_ROUTE_TO_PATIENT
2026-09-03 21:16:50,AMB0038,REQ00369,12.995198,80.150274,40.5,135.0,EN_ROUTE_TO_PATIENT
2026-09-03 21:16:55,AMB0038,REQ00369,12.987112,80.144751,22.6,135.0,EN_ROUTE_TO_PATIENT
2026-09-03 21:17:01,AMB0038,REQ00369,12.979148,80.13824,49.6,135.0,EN_ROUTE_TO_PATIENT
2026-09-03 21:17:05,AMB0038,REQ00369,12.970224,80.132976,44.9,135.0,EN_ROUTE_TO_PATIENT
2026-09-03 21:17:11,AMB0038,REQ00369,12.961452,80.127493,49.0,135.0,EN_ROUTE_TO_PATIENT
2026-09-03 21:17:17,AMB0038,REQ00369,12.952589,80.122157,54.3,135.0,EN_ROUTE_TO_PATIENT
2026-09-03 21:17:21,AMB0038,REQ00369,12.943988,80.115961,46.2,135.0,EN_ROUTE_TO_PATIENT
2026-09-03 21:18:15,AMB0038,REQ00369,12.944592,80.116204,54.3,135.0,EN_ROUTE_TO_HOSPITAL
2026-09-03 21:18:19,AMB0038,REQ00369,12.944359,80.122843,51.1,135.0,EN_ROUTE_TO_HOSPITAL
2026-09-03 21:18:26,AMB0038,REQ00369,12.945249,80.129194,20.1,135.0,EN_ROUTE_TO_HOSPITAL
2026-09-03 21:18:34,AMB0038,REQ00369,12.945564,80.13647,37.1,135.0,EN_ROUTE_TO_HOSPITAL
2026-09-03 21:18:39,AMB0038,REQ00369,12.946011,80.143038,52.1,135.0,EN_ROUTE_TO_HOSPITAL
2026-09-03 21:18:46,AMB0038,REQ00369,12.945831,80.150017,36.8,135.0,EN_ROUTE_TO_HOSPITAL
2026-09-03 21:18:54,AMB0038,REQ00369,12.946547,80.156768,27.6,135.0,EN_ROUTE_TO_HOSPITAL
2026-09-03 21:19:01,AMB0038,REQ00369,12.946714,80.162704,30.4,135.0,EN_ROUTE_TO_HOSPITAL
2026-09-03 21:19:07,AMB0038,REQ00369,12.947255,80.169912,36.3,135.0,EN_ROUTE_TO_HOSPITAL
2026-09-03 21:19:11,AMB0038,REQ00369,12.947595,80.177198,29.5,135.0,EN_ROUTE_TO_HOSPITAL
2026-09-03 21:19:16,AMB0038,REQ00369,12.94785,80.183196,21.5,135.0,EN_ROUTE_TO_HOSPITAL
2026-09-03 21:19:24,AMB0038,REQ00369,12.948362,80.189758,53.1,135.0,EN_ROUTE_TO_HOSPITAL
2026-09-03 21:19:31,AMB0038,REQ00369,12.949099,80.197334,48.0,135.0,EN_ROUTE_TO_HOSPITAL
2026-09-03 21:19:37,AMB0038,REQ00369,12.94892,80.20368,37.3,135.0,EN_ROUTE_TO_HOSPITAL
2026-09-03 21:19:45,AMB0038,REQ00369,12.94943,80.210205,34.7,135.0,EN_ROUTE_TO_HOSPITAL
2026-09-05 17:08:33,AMB0090,REQ01901,13.019107,80.179626,30.8,135.0,EN_ROUTE_TO_PATIENT
2026-09-05 17:08:37,AMB0090,REQ01901,13.025128,80.189406,24.9,135.0,EN_ROUTE_TO_PATIENT
2026-09-05 17:08:41,AMB0090,REQ01901,13.03173,80.200032,53.2,135.0,EN_ROUTE_TO_PATIENT
2026-09-05 17:08:46,AMB0090,REQ01901,13.037883,80.210905,24.8,135.0,EN_ROUTE_TO_PATIENT
2026-09-05 17:08:53,AMB0090,REQ01901,13.044024,80.220798,34.8,135.0,EN_ROUTE_TO_PATIENT
2026-09-05 17:08:57,AMB0090,REQ01901,13.050556,80.231976,50.2,135.0,EN_ROUTE_TO_PATIENT
2026-09-05 17:09:05,AMB0090,REQ01901,13.056195,80.242597,53.5,135.0,EN_ROUTE_TO_PATIENT
2026-09-05 17:09:09,AMB0090,REQ01901,13.062824,80.25194,39.7,135.0,EN_ROUTE_TO_PATIENT
2026-09-05 17:09:16,AMB0090,REQ01901,13.069296,80.262531,48.0,135.0,EN_ROUTE_TO_PATIENT
2026-09-05 17:09:24,AMB0090,REQ01901,13.075041,80.273685,46.4,135.0,EN_ROUTE_TO_PATIENT
2026-09-05 17:09:31,AMB0090,REQ01901,13.082132,80.284093,29.0,135.0,EN_ROUTE_TO_PATIENT
2026-09-05 17:09:36,AMB0090,REQ01901,13.088413,80.294708,51.7,135.0,EN_ROUTE_TO_PATIENT
2026-09-05 17:09:44,AMB0090,REQ01901,13.093759,80.30433,33.0,135.0,EN_ROUTE_TO_PATIENT
2026-09-05 17:11:07,AMB0090,REQ01901,13.094399,80.305176,22.2,135.0,EN_ROUTE_TO_HOSPITAL
2026-09-05 17:11:15,AMB0090,REQ01901,13.087593,80.292581,40.4,135.0,EN_ROUTE_TO_HOSPITAL
2026-09-05 17:11:22,AMB0090,REQ01901,13.079867,80.279054,34.1,135.0,EN_ROUTE_TO_HOSPITAL
2026-09-05 17:11:27,AMB0090,REQ01901,13.073273,80.266849,49.9,135.0,EN_ROUTE_TO_HOSPITAL
2026-09-05 17:11:35,AMB0090,REQ01901,13.065714,80.254248,43.9,135.0,EN_ROUTE_TO_HOSPITAL
2026-09-05 17:11:41,AMB0090,REQ01901,13.059522,80.241906,37.8,135.0,EN_ROUTE_TO_HOSPITAL
2026-09-05 17:11:46,AMB0090,REQ01901,13.052494,80.229895,48.0,135.0,EN_ROUTE_TO_HOSPITAL
2026-09-05 17:11:50,AMB0090,REQ01901,13.044593,80.217115,41.5,135.0,EN_ROUTE_TO_HOSPITAL
2026-09-05 17:11:57,AMB0090,REQ01901,13.037559,80.2044,40.5,135.0,EN_ROUTE_TO_HOSPITAL
2026-08-29 08:15:15,AMB0073,REQ02763,13.045277,80.232779,34.2,135.0,EN_ROUTE_TO_PATIENT
2026-08-29 08:15:22,AMB0073,REQ02763,13.049859,80.22184,47.7,135.0,EN_ROUTE_TO_PATIENT
2026-08-29 08:15:29,AMB0073,REQ02763,13.05444,80.209616,38.0,135.0,EN_ROUTE_TO_PATIENT
2026-08-29 08:15:34,AMB0073,REQ02763,13.059732,80.197313,33.9,135.0,EN_ROUTE_TO_PATIENT
2026-08-29 08:15:42,AMB0073,REQ02763,13.065377,80.185057,32.5,135.0,EN_ROUTE_TO_PATIENT
2026-08-29 08:15:48,AMB0073,REQ02763,13.06965,80.172866,23.9,135.0,EN_ROUTE_TO_PATIENT
2026-08-29 08:15:55,AMB0073,REQ02763,13.075182,80.160693,46.8,135.0,EN_ROUTE_TO_PATIENT
2026-08-29 08:15:59,AMB0073,REQ02763,13.079451,80.149499,45.9,135.0,EN_ROUTE_TO_PATIENT
2026-08-29 08:16:03,AMB0073,REQ02763,13.085383,80.137456,38.5,135.0,EN_ROUTE_TO_PATIENT
2026-08-29 08:16:08,AMB0073,REQ02763,13.090218,80.124984,34.7,135.0,EN_ROUTE_TO_PATIENT
2026-08-29 08:16:15,AMB0073,REQ02763,13.095647,80.11312,54.6,135.0,EN_ROUTE_TO_PATIENT
2026-08-29 08:16:20,AMB0073,REQ02763,13.10056,80.100851,48.0,135.0,EN_ROUTE_TO_PATIENT
2026-08-29 08:16:57,AMB0073,REQ02763,13.10065,80.100314,47.5,135.0,EN_ROUTE_TO_HOSPITAL
2026-08-29 08:17:03,AMB0073,REQ02763,13.09598,80.111154,31.8,135.0,EN_ROUTE_TO_HOSPITAL
2026-08-29 08:17:09,AMB0073,REQ02763,13.091237,80.121037,34.3,135.0,EN_ROUTE_TO_HOSPITAL
2026-08-29 08:17:15,AMB0073,REQ02763,13.087341,80.131202,23.6,135.0,EN_ROUTE_TO_HOSPITAL
2026-08-29 08:17:21,AMB0073,REQ02763,13.082353,80.141072,41.9,135.0,EN_ROUTE_TO_HOSPITAL
2026-08-29 08:17:27,AMB0073,REQ02763,13.078453,80.150417,26.2,135.0,EN_ROUTE_TO_HOSPITAL
2026-08-29 08:17:32,AMB0073,REQ02763,13.07444,80.160852,44.4,135.0,EN_ROUTE_TO_HOSPITAL
2026-08-29 08:17:40,AMB0073,REQ02763,13.069114,80.171378,34.6,135.0,EN_ROUTE_TO_HOSPITAL
2026-08-29 08:17:46,AMB0073,REQ02763,13.065223,80.180964,31.0,135.0,EN_ROUTE_TO_HOSPITAL
2026-08-29 08:17:54,AMB0073,REQ02763,13.061296,80.190814,30.7,135.0,EN_ROUTE_TO_HOSPITAL
2026-08-29 08:17:59,AMB0073,REQ02763,13.056253,80.200742,42.3,135.0,EN_ROUTE_TO_HOSPITAL
2026-08-29 08:18:07,AMB0073,REQ02763,13.052038,80.211171,26.0,135.0,EN_ROUTE_TO_HOSPITAL
2026-08-07 22:09:10,AMB0111,REQ02790,12.899597,80.231286,23.6,135.0,EN_ROUTE_TO_PATIENT
2026-08-07 22:09:18,AMB0111,REQ02790,12.907819,80.231245,26.6,135.0,EN_ROUTE_TO_PATIENT
2026-08-07 22:09:25,AMB0111,REQ02790,12.916045,80.232181,54.3,135.0,EN_ROUTE_TO_PATIENT
2026-08-07 22:09:32,AMB0111,REQ02790,12.92414,80.232878,50.8,135.0,EN_ROUTE_TO_PATIENT
2026-08-07 22:09:36,AMB0111,REQ02790,12.932671,80.234008,34.0,135.0,EN_ROUTE_TO_PATIENT
2026-08-07 22:09:42,AMB0111,REQ02790,12.940709,80.235091,27.1,135.0,EN_ROUTE_TO_PATIENT
2026-08-07 22:09:47,AMB0111,REQ02790,12.949204,80.236385,24.7,135.0,EN_ROUTE_TO_PATIENT
2026-08-07 22:09:55,AMB0111,REQ02790,12.957503,80.236905,48.7,135.0,EN_ROUTE_TO_PATIENT
2026-08-07 22:10:03,AMB0111,REQ02790,12.965136,80.23774,33.9,135.0,EN_ROUTE_TO_PATIENT
2026-08-07 22:10:11,AMB0111,REQ02790,12.973422,80.238404,42.8,135.0,EN_ROUTE_TO_PATIENT
2026-08-07 22:10:19,AMB0111,REQ02790,12.981964,80.238717,36.7,135.0,EN_ROUTE_TO_PATIENT
2026-08-07 22:10:27,AMB0111,REQ02790,12.990083,80.239368,27.0,135.0,EN_ROUTE_TO_PATIENT
2026-08-07 22:10:34,AMB0111,REQ02790,12.998471,80.24022,31.9,135.0,EN_ROUTE_TO_PATIENT
2026-08-07 22:10:39,AMB0111,REQ02790,13.006307,80.2417,54.5,135.0,EN_ROUTE_TO_PATIENT
2026-08-07 22:10:46,AMB0111,REQ02790,13.014704,80.24215,42.2,135.0,EN_ROUTE_TO_PATIENT
2026-08-07 22:10:53,AMB0111,REQ02790,13.023479,80.242642,32.4,135.0,EN_ROUTE_TO_PATIENT
2026-08-07 22:10:57,AMB0111,REQ02790,13.031262,80.243922,27.6,135.0,EN_ROUTE_TO_PATIENT
2026-08-07 22:12:06,AMB0111,REQ02790,13.031791,80.244281,45.9,135.0,EN_ROUTE_TO_HOSPITAL
2026-08-07 22:12:11,AMB0111,REQ02790,13.038469,80.247324,50.2,135.0,EN_ROUTE_TO_HOSPITAL
2026-08-07 22:12:18,AMB0111,REQ02790,13.045591,80.250643,22.5,135.0,EN_ROUTE_TO_HOSPITAL
2026-08-07 22:12:23,AMB0111,REQ02790,13.052929,80.253775,49.9,135.0,EN_ROUTE_TO_HOSPITAL
2026-08-07 22:12:31,AMB0111,REQ02790,13.060181,80.258341,51.9,135.0,EN_ROUTE_TO_HOSPITAL
2026-08-07 22:12:38,AMB0111,REQ02790,13.068041,80.260979,43.3,135.0,EN_ROUTE_TO_HOSPITAL
2026-08-07 22:12:46,AMB0111,REQ02790,13.075601,80.264661,31.8,135.0,EN_ROUTE_TO_HOSPITAL
2026-08-07 22:12:50,AMB0111,REQ02790,13.083324,80.268083,35.5,135.0,EN_ROUTE_TO_HOSPITAL
2026-08-07 22:12:56,AMB0111,REQ02790,13.089788,80.271248,51.8,135.0,EN_ROUTE_TO_HOSPITAL
2026-08-07 22:13:01,AMB0111,REQ02790,13.097173,80.275488,41.5,135.0,EN_ROUTE_TO_HOSPITAL
2026-08-07 22:13:07,AMB0111,REQ02790,13.104867,80.278509,23.0,135.0,EN_ROUTE_TO_HOSPITAL
2026-08-07 22:13:12,AMB0111,REQ02790,13.112166,80.282454,53.2,135.0,EN_ROUTE_TO_HOSPITAL
2026-08-07 22:13:19,AMB0111,REQ02790,13.119925,80.285459,30.5,135.0,EN_ROUTE_TO_HOSPITAL
2026-08-07 22:13:26,AMB0111,REQ02790,13.127527,80.289268,44.3,135.0,EN_ROUTE_TO_HOSPITAL
2026-08-20 21:42:26,AMB0078,REQ01034,13.038283,80.158361,41.6,135.0,EN_ROUTE_TO_PATIENT
2026-08-20 21:42:34,AMB0078,REQ01034,13.046454,80.164489,42.9,135.0,EN_ROUTE_TO_PATIENT
2026-08-20 21:42:38,AMB0078,REQ01034,13.053429,80.170515,41.7,135.0,EN_ROUTE_TO_PATIENT
2026-08-20 21:42:44,AMB0078,REQ01034,13.06223,80.175665,36.5,135.0,EN_ROUTE_TO_PATIENT
2026-08-20 21:42:51,AMB0078,REQ01034,13.069017,80.181264,44.1,135.0,EN_ROUTE_TO_PATIENT
2026-08-20 21:42:57,AMB0078,REQ01034,13.077655,80.186867,50.8,135.0,EN_ROUTE_TO_PATIENT
2026-08-20 21:43:01,AMB0078,REQ01034,13.084978,80.192491,34.8,135.0,EN_ROUTE_TO_PATIENT
2026-08-20 21:43:08,AMB0078,REQ01034,13.093485,80.198577,37.1,135.0,EN_ROUTE_TO_PATIENT
2026-08-20 21:43:14,AMB0078,REQ01034,13.100575,80.204416,38.4,135.0,EN_ROUTE_TO_PATIENT
2026-08-20 21:44:17,AMB0078,REQ01034,13.100521,80.204406,24.2,135.0,EN_ROUTE_TO_HOSPITAL
2026-08-20 21:44:23,AMB0078,REQ01034,13.09933,80.202415,49.6,135.0,EN_ROUTE_TO_HOSPITAL
2026-08-20 21:44:30,AMB0078,REQ01034,13.097514,80.199556,20.5,135.0,EN_ROUTE_TO_HOSPITAL
2026-08-20 21:44:38,AMB0078,REQ01034,13.095106,80.198074,20.4,135.0,EN_ROUTE_TO_HOSPITAL
2026-08-20 21:44:44,AMB0078,REQ01034,13.093311,80.195814,53.2,135.0,EN_ROUTE_TO_HOSPITAL
2026-08-20 21:44:50,AMB0078,REQ01034,13.091192,80.193229,45.8,135.0,EN_ROUTE_TO_HOSPITAL
2026-08-20 21:44:55,AMB0078,REQ01034,13.089915,80.190962,50.2,135.0,EN_ROUTE_TO_HOSPITAL
2026-08-20 21:44:59,AMB0078,REQ01034,13.08729,80.189064,20.1,135.0,EN_ROUTE_TO_HOSPITAL
2026-08-20 21:45:06,AMB0078,REQ01034,13.085517,80.187009,43.4,135.0,EN_ROUTE_TO_HOSPITAL
2026-08-28 16:03:01,AMB0062,REQ01343,13.044623,80.251557,49.4,135.0,EN_ROUTE_TO_PATIENT
2026-08-28 16:03:09,AMB0062,REQ01343,13.040325,80.252639,25.0,135.0,EN_ROUTE_TO_PATIENT
2026-08-28 16:03:14,AMB0062,REQ01343,13.035523,80.252543,47.2,135.0,EN_ROUTE_TO_PATIENT
2026-08-28 16:03:21,AMB0062,REQ01343,13.030008,80.253176,32.2,135.0,EN_ROUTE_TO_PATIENT
2026-08-28 16:03:27,AMB0062,REQ01343,13.026194,80.253442,25.2,135.0,EN_ROUTE_TO_PATIENT
2026-08-28 16:03:31,AMB0062,REQ01343,13.021064,80.253397,31.0,135.0,EN_ROUTE_TO_PATIENT
2026-08-28 16:03:39,AMB0062,REQ01343,13.016674,80.254161,30.0,135.0,EN_ROUTE_TO_PATIENT
2026-08-28 16:03:47,AMB0062,REQ01343,13.011654,80.253642,22.2,135.0,EN_ROUTE_TO_PATIENT
2026-08-28 16:03:51,AMB0062,REQ01343,13.007011,80.253973,26.1,135.0,EN_ROUTE_TO_PATIENT
2026-08-28 16:03:57,AMB0062,REQ01343,13.002454,80.254186,23.6,135.0,EN_ROUTE_TO_PATIENT
2026-08-28 16:04:04,AMB0062,REQ01343,12.998737,80.254692,47.2,135.0,EN_ROUTE_TO_PATIENT
2026-08-28 16:04:11,AMB0062,REQ01343,12.994081,80.254756,49.0,135.0,EN_ROUTE_TO_PATIENT
2026-08-28 16:04:15,AMB0062,REQ01343,12.989232,80.256017,41.1,135.0,EN_ROUTE_TO_PATIENT
2026-08-28 16:04:21,AMB0062,REQ01343,12.984346,80.255855,34.4,135.0,EN_ROUTE_TO_PATIENT
2026-08-28 16:04:26,AMB0062,REQ01343,12.979918,80.256477,26.6,135.0,EN_ROUTE_TO_PATIENT
2026-08-28 16:04:30,AMB0062,REQ01343,12.974986,80.256197,46.6,135.0,EN_ROUTE_TO_PATIENT
2026-08-28 16:05:25,AMB0062,REQ01343,12.975311,80.255861,23.7,135.0,EN_ROUTE_TO_HOSPITAL
2026-08-28 16:05:31,AMB0062,REQ01343,12.988731,80.26001,44.1,135.0,EN_ROUTE_TO_HOSPITAL
2026-08-28 16:05:38,AMB0062,REQ01343,13.001301,80.2629,22.5,135.0,EN_ROUTE_TO_HOSPITAL
2026-08-28 16:05:42,AMB0062,REQ01343,13.014496,80.265269,27.3,135.0,EN_ROUTE_TO_HOSPITAL
2026-08-28 16:05:47,AMB0062,REQ01343,13.028047,80.268327,49.4,135.0,EN_ROUTE_TO_HOSPITAL
2026-08-28 16:05:53,AMB0062,REQ01343,13.041309,80.271554,22.3,135.0,EN_ROUTE_TO_HOSPITAL
2026-08-28 16:06:00,AMB0062,REQ01343,13.054288,80.274185,28.6,135.0,EN_ROUTE_TO_HOSPITAL
2026-08-28 16:06:06,AMB0062,REQ01343,13.06758,80.277342,54.9,135.0,EN_ROUTE_TO_HOSPITAL
2026-08-28 16:06:13,AMB0062,REQ01343,13.080885,80.280241,32.9,135.0,EN_ROUTE_TO_HOSPITAL
2026-08-28 16:06:19,AMB0062,REQ01343,13.093666,80.283496,38.8,135.0,EN_ROUTE_TO_HOSPITAL
2026-08-28 16:06:27,AMB0062,REQ01343,13.107265,80.287012,47.4,135.0,EN_ROUTE_TO_HOSPITAL
2026-08-22 07:57:04,AMB0009,REQ01720,13.14687,80.232702,43.7,135.0,EN_ROUTE_TO_PATIENT
2026-08-22 07:57:11,AMB0009,REQ01720,13.138469,80.231632,43.0,135.0,EN_ROUTE_TO_PATIENT
2026-08-22 07:57:15,AMB0009,REQ01720,13.131176,80.232422,51.7,135.0,EN_ROUTE_TO_PATIENT
2026-08-22 07:57:22,AMB0009,REQ01720,13.122894,80.232337,26.2,135.0,EN_ROUTE_TO_PATIENT
2026-08-22 07:57:30,AMB0009,REQ01720,13.115015,80.232086,37.0,135.0,EN_ROUTE_TO_PATIENT
2026-08-22 07:57:35,AMB0009,REQ01720,13.107234,80.231088,29.1,135.0,EN_ROUTE_TO_PATIENT
2026-08-22 07:57:39,AMB0009,REQ01720,13.098166,80.23145,43.7,135.0,EN_ROUTE_TO_PATIENT
2026-08-22 07:57:47,AMB0009,REQ01720,13.09031,80.231152,53.1,135.0,EN_ROUTE_TO_PATIENT
2026-08-22 07:57:55,AMB0009,REQ01720,13.082683,80.230382,45.8,135.0,EN_ROUTE_TO_PATIENT
2026-08-22 07:57:59,AMB0009,REQ01720,13.075239,80.230278,26.0,135.0,EN_ROUTE_TO_PATIENT
2026-08-22 07:58:05,AMB0009,REQ01720,13.067231,80.230203,51.7,135.0,EN_ROUTE_TO_PATIENT
2026-08-22 07:58:13,AMB0009,REQ01720,13.059415,80.230217,29.9,135.0,EN_ROUTE_TO_PATIENT
2026-08-22 07:58:18,AMB0009,REQ01720,13.051307,80.229663,41.5,135.0,EN_ROUTE_TO_PATIENT
2026-08-22 07:59:13,AMB0009,REQ01720,13.050491,80.229861,26.3,135.0,EN_ROUTE_TO_HOSPITAL
2026-08-22 07:59:19,AMB0009,REQ01720,13.047868,80.231648,37.2,135.0,EN_ROUTE_TO_HOSPITAL
2026-08-22 07:59:27,AMB0009,REQ01720,13.043474,80.233286,54.7,135.0,EN_ROUTE_TO_HOSPITAL
2026-08-22 07:59:35,AMB0009,REQ01720,13.0407,80.234916,27.7,135.0,EN_ROUTE_TO_HOSPITAL
2026-08-22 07:59:41,AMB0009,REQ01720,13.036566,80.23594,50.0,135.0,EN_ROUTE_TO_HOSPITAL
2026-08-22 07:59:46,AMB0009,REQ01720,13.034215,80.237493,23.7,135.0,EN_ROUTE_TO_HOSPITAL
2026-08-22 07:59:52,AMB0009,REQ01720,13.030103,80.240065,27.2,135.0,EN_ROUTE_TO_HOSPITAL
2026-08-22 07:59:57,AMB0009,REQ01720,13.026898,80.240666,52.5,135.0,EN_ROUTE_TO_HOSPITAL
2026-08-22 08:00:02,AMB0009,REQ01720,13.02355,80.243246,28.4,135.0,EN_ROUTE_TO_HOSPITAL
2026-08-22 08:00:06,AMB0009,REQ01720,13.020021,80.243849,27.6,135.0,EN_ROUTE_TO_HOSPITAL
2026-08-22 08:00:10,AMB0009,REQ01720,13.016712,80.24609,22.4,135.0,EN_ROUTE_TO_HOSPITAL
2026-08-22 08:00:18,AMB0009,REQ01720,13.012726,80.247914,27.6,135.0,EN_ROUTE_TO_HOSPITAL
2026-08-22 08:00:25,AMB0009,REQ01720,13.009246,80.248604,51.2,135.0,EN_ROUTE_TO_HOSPITAL
2026-08-22 08:00:33,AMB0009,REQ01720,13.005755,80.250244,47.1,135.0,EN_ROUTE_TO_HOSPITAL
2026-08-17 01:23:24,AMB0073,REQ00366,13.045431,80.233047,40.1,135.0,EN_ROUTE_TO_PATIENT
2026-08-17 01:23:29,AMB0073,REQ00366,13.039188,80.234174,41.4,135.0,EN_ROUTE_TO_PATIENT
2026-08-17 01:23:33,AMB0073,REQ00366,13.034143,80.235675,45.2,135.0,EN_ROUTE_TO_PATIENT
2026-08-17 01:23:41,AMB0073,REQ00366,13.027623,80.23738,50.6,135.0,EN_ROUTE_TO_PATIENT
2026-08-17 01:23:48,AMB0073,REQ00366,13.022309,80.238304,35.6,135.0,EN_ROUTE_TO_PATIENT
2026-08-17 01:23:54,AMB0073,REQ00366,13.016863,80.240137,51.1,135.0,EN_ROUTE_TO_PATIENT
2026-08-17 01:24:02,AMB0073,REQ00366,13.011034,80.241239,53.2,135.0,EN_ROUTE_TO_PATIENT
2026-08-17 01:24:08,AMB0073,REQ00366,13.006311,80.243334,41.3,135.0,EN_ROUTE_TO_PATIENT
2026-08-17 01:24:16,AMB0073,REQ00366,13.000669,80.244647,23.0,135.0,EN_ROUTE_TO_PATIENT
2026-08-17 01:24:24,AMB0073,REQ00366,12.994738,80.245633,26.1,135.0,EN_ROUTE_TO_PATIENT
2026-08-17 01:24:32,AMB0073,REQ00366,12.988731,80.246588,43.6,135.0,EN_ROUTE_TO_PATIENT
2026-08-17 01:24:37,AMB0073,REQ00366,12.983738,80.248285,24.1,135.0,EN_ROUTE_TO_PATIENT
2026-08-17 01:24:44,AMB0073,REQ00366,12.97756,80.249543,35.2,135.0,EN_ROUTE_TO_PATIENT
2026-08-17 01:24:52,AMB0073,REQ00366,12.972015,80.250499,49.5,135.0,EN_ROUTE_TO_PATIENT
2026-08-17 01:24:56,AMB0073,REQ00366,12.966364,80.251725,52.8,135.0,EN_ROUTE_TO_PATIENT
2026-08-17 01:25:01,AMB0073,REQ00366,12.961543,80.253617,54.0,135.0,EN_ROUTE_TO_PATIENT
2026-08-17 01:25:52,AMB0073,REQ00366,12.960503,80.253983,37.2,135.0,EN_ROUTE_TO_HOSPITAL
2026-08-17 01:26:00,AMB0073,REQ00366,12.966697,80.250397,35.1,135.0,EN_ROUTE_TO_HOSPITAL
2026-08-17 01:26:07,AMB0073,REQ00366,12.972983,80.248518,29.6,135.0,EN_ROUTE_TO_HOSPITAL
2026-08-17 01:26:11,AMB0073,REQ00366,12.978714,80.245445,45.2,135.0,EN_ROUTE_TO_HOSPITAL
2026-08-17 01:26:15,AMB0073,REQ00366,12.983537,80.242789,31.6,135.0,EN_ROUTE_TO_HOSPITAL
2026-08-17 01:26:19,AMB0073,REQ00366,12.990035,80.239717,22.3,135.0,EN_ROUTE_TO_HOSPITAL
2026-08-17 01:26:26,AMB0073,REQ00366,12.994857,80.237479,20.8,135.0,EN_ROUTE_TO_HOSPITAL
2026-08-17 01:26:30,AMB0073,REQ00366,13.000682,80.234436,28.3,135.0,EN_ROUTE_TO_HOSPITAL
2026-08-17 01:26:34,AMB0073,REQ00366,13.006932,80.232242,50.9,135.0,EN_ROUTE_TO_HOSPITAL
2026-08-17 01:26:42,AMB0073,REQ00366,13.011846,80.22932,20.5,135.0,EN_ROUTE_TO_HOSPITAL
2026-08-17 01:26:49,AMB0073,REQ00366,13.017584,80.22721,38.7,135.0,EN_ROUTE_TO_HOSPITAL
2026-08-17 01:26:56,AMB0073,REQ00366,13.023137,80.224067,22.4,135.0,EN_ROUTE_TO_HOSPITAL
2026-08-17 01:27:00,AMB0073,REQ00366,13.029205,80.221989,44.4,135.0,EN_ROUTE_TO_HOSPITAL
2026-08-17 01:27:06,AMB0073,REQ00366,13.034609,80.21891,20.8,135.0,EN_ROUTE_TO_HOSPITAL
2026-08-17 01:27:13,AMB0073,REQ00366,13.040812,80.216571,35.1,135.0,EN_ROUTE_TO_HOSPITAL
2026-08-17 01:27:17,AMB0073,REQ00366,13.046972,80.214058,28.1,135.0,EN_ROUTE_TO_HOSPITAL
2026-08-17 01:27:24,AMB0073,REQ00366,13.052355,80.21124,20.7,135.0,EN_ROUTE_TO_HOSPITAL
2026-08-27 07:20:47,AMB0016,REQ00175,13.129794,80.287312,50.5,135.0,EN_ROUTE_TO_PATIENT
2026-08-27 07:20:51,AMB0016,REQ00175,13.124869,80.287504,28.0,135.0,EN_ROUTE_TO_PATIENT
2026-08-27 07:20:56,AMB0016,REQ00175,13.120748,80.287475,30.4,135.0,EN_ROUTE_TO_PATIENT
2026-08-27 07:21:00,AMB0016,REQ00175,13.117105,80.28799,22.0,135.0,EN_ROUTE_TO_PATIENT
2026-08-27 07:21:05,AMB0016,REQ00175,13.11298,80.288166,26.7,135.0,EN_ROUTE_TO_PATIENT
2026-08-27 07:21:11,AMB0016,REQ00175,13.108633,80.288247,27.4,135.0,EN_ROUTE_TO_PATIENT
2026-08-27 07:21:19,AMB0016,REQ00175,13.104668,80.289103,26.6,135.0,EN_ROUTE_TO_PATIENT
2026-08-27 07:21:26,AMB0016,REQ00175,13.100203,80.289582,30.8,135.0,EN_ROUTE_TO_PATIENT
2026-08-27 07:21:31,AMB0016,REQ00175,13.096701,80.289868,25.1,135.0,EN_ROUTE_TO_PATIENT
2026-08-27 07:21:38,AMB0016,REQ00175,13.092096,80.289531,32.7,135.0,EN_ROUTE_TO_PATIENT
2026-08-27 07:21:46,AMB0016,REQ00175,13.087703,80.290145,37.5,135.0,EN_ROUTE_TO_PATIENT
2026-08-27 07:21:50,AMB0016,REQ00175,13.083819,80.290348,32.6,135.0,EN_ROUTE_TO_PATIENT
2026-08-27 07:21:57,AMB0016,REQ00175,13.079944,80.290805,47.2,135.0,EN_ROUTE_TO_PATIENT
2026-08-27 07:22:05,AMB0016,REQ00175,13.075469,80.290958,46.4,135.0,EN_ROUTE_TO_PATIENT
2026-08-27 07:22:10,AMB0016,REQ00175,13.071358,80.291207,33.5,135.0,EN_ROUTE_TO_PATIENT
2026-08-27 07:23:29,AMB0016,REQ00175,13.07157,80.291489,54.3,135.0,EN_ROUTE_TO_HOSPITAL
2026-08-27 07:23:37,AMB0016,REQ00175,13.072087,80.289621,32.0,135.0,EN_ROUTE_TO_HOSPITAL
2026-08-27 07:23:44,AMB0016,REQ00175,13.071506,80.288446,41.2,135.0,EN_ROUTE_TO_HOSPITAL
2026-08-27 07:23:52,AMB0016,REQ00175,13.071703,80.287004,22.1,135.0,EN_ROUTE_TO_HOSPITAL
2026-08-27 07:23:57,AMB0016,REQ00175,13.070752,80.285972,41.6,135.0,EN_ROUTE_TO_HOSPITAL
2026-08-27 07:24:04,AMB0016,REQ00175,13.07121,80.284678,43.4,135.0,EN_ROUTE_TO_HOSPITAL
2026-08-27 07:24:09,AMB0016,REQ00175,13.070307,80.28284,29.1,135.0,EN_ROUTE_TO_HOSPITAL
2026-08-27 07:24:13,AMB0016,REQ00175,13.069984,80.282016,37.2,135.0,EN_ROUTE_TO_HOSPITAL
2026-08-27 07:24:18,AMB0016,REQ00175,13.070333,80.279729,41.5,135.0,EN_ROUTE_TO_HOSPITAL
2026-08-27 07:24:22,AMB0016,REQ00175,13.069788,80.278737,27.6,135.0,EN_ROUTE_TO_HOSPITAL
2026-08-27 07:24:26,AMB0016,REQ00175,13.069865,80.276904,43.8,135.0,EN_ROUTE_TO_HOSPITAL
2026-08-27 07:24:34,AMB0016,REQ00175,13.07002,80.276579,48.5,135.0,EN_ROUTE_TO_HOSPITAL
2026-08-27 07:24:40,AMB0016,REQ00175,13.069889,80.274581,21.7,135.0,EN_ROUTE_TO_HOSPITAL
2026-08-18 12:27:39,AMB0041,REQ01939,13.085894,80.172144,27.5,135.0,EN_ROUTE_TO_PATIENT
2026-08-18 12:27:47,AMB0041,REQ01939,13.093128,80.181255,28.6,135.0,EN_ROUTE_TO_PATIENT
2026-08-18 12:27:51,AMB0041,REQ01939,13.09882,80.191136,45.8,135.0,EN_ROUTE_TO_PATIENT
2026-08-18 12:27:55,AMB0041,REQ01939,13.106196,80.200373,36.2,135.0,EN_ROUTE_TO_PATIENT
2026-08-18 12:28:03,AMB0041,REQ01939,13.112342,80.209584,33.1,135.0,EN_ROUTE_TO_PATIENT
2026-08-18 12:28:09,AMB0041,REQ01939,13.118432,80.217991,48.3,135.0,EN_ROUTE_TO_PATIENT
2026-08-18 12:28:14,AMB0041,REQ01939,13.125184,80.228125,30.1,135.0,EN_ROUTE_TO_PATIENT
2026-08-18 12:28:19,AMB0041,REQ01939,13.13186,80.237033,32.7,135.0,EN_ROUTE_TO_PATIENT
2026-08-18 12:28:26,AMB0041,REQ01939,13.138217,80.246597,51.1,135.0,EN_ROUTE_TO_PATIENT
2026-08-18 12:28:34,AMB0041,REQ01939,13.145463,80.254892,30.0,135.0,EN_ROUTE_TO_PATIENT
2026-08-18 12:28:40,AMB0041,REQ01939,13.151013,80.264217,30.1,135.0,EN_ROUTE_TO_PATIENT
2026-08-18 12:28:44,AMB0041,REQ01939,13.158278,80.273808,51.1,135.0,EN_ROUTE_TO_PATIENT
2026-08-18 12:29:46,AMB0041,REQ01939,13.157666,80.274117,23.3,135.0,EN_ROUTE_TO_HOSPITAL
2026-08-18 12:29:52,AMB0041,REQ01939,13.154038,80.274904,32.9,135.0,EN_ROUTE_TO_HOSPITAL
2026-08-18 12:29:59,AMB0041,REQ01939,13.150867,80.275306,26.8,135.0,EN_ROUTE_TO_HOSPITAL
2026-08-18 12:30:06,AMB0041,REQ01939,13.146323,80.276677,39.4,135.0,EN_ROUTE_TO_HOSPITAL
2026-08-18 12:30:10,AMB0041,REQ01939,13.14369,80.277918,24.2,135.0,EN_ROUTE_TO_HOSPITAL
2026-08-18 12:30:17,AMB0041,REQ01939,13.139776,80.278576,54.0,135.0,EN_ROUTE_TO_HOSPITAL
2026-08-18 12:30:23,AMB0041,REQ01939,13.136138,80.280218,23.1,135.0,EN_ROUTE_TO_HOSPITAL
2026-08-18 12:30:27,AMB0041,REQ01939,13.13204,80.281074,20.2,135.0,EN_ROUTE_TO_HOSPITAL
2026-08-18 12:30:32,AMB0041,REQ01939,13.128328,80.281598,30.4,135.0,EN_ROUTE_TO_HOSPITAL
2026-08-18 12:30:40,AMB0041,REQ01939,13.124767,80.283199,34.6,135.0,EN_ROUTE_TO_HOSPITAL
2026-08-18 12:30:44,AMB0041,REQ01939,13.120981,80.283436,26.1,135.0,EN_ROUTE_TO_HOSPITAL
2026-08-18 12:30:52,AMB0041,REQ01939,13.117182,80.284922,53.2,135.0,EN_ROUTE_TO_HOSPITAL
2026-08-18 12:30:57,AMB0041,REQ01939,13.112993,80.286318,33.2,135.0,EN_ROUTE_TO_HOSPITAL
2026-08-25 10:37:02,AMB0085,REQ01018,13.010422,80.220773,54.6,135.0,EN_ROUTE_TO_PATIENT
2026-08-25 10:37:06,AMB0085,REQ01018,13.001718,80.221458,23.6,135.0,EN_ROUTE_TO_PATIENT
2026-08-25 10:37:14,AMB0085,REQ01018,12.993154,80.222902,38.9,135.0,EN_ROUTE_TO_PATIENT
2026-08-25 10:37:18,AMB0085,REQ01018,12.984676,80.223703,44.5,135.0,EN_ROUTE_TO_PATIENT
2026-08-25 10:37:26,AMB0085,REQ01018,12.975907,80.224936,39.8,135.0,EN_ROUTE_TO_PATIENT
2026-08-25 10:37:30,AMB0085,REQ01018,12.968167,80.225772,33.6,135.0,EN_ROUTE_TO_PATIENT
2026-08-25 10:37:36,AMB0085,REQ01018,12.959414,80.227085,41.0,135.0,EN_ROUTE_TO_PATIENT
2026-08-25 10:37:41,AMB0085,REQ01018,12.950467,80.228186,32.0,135.0,EN_ROUTE_TO_PATIENT
2026-08-25 10:37:45,AMB0085,REQ01018,12.942361,80.228891,44.9,135.0,EN_ROUTE_TO_PATIENT
2026-08-25 10:37:49,AMB0085,REQ01018,12.933741,80.230367,20.9,135.0,EN_ROUTE_TO_PATIENT
2026-08-25 10:37:53,AMB0085,REQ01018,12.925126,80.230768,30.5,135.0,EN_ROUTE_TO_PATIENT
2026-08-25 10:37:59,AMB0085,REQ01018,12.916925,80.232327,24.5,135.0,EN_ROUTE_TO_PATIENT
2026-08-25 10:39:02,AMB0085,REQ01018,12.916801,80.231766,20.4,135.0,EN_ROUTE_TO_HOSPITAL
2026-08-25 10:39:10,AMB0085,REQ01018,12.918211,80.219409,40.7,135.0,EN_ROUTE_TO_HOSPITAL
2026-08-25 10:39:14,AMB0085,REQ01018,12.919326,80.206249,36.9,135.0,EN_ROUTE_TO_HOSPITAL
2026-08-25 10:39:20,AMB0085,REQ01018,12.920081,80.193239,29.2,135.0,EN_ROUTE_TO_HOSPITAL
2026-08-25 10:39:24,AMB0085,REQ01018,12.920825,80.179533,52.4,135.0,EN_ROUTE_TO_HOSPITAL
2026-08-25 10:39:30,AMB0085,REQ01018,12.921697,80.166548,41.0,135.0,EN_ROUTE_TO_HOSPITAL
2026-08-25 10:39:36,AMB0085,REQ01018,12.922402,80.154143,26.1,135.0,EN_ROUTE_TO_HOSPITAL
2026-08-25 10:39:42,AMB0085,REQ01018,12.922828,80.140075,41.3,135.0,EN_ROUTE_TO_HOSPITAL
2026-08-25 10:39:50,AMB0085,REQ01018,12.9237,80.127001,29.2,135.0,EN_ROUTE_TO_HOSPITAL
2026-08-24 22:49:22,AMB0005,REQ00774,13.16257,80.296931,47.4,135.0,EN_ROUTE_TO_PATIENT
2026-08-24 22:49:30,AMB0005,REQ00774,13.155816,80.293979,32.9,135.0,EN_ROUTE_TO_PATIENT
2026-08-24 22:49:34,AMB0005,REQ00774,13.149244,80.291755,31.9,135.0,EN_ROUTE_TO_PATIENT
2026-08-24 22:49:41,AMB0005,REQ00774,13.143557,80.288698,20.2,135.0,EN_ROUTE_TO_PATIENT
2026-08-24 22:49:49,AMB0005,REQ00774,13.137042,80.286796,39.7,135.0,EN_ROUTE_TO_PATIENT
2026-08-24 22:49:54,AMB0005,REQ00774,13.130765,80.284261,25.1,135.0,EN_ROUTE_TO_PATIENT
2026-08-24 22:49:58,AMB0005,REQ00774,13.123961,80.280897,40.2,135.0,EN_ROUTE_TO_PATIENT
2026-08-24 22:50:04,AMB0005,REQ00774,13.118285,80.278191,34.0,135.0,EN_ROUTE_TO_PATIENT
2026-08-24 22:50:11,AMB0005,REQ00774,13.112178,80.275804,27.2,135.0,EN_ROUTE_TO_PATIENT
2026-08-24 22:50:19,AMB0005,REQ00774,13.105908,80.273249,25.2,135.0,EN_ROUTE_TO_PATIENT
2026-08-24 22:50:26,AMB0005,REQ00774,13.099301,80.271467,41.0,135.0,EN_ROUTE_TO_PATIENT
2026-08-24 22:50:31,AMB0005,REQ00774,13.093196,80.268826,47.1,135.0,EN_ROUTE_TO_PATIENT
2026-08-24 22:50:38,AMB0005,REQ00774,13.086405,80.266222,42.3,135.0,EN_ROUTE_TO_PATIENT
2026-08-24 22:50:42,AMB0005,REQ00774,13.079937,80.262453,48.2,135.0,EN_ROUTE_TO_PATIENT
2026-08-24 22:50:50,AMB0005,REQ00774,13.07357,80.260269,35.4,135.0,EN_ROUTE_TO_PATIENT
2026-08-24 22:50:57,AMB0005,REQ00774,13.067805,80.258253,47.8,135.0,EN_ROUTE_TO_PATIENT
2026-08-24 22:51:01,AMB0005,REQ00774,13.060952,80.255262,27.7,135.0,EN_ROUTE_TO_PATIENT
2026-08-24 22:52:34,AMB0005,REQ00774,13.061204,80.255322,50.5,135.0,EN_ROUTE_TO_HOSPITAL
2026-08-24 22:52:38,AMB0005,REQ00774,13.045852,80.239803,20.8,135.0,EN_ROUTE_TO_HOSPITAL
2026-08-24 22:52:42,AMB0005,REQ00774,13.030964,80.223928,39.1,135.0,EN_ROUTE_TO_HOSPITAL
2026-08-24 22:52:48,AMB0005,REQ00774,13.015276,80.207484,21.1,135.0,EN_ROUTE_TO_HOSPITAL
2026-08-24 22:52:56,AMB0005,REQ00774,12.999865,80.192115,40.6,135.0,EN_ROUTE_TO_HOSPITAL
2026-08-24 22:53:01,AMB0005,REQ00774,12.98547,80.17612,49.3,135.0,EN_ROUTE_TO_HOSPITAL
2026-08-24 22:53:07,AMB0005,REQ00774,12.970556,80.160075,42.6,135.0,EN_ROUTE_TO_HOSPITAL
2026-08-24 22:53:11,AMB0005,REQ00774,12.954899,80.145235,21.5,135.0,EN_ROUTE_TO_HOSPITAL
2026-08-24 22:53:16,AMB0005,REQ00774,12.940279,80.129228,22.3,135.0,EN_ROUTE_TO_HOSPITAL
2026-08-24 22:53:20,AMB0005,REQ00774,12.92446,80.113105,38.6,135.0,EN_ROUTE_TO_HOSPITAL
2026-08-09 10:11:59,AMB0003,REQ00710,13.15734,80.301072,26.2,135.0,EN_ROUTE_TO_PATIENT
2026-08-09 10:12:05,AMB0003,REQ00710,13.154407,80.297527,23.7,135.0,EN_ROUTE_TO_PATIENT
2026-08-09 10:12:13,AMB0003,REQ00710,13.150202,80.294938,36.1,135.0,EN_ROUTE_TO_PATIENT
2026-08-09 10:12:20,AMB0003,REQ00710,13.146233,80.291999,37.7,135.0,EN_ROUTE_TO_PATIENT
2026-08-09 10:12:24,AMB0003,REQ00710,13.142571,80.288247,29.2,135.0,EN_ROUTE_TO_PATIENT
2026-08-09 10:12:32,AMB0003,REQ00710,13.138873,80.285226,38.9,135.0,EN_ROUTE_TO_PATIENT
2026-08-09 10:12:40,AMB0003,REQ00710,13.13468,80.282523,43.9,135.0,EN_ROUTE_TO_PATIENT
2026-08-09 10:12:45,AMB0003,REQ00710,13.131756,80.279055,31.5,135.0,EN_ROUTE_TO_PATIENT
2026-08-09 10:12:53,AMB0003,REQ00710,13.127513,80.275459,38.4,135.0,EN_ROUTE_TO_PATIENT
2026-08-09 10:13:00,AMB0003,REQ00710,13.12412,80.273004,44.2,135.0,EN_ROUTE_TO_PATIENT
2026-08-09 10:13:06,AMB0003,REQ00710,13.119807,80.26978,24.3,135.0,EN_ROUTE_TO_PATIENT
2026-08-09 10:13:14,AMB0003,REQ00710,13.116382,80.266463,32.5,135.0,EN_ROUTE_TO_PATIENT
2026-08-09 10:13:18,AMB0003,REQ00710,13.112806,80.263092,41.9,135.0,EN_ROUTE_TO_PATIENT
2026-08-09 10:13:25,AMB0003,REQ00710,13.108787,80.260109,22.4,135.0,EN_ROUTE_TO_PATIENT
2026-08-09 10:13:32,AMB0003,REQ00710,13.105229,80.257117,26.0,135.0,EN_ROUTE_TO_PATIENT
2026-08-09 10:13:40,AMB0003,REQ00710,13.100992,80.254442,33.3,135.0,EN_ROUTE_TO_PATIENT
2026-08-09 10:13:45,AMB0003,REQ00710,13.096977,80.25137,48.2,135.0,EN_ROUTE_TO_PATIENT
2026-08-09 10:14:31,AMB0003,REQ00710,13.097284,80.250451,32.6,135.0,EN_ROUTE_TO_HOSPITAL
2026-08-09 10:14:38,AMB0003,REQ00710,13.060111,80.247088,47.7,135.0,EN_ROUTE_TO_HOSPITAL
2026-08-09 10:14:44,AMB0003,REQ00710,13.021696,80.243387,31.6,135.0,EN_ROUTE_TO_HOSPITAL
2026-08-09 10:14:50,AMB0003,REQ00710,12.984211,80.239047,51.7,135.0,EN_ROUTE_TO_HOSPITAL
2026-08-09 10:14:56,AMB0003,REQ00710,12.947467,80.236072,35.1,135.0,EN_ROUTE_TO_HOSPITAL
2026-08-09 10:15:02,AMB0003,REQ00710,12.909449,80.231856,41.2,135.0,EN_ROUTE_TO_HOSPITAL
2026-08-09 10:15:10,AMB0003,REQ00710,12.872075,80.22841,28.0,135.0,EN_ROUTE_TO_HOSPITAL
2026-08-09 10:15:16,AMB0003,REQ00710,12.834675,80.224416,27.0,135.0,EN_ROUTE_TO_HOSPITAL
2026-08-09 10:15:20,AMB0003,REQ00710,12.796924,80.220076,40.8,135.0,EN_ROUTE_TO_HOSPITAL
2026-08-17 04:19:31,AMB0060,REQ00347,13.037976,80.248255,38.9,135.0,EN_ROUTE_TO_PATIENT
2026-08-17 04:19:37,AMB0060,REQ00347,13.042861,80.243937,42.1,135.0,EN_ROUTE_TO_PATIENT
2026-08-17 04:19:41,AMB0060,REQ00347,13.046885,80.240896,45.9,135.0,EN_ROUTE_TO_PATIENT
2026-08-17 04:19:48,AMB0060,REQ00347,13.051063,80.236047,21.3,135.0,EN_ROUTE_TO_PATIENT
2026-08-17 04:19:52,AMB0060,REQ00347,13.054283,80.23241,53.8,135.0,EN_ROUTE_TO_PATIENT
2026-08-17 04:20:00,AMB0060,REQ00347,13.059029,80.228763,38.2,135.0,EN_ROUTE_TO_PATIENT
2026-08-17 04:20:05,AMB0060,REQ00347,13.062385,80.224545,46.5,135.0,EN_ROUTE_TO_PATIENT
2026-08-17 04:20:10,AMB0060,REQ00347,13.066945,80.220742,49.4,135.0,EN_ROUTE_TO_PATIENT
2026-08-17 04:20:18,AMB0060,REQ00347,13.07067,80.216498,34.0,135.0,EN_ROUTE_TO_PATIENT
2026-08-17 04:20:24,AMB0060,REQ00347,13.074152,80.21216,45.2,135.0,EN_ROUTE_TO_PATIENT
2026-08-17 04:20:30,AMB0060,REQ00347,13.078389,80.20852,39.1,135.0,EN_ROUTE_TO_PATIENT
2026-08-17 04:20:37,AMB0060,REQ00347,13.082173,80.205161,41.1,135.0,EN_ROUTE_TO_PATIENT
2026-08-17 04:21:30,AMB0060,REQ00347,13.082823,80.205025,48.8,135.0,EN_ROUTE_TO_HOSPITAL
2026-08-17 04:21:36,AMB0060,REQ00347,13.08304,80.204968,39.4,135.0,EN_ROUTE_TO_HOSPITAL
2026-08-17 04:21:44,AMB0060,REQ00347,13.083504,80.205467,52.4,135.0,EN_ROUTE_TO_HOSPITAL
2026-08-17 04:21:49,AMB0060,REQ00347,13.083572,80.206214,39.0,135.0,EN_ROUTE_TO_HOSPITAL
2026-08-17 04:21:55,AMB0060,REQ00347,13.083526,80.206705,22.5,135.0,EN_ROUTE_TO_HOSPITAL
2026-08-17 04:22:02,AMB0060,REQ00347,13.083055,80.207075,20.6,135.0,EN_ROUTE_TO_HOSPITAL
2026-08-17 04:22:10,AMB0060,REQ00347,13.083879,80.207168,36.5,135.0,EN_ROUTE_TO_HOSPITAL
2026-08-17 04:22:15,AMB0060,REQ00347,13.084076,80.207436,50.3,135.0,EN_ROUTE_TO_HOSPITAL
2026-08-17 04:22:20,AMB0060,REQ00347,13.083533,80.208152,48.7,135.0,EN_ROUTE_TO_HOSPITAL
2026-08-17 04:22:24,AMB0060,REQ00347,13.084355,80.208519,29.8,135.0,EN_ROUTE_TO_HOSPITAL
2026-08-17 04:22:28,AMB0060,REQ00347,13.084832,80.208242,37.7,135.0,EN_ROUTE_TO_HOSPITAL
2026-08-17 04:22:35,AMB0060,REQ00347,13.085013,80.208661,42.1,135.0,EN_ROUTE_TO_HOSPITAL
2026-08-17 04:22:42,AMB0060,REQ00347,13.084865,80.20917,44.3,135.0,EN_ROUTE_TO_HOSPITAL
2026-08-17 04:22:49,AMB0060,REQ00347,13.085302,80.210302,38.5,135.0,EN_ROUTE_TO_HOSPITAL
2026-08-17 04:22:53,AMB0060,REQ00347,13.084757,80.210536,36.6,135.0,EN_ROUTE_TO_HOSPITAL
2026-09-02 16:17:36,AMB0016,REQ01925,13.128936,80.287856,24.6,135.0,EN_ROUTE_TO_PATIENT
2026-09-02 16:17:43,AMB0016,REQ01925,13.125598,80.284684,48.7,135.0,EN_ROUTE_TO_PATIENT
2026-09-02 16:17:49,AMB0016,REQ01925,13.122764,80.28364,53.3,135.0,EN_ROUTE_TO_PATIENT
2026-09-02 16:17:54,AMB0016,REQ01925,13.119099,80.281594,32.0,135.0,EN_ROUTE_TO_PATIENT
2026-09-02 16:17:59,AMB0016,REQ01925,13.114653,80.278481,25.3,135.0,EN_ROUTE_TO_PATIENT
2026-09-02 16:18:06,AMB0016,REQ01925,13.111238,80.276414,52.5,135.0,EN_ROUTE_TO_PATIENT
2026-09-02 16:18:14,AMB0016,REQ01925,13.107686,80.274339,47.3,135.0,EN_ROUTE_TO_PATIENT
2026-09-02 16:18:19,AMB0016,REQ01925,13.104821,80.272405,44.1,135.0,EN_ROUTE_TO_PATIENT
2026-09-02 16:18:26,AMB0016,REQ01925,13.101825,80.270977,21.4,135.0,EN_ROUTE_TO_PATIENT
2026-09-02 16:18:32,AMB0016,REQ01925,13.097431,80.269222,35.9,135.0,EN_ROUTE_TO_PATIENT
2026-09-02 16:18:39,AMB0016,REQ01925,13.093866,80.266729,30.7,135.0,EN_ROUTE_TO_PATIENT
2026-09-02 16:18:43,AMB0016,REQ01925,13.091181,80.264932,42.4,135.0,EN_ROUTE_TO_PATIENT
2026-09-02 16:18:50,AMB0016,REQ01925,13.087412,80.262919,25.3,135.0,EN_ROUTE_TO_PATIENT
2026-09-02 16:18:56,AMB0016,REQ01925,13.084154,80.260515,44.5,135.0,EN_ROUTE_TO_PATIENT
2026-09-02 16:19:04,AMB0016,REQ01925,13.080464,80.25867,38.0,135.0,EN_ROUTE_TO_PATIENT
2026-09-02 16:20:34,AMB0016,REQ01925,13.08006,80.258856,44.5,135.0,EN_ROUTE_TO_HOSPITAL
2026-09-02 16:20:40,AMB0016,REQ01925,13.073221,80.257977,36.8,135.0,EN_ROUTE_TO_HOSPITAL
2026-09-02 16:20:44,AMB0016,REQ01925,13.06518,80.256548,34.9,135.0,EN_ROUTE_TO_HOSPITAL
2026-09-02 16:20:52,AMB0016,REQ01925,13.057967,80.255866,44.2,135.0,EN_ROUTE_TO_HOSPITAL
2026-09-02 16:20:59,AMB0016,REQ01925,13.050821,80.255027,53.7,135.0,EN_ROUTE_TO_HOSPITAL
2026-09-02 16:21:03,AMB0016,REQ01925,13.042672,80.254531,37.3,135.0,EN_ROUTE_TO_HOSPITAL
2026-09-02 16:21:09,AMB0016,REQ01925,13.036022,80.254171,33.1,135.0,EN_ROUTE_TO_HOSPITAL
2026-09-02 16:21:14,AMB0016,REQ01925,13.028553,80.253471,43.5,135.0,EN_ROUTE_TO_HOSPITAL
2026-09-02 16:21:21,AMB0016,REQ01925,13.020523,80.251721,38.7,135.0,EN_ROUTE_TO_HOSPITAL
2026-09-02 16:21:25,AMB0016,REQ01925,13.013002,80.251225,50.8,135.0,EN_ROUTE_TO_HOSPITAL
2026-09-02 16:21:31,AMB0016,REQ01925,13.006272,80.250592,43.4,135.0,EN_ROUTE_TO_HOSPITAL
2026-08-04 11:56:00,AMB0115,REQ00735,12.922348,80.192435,38.1,135.0,EN_ROUTE_TO_PATIENT
2026-08-04 11:56:04,AMB0115,REQ00735,12.940918,80.191927,42.6,135.0,EN_ROUTE_TO_PATIENT
2026-08-04 11:56:10,AMB0115,REQ00735,12.9598,80.191898,50.0,135.0,EN_ROUTE_TO_PATIENT
2026-08-04 11:56:18,AMB0115,REQ00735,12.980087,80.191379,47.1,135.0,EN_ROUTE_TO_PATIENT
2026-08-04 11:56:25,AMB0115,REQ00735,12.998552,80.190778,26.6,135.0,EN_ROUTE_TO_PATIENT
2026-08-04 11:56:29,AMB0115,REQ00735,13.017995,80.191348,37.7,135.0,EN_ROUTE_TO_PATIENT
2026-08-04 11:56:37,AMB0115,REQ00735,13.036988,80.190125,44.4,135.0,EN_ROUTE_TO_PATIENT
2026-08-04 11:56:44,AMB0115,REQ00735,13.056884,80.190468,54.9,135.0,EN_ROUTE_TO_PATIENT
2026-08-04 11:56:49,AMB0115,REQ00735,13.075677,80.190251,43.0,135.0,EN_ROUTE_TO_PATIENT
2026-08-04 11:57:32,AMB0115,REQ00735,13.076022,80.19007,55.0,135.0,EN_ROUTE_TO_HOSPITAL
2026-08-04 11:57:40,AMB0115,REQ00735,13.076404,80.189178,28.0,135.0,EN_ROUTE_TO_HOSPITAL
2026-08-04 11:57:48,AMB0115,REQ00735,13.077119,80.189049,53.4,135.0,EN_ROUTE_TO_HOSPITAL
2026-08-04 11:57:56,AMB0115,REQ00735,13.077325,80.189462,31.7,135.0,EN_ROUTE_TO_HOSPITAL
2026-08-04 11:58:02,AMB0115,REQ00735,13.078721,80.189396,48.6,135.0,EN_ROUTE_TO_HOSPITAL
2026-08-04 11:58:06,AMB0115,REQ00735,13.07942,80.188682,54.6,135.0,EN_ROUTE_TO_HOSPITAL
2026-08-04 11:58:11,AMB0115,REQ00735,13.079243,80.188955,48.0,135.0,EN_ROUTE_TO_HOSPITAL
2026-08-04 11:58:16,AMB0115,REQ00735,13.080035,80.188085,40.9,135.0,EN_ROUTE_TO_HOSPITAL
2026-08-04 11:58:23,AMB0115,REQ00735,13.080685,80.188258,30.1,135.0,EN_ROUTE_TO_HOSPITAL
2026-08-04 11:58:28,AMB0115,REQ00735,13.081593,80.187703,32.9,135.0,EN_ROUTE_TO_HOSPITAL
2026-08-04 11:58:34,AMB0115,REQ00735,13.082462,80.18778,40.8,135.0,EN_ROUTE_TO_HOSPITAL
2026-08-04 11:58:41,AMB0115,REQ00735,13.082818,80.187814,20.4,135.0,EN_ROUTE_TO_HOSPITAL
2026-08-04 11:58:47,AMB0115,REQ00735,13.083757,80.187691,50.2,135.0,EN_ROUTE_TO_HOSPITAL
2026-08-04 11:58:53,AMB0115,REQ00735,13.083618,80.187037,32.6,135.0,EN_ROUTE_TO_HOSPITAL
2026-08-04 11:59:01,AMB0115,REQ00735,13.084547,80.186519,39.1,135.0,EN_ROUTE_TO_HOSPITAL
2026-08-04 11:59:06,AMB0115,REQ00735,13.085197,80.186683,25.5,135.0,EN_ROUTE_TO_HOSPITAL
2026-08-04 11:59:12,AMB0115,REQ00735,13.085828,80.186885,21.1,135.0,EN_ROUTE_TO_HOSPITAL
2026-08-14 05:26:16,AMB0061,REQ01910,13.045177,80.254108,38.4,135.0,EN_ROUTE_TO_PATIENT
2026-08-14 05:26:22,AMB0061,REQ01910,13.031473,80.246196,21.7,135.0,EN_ROUTE_TO_PATIENT
2026-08-14 05:26:29,AMB0061,REQ01910,13.017923,80.238319,30.6,135.0,EN_ROUTE_TO_PATIENT
2026-08-14 05:26:33,AMB0061,REQ01910,13.004969,80.230654,24.3,135.0,EN_ROUTE_TO_PATIENT
2026-08-14 05:26:38,AMB0061,REQ01910,12.990607,80.222244,30.3,135.0,EN_ROUTE_TO_PATIENT
2026-08-14 05:26:42,AMB0061,REQ01910,12.977161,80.214016,54.0,135.0,EN_ROUTE_TO_PATIENT
2026-08-14 05:26:49,AMB0061,REQ01910,12.963951,80.207195,46.2,135.0,EN_ROUTE_TO_PATIENT
2026-08-14 05:26:53,AMB0061,REQ01910,12.95119,80.198633,42.9,135.0,EN_ROUTE_TO_PATIENT
2026-08-14 05:26:57,AMB0061,REQ01910,12.937675,80.190919,46.6,135.0,EN_ROUTE_TO_PATIENT
2026-08-14 05:28:28,AMB0061,REQ01910,12.937536,80.190414,21.8,135.0,EN_ROUTE_TO_HOSPITAL
2026-08-14 05:28:34,AMB0061,REQ01910,12.944266,80.192531,43.1,135.0,EN_ROUTE_TO_HOSPITAL
2026-08-14 05:28:41,AMB0061,REQ01910,12.951187,80.193564,31.4,135.0,EN_ROUTE_TO_HOSPITAL
2026-08-14 05:28:45,AMB0061,REQ01910,12.959249,80.195077,36.2,135.0,EN_ROUTE_TO_HOSPITAL
2026-08-14 05:28:50,AMB0061,REQ01910,12.966241,80.195964,38.5,135.0,EN_ROUTE_TO_HOSPITAL
2026-08-14 05:28:55,AMB0061,REQ01910,12.973461,80.197512,24.5,135.0,EN_ROUTE_TO_HOSPITAL
2026-08-14 05:29:03,AMB0061,REQ01910,12.980734,80.198718,30.7,135.0,EN_ROUTE_TO_HOSPITAL
2026-08-14 05:29:11,AMB0061,REQ01910,12.987748,80.199944,37.2,135.0,EN_ROUTE_TO_HOSPITAL
2026-08-14 05:29:19,AMB0061,REQ01910,12.994822,80.201378,54.6,135.0,EN_ROUTE_TO_HOSPITAL
2026-08-14 05:29:24,AMB0061,REQ01910,13.002028,80.20305,34.8,135.0,EN_ROUTE_TO_HOSPITAL
2026-08-14 05:29:28,AMB0061,REQ01910,13.009694,80.204363,45.1,135.0,EN_ROUTE_TO_HOSPITAL
2026-08-14 05:29:32,AMB0061,REQ01910,13.017086,80.206056,51.4,135.0,EN_ROUTE_TO_HOSPITAL
2026-08-14 05:29:40,AMB0061,REQ01910,13.023884,80.206567,37.7,135.0,EN_ROUTE_TO_HOSPITAL
2026-08-14 05:29:46,AMB0061,REQ01910,13.031215,80.208792,42.6,135.0,EN_ROUTE_TO_HOSPITAL
2026-08-14 05:29:54,AMB0061,REQ01910,13.03825,80.209754,26.4,135.0,EN_ROUTE_TO_HOSPITAL
2026-08-14 05:30:02,AMB0061,REQ01910,13.045434,80.211534,22.5,135.0,EN_ROUTE_TO_HOSPITAL
2026-08-14 05:30:09,AMB0061,REQ01910,13.053161,80.212927,42.0,135.0,EN_ROUTE_TO_HOSPITAL
2026-08-12 14:58:53,AMB0007,REQ00072,13.166146,80.256836,39.6,135.0,EN_ROUTE_TO_PATIENT
2026-08-12 14:58:58,AMB0007,REQ00072,13.143717,80.251524,44.9,135.0,EN_ROUTE_TO_PATIENT
2026-08-12 14:59:04,AMB0007,REQ00072,13.122347,80.246077,32.2,135.0,EN_ROUTE_TO_PATIENT
2026-08-12 14:59:09,AMB0007,REQ00072,13.101509,80.240126,49.9,135.0,EN_ROUTE_TO_PATIENT
2026-08-12 14:59:16,AMB0007,REQ00072,13.079632,80.234701,48.4,135.0,EN_ROUTE_TO_PATIENT
2026-08-12 14:59:22,AMB0007,REQ00072,13.058179,80.229594,20.4,135.0,EN_ROUTE_TO_PATIENT
2026-08-12 14:59:27,AMB0007,REQ00072,13.036527,80.224135,50.9,135.0,EN_ROUTE_TO_PATIENT
2026-08-12 14:59:34,AMB0007,REQ00072,13.015503,80.21943,51.9,135.0,EN_ROUTE_TO_PATIENT
2026-08-12 14:59:42,AMB0007,REQ00072,12.993865,80.213142,26.0,135.0,EN_ROUTE_TO_PATIENT
2026-08-12 14:59:47,AMB0007,REQ00072,12.971742,80.207974,34.9,135.0,EN_ROUTE_TO_PATIENT
2026-08-12 14:59:54,AMB0007,REQ00072,12.950264,80.202241,33.0,135.0,EN_ROUTE_TO_PATIENT
2026-08-12 15:01:24,AMB0007,REQ00072,12.950151,80.203065,28.9,135.0,EN_ROUTE_TO_HOSPITAL
2026-08-12 15:01:32,AMB0007,REQ00072,12.95562,80.206083,52.5,135.0,EN_ROUTE_TO_HOSPITAL
2026-08-12 15:01:37,AMB0007,REQ00072,12.961221,80.210412,51.0,135.0,EN_ROUTE_TO_HOSPITAL
2026-08-12 15:01:42,AMB0007,REQ00072,12.96722,80.213436,52.7,135.0,EN_ROUTE_TO_HOSPITAL
2026-08-12 15:01:50,AMB0007,REQ00072,12.972293,80.217071,35.8,135.0,EN_ROUTE_TO_HOSPITAL
2026-08-12 15:01:54,AMB0007,REQ00072,12.977906,80.221171,25.0,135.0,EN_ROUTE_TO_HOSPITAL
2026-08-12 15:01:59,AMB0007,REQ00072,12.984006,80.224272,35.0,135.0,EN_ROUTE_TO_HOSPITAL
2026-08-12 15:02:03,AMB0007,REQ00072,12.988991,80.228408,27.6,135.0,EN_ROUTE_TO_HOSPITAL
2026-08-12 15:02:11,AMB0007,REQ00072,12.994435,80.232258,39.9,135.0,EN_ROUTE_TO_HOSPITAL
2026-08-12 15:02:16,AMB0007,REQ00072,13.00072,80.235907,27.3,135.0,EN_ROUTE_TO_HOSPITAL
2026-08-12 15:02:21,AMB0007,REQ00072,13.00652,80.238678,40.5,135.0,EN_ROUTE_TO_HOSPITAL
2026-08-12 15:02:29,AMB0007,REQ00072,13.012092,80.242374,45.0,135.0,EN_ROUTE_TO_HOSPITAL
2026-08-12 15:02:35,AMB0007,REQ00072,13.017508,80.245733,54.3,135.0,EN_ROUTE_TO_HOSPITAL
2026-08-12 15:02:41,AMB0007,REQ00072,13.022984,80.249334,31.5,135.0,EN_ROUTE_TO_HOSPITAL
2026-08-12 15:02:46,AMB0007,REQ00072,13.027898,80.253935,25.1,135.0,EN_ROUTE_TO_HOSPITAL
2026-08-12 15:02:53,AMB0007,REQ00072,13.034098,80.257024,42.8,135.0,EN_ROUTE_TO_HOSPITAL
2026-08-08 05:49:08,AMB0006,REQ02863,13.165797,80.255147,55.0,135.0,EN_ROUTE_TO_PATIENT
2026-08-08 05:49:12,AMB0006,REQ02863,13.153023,80.254633,32.6,135.0,EN_ROUTE_TO_PATIENT
2026-08-08 05:49:20,AMB0006,REQ02863,13.142044,80.253898,52.1,135.0,EN_ROUTE_TO_PATIENT
2026-08-08 05:49:27,AMB0006,REQ02863,13.130177,80.253155,44.2,135.0,EN_ROUTE_TO_PATIENT
2026-08-08 05:49:33,AMB0006,REQ02863,13.117595,80.253,50.1,135.0,EN_ROUTE_TO_PATIENT
2026-08-08 05:49:37,AMB0006,REQ02863,13.106375,80.252032,44.0,135.0,EN_ROUTE_TO_PATIENT
2026-08-08 05:49:44,AMB0006,REQ02863,13.095101,80.251806,52.1,135.0,EN_ROUTE_TO_PATIENT
2026-08-08 05:49:50,AMB0006,REQ02863,13.082855,80.251001,27.5,135.0,EN_ROUTE_TO_PATIENT
2026-08-08 05:49:55,AMB0006,REQ02863,13.070641,80.250563,31.9,135.0,EN_ROUTE_TO_PATIENT
2026-08-08 05:50:00,AMB0006,REQ02863,13.058762,80.250464,54.4,135.0,EN_ROUTE_TO_PATIENT
2026-08-08 05:50:08,AMB0006,REQ02863,13.047344,80.249312,39.7,135.0,EN_ROUTE_TO_PATIENT
2026-08-08 05:50:13,AMB0006,REQ02863,13.035546,80.249141,44.7,135.0,EN_ROUTE_TO_PATIENT
2026-08-08 05:50:20,AMB0006,REQ02863,13.023942,80.249125,20.1,135.0,EN_ROUTE_TO_PATIENT
2026-08-08 05:50:28,AMB0006,REQ02863,13.011737,80.247683,36.8,135.0,EN_ROUTE_TO_PATIENT
2026-08-08 05:50:34,AMB0006,REQ02863,13.000709,80.248036,47.1,135.0,EN_ROUTE_TO_PATIENT
2026-08-08 05:50:38,AMB0006,REQ02863,12.988491,80.246889,48.5,135.0,EN_ROUTE_TO_PATIENT
2026-08-08 05:51:53,AMB0006,REQ02863,12.988129,80.246976,34.8,135.0,EN_ROUTE_TO_HOSPITAL
2026-08-08 05:52:01,AMB0006,REQ02863,12.993404,80.248616,35.7,135.0,EN_ROUTE_TO_HOSPITAL
2026-08-08 05:52:06,AMB0006,REQ02863,12.997853,80.248806,52.5,135.0,EN_ROUTE_TO_HOSPITAL
2026-08-08 05:52:12,AMB0006,REQ02863,13.001806,80.250078,25.7,135.0,EN_ROUTE_TO_HOSPITAL
2026-08-08 05:52:16,AMB0006,REQ02863,13.006327,80.250892,38.2,135.0,EN_ROUTE_TO_HOSPITAL
2026-08-08 05:52:24,AMB0006,REQ02863,13.010431,80.25206,35.9,135.0,EN_ROUTE_TO_HOSPITAL
2026-08-08 05:52:28,AMB0006,REQ02863,13.01573,80.253217,23.0,135.0,EN_ROUTE_TO_HOSPITAL
2026-08-08 05:52:36,AMB0006,REQ02863,13.01976,80.253704,35.6,135.0,EN_ROUTE_TO_HOSPITAL
2026-08-08 05:52:43,AMB0006,REQ02863,13.024353,80.254736,54.1,135.0,EN_ROUTE_TO_HOSPITAL
2026-08-08 05:52:47,AMB0006,REQ02863,13.028943,80.255594,25.7,135.0,EN_ROUTE_TO_HOSPITAL
2026-08-08 05:52:55,AMB0006,REQ02863,13.033743,80.25749,51.3,135.0,EN_ROUTE_TO_HOSPITAL
2026-09-04 16:06:23,AMB0013,REQ00951,13.128307,80.291558,20.7,135.0,EN_ROUTE_TO_PATIENT
2026-09-04 16:06:29,AMB0013,REQ00951,13.131303,80.290516,37.2,135.0,EN_ROUTE_TO_PATIENT
2026-09-04 16:06:36,AMB0013,REQ00951,13.134007,80.291176,40.4,135.0,EN_ROUTE_TO_PATIENT
2026-09-04 16:06:43,AMB0013,REQ00951,13.136165,80.29152,29.7,135.0,EN_ROUTE_TO_PATIENT
2026-09-04 16:06:49,AMB0013,REQ00951,13.139092,80.291336,35.1,135.0,EN_ROUTE_TO_PATIENT
2026-09-04 16:06:55,AMB0013,REQ00951,13.140627,80.291182,41.5,135.0,EN_ROUTE_TO_PATIENT
2026-09-04 16:06:59,AMB0013,REQ00951,13.143093,80.291331,24.0,135.0,EN_ROUTE_TO_PATIENT
2026-09-04 16:07:05,AMB0013,REQ00951,13.146161,80.29096,25.9,135.0,EN_ROUTE_TO_PATIENT
2026-09-04 16:07:13,AMB0013,REQ00951,13.148272,80.291668,52.5,135.0,EN_ROUTE_TO_PATIENT
2026-09-04 16:07:17,AMB0013,REQ00951,13.150915,80.29102,36.0,135.0,EN_ROUTE_TO_PATIENT
2026-09-04 16:07:22,AMB0013,REQ00951,13.153397,80.290967,45.9,135.0,EN_ROUTE_TO_PATIENT
2026-09-04 16:07:28,AMB0013,REQ00951,13.156283,80.291689,26.6,135.0,EN_ROUTE_TO_PATIENT
2026-09-04 16:07:32,AMB0013,REQ00951,13.15905,80.29153,52.5,135.0,EN_ROUTE_TO_PATIENT
2026-09-04 16:07:36,AMB0013,REQ00951,13.161,80.29116,26.6,135.0,EN_ROUTE_TO_PATIENT
2026-09-04 16:09:09,AMB0013,REQ00951,13.161603,80.291413,31.3,135.0,EN_ROUTE_TO_HOSPITAL
2026-09-04 16:09:17,AMB0013,REQ00951,13.154366,80.286754,26.7,135.0,EN_ROUTE_TO_HOSPITAL
2026-09-04 16:09:21,AMB0013,REQ00951,13.146872,80.28172,45.7,135.0,EN_ROUTE_TO_HOSPITAL
2026-09-04 16:09:25,AMB0013,REQ00951,13.140915,80.277175,54.7,135.0,EN_ROUTE_TO_HOSPITAL
2026-09-04 16:09:30,AMB0013,REQ00951,13.133691,80.271692,31.9,135.0,EN_ROUTE_TO_HOSPITAL
2026-09-04 16:09:36,AMB0013,REQ00951,13.126,80.2671,43.3,135.0,EN_ROUTE_TO_HOSPITAL
2026-09-04 16:09:44,AMB0013,REQ00951,13.119153,80.261735,41.6,135.0,EN_ROUTE_TO_HOSPITAL
2026-09-04 16:09:48,AMB0013,REQ00951,13.11324,80.25673,50.8,135.0,EN_ROUTE_TO_HOSPITAL
2026-09-04 16:09:55,AMB0013,REQ00951,13.106366,80.251395,35.5,135.0,EN_ROUTE_TO_HOSPITAL
2026-09-04 16:09:59,AMB0013,REQ00951,13.099217,80.246347,35.0,135.0,EN_ROUTE_TO_HOSPITAL
2026-09-04 16:10:05,AMB0013,REQ00951,13.092308,80.242389,22.1,135.0,EN_ROUTE_TO_HOSPITAL
2026-09-04 16:10:09,AMB0013,REQ00951,13.084844,80.236751,48.3,135.0,EN_ROUTE_TO_HOSPITAL
2026-09-04 16:10:14,AMB0013,REQ00951,13.078166,80.232054,31.2,135.0,EN_ROUTE_TO_HOSPITAL
2026-09-04 16:10:20,AMB0013,REQ00951,13.071771,80.227377,26.9,135.0,EN_ROUTE_TO_HOSPITAL
2026-09-04 16:10:26,AMB0013,REQ00951,13.064632,80.222416,32.6,135.0,EN_ROUTE_TO_HOSPITAL
2026-09-04 16:10:33,AMB0013,REQ00951,13.057174,80.217381,41.4,135.0,EN_ROUTE_TO_HOSPITAL
2026-09-04 16:10:40,AMB0013,REQ00951,13.050122,80.211578,24.9,135.0,EN_ROUTE_TO_HOSPITAL
2026-08-17 22:45:41,AMB0114,REQ02455,12.920379,80.193578,45.0,135.0,EN_ROUTE_TO_PATIENT
2026-08-17 22:45:46,AMB0114,REQ02455,12.932388,80.198907,31.8,135.0,EN_ROUTE_TO_PATIENT
2026-08-17 22:45:54,AMB0114,REQ02455,12.944284,80.203528,26.6,135.0,EN_ROUTE_TO_PATIENT
2026-08-17 22:46:01,AMB0114,REQ02455,12.957059,80.20839,45.2,135.0,EN_ROUTE_TO_PATIENT
2026-08-17 22:46:07,AMB0114,REQ02455,12.968768,80.212728,35.7,135.0,EN_ROUTE_TO_PATIENT
2026-08-17 22:46:11,AMB0114,REQ02455,12.981091,80.216994,54.6,135.0,EN_ROUTE_TO_PATIENT
2026-08-17 22:46:18,AMB0114,REQ02455,12.993562,80.221752,51.5,135.0,EN_ROUTE_TO_PATIENT
2026-08-17 22:46:24,AMB0114,REQ02455,13.005891,80.227433,40.0,135.0,EN_ROUTE_TO_PATIENT
2026-08-17 22:46:28,AMB0114,REQ02455,13.017472,80.231105,29.9,135.0,EN_ROUTE_TO_PATIENT
2026-08-17 22:46:34,AMB0114,REQ02455,13.030273,80.236283,32.3,135.0,EN_ROUTE_TO_PATIENT
2026-08-17 22:46:39,AMB0114,REQ02455,13.041972,80.241028,26.3,135.0,EN_ROUTE_TO_PATIENT
2026-08-17 22:46:44,AMB0114,REQ02455,13.05501,80.245848,24.3,135.0,EN_ROUTE_TO_PATIENT
2026-08-17 22:48:00,AMB0114,REQ02455,13.054715,80.246215,37.8,135.0,EN_ROUTE_TO_HOSPITAL
2026-08-17 22:48:08,AMB0114,REQ02455,13.037699,80.243524,54.4,135.0,EN_ROUTE_TO_HOSPITAL
2026-08-17 22:48:14,AMB0114,REQ02455,13.021307,80.241664,48.8,135.0,EN_ROUTE_TO_HOSPITAL
2026-08-17 22:48:21,AMB0114,REQ02455,13.005224,80.240496,29.3,135.0,EN_ROUTE_TO_HOSPITAL
2026-08-17 22:48:27,AMB0114,REQ02455,12.987964,80.237833,37.7,135.0,EN_ROUTE_TO_HOSPITAL
2026-08-17 22:48:31,AMB0114,REQ02455,12.971423,80.236245,32.6,135.0,EN_ROUTE_TO_HOSPITAL
2026-08-17 22:48:39,AMB0114,REQ02455,12.955142,80.234579,33.3,135.0,EN_ROUTE_TO_HOSPITAL
2026-08-17 22:48:45,AMB0114,REQ02455,12.938059,80.232046,31.6,135.0,EN_ROUTE_TO_HOSPITAL
2026-08-17 22:48:53,AMB0114,REQ02455,12.92234,80.229933,25.3,135.0,EN_ROUTE_TO_HOSPITAL
2026-08-17 22:49:00,AMB0114,REQ02455,12.905156,80.228462,53.0,135.0,EN_ROUTE_TO_HOSPITAL
2026-08-14 04:15:46,AMB0054,REQ02577,13.048376,80.208081,53.4,135.0,EN_ROUTE_TO_PATIENT
2026-08-14 04:15:52,AMB0054,REQ02577,13.053203,80.213977,28.4,135.0,EN_ROUTE_TO_PATIENT
2026-08-14 04:15:59,AMB0054,REQ02577,13.05757,80.218922,27.9,135.0,EN_ROUTE_TO_PATIENT
2026-08-14 04:16:06,AMB0054,REQ02577,13.061404,80.224559,38.9,135.0,EN_ROUTE_TO_PATIENT
2026-08-14 04:16:13,AMB0054,REQ02577,13.065715,80.22928,42.9,135.0,EN_ROUTE_TO_PATIENT
2026-08-14 04:16:17,AMB0054,REQ02577,13.070207,80.235627,27.7,135.0,EN_ROUTE_TO_PATIENT
2026-08-14 04:16:21,AMB0054,REQ02577,13.073836,80.23994,48.4,135.0,EN_ROUTE_TO_PATIENT
2026-08-14 04:16:29,AMB0054,REQ02577,13.078659,80.246273,50.6,135.0,EN_ROUTE_TO_PATIENT
2026-08-14 04:16:34,AMB0054,REQ02577,13.083162,80.251758,41.5,135.0,EN_ROUTE_TO_PATIENT
2026-08-14 04:16:41,AMB0054,REQ02577,13.087734,80.256224,38.7,135.0,EN_ROUTE_TO_PATIENT
2026-08-14 04:16:46,AMB0054,REQ02577,13.091415,80.261384,48.1,135.0,EN_ROUTE_TO_PATIENT
2026-08-14 04:18:05,AMB0054,REQ02577,13.091938,80.26149,26.6,135.0,EN_ROUTE_TO_HOSPITAL
2026-08-14 04:18:10,AMB0054,REQ02577,13.087062,80.256047,34.4,135.0,EN_ROUTE_TO_HOSPITAL
2026-08-14 04:18:14,AMB0054,REQ02577,13.081789,80.251352,40.5,135.0,EN_ROUTE_TO_HOSPITAL
2026-08-14 04:18:21,AMB0054,REQ02577,13.076518,80.245954,23.8,135.0,EN_ROUTE_TO_HOSPITAL
2026-08-14 04:18:29,AMB0054,REQ02577,13.072055,80.241068,53.2,135.0,EN_ROUTE_TO_HOSPITAL
2026-08-14 04:18:34,AMB0054,REQ02577,13.066744,80.235506,20.4,135.0,EN_ROUTE_TO_HOSPITAL
2026-08-14 04:18:39,AMB0054,REQ02577,13.061705,80.230076,21.0,135.0,EN_ROUTE_TO_HOSPITAL
2026-08-14 04:18:45,AMB0054,REQ02577,13.057961,80.225497,33.3,135.0,EN_ROUTE_TO_HOSPITAL
2026-08-14 04:18:51,AMB0054,REQ02577,13.052154,80.220113,22.9,135.0,EN_ROUTE_TO_HOSPITAL
2026-08-14 04:18:59,AMB0054,REQ02577,13.047533,80.215327,40.8,135.0,EN_ROUTE_TO_HOSPITAL
2026-08-14 04:19:07,AMB0054,REQ02577,13.042345,80.209453,40.3,135.0,EN_ROUTE_TO_HOSPITAL
2026-08-14 04:19:14,AMB0054,REQ02577,13.037989,80.204668,49.6,135.0,EN_ROUTE_TO_HOSPITAL
2026-08-05 02:38:19,AMB0002,REQ02710,13.217681,80.317482,49.8,135.0,EN_ROUTE_TO_PATIENT
2026-08-05 02:38:23,AMB0002,REQ02710,13.211656,80.313549,25.8,135.0,EN_ROUTE_TO_PATIENT
2026-08-05 02:38:30,AMB0002,REQ02710,13.205709,80.310431,51.5,135.0,EN_ROUTE_TO_PATIENT
2026-08-05 02:38:37,AMB0002,REQ02710,13.199671,80.3083,41.5,135.0,EN_ROUTE_TO_PATIENT
2026-08-05 02:38:41,AMB0002,REQ02710,13.193705,80.304791,47.7,135.0,EN_ROUTE_TO_PATIENT
2026-08-05 02:38:46,AMB0002,REQ02710,13.187322,80.300929,42.5,135.0,EN_ROUTE_TO_PATIENT
2026-08-05 02:38:53,AMB0002,REQ02710,13.181292,80.298897,45.2,135.0,EN_ROUTE_TO_PATIENT
2026-08-05 02:38:58,AMB0002,REQ02710,13.174373,80.295559,39.7,135.0,EN_ROUTE_TO_PATIENT
2026-08-05 02:39:06,AMB0002,REQ02710,13.168432,80.292378,46.5,135.0,EN_ROUTE_TO_PATIENT
2026-08-05 02:39:13,AMB0002,REQ02710,13.162206,80.289715,33.5,135.0,EN_ROUTE_TO_PATIENT
2026-08-05 02:39:21,AMB0002,REQ02710,13.156538,80.285669,20.7,135.0,EN_ROUTE_TO_PATIENT
2026-08-05 02:39:25,AMB0002,REQ02710,13.150265,80.28244,27.1,135.0,EN_ROUTE_TO_PATIENT
2026-08-05 02:39:31,AMB0002,REQ02710,13.144512,80.280066,22.4,135.0,EN_ROUTE_TO_PATIENT
2026-08-05 02:39:36,AMB0002,REQ02710,13.137695,80.276687,39.1,135.0,EN_ROUTE_TO_PATIENT
2026-08-05 02:39:41,AMB0002,REQ02710,13.131747,80.273306,45.2,135.0,EN_ROUTE_TO_PATIENT
2026-08-05 02:39:45,AMB0002,REQ02710,13.12538,80.270006,43.0,135.0,EN_ROUTE_TO_PATIENT
2026-08-05 02:39:51,AMB0002,REQ02710,13.119171,80.267437,43.4,135.0,EN_ROUTE_TO_PATIENT
2026-08-05 02:40:59,AMB0002,REQ02710,13.119222,80.267184,27.5,135.0,EN_ROUTE_TO_HOSPITAL
2026-08-05 02:41:05,AMB0002,REQ02710,13.115143,80.268046,21.6,135.0,EN_ROUTE_TO_HOSPITAL
2026-08-05 02:41:13,AMB0002,REQ02710,13.109218,80.268585,26.1,135.0,EN_ROUTE_TO_HOSPITAL
2026-08-05 02:41:17,AMB0002,REQ02710,13.105323,80.26968,49.5,135.0,EN_ROUTE_TO_HOSPITAL
2026-08-05 02:41:23,AMB0002,REQ02710,13.099955,80.270622,37.3,135.0,EN_ROUTE_TO_HOSPITAL
2026-08-05 02:41:28,AMB0002,REQ02710,13.094569,80.271409,20.8,135.0,EN_ROUTE_TO_HOSPITAL
2026-08-05 02:41:36,AMB0002,REQ02710,13.089195,80.271639,24.6,135.0,EN_ROUTE_TO_HOSPITAL
2026-08-05 02:41:44,AMB0002,REQ02710,13.085015,80.272645,43.5,135.0,EN_ROUTE_TO_HOSPITAL
2026-08-05 02:41:51,AMB0002,REQ02710,13.080022,80.273213,29.8,135.0,EN_ROUTE_TO_HOSPITAL
2026-08-05 02:41:59,AMB0002,REQ02710,13.074788,80.273791,54.2,135.0,EN_ROUTE_TO_HOSPITAL
2026-08-05 02:42:04,AMB0002,REQ02710,13.069873,80.274884,29.7,135.0,EN_ROUTE_TO_HOSPITAL
2026-08-25 15:42:41,AMB0122,REQ02512,12.964333,80.150417,29.9,135.0,EN_ROUTE_TO_PATIENT
2026-08-25 15:42:48,AMB0122,REQ02512,12.972051,80.152107,33.8,135.0,EN_ROUTE_TO_PATIENT
2026-08-25 15:42:55,AMB0122,REQ02512,12.980936,80.153694,29.9,135.0,EN_ROUTE_TO_PATIENT
2026-08-25 15:43:03,AMB0122,REQ02512,12.988926,80.154294,38.4,135.0,EN_ROUTE_TO_PATIENT
2026-08-25 15:43:09,AMB0122,REQ02512,12.997174,80.155867,42.1,135.0,EN_ROUTE_TO_PATIENT
2026-08-25 15:43:15,AMB0122,REQ02512,13.004759,80.158153,48.0,135.0,EN_ROUTE_TO_PATIENT
2026-08-25 15:43:19,AMB0122,REQ02512,13.013091,80.159592,27.6,135.0,EN_ROUTE_TO_PATIENT
2026-08-25 15:43:25,AMB0122,REQ02512,13.020841,80.160525,20.7,135.0,EN_ROUTE_TO_PATIENT
2026-08-25 15:43:32,AMB0122,REQ02512,13.02971,80.161987,37.7,135.0,EN_ROUTE_TO_PATIENT
2026-08-25 15:43:36,AMB0122,REQ02512,13.036853,80.162808,44.6,135.0,EN_ROUTE_TO_PATIENT
2026-08-25 15:43:40,AMB0122,REQ02512,13.04507,80.165167,31.2,135.0,EN_ROUTE_TO_PATIENT
2026-08-25 15:43:45,AMB0122,REQ02512,13.053137,80.166658,35.7,135.0,EN_ROUTE_TO_PATIENT
2026-08-25 15:44:44,AMB0122,REQ02512,13.054197,80.166361,21.3,135.0,EN_ROUTE_TO_HOSPITAL
2026-08-25 15:44:51,AMB0122,REQ02512,13.052961,80.171011,21.2,135.0,EN_ROUTE_TO_HOSPITAL
2026-08-25 15:44:55,AMB0122,REQ02512,13.053085,80.176712,35.9,135.0,EN_ROUTE_TO_HOSPITAL
2026-08-25 15:45:01,AMB0122,REQ02512,13.051817,80.181571,50.7,135.0,EN_ROUTE_TO_HOSPITAL
2026-08-25 15:45:09,AMB0122,REQ02512,13.051931,80.186773,32.0,135.0,EN_ROUTE_TO_HOSPITAL
2026-08-25 15:45:17,AMB0122,REQ02512,13.050798,80.192015,43.3,135.0,EN_ROUTE_TO_HOSPITAL
2026-08-25 15:45:22,AMB0122,REQ02512,13.050502,80.197102,49.0,135.0,EN_ROUTE_TO_HOSPITAL
2026-08-25 15:45:30,AMB0122,REQ02512,13.049431,80.20274,42.4,135.0,EN_ROUTE_TO_HOSPITAL
2026-08-25 15:45:35,AMB0122,REQ02512,13.04957,80.208503,51.1,135.0,EN_ROUTE_TO_HOSPITAL
2026-08-25 15:45:40,AMB0122,REQ02512,13.04901,80.212608,48.6,135.0,EN_ROUTE_TO_HOSPITAL
2026-08-25 15:45:45,AMB0122,REQ02512,13.04743,80.218763,40.6,135.0,EN_ROUTE_TO_HOSPITAL
2026-08-25 15:45:49,AMB0122,REQ02512,13.047449,80.223037,41.3,135.0,EN_ROUTE_TO_HOSPITAL
2026-08-25 15:45:55,AMB0122,REQ02512,13.046585,80.229079,44.2,135.0,EN_ROUTE_TO_HOSPITAL
2026-08-25 15:46:02,AMB0122,REQ02512,13.045976,80.233498,28.2,135.0,EN_ROUTE_TO_HOSPITAL
2026-08-25 15:46:08,AMB0122,REQ02512,13.04504,80.238896,27.6,135.0,EN_ROUTE_TO_HOSPITAL
2026-08-25 15:46:13,AMB0122,REQ02512,13.044907,80.24498,40.9,135.0,EN_ROUTE_TO_HOSPITAL
2026-08-25 15:46:20,AMB0122,REQ02512,13.044708,80.249291,22.4,135.0,EN_ROUTE_TO_HOSPITAL
2026-08-21 03:29:29,AMB0128,REQ00533,12.95062,80.256053,22.2,135.0,EN_ROUTE_TO_PATIENT
2026-08-21 03:29:36,AMB0128,REQ00533,12.957814,80.256411,49.5,135.0,EN_ROUTE_TO_PATIENT
2026-08-21 03:29:43,AMB0128,REQ00533,12.965278,80.256065,48.4,135.0,EN_ROUTE_TO_PATIENT
2026-08-21 03:29:51,AMB0128,REQ00533,12.973279,80.255587,54.0,135.0,EN_ROUTE_TO_PATIENT
2026-08-21 03:29:58,AMB0128,REQ00533,12.980135,80.254717,46.1,135.0,EN_ROUTE_TO_PATIENT
2026-08-21 03:30:02,AMB0128,REQ00533,12.988325,80.254907,29.2,135.0,EN_ROUTE_TO_PATIENT
2026-08-21 03:30:07,AMB0128,REQ00533,12.99602,80.254154,34.5,135.0,EN_ROUTE_TO_PATIENT
2026-08-21 03:30:15,AMB0128,REQ00533,13.004195,80.253954,40.1,135.0,EN_ROUTE_TO_PATIENT
2026-08-21 03:30:20,AMB0128,REQ00533,13.011253,80.25443,49.5,135.0,EN_ROUTE_TO_PATIENT
2026-08-21 03:30:24,AMB0128,REQ00533,13.018847,80.253842,54.4,135.0,EN_ROUTE_TO_PATIENT
2026-08-21 03:30:30,AMB0128,REQ00533,13.026714,80.253826,51.4,135.0,EN_ROUTE_TO_PATIENT
2026-08-21 03:30:38,AMB0128,REQ00533,13.033911,80.253683,53.0,135.0,EN_ROUTE_TO_PATIENT
2026-08-21 03:31:48,AMB0128,REQ00533,13.034066,80.254003,41.9,135.0,EN_ROUTE_TO_HOSPITAL
2026-08-21 03:31:55,AMB0128,REQ00533,13.036169,80.248633,44.1,135.0,EN_ROUTE_TO_HOSPITAL
2026-08-21 03:31:59,AMB0128,REQ00533,13.03795,80.242681,22.1,135.0,EN_ROUTE_TO_HOSPITAL
2026-08-21 03:32:04,AMB0128,REQ00533,13.040334,80.237668,32.9,135.0,EN_ROUTE_TO_HOSPITAL
2026-08-21 03:32:12,AMB0128,REQ00533,13.041877,80.23292,39.5,135.0,EN_ROUTE_TO_HOSPITAL
2026-08-21 03:32:17,AMB0128,REQ00533,13.044408,80.227945,39.5,135.0,EN_ROUTE_TO_HOSPITAL
2026-08-21 03:32:24,AMB0128,REQ00533,13.046818,80.222858,21.6,135.0,EN_ROUTE_TO_HOSPITAL
2026-08-21 03:32:30,AMB0128,REQ00533,13.048173,80.217143,51.9,135.0,EN_ROUTE_TO_HOSPITAL
2026-08-21 03:32:35,AMB0128,REQ00533,13.050914,80.212518,29.2,135.0,EN_ROUTE_TO_HOSPITAL
2026-09-03 11:33:55,AMB0069,REQ00281,13.033872,80.265383,37.9,135.0,EN_ROUTE_TO_PATIENT
2026-09-03 11:34:00,AMB0069,REQ00281,13.006387,80.258247,28.8,135.0,EN_ROUTE_TO_PATIENT
2026-09-03 11:34:07,AMB0069,REQ00281,12.980135,80.251273,41.3,135.0,EN_ROUTE_TO_PATIENT
2026-09-03 11:34:12,AMB0069,REQ00281,12.954359,80.244269,40.7,135.0,EN_ROUTE_TO_PATIENT
2026-09-03 11:34:17,AMB0069,REQ00281,12.927394,80.237485,36.2,135.0,EN_ROUTE_TO_PATIENT
2026-09-03 11:34:25,AMB0069,REQ00281,12.901903,80.229917,44.8,135.0,EN_ROUTE_TO_PATIENT
2026-09-03 11:34:33,AMB0069,REQ00281,12.874706,80.221986,20.8,135.0,EN_ROUTE_TO_PATIENT
2026-09-03 11:34:39,AMB0069,REQ00281,12.849225,80.215662,51.4,135.0,EN_ROUTE_TO_PATIENT
2026-09-03 11:34:43,AMB0069,REQ00281,12.822779,80.208699,43.5,135.0,EN_ROUTE_TO_PATIENT
2026-09-03 11:34:51,AMB0069,REQ00281,12.796477,80.200682,26.5,135.0,EN_ROUTE_TO_PATIENT
2026-09-03 11:36:15,AMB0069,REQ00281,12.796037,80.201486,53.7,135.0,EN_ROUTE_TO_HOSPITAL
2026-09-03 11:36:22,AMB0069,REQ00281,12.819399,80.207092,45.3,135.0,EN_ROUTE_TO_HOSPITAL
2026-09-03 11:36:30,AMB0069,REQ00281,12.843989,80.211645,24.6,135.0,EN_ROUTE_TO_HOSPITAL
2026-09-03 11:36:38,AMB0069,REQ00281,12.867654,80.217456,25.8,135.0,EN_ROUTE_TO_HOSPITAL
2026-09-03 11:36:46,AMB0069,REQ00281,12.89129,80.223068,37.2,135.0,EN_ROUTE_TO_HOSPITAL
2026-09-03 11:36:52,AMB0069,REQ00281,12.914399,80.228504,27.5,135.0,EN_ROUTE_TO_HOSPITAL
2026-09-03 11:37:00,AMB0069,REQ00281,12.938471,80.234281,26.6,135.0,EN_ROUTE_TO_HOSPITAL
2026-09-03 11:37:07,AMB0069,REQ00281,12.962102,80.240316,30.1,135.0,EN_ROUTE_TO_HOSPITAL
2026-09-03 11:37:12,AMB0069,REQ00281,12.985916,80.245991,35.5,135.0,EN_ROUTE_TO_HOSPITAL
2026-09-03 11:37:16,AMB0069,REQ00281,13.009378,80.25146,22.6,135.0,EN_ROUTE_TO_HOSPITAL
2026-09-03 11:37:21,AMB0069,REQ00281,13.03406,80.25731,33.5,135.0,EN_ROUTE_TO_HOSPITAL
2026-08-21 17:30:48,AMB0088,REQ01254,13.020764,80.178648,52.9,135.0,EN_ROUTE_TO_PATIENT
2026-08-21 17:30:56,AMB0088,REQ01254,13.029808,80.184336,22.4,135.0,EN_ROUTE_TO_PATIENT
2026-08-21 17:31:03,AMB0088,REQ01254,13.038899,80.190831,27.6,135.0,EN_ROUTE_TO_PATIENT
2026-08-21 17:31:08,AMB0088,REQ01254,13.048652,80.197395,54.1,135.0,EN_ROUTE_TO_PATIENT
2026-08-21 17:31:14,AMB0088,REQ01254,13.058803,80.203645,41.5,135.0,EN_ROUTE_TO_PATIENT
2026-08-21 17:31:20,AMB0088,REQ01254,13.067425,80.20888,25.1,135.0,EN_ROUTE_TO_PATIENT
2026-08-21 17:31:24,AMB0088,REQ01254,13.076966,80.215209,28.8,135.0,EN_ROUTE_TO_PATIENT
2026-08-21 17:31:29,AMB0088,REQ01254,13.087069,80.222207,29.8,135.0,EN_ROUTE_TO_PATIENT
2026-08-21 17:31:33,AMB0088,REQ01254,13.095856,80.227896,32.4,135.0,EN_ROUTE_TO_PATIENT
2026-08-21 17:32:53,AMB0088,REQ01254,13.096112,80.228485,37.2,135.0,EN_ROUTE_TO_HOSPITAL
2026-08-21 17:33:01,AMB0088,REQ01254,13.100667,80.235996,42.7,135.0,EN_ROUTE_TO_HOSPITAL
2026-08-21 17:33:09,AMB0088,REQ01254,13.103723,80.243159,41.4,135.0,EN_ROUTE_TO_HOSPITAL
2026-08-21 17:33:13,AMB0088,REQ01254,13.107531,80.250918,42.6,135.0,EN_ROUTE_TO_HOSPITAL
2026-08-21 17:33:20,AMB0088,REQ01254,13.111467,80.25802,45.3,135.0,EN_ROUTE_TO_HOSPITAL
2026-08-21 17:33:25,AMB0088,REQ01254,13.115936,80.265672,24.2,135.0,EN_ROUTE_TO_HOSPITAL
2026-08-21 17:33:33,AMB0088,REQ01254,13.119309,80.274263,47.0,135.0,EN_ROUTE_TO_HOSPITAL
2026-08-21 17:33:40,AMB0088,REQ01254,13.122729,80.28099,28.0,135.0,EN_ROUTE_TO_HOSPITAL
2026-08-21 17:33:48,AMB0088,REQ01254,13.126941,80.288668,31.8,135.0,EN_ROUTE_TO_HOSPITAL
2026-08-31 18:55:39,AMB0055,REQ02691,13.056313,80.211968,31.7,135.0,EN_ROUTE_TO_PATIENT
2026-08-31 18:55:45,AMB0055,REQ02691,13.058323,80.214313,23.7,135.0,EN_ROUTE_TO_PATIENT
2026-08-31 18:55:53,AMB0055,REQ02691,13.061453,80.215515,40.3,135.0,EN_ROUTE_TO_PATIENT
2026-08-31 18:55:58,AMB0055,REQ02691,13.064915,80.217428,34.9,135.0,EN_ROUTE_TO_PATIENT
2026-08-31 18:56:04,AMB0055,REQ02691,13.067233,80.218103,54.2,135.0,EN_ROUTE_TO_PATIENT
2026-08-31 18:56:08,AMB0055,REQ02691,13.069903,80.220633,50.5,135.0,EN_ROUTE_TO_PATIENT
2026-08-31 18:56:15,AMB0055,REQ02691,13.072132,80.221368,26.2,135.0,EN_ROUTE_TO_PATIENT
2026-08-31 18:56:21,AMB0055,REQ02691,13.074964,80.222689,50.3,135.0,EN_ROUTE_TO_PATIENT
2026-08-31 18:56:29,AMB0055,REQ02691,13.077958,80.224027,32.4,135.0,EN_ROUTE_TO_PATIENT
2026-08-31 18:56:35,AMB0055,REQ02691,13.081344,80.225787,32.9,135.0,EN_ROUTE_TO_PATIENT
2026-08-31 18:56:40,AMB0055,REQ02691,13.084354,80.228194,37.9,135.0,EN_ROUTE_TO_PATIENT
2026-08-31 18:57:50,AMB0055,REQ02691,13.083393,80.227818,36.7,135.0,EN_ROUTE_TO_HOSPITAL
2026-08-31 18:57:58,AMB0055,REQ02691,13.083223,80.233251,23.1,135.0,EN_ROUTE_TO_HOSPITAL
2026-08-31 18:58:04,AMB0055,REQ02691,13.082703,80.239534,25.6,135.0,EN_ROUTE_TO_HOSPITAL
2026-08-31 18:58:09,AMB0055,REQ02691,13.082289,80.246365,52.2,135.0,EN_ROUTE_TO_HOSPITAL
2026-08-31 18:58:13,AMB0055,REQ02691,13.082072,80.252578,32.6,135.0,EN_ROUTE_TO_HOSPITAL
2026-08-31 18:58:18,AMB0055,REQ02691,13.0817,80.259058,53.1,135.0,EN_ROUTE_TO_HOSPITAL
2026-08-31 18:58:26,AMB0055,REQ02691,13.082237,80.26459,27.9,135.0,EN_ROUTE_TO_HOSPITAL
2026-08-31 18:58:30,AMB0055,REQ02691,13.081917,80.271589,44.4,135.0,EN_ROUTE_TO_HOSPITAL
2026-08-31 18:58:38,AMB0055,REQ02691,13.081036,80.277414,52.0,135.0,EN_ROUTE_TO_HOSPITAL
2026-08-25 13:22:32,AMB0115,REQ00976,12.922194,80.192159,48.4,135.0,EN_ROUTE_TO_PATIENT
2026-08-25 13:22:36,AMB0115,REQ00976,12.929976,80.189611,46.3,135.0,EN_ROUTE_TO_PATIENT
2026-08-25 13:22:42,AMB0115,REQ00976,12.939468,80.186631,53.4,135.0,EN_ROUTE_TO_PATIENT
2026-08-25 13:22:50,AMB0115,REQ00976,12.947253,80.182518,42.4,135.0,EN_ROUTE_TO_PATIENT
2026-08-25 13:22:54,AMB0115,REQ00976,12.955878,80.180093,32.7,135.0,EN_ROUTE_TO_PATIENT
2026-08-25 13:23:00,AMB0115,REQ00976,12.964421,80.176483,35.5,135.0,EN_ROUTE_TO_PATIENT
2026-08-25 13:23:05,AMB0115,REQ00976,12.973396,80.174229,39.9,135.0,EN_ROUTE_TO_PATIENT
2026-08-25 13:23:13,AMB0115,REQ00976,12.98086,80.170277,20.3,135.0,EN_ROUTE_TO_PATIENT
2026-08-25 13:23:18,AMB0115,REQ00976,12.989696,80.168013,36.3,135.0,EN_ROUTE_TO_PATIENT
2026-08-25 13:23:26,AMB0115,REQ00976,12.997975,80.164047,39.9,135.0,EN_ROUTE_TO_PATIENT
2026-08-25 13:23:32,AMB0115,REQ00976,13.006451,80.161694,43.1,135.0,EN_ROUTE_TO_PATIENT
2026-08-25 13:23:38,AMB0115,REQ00976,13.015607,80.158723,48.8,135.0,EN_ROUTE_TO_PATIENT
2026-08-25 13:23:43,AMB0115,REQ00976,13.02428,80.155326,39.3,135.0,EN_ROUTE_TO_PATIENT
2026-08-25 13:24:44,AMB0115,REQ00976,13.0237,80.155068,39.3,135.0,EN_ROUTE_TO_HOSPITAL
2026-08-25 13:24:48,AMB0115,REQ00976,13.025426,80.153072,38.3,135.0,EN_ROUTE_TO_HOSPITAL
2026-08-25 13:24:52,AMB0115,REQ00976,13.028222,80.15221,34.8,135.0,EN_ROUTE_TO_HOSPITAL
2026-08-25 13:25:00,AMB0115,REQ00976,13.029168,80.14969,26.6,135.0,EN_ROUTE_TO_HOSPITAL
2026-08-25 13:25:04,AMB0115,REQ00976,13.031352,80.148412,48.3,135.0,EN_ROUTE_TO_HOSPITAL
2026-08-25 13:25:09,AMB0115,REQ00976,13.033031,80.146612,49.9,135.0,EN_ROUTE_TO_HOSPITAL
2026-08-25 13:25:14,AMB0115,REQ00976,13.03467,80.144698,29.1,135.0,EN_ROUTE_TO_HOSPITAL
2026-08-25 13:25:20,AMB0115,REQ00976,13.036862,80.142024,43.2,135.0,EN_ROUTE_TO_HOSPITAL
2026-08-25 13:25:28,AMB0115,REQ00976,13.038245,80.14076,23.0,135.0,EN_ROUTE_TO_HOSPITAL
2026-08-27 07:56:25,AMB0004,REQ00061,13.161277,80.300942,50.9,135.0,EN_ROUTE_TO_PATIENT
2026-08-27 07:56:29,AMB0004,REQ00061,13.151264,80.295546,50.6,135.0,EN_ROUTE_TO_PATIENT
2026-08-27 07:56:33,AMB0004,REQ00061,13.141935,80.290482,47.5,135.0,EN_ROUTE_TO_PATIENT
2026-08-27 07:56:38,AMB0004,REQ00061,13.131699,80.284403,41.1,135.0,EN_ROUTE_TO_PATIENT
2026-08-27 07:56:44,AMB0004,REQ00061,13.122465,80.278901,48.1,135.0,EN_ROUTE_TO_PATIENT
2026-08-27 07:56:48,AMB0004,REQ00061,13.112586,80.272962,54.3,135.0,EN_ROUTE_TO_PATIENT
2026-08-27 07:56:53,AMB0004,REQ00061,13.102214,80.267303,22.6,135.0,EN_ROUTE_TO_PATIENT
2026-08-27 07:56:59,AMB0004,REQ00061,13.093261,80.262731,49.6,135.0,EN_ROUTE_TO_PATIENT
2026-08-27 07:57:03,AMB0004,REQ00061,13.082929,80.257107,30.6,135.0,EN_ROUTE_TO_PATIENT
2026-08-27 07:57:11,AMB0004,REQ00061,13.073723,80.251583,31.7,135.0,EN_ROUTE_TO_PATIENT
2026-08-27 07:57:18,AMB0004,REQ00061,13.063093,80.245621,54.2,135.0,EN_ROUTE_TO_PATIENT
2026-08-27 07:57:22,AMB0004,REQ00061,13.053665,80.240383,35.8,135.0,EN_ROUTE_TO_PATIENT
2026-08-27 07:57:27,AMB0004,REQ00061,13.044061,80.23473,46.9,135.0,EN_ROUTE_TO_PATIENT
2026-08-27 07:57:31,AMB0004,REQ00061,13.033983,80.229253,41.2,135.0,EN_ROUTE_TO_PATIENT
2026-08-27 07:59:05,AMB0004,REQ00061,13.034783,80.228982,52.3,135.0,EN_ROUTE_TO_HOSPITAL
2026-08-27 07:59:12,AMB0004,REQ00061,13.035057,80.227193,24.5,135.0,EN_ROUTE_TO_HOSPITAL
2026-08-27 07:59:20,AMB0004,REQ00061,13.035169,80.225892,52.9,135.0,EN_ROUTE_TO_HOSPITAL
2026-08-27 07:59:25,AMB0004,REQ00061,13.035109,80.223804,23.7,135.0,EN_ROUTE_TO_HOSPITAL
2026-08-27 07:59:31,AMB0004,REQ00061,13.034892,80.221736,35.8,135.0,EN_ROUTE_TO_HOSPITAL
2026-08-27 07:59:38,AMB0004,REQ00061,13.0361,80.219757,42.8,135.0,EN_ROUTE_TO_HOSPITAL
2026-08-27 07:59:44,AMB0004,REQ00061,13.03548,80.218608,26.5,135.0,EN_ROUTE_TO_HOSPITAL
2026-08-27 07:59:52,AMB0004,REQ00061,13.036283,80.216671,43.0,135.0,EN_ROUTE_TO_HOSPITAL
2026-08-27 07:59:59,AMB0004,REQ00061,13.036507,80.21542,20.1,135.0,EN_ROUTE_TO_HOSPITAL
2026-08-27 08:00:03,AMB0004,REQ00061,13.037014,80.213504,40.0,135.0,EN_ROUTE_TO_HOSPITAL
2026-08-27 08:00:09,AMB0004,REQ00061,13.03725,80.21116,54.0,135.0,EN_ROUTE_TO_HOSPITAL
2026-08-27 08:00:13,AMB0004,REQ00061,13.037547,80.209646,24.2,135.0,EN_ROUTE_TO_HOSPITAL
2026-08-27 08:00:17,AMB0004,REQ00061,13.037229,80.208075,38.8,135.0,EN_ROUTE_TO_HOSPITAL
2026-08-27 08:00:21,AMB0004,REQ00061,13.03796,80.205971,37.0,135.0,EN_ROUTE_TO_HOSPITAL
2026-08-27 08:00:27,AMB0004,REQ00061,13.037825,80.204669,51.7,135.0,EN_ROUTE_TO_HOSPITAL
2026-08-21 23:25:23,AMB0023,REQ01819,13.101503,80.272352,42.2,135.0,EN_ROUTE_TO_PATIENT
2026-08-21 23:25:29,AMB0023,REQ01819,13.091046,80.268515,53.4,135.0,EN_ROUTE_TO_PATIENT
2026-08-21 23:25:37,AMB0023,REQ01819,13.081052,80.264069,39.9,135.0,EN_ROUTE_TO_PATIENT
2026-08-21 23:25:41,AMB0023,REQ01819,13.070456,80.259869,31.6,135.0,EN_ROUTE_TO_PATIENT
2026-08-21 23:25:47,AMB0023,REQ01819,13.060387,80.25452,26.3,135.0,EN_ROUTE_TO_PATIENT
2026-08-21 23:25:53,AMB0023,REQ01819,13.049907,80.250777,43.3,135.0,EN_ROUTE_TO_PATIENT
2026-08-21 23:26:01,AMB0023,REQ01819,13.040679,80.24675,21.1,135.0,EN_ROUTE_TO_PATIENT
2026-08-21 23:26:08,AMB0023,REQ01819,13.030671,80.241511,48.2,135.0,EN_ROUTE_TO_PATIENT
2026-08-21 23:26:12,AMB0023,REQ01819,13.020011,80.237046,31.8,135.0,EN_ROUTE_TO_PATIENT
2026-08-21 23:26:19,AMB0023,REQ01819,13.009779,80.232649,29.0,135.0,EN_ROUTE_TO_PATIENT
2026-08-21 23:26:24,AMB0023,REQ01819,13.000491,80.228723,46.7,135.0,EN_ROUTE_TO_PATIENT
2026-08-21 23:26:31,AMB0023,REQ01819,12.98977,80.224969,25.7,135.0,EN_ROUTE_TO_PATIENT
2026-08-21 23:26:35,AMB0023,REQ01819,12.979403,80.219981,54.5,135.0,EN_ROUTE_TO_PATIENT
2026-08-21 23:26:40,AMB0023,REQ01819,12.969247,80.21519,20.2,135.0,EN_ROUTE_TO_PATIENT
2026-08-21 23:26:46,AMB0023,REQ01819,12.959985,80.21139,43.6,135.0,EN_ROUTE_TO_PATIENT
2026-08-21 23:26:51,AMB0023,REQ01819,12.949555,80.207407,50.3,135.0,EN_ROUTE_TO_PATIENT
2026-08-21 23:26:55,AMB0023,REQ01819,12.939815,80.202494,38.4,135.0,EN_ROUTE_TO_PATIENT
2026-08-21 23:27:42,AMB0023,REQ01819,12.938755,80.20245,30.9,135.0,EN_ROUTE_TO_HOSPITAL
2026-08-21 23:27:50,AMB0023,REQ01819,12.951572,80.194733,33.3,135.0,EN_ROUTE_TO_HOSPITAL
2026-08-21 23:27:58,AMB0023,REQ01819,12.964674,80.187006,53.4,135.0,EN_ROUTE_TO_HOSPITAL
2026-08-21 23:28:06,AMB0023,REQ01819,12.976146,80.179598,44.0,135.0,EN_ROUTE_TO_HOSPITAL
2026-08-21 23:28:14,AMB0023,REQ01819,12.988958,80.171652,45.6,135.0,EN_ROUTE_TO_HOSPITAL
2026-08-21 23:28:19,AMB0023,REQ01819,13.000896,80.163714,22.3,135.0,EN_ROUTE_TO_HOSPITAL
2026-08-21 23:28:25,AMB0023,REQ01819,13.013573,80.156634,40.7,135.0,EN_ROUTE_TO_HOSPITAL
2026-08-21 23:28:30,AMB0023,REQ01819,13.026077,80.148994,44.1,135.0,EN_ROUTE_TO_HOSPITAL
2026-08-21 23:28:37,AMB0023,REQ01819,13.038987,80.140573,37.3,135.0,EN_ROUTE_TO_HOSPITAL
2026-08-15 06:25:35,AMB0093,REQ01903,13.004499,80.258301,35.8,135.0,EN_ROUTE_TO_PATIENT
2026-08-15 06:25:40,AMB0093,REQ01903,13.015316,80.243295,28.7,135.0,EN_ROUTE_TO_PATIENT
2026-08-15 06:25:45,AMB0093,REQ01903,13.024951,80.228889,21.8,135.0,EN_ROUTE_TO_PATIENT
2026-08-15 06:25:53,AMB0093,REQ01903,13.035188,80.214916,54.7,135.0,EN_ROUTE_TO_PATIENT
2026-08-15 06:25:59,AMB0093,REQ01903,13.045349,80.200857,49.0,135.0,EN_ROUTE_TO_PATIENT
2026-08-15 06:26:05,AMB0093,REQ01903,13.054937,80.186925,20.1,135.0,EN_ROUTE_TO_PATIENT
2026-08-15 06:26:10,AMB0093,REQ01903,13.064741,80.172491,29.8,135.0,EN_ROUTE_TO_PATIENT
2026-08-15 06:26:17,AMB0093,REQ01903,13.0749,80.157058,45.1,135.0,EN_ROUTE_TO_PATIENT
2026-08-15 06:26:25,AMB0093,REQ01903,13.084619,80.142711,54.7,135.0,EN_ROUTE_TO_PATIENT
2026-08-15 06:26:33,AMB0093,REQ01903,13.095336,80.128605,23.7,135.0,EN_ROUTE_TO_PATIENT
2026-08-15 06:26:41,AMB0093,REQ01903,13.10519,80.114192,21.9,135.0,EN_ROUTE_TO_PATIENT
2026-08-15 06:26:45,AMB0093,REQ01903,13.115586,80.10005,33.7,135.0,EN_ROUTE_TO_PATIENT
2026-08-15 06:26:52,AMB0093,REQ01903,13.124736,80.086028,33.0,135.0,EN_ROUTE_TO_PATIENT
2026-08-15 06:28:12,AMB0093,REQ01903,13.12518,80.086228,40.2,135.0,EN_ROUTE_TO_HOSPITAL
2026-08-15 06:28:16,AMB0093,REQ01903,13.115043,80.09472,45.5,135.0,EN_ROUTE_TO_HOSPITAL
2026-08-15 06:28:24,AMB0093,REQ01903,13.104008,80.103938,21.4,135.0,EN_ROUTE_TO_HOSPITAL
2026-08-15 06:28:32,AMB0093,REQ01903,13.094179,80.114247,43.6,135.0,EN_ROUTE_TO_HOSPITAL
2026-08-15 06:28:38,AMB0093,REQ01903,13.084184,80.122602,42.4,135.0,EN_ROUTE_TO_HOSPITAL
2026-08-15 06:28:45,AMB0093,REQ01903,13.073557,80.132609,48.2,135.0,EN_ROUTE_TO_HOSPITAL
2026-08-15 06:28:52,AMB0093,REQ01903,13.063443,80.141943,33.5,135.0,EN_ROUTE_TO_HOSPITAL
2026-08-15 06:28:56,AMB0093,REQ01903,13.052239,80.150408,28.2,135.0,EN_ROUTE_TO_HOSPITAL
2026-08-15 06:29:01,AMB0093,REQ01903,13.041805,80.160198,39.5,135.0,EN_ROUTE_TO_HOSPITAL
2026-08-15 06:29:06,AMB0093,REQ01903,13.03155,80.170075,26.8,135.0,EN_ROUTE_TO_HOSPITAL
2026-08-15 06:29:12,AMB0093,REQ01903,13.021737,80.179016,49.6,135.0,EN_ROUTE_TO_HOSPITAL
2026-08-02 12:37:05,AMB0079,REQ01685,13.037413,80.157958,30.8,135.0,EN_ROUTE_TO_PATIENT
2026-08-02 12:37:13,AMB0079,REQ01685,13.027649,80.169297,29.3,135.0,EN_ROUTE_TO_PATIENT
2026-08-02 12:37:17,AMB0079,REQ01685,13.018851,80.180056,52.0,135.0,EN_ROUTE_TO_PATIENT
2026-08-02 12:37:23,AMB0079,REQ01685,13.008775,80.192353,52.8,135.0,EN_ROUTE_TO_PATIENT
2026-08-02 12:37:31,AMB0079,REQ01685,13.000102,80.203124,49.3,135.0,EN_ROUTE_TO_PATIENT
2026-08-02 12:37:36,AMB0079,REQ01685,12.991033,80.214372,21.7,135.0,EN_ROUTE_TO_PATIENT
2026-08-02 12:37:43,AMB0079,REQ01685,12.981824,80.226258,47.1,135.0,EN_ROUTE_TO_PATIENT
2026-08-02 12:37:50,AMB0079,REQ01685,12.972672,80.23745,37.6,135.0,EN_ROUTE_TO_PATIENT
2026-08-02 12:37:55,AMB0079,REQ01685,12.962283,80.248184,36.4,135.0,EN_ROUTE_TO_PATIENT
2026-08-02 12:39:06,AMB0079,REQ01685,12.962353,80.249108,44.9,135.0,EN_ROUTE_TO_HOSPITAL
2026-08-02 12:39:10,AMB0079,REQ01685,12.966796,80.249432,51.2,135.0,EN_ROUTE_TO_HOSPITAL
2026-08-02 12:39:14,AMB0079,REQ01685,12.970653,80.249794,42.5,135.0,EN_ROUTE_TO_HOSPITAL
2026-08-02 12:39:19,AMB0079,REQ01685,12.973365,80.250268,34.2,135.0,EN_ROUTE_TO_HOSPITAL
2026-08-02 12:39:27,AMB0079,REQ01685,12.976979,80.251119,39.8,135.0,EN_ROUTE_TO_HOSPITAL
2026-08-02 12:39:31,AMB0079,REQ01685,12.981117,80.251465,53.1,135.0,EN_ROUTE_TO_HOSPITAL
2026-08-02 12:39:39,AMB0079,REQ01685,12.984245,80.252183,21.8,135.0,EN_ROUTE_TO_HOSPITAL
2026-08-02 12:39:46,AMB0079,REQ01685,12.988371,80.253179,25.9,135.0,EN_ROUTE_TO_HOSPITAL
2026-08-02 12:39:52,AMB0079,REQ01685,12.99265,80.253989,30.6,135.0,EN_ROUTE_TO_HOSPITAL
2026-08-02 12:39:56,AMB0079,REQ01685,12.995545,80.254355,33.0,135.0,EN_ROUTE_TO_HOSPITAL
2026-08-02 12:40:00,AMB0079,REQ01685,12.998793,80.2552,48.7,135.0,EN_ROUTE_TO_HOSPITAL
2026-08-02 12:40:04,AMB0079,REQ01685,13.003232,80.25549,34.8,135.0,EN_ROUTE_TO_HOSPITAL
2026-08-02 12:40:10,AMB0079,REQ01685,13.006118,80.256928,50.8,135.0,EN_ROUTE_TO_HOSPITAL
2026-08-03 20:54:55,AMB0042,REQ02104,13.083061,80.177736,28.6,135.0,EN_ROUTE_TO_PATIENT
2026-08-03 20:55:03,AMB0042,REQ02104,13.054724,80.184614,32.6,135.0,EN_ROUTE_TO_PATIENT
2026-08-03 20:55:07,AMB0042,REQ02104,13.027613,80.190168,36.8,135.0,EN_ROUTE_TO_PATIENT
2026-08-03 20:55:11,AMB0042,REQ02104,12.999427,80.196614,50.7,135.0,EN_ROUTE_TO_PATIENT
2026-08-03 20:55:19,AMB0042,REQ02104,12.971659,80.2019,35.6,135.0,EN_ROUTE_TO_PATIENT
2026-08-03 20:55:25,AMB0042,REQ02104,12.944009,80.208896,22.2,135.0,EN_ROUTE_TO_PATIENT
2026-08-03 20:55:30,AMB0042,REQ02104,12.915888,80.214431,28.4,135.0,EN_ROUTE_TO_PATIENT
2026-08-03 20:55:37,AMB0042,REQ02104,12.887667,80.22078,27.6,135.0,EN_ROUTE_TO_PATIENT
2026-08-03 20:55:41,AMB0042,REQ02104,12.859936,80.227343,47.2,135.0,EN_ROUTE_TO_PATIENT
2026-08-03 20:55:49,AMB0042,REQ02104,12.832084,80.232579,20.3,135.0,EN_ROUTE_TO_PATIENT
2026-08-03 20:55:57,AMB0042,REQ02104,12.803461,80.238875,27.0,135.0,EN_ROUTE_TO_PATIENT
2026-08-03 20:56:37,AMB0042,REQ02104,12.803467,80.238679,38.2,135.0,EN_ROUTE_TO_HOSPITAL
2026-08-03 20:56:45,AMB0042,REQ02104,12.823528,80.242155,49.5,135.0,EN_ROUTE_TO_HOSPITAL
2026-08-03 20:56:53,AMB0042,REQ02104,12.842284,80.244965,38.3,135.0,EN_ROUTE_TO_HOSPITAL
2026-08-03 20:56:59,AMB0042,REQ02104,12.861744,80.247558,40.1,135.0,EN_ROUTE_TO_HOSPITAL
2026-08-03 20:57:05,AMB0042,REQ02104,12.88129,80.250458,44.2,135.0,EN_ROUTE_TO_HOSPITAL
2026-08-03 20:57:13,AMB0042,REQ02104,12.900984,80.254037,28.5,135.0,EN_ROUTE_TO_HOSPITAL
2026-08-03 20:57:20,AMB0042,REQ02104,12.91965,80.256695,33.2,135.0,EN_ROUTE_TO_HOSPITAL
2026-08-03 20:57:27,AMB0042,REQ02104,12.939398,80.259075,28.1,135.0,EN_ROUTE_TO_HOSPITAL
2026-08-03 20:57:31,AMB0042,REQ02104,12.958797,80.262119,43.7,135.0,EN_ROUTE_TO_HOSPITAL
2026-08-03 20:57:39,AMB0042,REQ02104,12.978354,80.265884,21.7,135.0,EN_ROUTE_TO_HOSPITAL
2026-08-03 20:57:47,AMB0042,REQ02104,12.997777,80.268645,24.1,135.0,EN_ROUTE_TO_HOSPITAL
2026-08-03 20:57:51,AMB0042,REQ02104,13.016702,80.271473,51.1,135.0,EN_ROUTE_TO_HOSPITAL
2026-08-03 20:57:56,AMB0042,REQ02104,13.036087,80.274112,42.0,135.0,EN_ROUTE_TO_HOSPITAL
2026-08-03 20:58:00,AMB0042,REQ02104,13.054733,80.276939,38.2,135.0,EN_ROUTE_TO_HOSPITAL
2026-08-03 20:58:06,AMB0042,REQ02104,13.074285,80.28055,24.3,135.0,EN_ROUTE_TO_HOSPITAL
2026-08-03 20:58:10,AMB0042,REQ02104,13.09413,80.283205,41.5,135.0,EN_ROUTE_TO_HOSPITAL
2026-08-03 20:58:15,AMB0042,REQ02104,13.11306,80.285467,29.7,135.0,EN_ROUTE_TO_HOSPITAL
2026-08-03 18:17:28,AMB0071,REQ00899,13.040208,80.23775,49.5,135.0,EN_ROUTE_TO_PATIENT
2026-08-03 18:17:35,AMB0071,REQ00899,13.040364,80.232227,33.2,135.0,EN_ROUTE_TO_PATIENT
2026-08-03 18:17:42,AMB0071,REQ00899,13.040346,80.22644,23.7,135.0,EN_ROUTE_TO_PATIENT
2026-08-03 18:17:48,AMB0071,REQ00899,13.041064,80.221236,53.3,135.0,EN_ROUTE_TO_PATIENT
2026-08-03 18:17:55,AMB0071,REQ00899,13.041149,80.215745,40.3,135.0,EN_ROUTE_TO_PATIENT
2026-08-03 18:18:02,AMB0071,REQ00899,13.04128,80.210567,43.4,135.0,EN_ROUTE_TO_PATIENT
2026-08-03 18:18:07,AMB0071,REQ00899,13.041091,80.204649,50.7,135.0,EN_ROUTE_TO_PATIENT
2026-08-03 18:18:15,AMB0071,REQ00899,13.041665,80.199867,24.9,135.0,EN_ROUTE_TO_PATIENT
2026-08-03 18:18:23,AMB0071,REQ00899,13.04172,80.19502,29.3,135.0,EN_ROUTE_TO_PATIENT
2026-08-03 18:19:11,AMB0071,REQ00899,13.04182,80.193995,43.3,135.0,EN_ROUTE_TO_HOSPITAL
2026-08-03 18:19:17,AMB0071,REQ00899,13.043195,80.196741,53.4,135.0,EN_ROUTE_TO_HOSPITAL
2026-08-03 18:19:25,AMB0071,REQ00899,13.044234,80.198878,43.3,135.0,EN_ROUTE_TO_HOSPITAL
2026-08-03 18:19:31,AMB0071,REQ00899,13.045337,80.200637,42.1,135.0,EN_ROUTE_TO_HOSPITAL
2026-08-03 18:19:35,AMB0071,REQ00899,13.046891,80.203282,32.2,135.0,EN_ROUTE_TO_HOSPITAL
2026-08-03 18:19:41,AMB0071,REQ00899,13.048275,80.20525,31.6,135.0,EN_ROUTE_TO_HOSPITAL
2026-08-03 18:19:45,AMB0071,REQ00899,13.049029,80.207029,30.8,135.0,EN_ROUTE_TO_HOSPITAL
2026-08-03 18:19:49,AMB0071,REQ00899,13.050337,80.209508,30.0,135.0,EN_ROUTE_TO_HOSPITAL
2026-08-03 18:19:54,AMB0071,REQ00899,13.051666,80.210791,48.7,135.0,EN_ROUTE_TO_HOSPITAL
2026-08-15 10:39:27,AMB0073,REQ01604,13.044692,80.233421,47.9,135.0,EN_ROUTE_TO_PATIENT
2026-08-15 10:39:32,AMB0073,REQ01604,13.040452,80.226307,36.9,135.0,EN_ROUTE_TO_PATIENT
2026-08-15 10:39:40,AMB0073,REQ01604,13.03631,80.219204,39.9,135.0,EN_ROUTE_TO_PATIENT
2026-08-15 10:39:48,AMB0073,REQ01604,13.030704,80.211785,30.3,135.0,EN_ROUTE_TO_PATIENT
2026-08-15 10:39:56,AMB0073,REQ01604,13.027202,80.205316,29.7,135.0,EN_ROUTE_TO_PATIENT
2026-08-15 10:40:00,AMB0073,REQ01604,13.021922,80.19718,47.9,135.0,EN_ROUTE_TO_PATIENT
2026-08-15 10:40:04,AMB0073,REQ01604,13.017725,80.189973,45.0,135.0,EN_ROUTE_TO_PATIENT
2026-08-15 10:40:12,AMB0073,REQ01604,13.01315,80.183809,48.7,135.0,EN_ROUTE_TO_PATIENT
2026-08-15 10:40:20,AMB0073,REQ01604,13.009001,80.176336,49.8,135.0,EN_ROUTE_TO_PATIENT
2026-08-15 10:40:27,AMB0073,REQ01604,13.003731,80.168877,34.8,135.0,EN_ROUTE_TO_PATIENT
2026-08-15 10:40:35,AMB0073,REQ01604,12.999091,80.161302,28.0,135.0,EN_ROUTE_TO_PATIENT
2026-08-15 10:40:42,AMB0073,REQ01604,12.995216,80.154774,35.7,135.0,EN_ROUTE_TO_PATIENT
2026-08-15 10:40:46,AMB0073,REQ01604,12.990488,80.147298,37.7,135.0,EN_ROUTE_TO_PATIENT
2026-08-15 10:40:53,AMB0073,REQ01604,12.9855,80.139975,32.9,135.0,EN_ROUTE_TO_PATIENT
2026-08-15 10:40:57,AMB0073,REQ01604,12.98121,80.132804,21.1,135.0,EN_ROUTE_TO_PATIENT
2026-08-15 10:42:27,AMB0073,REQ01604,12.980938,80.133318,45.9,135.0,EN_ROUTE_TO_HOSPITAL
2026-08-15 10:42:35,AMB0073,REQ01604,12.990795,80.142593,32.0,135.0,EN_ROUTE_TO_HOSPITAL
2026-08-15 10:42:42,AMB0073,REQ01604,13.000566,80.15167,20.9,135.0,EN_ROUTE_TO_HOSPITAL
2026-08-15 10:42:48,AMB0073,REQ01604,13.010701,80.160818,40.7,135.0,EN_ROUTE_TO_HOSPITAL
2026-08-15 10:42:53,AMB0073,REQ01604,13.020362,80.169822,32.1,135.0,EN_ROUTE_TO_HOSPITAL
2026-08-15 10:42:59,AMB0073,REQ01604,13.029577,80.179172,27.4,135.0,EN_ROUTE_TO_HOSPITAL
2026-08-15 10:43:03,AMB0073,REQ01604,13.039821,80.187264,36.6,135.0,EN_ROUTE_TO_HOSPITAL
2026-08-15 10:43:07,AMB0073,REQ01604,13.049208,80.196245,36.8,135.0,EN_ROUTE_TO_HOSPITAL
2026-08-15 10:43:15,AMB0073,REQ01604,13.059112,80.205656,37.2,135.0,EN_ROUTE_TO_HOSPITAL
2026-08-15 10:43:22,AMB0073,REQ01604,13.069202,80.214492,40.8,135.0,EN_ROUTE_TO_HOSPITAL
2026-08-15 10:43:27,AMB0073,REQ01604,13.079173,80.224388,51.1,135.0,EN_ROUTE_TO_HOSPITAL
2026-08-29 06:06:18,AMB0031,REQ00162,13.071639,80.261269,33.0,135.0,EN_ROUTE_TO_PATIENT
2026-08-29 06:06:22,AMB0031,REQ00162,13.06231,80.257845,42.9,135.0,EN_ROUTE_TO_PATIENT
2026-08-29 06:06:30,AMB0031,REQ00162,13.054357,80.253656,54.7,135.0,EN_ROUTE_TO_PATIENT
2026-08-29 06:06:37,AMB0031,REQ00162,13.04601,80.249148,20.1,135.0,EN_ROUTE_TO_PATIENT
2026-08-29 06:06:42,AMB0031,REQ00162,13.03798,80.245105,51.3,135.0,EN_ROUTE_TO_PATIENT
2026-08-29 06:06:50,AMB0031,REQ00162,13.029593,80.241145,38.5,135.0,EN_ROUTE_TO_PATIENT
2026-08-29 06:06:58,AMB0031,REQ00162,13.02186,80.237825,20.3,135.0,EN_ROUTE_TO_PATIENT
2026-08-29 06:07:06,AMB0031,REQ00162,13.013387,80.233026,47.9,135.0,EN_ROUTE_TO_PATIENT
2026-08-29 06:07:11,AMB0031,REQ00162,13.005182,80.229874,47.1,135.0,EN_ROUTE_TO_PATIENT
2026-08-29 06:07:16,AMB0031,REQ00162,12.996244,80.224786,38.5,135.0,EN_ROUTE_TO_PATIENT
2026-08-29 06:08:24,AMB0031,REQ00162,12.99676,80.225933,37.8,135.0,EN_ROUTE_TO_HOSPITAL
2026-08-29 06:08:32,AMB0031,REQ00162,13.009832,80.231473,42.3,135.0,EN_ROUTE_TO_HOSPITAL
2026-08-29 06:08:40,AMB0031,REQ00162,13.023171,80.237785,43.7,135.0,EN_ROUTE_TO_HOSPITAL
2026-08-29 06:08:47,AMB0031,REQ00162,13.036411,80.244761,25.3,135.0,EN_ROUTE_TO_HOSPITAL
2026-08-29 06:08:53,AMB0031,REQ00162,13.049332,80.250516,53.9,135.0,EN_ROUTE_TO_HOSPITAL
2026-08-29 06:09:01,AMB0031,REQ00162,13.061366,80.256974,46.0,135.0,EN_ROUTE_TO_HOSPITAL
2026-08-29 06:09:05,AMB0031,REQ00162,13.07506,80.263136,32.5,135.0,EN_ROUTE_TO_HOSPITAL
2026-08-29 06:09:09,AMB0031,REQ00162,13.087795,80.26968,26.7,135.0,EN_ROUTE_TO_HOSPITAL
2026-08-29 06:09:17,AMB0031,REQ00162,13.100624,80.276726,47.1,135.0,EN_ROUTE_TO_HOSPITAL
2026-08-29 06:09:22,AMB0031,REQ00162,13.114185,80.282933,37.7,135.0,EN_ROUTE_TO_HOSPITAL
2026-08-29 06:09:26,AMB0031,REQ00162,13.127256,80.288422,54.1,135.0,EN_ROUTE_TO_HOSPITAL
2026-08-24 09:44:11,AMB0113,REQ02654,12.915835,80.19223,31.9,135.0,EN_ROUTE_TO_PATIENT
2026-08-24 09:44:17,AMB0113,REQ02654,12.922622,80.196448,21.0,135.0,EN_ROUTE_TO_PATIENT
2026-08-24 09:44:22,AMB0113,REQ02654,12.928786,80.19988,26.9,135.0,EN_ROUTE_TO_PATIENT
2026-08-24 09:44:28,AMB0113,REQ02654,12.933965,80.204043,41.4,135.0,EN_ROUTE_TO_PATIENT
2026-08-24 09:44:35,AMB0113,REQ02654,12.940927,80.208663,49.4,135.0,EN_ROUTE_TO_PATIENT
2026-08-24 09:44:39,AMB0113,REQ02654,12.946161,80.212212,22.1,135.0,EN_ROUTE_TO_PATIENT
2026-08-24 09:44:46,AMB0113,REQ02654,12.952801,80.217084,21.4,135.0,EN_ROUTE_TO_PATIENT
2026-08-24 09:44:52,AMB0113,REQ02654,12.959192,80.220451,27.1,135.0,EN_ROUTE_TO_PATIENT
2026-08-24 09:45:00,AMB0113,REQ02654,12.965119,80.225104,35.0,135.0,EN_ROUTE_TO_PATIENT
2026-08-24 09:45:05,AMB0113,REQ02654,12.971302,80.229376,45.6,135.0,EN_ROUTE_TO_PATIENT
2026-08-24 09:45:12,AMB0113,REQ02654,12.976637,80.233201,54.5,135.0,EN_ROUTE_TO_PATIENT
2026-08-24 09:46:16,AMB0113,REQ02654,12.977417,80.2333,40.5,135.0,EN_ROUTE_TO_HOSPITAL
2026-08-24 09:46:23,AMB0113,REQ02654,12.985332,80.236415,38.8,135.0,EN_ROUTE_TO_HOSPITAL
2026-08-24 09:46:28,AMB0113,REQ02654,12.994532,80.240743,22.1,135.0,EN_ROUTE_TO_HOSPITAL
2026-08-24 09:46:35,AMB0113,REQ02654,13.002649,80.244208,37.3,135.0,EN_ROUTE_TO_HOSPITAL
2026-08-24 09:46:40,AMB0113,REQ02654,13.012014,80.247374,34.2,135.0,EN_ROUTE_TO_HOSPITAL
2026-08-24 09:46:48,AMB0113,REQ02654,13.020774,80.251726,43.6,135.0,EN_ROUTE_TO_HOSPITAL
2026-08-24 09:46:56,AMB0113,REQ02654,13.029663,80.255508,25.1,135.0,EN_ROUTE_TO_HOSPITAL
2026-08-24 09:47:03,AMB0113,REQ02654,13.038333,80.25958,43.7,135.0,EN_ROUTE_TO_HOSPITAL
2026-08-24 09:47:09,AMB0113,REQ02654,13.046655,80.262268,28.6,135.0,EN_ROUTE_TO_HOSPITAL
2026-08-24 09:47:17,AMB0113,REQ02654,13.054581,80.266918,33.0,135.0,EN_ROUTE_TO_HOSPITAL
2026-08-24 09:47:24,AMB0113,REQ02654,13.063216,80.269726,41.6,135.0,EN_ROUTE_TO_HOSPITAL
2026-08-24 09:47:31,AMB0113,REQ02654,13.072562,80.274287,39.2,135.0,EN_ROUTE_TO_HOSPITAL
2026-08-24 09:47:38,AMB0113,REQ02654,13.080529,80.277977,48.3,135.0,EN_ROUTE_TO_HOSPITAL
2026-08-19 16:34:21,AMB0024,REQ01528,13.102451,80.275312,39.0,135.0,EN_ROUTE_TO_PATIENT
2026-08-19 16:34:28,AMB0024,REQ01528,13.101499,80.27073,27.0,135.0,EN_ROUTE_TO_PATIENT
2026-08-19 16:34:34,AMB0024,REQ01528,13.099959,80.266839,37.5,135.0,EN_ROUTE_TO_PATIENT
2026-08-19 16:34:38,AMB0024,REQ01528,13.098933,80.262614,20.7,135.0,EN_ROUTE_TO_PATIENT
2026-08-19 16:34:44,AMB0024,REQ01528,13.098209,80.25758,20.7,135.0,EN_ROUTE_TO_PATIENT
2026-08-19 16:34:51,AMB0024,REQ01528,13.096229,80.253314,46.8,135.0,EN_ROUTE_TO_PATIENT
2026-08-19 16:34:57,AMB0024,REQ01528,13.095954,80.249508,42.6,135.0,EN_ROUTE_TO_PATIENT
2026-08-19 16:35:04,AMB0024,REQ01528,13.094125,80.244738,53.7,135.0,EN_ROUTE_TO_PATIENT
2026-08-19 16:35:09,AMB0024,REQ01528,13.093492,80.241462,35.2,135.0,EN_ROUTE_TO_PATIENT
2026-08-19 16:35:17,AMB0024,REQ01528,13.09174,80.236393,31.1,135.0,EN_ROUTE_TO_PATIENT
2026-08-19 16:35:23,AMB0024,REQ01528,13.09124,80.232202,47.3,135.0,EN_ROUTE_TO_PATIENT
2026-08-19 16:35:30,AMB0024,REQ01528,13.089567,80.228558,23.9,135.0,EN_ROUTE_TO_PATIENT
2026-08-19 16:35:35,AMB0024,REQ01528,13.087894,80.223814,53.8,135.0,EN_ROUTE_TO_PATIENT
2026-08-19 16:35:40,AMB0024,REQ01528,13.087513,80.220171,51.6,135.0,EN_ROUTE_TO_PATIENT
2026-08-19 16:35:48,AMB0024,REQ01528,13.086716,80.214988,32.5,135.0,EN_ROUTE_TO_PATIENT
2026-08-19 16:37:08,AMB0024,REQ01528,13.086709,80.215053,25.1,135.0,EN_ROUTE_TO_HOSPITAL
2026-08-19 16:37:13,AMB0024,REQ01528,13.080764,80.214665,30.4,135.0,EN_ROUTE_TO_HOSPITAL
2026-08-19 16:37:18,AMB0024,REQ01528,13.075977,80.21262,25.0,135.0,EN_ROUTE_TO_HOSPITAL
2026-08-19 16:37:22,AMB0024,REQ01528,13.069615,80.21222,50.0,135.0,EN_ROUTE_TO_HOSPITAL
2026-08-19 16:37:30,AMB0024,REQ01528,13.064311,80.209923,31.6,135.0,EN_ROUTE_TO_HOSPITAL
2026-08-19 16:37:37,AMB0024,REQ01528,13.059161,80.209093,53.4,135.0,EN_ROUTE_TO_HOSPITAL
2026-08-19 16:37:42,AMB0024,REQ01528,13.054589,80.20801,43.2,135.0,EN_ROUTE_TO_HOSPITAL
2026-08-19 16:37:47,AMB0024,REQ01528,13.048902,80.206534,33.5,135.0,EN_ROUTE_TO_HOSPITAL
2026-08-19 16:37:52,AMB0024,REQ01528,13.042884,80.205029,40.2,135.0,EN_ROUTE_TO_HOSPITAL
2026-08-19 16:37:59,AMB0024,REQ01528,13.037999,80.203827,45.1,135.0,EN_ROUTE_TO_HOSPITAL
2026-08-19 17:44:47,AMB0049,REQ00361,13.067881,80.196644,50.4,135.0,EN_ROUTE_TO_PATIENT
2026-08-19 17:44:51,AMB0049,REQ00361,13.067977,80.20197,50.6,135.0,EN_ROUTE_TO_PATIENT
2026-08-19 17:44:55,AMB0049,REQ00361,13.068884,80.206849,50.2,135.0,EN_ROUTE_TO_PATIENT
2026-08-19 17:44:59,AMB0049,REQ00361,13.069297,80.211647,25.9,135.0,EN_ROUTE_TO_PATIENT
2026-08-19 17:45:03,AMB0049,REQ00361,13.069519,80.215493,46.5,135.0,EN_ROUTE_TO_PATIENT
2026-08-19 17:45:09,AMB0049,REQ00361,13.070179,80.2206,38.9,135.0,EN_ROUTE_TO_PATIENT
2026-08-19 17:45:15,AMB0049,REQ00361,13.069945,80.225515,47.5,135.0,EN_ROUTE_TO_PATIENT
2026-08-19 17:45:22,AMB0049,REQ00361,13.070577,80.230018,46.9,135.0,EN_ROUTE_TO_PATIENT
2026-08-19 17:45:27,AMB0049,REQ00361,13.070287,80.234925,38.3,135.0,EN_ROUTE_TO_PATIENT
2026-08-19 17:45:33,AMB0049,REQ00361,13.070901,80.239816,38.0,135.0,EN_ROUTE_TO_PATIENT
2026-08-19 17:45:39,AMB0049,REQ00361,13.072204,80.244435,37.7,135.0,EN_ROUTE_TO_PATIENT
2026-08-19 17:45:44,AMB0049,REQ00361,13.072438,80.2488,46.7,135.0,EN_ROUTE_TO_PATIENT
2026-08-19 17:45:51,AMB0049,REQ00361,13.07265,80.253557,40.0,135.0,EN_ROUTE_TO_PATIENT
2026-08-19 17:45:59,AMB0049,REQ00361,13.072364,80.258014,20.5,135.0,EN_ROUTE_TO_PATIENT
2026-08-19 17:46:44,AMB0049,REQ00361,13.072599,80.258718,31.8,135.0,EN_ROUTE_TO_HOSPITAL
2026-08-19 17:46:48,AMB0049,REQ00361,13.073861,80.254006,39.7,135.0,EN_ROUTE_TO_HOSPITAL
2026-08-19 17:46:53,AMB0049,REQ00361,13.074299,80.250738,33.1,135.0,EN_ROUTE_TO_HOSPITAL
2026-08-19 17:47:00,AMB0049,REQ00361,13.07452,80.2463,44.7,135.0,EN_ROUTE_TO_HOSPITAL
2026-08-19 17:47:08,AMB0049,REQ00361,13.076086,80.242678,47.3,135.0,EN_ROUTE_TO_HOSPITAL
2026-08-19 17:47:13,AMB0049,REQ00361,13.076392,80.239345,36.4,135.0,EN_ROUTE_TO_HOSPITAL
2026-08-19 17:47:19,AMB0049,REQ00361,13.077415,80.235572,26.4,135.0,EN_ROUTE_TO_HOSPITAL
2026-08-19 17:47:23,AMB0049,REQ00361,13.078082,80.231072,30.7,135.0,EN_ROUTE_TO_HOSPITAL
2026-08-19 17:47:27,AMB0049,REQ00361,13.078127,80.227518,31.1,135.0,EN_ROUTE_TO_HOSPITAL
2026-08-19 17:47:34,AMB0049,REQ00361,13.079213,80.223492,20.8,135.0,EN_ROUTE_TO_HOSPITAL
2026-08-16 06:05:37,AMB0124,REQ00705,12.953782,80.147895,32.3,135.0,EN_ROUTE_TO_PATIENT
2026-08-16 06:05:43,AMB0124,REQ00705,12.970777,80.162037,54.6,135.0,EN_ROUTE_TO_PATIENT
2026-08-16 06:05:49,AMB0124,REQ00705,12.98858,80.174978,22.4,135.0,EN_ROUTE_TO_PATIENT
2026-08-16 06:05:53,AMB0124,REQ00705,13.006558,80.188076,38.2,135.0,EN_ROUTE_TO_PATIENT
2026-08-16 06:05:57,AMB0124,REQ00705,13.023722,80.201655,31.4,135.0,EN_ROUTE_TO_PATIENT
2026-08-16 06:06:01,AMB0124,REQ00705,13.042296,80.214979,47.6,135.0,EN_ROUTE_TO_PATIENT
2026-08-16 06:06:09,AMB0124,REQ00705,13.059594,80.228165,39.7,135.0,EN_ROUTE_TO_PATIENT
2026-08-16 06:06:14,AMB0124,REQ00705,13.077524,80.24159,41.6,135.0,EN_ROUTE_TO_PATIENT
2026-08-16 06:06:19,AMB0124,REQ00705,13.094563,80.254849,30.1,135.0,EN_ROUTE_TO_PATIENT
2026-08-16 06:06:26,AMB0124,REQ00705,13.112829,80.267448,25.9,135.0,EN_ROUTE_TO_PATIENT
2026-08-16 06:06:33,AMB0124,REQ00705,13.130207,80.280803,25.6,135.0,EN_ROUTE_TO_PATIENT
2026-08-16 06:07:44,AMB0124,REQ00705,13.13013,80.281312,27.8,135.0,EN_ROUTE_TO_HOSPITAL
2026-08-16 06:07:50,AMB0124,REQ00705,13.125899,80.273628,47.8,135.0,EN_ROUTE_TO_HOSPITAL
2026-08-16 06:07:58,AMB0124,REQ00705,13.119873,80.265357,40.7,135.0,EN_ROUTE_TO_HOSPITAL
2026-08-16 06:08:05,AMB0124,REQ00705,13.115729,80.257678,26.5,135.0,EN_ROUTE_TO_HOSPITAL
2026-08-16 06:08:10,AMB0124,REQ00705,13.110445,80.249426,30.5,135.0,EN_ROUTE_TO_HOSPITAL
2026-08-16 06:08:16,AMB0124,REQ00705,13.104979,80.241314,48.4,135.0,EN_ROUTE_TO_HOSPITAL
2026-08-16 06:08:22,AMB0124,REQ00705,13.100386,80.23333,43.1,135.0,EN_ROUTE_TO_HOSPITAL
2026-08-16 06:08:26,AMB0124,REQ00705,13.09488,80.226156,25.4,135.0,EN_ROUTE_TO_HOSPITAL
2026-08-16 06:08:30,AMB0124,REQ00705,13.090173,80.217527,41.3,135.0,EN_ROUTE_TO_HOSPITAL
2026-08-16 06:08:37,AMB0124,REQ00705,13.08537,80.209938,53.0,135.0,EN_ROUTE_TO_HOSPITAL
2026-08-27 19:17:51,AMB0077,REQ01096,13.032986,80.162107,46.3,135.0,EN_ROUTE_TO_PATIENT
2026-08-27 19:17:58,AMB0077,REQ01096,13.032747,80.167905,46.4,135.0,EN_ROUTE_TO_PATIENT
2026-08-27 19:18:04,AMB0077,REQ01096,13.03168,80.17402,30.6,135.0,EN_ROUTE_TO_PATIENT
2026-08-27 19:18:08,AMB0077,REQ01096,13.03092,80.180026,45.0,135.0,EN_ROUTE_TO_PATIENT
2026-08-27 19:18:12,AMB0077,REQ01096,13.031035,80.185812,34.4,135.0,EN_ROUTE_TO_PATIENT
2026-08-27 19:18:16,AMB0077,REQ01096,13.030319,80.191631,41.5,135.0,EN_ROUTE_TO_PATIENT
2026-08-27 19:18:20,AMB0077,REQ01096,13.030114,80.198841,53.3,135.0,EN_ROUTE_TO_PATIENT
2026-08-27 19:18:25,AMB0077,REQ01096,13.02914,80.204062,42.2,135.0,EN_ROUTE_TO_PATIENT
2026-08-27 19:18:29,AMB0077,REQ01096,13.02842,80.209983,28.0,135.0,EN_ROUTE_TO_PATIENT
2026-08-27 19:18:36,AMB0077,REQ01096,13.028219,80.217,47.1,135.0,EN_ROUTE_TO_PATIENT
2026-08-27 19:18:40,AMB0077,REQ01096,13.028611,80.222085,50.3,135.0,EN_ROUTE_TO_PATIENT
2026-08-27 19:18:44,AMB0077,REQ01096,13.027795,80.228097,42.1,135.0,EN_ROUTE_TO_PATIENT
2026-08-27 19:18:52,AMB0077,REQ01096,13.026662,80.234197,36.1,135.0,EN_ROUTE_TO_PATIENT
2026-08-27 19:18:56,AMB0077,REQ01096,13.026226,80.241329,29.0,135.0,EN_ROUTE_TO_PATIENT
2026-08-27 19:19:02,AMB0077,REQ01096,13.025886,80.246916,29.7,135.0,EN_ROUTE_TO_PATIENT
2026-08-27 19:19:55,AMB0077,REQ01096,13.026208,80.24698,46.6,135.0,EN_ROUTE_TO_HOSPITAL
2026-08-27 19:20:02,AMB0077,REQ01096,13.020166,80.238452,28.0,135.0,EN_ROUTE_TO_HOSPITAL
2026-08-27 19:20:10,AMB0077,REQ01096,13.014299,80.23052,39.6,135.0,EN_ROUTE_TO_HOSPITAL
2026-08-27 19:20:15,AMB0077,REQ01096,13.008116,80.22152,24.9,135.0,EN_ROUTE_TO_HOSPITAL
2026-08-27 19:20:21,AMB0077,REQ01096,13.002893,80.213272,21.3,135.0,EN_ROUTE_TO_HOSPITAL
2026-08-27 19:20:25,AMB0077,REQ01096,12.996998,80.20519,53.3,135.0,EN_ROUTE_TO_HOSPITAL
2026-08-27 19:20:31,AMB0077,REQ01096,12.990955,80.195759,45.8,135.0,EN_ROUTE_TO_HOSPITAL
2026-08-27 19:20:39,AMB0077,REQ01096,12.98512,80.187183,50.1,135.0,EN_ROUTE_TO_HOSPITAL
2026-08-27 19:20:46,AMB0077,REQ01096,12.978127,80.178861,40.0,135.0,EN_ROUTE_TO_HOSPITAL
2026-08-27 19:20:52,AMB0077,REQ01096,12.97327,80.170964,42.2,135.0,EN_ROUTE_TO_HOSPITAL
2026-08-27 19:20:57,AMB0077,REQ01096,12.966721,80.162813,31.4,135.0,EN_ROUTE_TO_HOSPITAL
2026-08-27 19:21:01,AMB0077,REQ01096,12.960808,80.153331,31.6,135.0,EN_ROUTE_TO_HOSPITAL
2026-08-27 19:21:07,AMB0077,REQ01096,12.955281,80.145306,23.8,135.0,EN_ROUTE_TO_HOSPITAL
2026-08-27 19:21:12,AMB0077,REQ01096,12.949506,80.136719,23.7,135.0,EN_ROUTE_TO_HOSPITAL
2026-08-27 19:21:20,AMB0077,REQ01096,12.94338,80.128209,45.1,135.0,EN_ROUTE_TO_HOSPITAL
2026-09-03 12:31:14,AMB0028,REQ01618,13.080807,80.273893,24.1,135.0,EN_ROUTE_TO_PATIENT
2026-09-03 12:31:21,AMB0028,REQ01618,13.069916,80.273362,39.9,135.0,EN_ROUTE_TO_PATIENT
2026-09-03 12:31:29,AMB0028,REQ01618,13.058672,80.272628,46.7,135.0,EN_ROUTE_TO_PATIENT
2026-09-03 12:31:35,AMB0028,REQ01618,13.045978,80.270494,27.4,135.0,EN_ROUTE_TO_PATIENT
2026-09-03 12:31:39,AMB0028,REQ01618,13.035005,80.269877,22.0,135.0,EN_ROUTE_TO_PATIENT
2026-09-03 12:31:46,AMB0028,REQ01618,13.022602,80.26824,21.0,135.0,EN_ROUTE_TO_PATIENT
2026-09-03 12:31:53,AMB0028,REQ01618,13.010977,80.267141,50.5,135.0,EN_ROUTE_TO_PATIENT
2026-09-03 12:32:00,AMB0028,REQ01618,13.000165,80.266289,36.8,135.0,EN_ROUTE_TO_PATIENT
2026-09-03 12:32:04,AMB0028,REQ01618,12.988871,80.265146,26.5,135.0,EN_ROUTE_TO_PATIENT
2026-09-03 12:32:12,AMB0028,REQ01618,12.977154,80.263769,41.8,135.0,EN_ROUTE_TO_PATIENT
2026-09-03 12:32:17,AMB0028,REQ01618,12.965324,80.262737,36.6,135.0,EN_ROUTE_TO_PATIENT
2026-09-03 12:32:21,AMB0028,REQ01618,12.953748,80.261336,36.5,135.0,EN_ROUTE_TO_PATIENT
2026-09-03 12:32:26,AMB0028,REQ01618,12.942042,80.260242,53.4,135.0,EN_ROUTE_TO_PATIENT
2026-09-03 12:32:31,AMB0028,REQ01618,12.929567,80.258995,33.9,135.0,EN_ROUTE_TO_PATIENT
2026-09-03 12:33:52,AMB0028,REQ01618,12.93062,80.259238,53.3,135.0,EN_ROUTE_TO_HOSPITAL
2026-09-03 12:33:59,AMB0028,REQ01618,12.931741,80.246621,38.7,135.0,EN_ROUTE_TO_HOSPITAL
2026-09-03 12:34:03,AMB0028,REQ01618,12.932294,80.235264,22.1,135.0,EN_ROUTE_TO_HOSPITAL
2026-09-03 12:34:09,AMB0028,REQ01618,12.93404,80.223264,45.7,135.0,EN_ROUTE_TO_HOSPITAL
2026-09-03 12:34:17,AMB0028,REQ01618,12.935159,80.211651,40.8,135.0,EN_ROUTE_TO_HOSPITAL
2026-09-03 12:34:21,AMB0028,REQ01618,12.936238,80.199971,34.3,135.0,EN_ROUTE_TO_HOSPITAL
2026-09-03 12:34:29,AMB0028,REQ01618,12.936699,80.187147,48.1,135.0,EN_ROUTE_TO_HOSPITAL
2026-09-03 12:34:34,AMB0028,REQ01618,12.938476,80.175617,22.6,135.0,EN_ROUTE_TO_HOSPITAL
2026-09-03 12:34:42,AMB0028,REQ01618,12.939661,80.164484,53.6,135.0,EN_ROUTE_TO_HOSPITAL
2026-09-03 12:34:48,AMB0028,REQ01618,12.940221,80.151666,33.0,135.0,EN_ROUTE_TO_HOSPITAL
2026-09-03 12:34:54,AMB0028,REQ01618,12.941624,80.139817,34.5,135.0,EN_ROUTE_TO_HOSPITAL
2026-09-03 12:35:01,AMB0028,REQ01618,12.943532,80.127933,44.6,135.0,EN_ROUTE_TO_HOSPITAL
2026-08-28 16:48:51,AMB0028,REQ00857,13.081147,80.27478,23.5,135.0,EN_ROUTE_TO_PATIENT
2026-08-28 16:48:57,AMB0028,REQ00857,13.076181,80.27063,32.5,135.0,EN_ROUTE_TO_PATIENT
2026-08-28 16:49:04,AMB0028,REQ00857,13.069485,80.267874,21.9,135.0,EN_ROUTE_TO_PATIENT
2026-08-28 16:49:12,AMB0028,REQ00857,13.064898,80.264382,27.8,135.0,EN_ROUTE_TO_PATIENT
2026-08-28 16:49:19,AMB0028,REQ00857,13.058127,80.261353,37.8,135.0,EN_ROUTE_TO_PATIENT
2026-08-28 16:49:27,AMB0028,REQ00857,13.052577,80.256876,52.1,135.0,EN_ROUTE_TO_PATIENT
2026-08-28 16:49:35,AMB0028,REQ00857,13.047408,80.254536,26.3,135.0,EN_ROUTE_TO_PATIENT
2026-08-28 16:49:41,AMB0028,REQ00857,13.041129,80.2504,54.7,135.0,EN_ROUTE_TO_PATIENT
2026-08-28 16:49:48,AMB0028,REQ00857,13.035778,80.247639,20.5,135.0,EN_ROUTE_TO_PATIENT
2026-08-28 16:50:44,AMB0028,REQ00857,13.036063,80.24733,52.2,135.0,EN_ROUTE_TO_HOSPITAL
2026-08-28 16:50:49,AMB0028,REQ00857,13.036988,80.245274,20.9,135.0,EN_ROUTE_TO_HOSPITAL
2026-08-28 16:50:54,AMB0028,REQ00857,13.038209,80.242271,54.3,135.0,EN_ROUTE_TO_HOSPITAL
2026-08-28 16:50:59,AMB0028,REQ00857,13.039614,80.239849,47.6,135.0,EN_ROUTE_TO_HOSPITAL
2026-08-28 16:51:04,AMB0028,REQ00857,13.04009,80.23786,26.9,135.0,EN_ROUTE_TO_HOSPITAL
2026-08-28 16:51:09,AMB0028,REQ00857,13.041949,80.234793,42.7,135.0,EN_ROUTE_TO_HOSPITAL
2026-08-28 16:51:15,AMB0028,REQ00857,13.043595,80.232181,21.8,135.0,EN_ROUTE_TO_HOSPITAL
2026-08-28 16:51:21,AMB0028,REQ00857,13.044852,80.229527,35.8,135.0,EN_ROUTE_TO_HOSPITAL
2026-08-28 16:51:26,AMB0028,REQ00857,13.045803,80.227321,49.9,135.0,EN_ROUTE_TO_HOSPITAL
2026-08-28 16:51:34,AMB0028,REQ00857,13.047127,80.225009,29.1,135.0,EN_ROUTE_TO_HOSPITAL
2026-08-28 16:51:40,AMB0028,REQ00857,13.047616,80.221801,37.0,135.0,EN_ROUTE_TO_HOSPITAL
2026-08-28 16:51:47,AMB0028,REQ00857,13.04959,80.22042,39.3,135.0,EN_ROUTE_TO_HOSPITAL
2026-08-28 16:51:52,AMB0028,REQ00857,13.050681,80.216826,47.9,135.0,EN_ROUTE_TO_HOSPITAL
2026-08-28 16:52:00,AMB0028,REQ00857,13.05156,80.214654,33.6,135.0,EN_ROUTE_TO_HOSPITAL
2026-08-28 16:52:06,AMB0028,REQ00857,13.052103,80.211884,54.5,135.0,EN_ROUTE_TO_HOSPITAL
2026-08-10 23:40:14,AMB0053,REQ00007,13.053146,80.208241,44.4,135.0,EN_ROUTE_TO_PATIENT
2026-08-10 23:40:21,AMB0053,REQ00007,13.045469,80.208877,32.1,135.0,EN_ROUTE_TO_PATIENT
2026-08-10 23:40:27,AMB0053,REQ00007,13.03709,80.20835,42.9,135.0,EN_ROUTE_TO_PATIENT
2026-08-10 23:40:32,AMB0053,REQ00007,13.029447,80.207925,38.0,135.0,EN_ROUTE_TO_PATIENT
2026-08-10 23:40:37,AMB0053,REQ00007,13.022409,80.207724,25.8,135.0,EN_ROUTE_TO_PATIENT
2026-08-10 23:40:42,AMB0053,REQ00007,13.014094,80.207253,41.5,135.0,EN_ROUTE_TO_PATIENT
2026-08-10 23:40:47,AMB0053,REQ00007,13.006056,80.207798,33.3,135.0,EN_ROUTE_TO_PATIENT
2026-08-10 23:40:53,AMB0053,REQ00007,12.998583,80.207748,37.9,135.0,EN_ROUTE_TO_PATIENT
2026-08-10 23:40:58,AMB0053,REQ00007,12.991064,80.206924,48.6,135.0,EN_ROUTE_TO_PATIENT
2026-08-10 23:41:06,AMB0053,REQ00007,12.983075,80.207165,52.4,135.0,EN_ROUTE_TO_PATIENT
2026-08-10 23:41:13,AMB0053,REQ00007,12.975384,80.207121,49.6,135.0,EN_ROUTE_TO_PATIENT
2026-08-10 23:41:19,AMB0053,REQ00007,12.968272,80.206858,25.3,135.0,EN_ROUTE_TO_PATIENT
2026-08-10 23:41:23,AMB0053,REQ00007,12.960564,80.206017,45.3,135.0,EN_ROUTE_TO_PATIENT
2026-08-10 23:41:29,AMB0053,REQ00007,12.952864,80.206109,39.1,135.0,EN_ROUTE_TO_PATIENT
2026-08-10 23:43:00,AMB0053,REQ00007,12.952623,80.206396,31.1,135.0,EN_ROUTE_TO_HOSPITAL
2026-08-10 23:43:07,AMB0053,REQ00007,12.956014,80.209471,48.6,135.0,EN_ROUTE_TO_HOSPITAL
2026-08-10 23:43:14,AMB0053,REQ00007,12.96075,80.213262,43.9,135.0,EN_ROUTE_TO_HOSPITAL
2026-08-10 23:43:18,AMB0053,REQ00007,12.964367,80.216631,45.8,135.0,EN_ROUTE_TO_HOSPITAL
2026-08-10 23:43:26,AMB0053,REQ00007,12.967879,80.221212,37.5,135.0,EN_ROUTE_TO_HOSPITAL
2026-08-10 23:43:30,AMB0053,REQ00007,12.971851,80.223899,32.4,135.0,EN_ROUTE_TO_HOSPITAL
2026-08-10 23:43:37,AMB0053,REQ00007,12.975962,80.228188,40.2,135.0,EN_ROUTE_TO_HOSPITAL
2026-08-10 23:43:41,AMB0053,REQ00007,12.979714,80.231614,41.5,135.0,EN_ROUTE_TO_HOSPITAL
2026-08-10 23:43:49,AMB0053,REQ00007,12.983451,80.235601,50.4,135.0,EN_ROUTE_TO_HOSPITAL
2026-08-10 23:43:56,AMB0053,REQ00007,12.987791,80.238901,50.9,135.0,EN_ROUTE_TO_HOSPITAL
2026-08-10 23:44:04,AMB0053,REQ00007,12.990881,80.242235,38.6,135.0,EN_ROUTE_TO_HOSPITAL
2026-08-10 23:44:09,AMB0053,REQ00007,12.995225,80.246011,40.8,135.0,EN_ROUTE_TO_HOSPITAL
2026-08-10 23:44:13,AMB0053,REQ00007,12.999339,80.249023,42.2,135.0,EN_ROUTE_TO_HOSPITAL
2026-08-10 23:44:21,AMB0053,REQ00007,13.002539,80.252463,20.2,135.0,EN_ROUTE_TO_HOSPITAL
2026-08-10 23:44:28,AMB0053,REQ00007,13.006612,80.256736,51.1,135.0,EN_ROUTE_TO_HOSPITAL
2026-08-02 19:53:16,AMB0018,REQ01935,13.112699,80.297321,44.8,135.0,EN_ROUTE_TO_PATIENT
2026-08-02 19:53:21,AMB0018,REQ01935,13.115644,80.291194,20.8,135.0,EN_ROUTE_TO_PATIENT
2026-08-02 19:53:25,AMB0018,REQ01935,13.118265,80.284059,30.2,135.0,EN_ROUTE_TO_PATIENT
2026-08-02 19:53:30,AMB0018,REQ01935,13.120592,80.27761,23.1,135.0,EN_ROUTE_TO_PATIENT
2026-08-02 19:53:34,AMB0018,REQ01935,13.121887,80.270711,26.0,135.0,EN_ROUTE_TO_PATIENT
2026-08-02 19:53:42,AMB0018,REQ01935,13.124477,80.264526,21.6,135.0,EN_ROUTE_TO_PATIENT
2026-08-02 19:53:49,AMB0018,REQ01935,13.126761,80.257694,33.0,135.0,EN_ROUTE_TO_PATIENT
2026-08-02 19:53:56,AMB0018,REQ01935,13.129455,80.251651,35.3,135.0,EN_ROUTE_TO_PATIENT
2026-08-02 19:54:00,AMB0018,REQ01935,13.131787,80.244879,36.3,135.0,EN_ROUTE_TO_PATIENT
2026-08-02 19:54:05,AMB0018,REQ01935,13.134166,80.239062,32.1,135.0,EN_ROUTE_TO_PATIENT
2026-08-02 19:54:11,AMB0018,REQ01935,13.136264,80.232643,22.4,135.0,EN_ROUTE_TO_PATIENT
2026-08-02 19:54:19,AMB0018,REQ01935,13.138808,80.226013,54.0,135.0,EN_ROUTE_TO_PATIENT
2026-08-02 19:54:26,AMB0018,REQ01935,13.141202,80.219543,48.9,135.0,EN_ROUTE_TO_PATIENT
2026-08-02 19:54:30,AMB0018,REQ01935,13.143352,80.212546,36.6,135.0,EN_ROUTE_TO_PATIENT
2026-08-02 19:55:27,AMB0018,REQ01935,13.143296,80.213506,36.6,135.0,EN_ROUTE_TO_HOSPITAL
2026-08-02 19:55:31,AMB0018,REQ01935,13.134938,80.217853,25.0,135.0,EN_ROUTE_TO_HOSPITAL
2026-08-02 19:55:35,AMB0018,REQ01935,13.126211,80.223499,41.3,135.0,EN_ROUTE_TO_HOSPITAL
2026-08-02 19:55:43,AMB0018,REQ01935,13.11735,80.227881,25.3,135.0,EN_ROUTE_TO_HOSPITAL
2026-08-02 19:55:48,AMB0018,REQ01935,13.107488,80.233381,47.6,135.0,EN_ROUTE_TO_HOSPITAL
2026-08-02 19:55:52,AMB0018,REQ01935,13.099482,80.237963,41.2,135.0,EN_ROUTE_TO_HOSPITAL
2026-08-02 19:56:00,AMB0018,REQ01935,13.090071,80.243758,44.6,135.0,EN_ROUTE_TO_HOSPITAL
2026-08-02 19:56:08,AMB0018,REQ01935,13.081768,80.248237,49.5,135.0,EN_ROUTE_TO_HOSPITAL
2026-08-02 19:56:13,AMB0018,REQ01935,13.072823,80.253196,28.2,135.0,EN_ROUTE_TO_HOSPITAL
2026-08-02 19:56:17,AMB0018,REQ01935,13.063789,80.257981,34.8,135.0,EN_ROUTE_TO_HOSPITAL
2026-08-02 19:56:23,AMB0018,REQ01935,13.054186,80.262953,53.8,135.0,EN_ROUTE_TO_HOSPITAL
2026-08-01 13:03:59,AMB0093,REQ02679,13.005095,80.257594,51.6,135.0,EN_ROUTE_TO_PATIENT
2026-08-01 13:04:04,AMB0093,REQ02679,13.006253,80.25816,31.5,135.0,EN_ROUTE_TO_PATIENT
2026-08-01 13:04:10,AMB0093,REQ02679,13.007649,80.259332,28.6,135.0,EN_ROUTE_TO_PATIENT
2026-08-01 13:04:17,AMB0093,REQ02679,13.009324,80.259141,31.2,135.0,EN_ROUTE_TO_PATIENT
2026-08-01 13:04:22,AMB0093,REQ02679,13.011804,80.260223,23.3,135.0,EN_ROUTE_TO_PATIENT
2026-08-01 13:04:27,AMB0093,REQ02679,13.012571,80.260558,31.1,135.0,EN_ROUTE_TO_PATIENT
2026-08-01 13:04:33,AMB0093,REQ02679,13.015249,80.260495,38.2,135.0,EN_ROUTE_TO_PATIENT
2026-08-01 13:04:39,AMB0093,REQ02679,13.01587,80.261161,25.4,135.0,EN_ROUTE_TO_PATIENT
2026-08-01 13:04:43,AMB0093,REQ02679,13.017476,80.261859,40.0,135.0,EN_ROUTE_TO_PATIENT
2026-08-01 13:04:47,AMB0093,REQ02679,13.019948,80.262961,38.3,135.0,EN_ROUTE_TO_PATIENT
2026-08-01 13:04:53,AMB0093,REQ02679,13.021563,80.262973,29.7,135.0,EN_ROUTE_TO_PATIENT
2026-08-01 13:05:00,AMB0093,REQ02679,13.023171,80.263247,44.9,135.0,EN_ROUTE_TO_PATIENT
2026-08-01 13:05:05,AMB0093,REQ02679,13.024704,80.264129,54.3,135.0,EN_ROUTE_TO_PATIENT
2026-08-01 13:05:09,AMB0093,REQ02679,13.026,80.264751,29.4,135.0,EN_ROUTE_TO_PATIENT
2026-08-01 13:05:14,AMB0093,REQ02679,13.027498,80.265073,30.8,135.0,EN_ROUTE_TO_PATIENT
2026-08-01 13:05:21,AMB0093,REQ02679,13.029702,80.26555,42.2,135.0,EN_ROUTE_TO_PATIENT
2026-08-01 13:06:28,AMB0093,REQ02679,13.029379,80.265331,26.5,135.0,EN_ROUTE_TO_HOSPITAL
2026-08-01 13:06:33,AMB0093,REQ02679,13.023174,80.255122,46.9,135.0,EN_ROUTE_TO_HOSPITAL
2026-08-01 13:06:38,AMB0093,REQ02679,13.016649,80.243839,51.6,135.0,EN_ROUTE_TO_HOSPITAL
2026-08-01 13:06:46,AMB0093,REQ02679,13.010109,80.233305,53.2,135.0,EN_ROUTE_TO_HOSPITAL
2026-08-01 13:06:50,AMB0093,REQ02679,13.002806,80.223107,23.8,135.0,EN_ROUTE_TO_HOSPITAL
2026-08-01 13:06:58,AMB0093,REQ02679,12.995991,80.212365,21.2,135.0,EN_ROUTE_TO_HOSPITAL
2026-08-01 13:07:03,AMB0093,REQ02679,12.989814,80.201723,43.2,135.0,EN_ROUTE_TO_HOSPITAL
2026-08-01 13:07:08,AMB0093,REQ02679,12.98309,80.19153,50.2,135.0,EN_ROUTE_TO_HOSPITAL
2026-08-01 13:07:16,AMB0093,REQ02679,12.975788,80.181279,21.3,135.0,EN_ROUTE_TO_HOSPITAL
2026-08-01 13:07:22,AMB0093,REQ02679,12.969521,80.170871,27.5,135.0,EN_ROUTE_TO_HOSPITAL
2026-08-01 13:07:28,AMB0093,REQ02679,12.963064,80.159904,46.8,135.0,EN_ROUTE_TO_HOSPITAL
2026-08-01 13:07:35,AMB0093,REQ02679,12.956728,80.149492,49.2,135.0,EN_ROUTE_TO_HOSPITAL
2026-08-01 13:07:43,AMB0093,REQ02679,12.949452,80.139237,21.6,135.0,EN_ROUTE_TO_HOSPITAL
2026-08-01 13:07:48,AMB0093,REQ02679,12.942704,80.128624,54.8,135.0,EN_ROUTE_TO_HOSPITAL
2026-08-16 17:28:14,AMB0039,REQ00335,13.08344,80.211133,52.4,135.0,EN_ROUTE_TO_PATIENT
2026-08-16 17:28:20,AMB0039,REQ00335,13.068606,80.203296,43.0,135.0,EN_ROUTE_TO_PATIENT
2026-08-16 17:28:26,AMB0039,REQ00335,13.05519,80.194588,42.7,135.0,EN_ROUTE_TO_PATIENT
2026-08-16 17:28:31,AMB0039,REQ00335,13.04012,80.18653,33.1,135.0,EN_ROUTE_TO_PATIENT
2026-08-16 17:28:38,AMB0039,REQ00335,13.025813,80.179044,52.0,135.0,EN_ROUTE_TO_PATIENT
2026-08-16 17:28:45,AMB0039,REQ00335,13.012567,80.170192,39.9,135.0,EN_ROUTE_TO_PATIENT
2026-08-16 17:28:50,AMB0039,REQ00335,12.998357,80.162455,53.7,135.0,EN_ROUTE_TO_PATIENT
2026-08-16 17:28:56,AMB0039,REQ00335,12.984185,80.154056,26.6,135.0,EN_ROUTE_TO_PATIENT
2026-08-16 17:29:01,AMB0039,REQ00335,12.969962,80.146112,54.8,135.0,EN_ROUTE_TO_PATIENT
2026-08-16 17:29:09,AMB0039,REQ00335,12.955951,80.137907,26.7,135.0,EN_ROUTE_TO_PATIENT
2026-08-16 17:30:36,AMB0039,REQ00335,12.95525,80.137237,22.6,135.0,EN_ROUTE_TO_HOSPITAL
2026-08-16 17:30:41,AMB0039,REQ00335,12.967331,80.141793,20.3,135.0,EN_ROUTE_TO_HOSPITAL
2026-08-16 17:30:48,AMB0039,REQ00335,12.97981,80.145752,27.4,135.0,EN_ROUTE_TO_HOSPITAL
2026-08-16 17:30:53,AMB0039,REQ00335,12.990552,80.15036,47.4,135.0,EN_ROUTE_TO_HOSPITAL
2026-08-16 17:30:59,AMB0039,REQ00335,13.002461,80.155403,30.6,135.0,EN_ROUTE_TO_HOSPITAL
2026-08-16 17:31:05,AMB0039,REQ00335,13.014571,80.160036,20.3,135.0,EN_ROUTE_TO_HOSPITAL
2026-08-16 17:31:09,AMB0039,REQ00335,13.026438,80.164653,20.4,135.0,EN_ROUTE_TO_HOSPITAL
2026-08-16 17:31:15,AMB0039,REQ00335,13.03861,80.169071,27.6,135.0,EN_ROUTE_TO_HOSPITAL
2026-08-16 17:31:21,AMB0039,REQ00335,13.050112,80.173262,29.6,135.0,EN_ROUTE_TO_HOSPITAL
2026-08-16 17:31:26,AMB0039,REQ00335,13.06166,80.178049,48.7,135.0,EN_ROUTE_TO_HOSPITAL
2026-08-16 17:31:33,AMB0039,REQ00335,13.073829,80.18167,53.7,135.0,EN_ROUTE_TO_HOSPITAL
2026-08-16 17:31:41,AMB0039,REQ00335,13.085278,80.187202,49.5,135.0,EN_ROUTE_TO_HOSPITAL
2026-08-19 08:12:33,AMB0125,REQ00461,12.947389,80.144307,33.4,135.0,EN_ROUTE_TO_PATIENT
2026-08-19 08:12:39,AMB0125,REQ00461,12.955481,80.148424,34.1,135.0,EN_ROUTE_TO_PATIENT
2026-08-19 08:12:46,AMB0125,REQ00461,12.962462,80.152479,20.4,135.0,EN_ROUTE_TO_PATIENT
2026-08-19 08:12:50,AMB0125,REQ00461,12.969273,80.157405,37.3,135.0,EN_ROUTE_TO_PATIENT
2026-08-19 08:12:55,AMB0125,REQ00461,12.977235,80.161306,29.8,135.0,EN_ROUTE_TO_PATIENT
2026-08-19 08:13:01,AMB0125,REQ00461,12.984288,80.165695,22.8,135.0,EN_ROUTE_TO_PATIENT
2026-08-19 08:13:06,AMB0125,REQ00461,12.991878,80.169102,45.6,135.0,EN_ROUTE_TO_PATIENT
2026-08-19 08:13:14,AMB0125,REQ00461,12.999604,80.173499,34.3,135.0,EN_ROUTE_TO_PATIENT
2026-08-19 08:13:19,AMB0125,REQ00461,13.006968,80.177228,36.1,135.0,EN_ROUTE_TO_PATIENT
2026-08-19 08:13:24,AMB0125,REQ00461,13.013775,80.18164,30.2,135.0,EN_ROUTE_TO_PATIENT
2026-08-19 08:13:32,AMB0125,REQ00461,13.021639,80.185352,49.3,135.0,EN_ROUTE_TO_PATIENT
2026-08-19 08:13:39,AMB0125,REQ00461,13.028225,80.190044,48.2,135.0,EN_ROUTE_TO_PATIENT
2026-08-19 08:13:45,AMB0125,REQ00461,13.035972,80.193881,54.7,135.0,EN_ROUTE_TO_PATIENT
2026-08-19 08:13:51,AMB0125,REQ00461,13.043162,80.197993,22.6,135.0,EN_ROUTE_TO_PATIENT
2026-08-19 08:13:59,AMB0125,REQ00461,13.050663,80.202298,30.1,135.0,EN_ROUTE_TO_PATIENT
2026-08-19 08:14:05,AMB0125,REQ00461,13.058496,80.206358,25.8,135.0,EN_ROUTE_TO_PATIENT
2026-08-19 08:15:24,AMB0125,REQ00461,13.058565,80.206619,29.7,135.0,EN_ROUTE_TO_HOSPITAL
2026-08-19 08:15:30,AMB0125,REQ00461,13.060233,80.20851,27.8,135.0,EN_ROUTE_TO_HOSPITAL
2026-08-19 08:15:34,AMB0125,REQ00461,13.061761,80.212368,32.9,135.0,EN_ROUTE_TO_HOSPITAL
2026-08-19 08:15:40,AMB0125,REQ00461,13.06347,80.214708,29.5,135.0,EN_ROUTE_TO_HOSPITAL
2026-08-19 08:15:46,AMB0125,REQ00461,13.064686,80.217904,22.9,135.0,EN_ROUTE_TO_HOSPITAL
2026-08-19 08:15:54,AMB0125,REQ00461,13.066791,80.221463,36.2,135.0,EN_ROUTE_TO_HOSPITAL
2026-08-19 08:16:00,AMB0125,REQ00461,13.068033,80.223986,40.9,135.0,EN_ROUTE_TO_HOSPITAL
2026-08-19 08:16:06,AMB0125,REQ00461,13.06938,80.226996,43.3,135.0,EN_ROUTE_TO_HOSPITAL
2026-08-19 08:16:11,AMB0125,REQ00461,13.071961,80.230714,24.9,135.0,EN_ROUTE_TO_HOSPITAL
2026-08-19 08:16:19,AMB0125,REQ00461,13.073593,80.233197,31.5,135.0,EN_ROUTE_TO_HOSPITAL
2026-08-19 08:16:27,AMB0125,REQ00461,13.075235,80.236374,45.9,135.0,EN_ROUTE_TO_HOSPITAL
2026-08-19 08:16:35,AMB0125,REQ00461,13.076355,80.239342,40.9,135.0,EN_ROUTE_TO_HOSPITAL
2026-08-19 08:16:42,AMB0125,REQ00461,13.078733,80.243059,38.0,135.0,EN_ROUTE_TO_HOSPITAL
2026-08-13 11:22:55,AMB0130,REQ00015,12.783666,80.224081,29.5,135.0,EN_ROUTE_TO_PATIENT
2026-08-13 11:22:59,AMB0130,REQ00015,12.79534,80.214395,23.3,135.0,EN_ROUTE_TO_PATIENT
2026-08-13 11:23:03,AMB0130,REQ00015,12.806137,80.20432,30.1,135.0,EN_ROUTE_TO_PATIENT
2026-08-13 11:23:10,AMB0130,REQ00015,12.817654,80.195332,50.0,135.0,EN_ROUTE_TO_PATIENT
2026-08-13 11:23:17,AMB0130,REQ00015,12.828963,80.186379,33.0,135.0,EN_ROUTE_TO_PATIENT
2026-08-13 11:23:25,AMB0130,REQ00015,12.840104,80.176651,42.4,135.0,EN_ROUTE_TO_PATIENT
2026-08-13 11:23:32,AMB0130,REQ00015,12.851937,80.166637,44.2,135.0,EN_ROUTE_TO_PATIENT
2026-08-13 11:23:37,AMB0130,REQ00015,12.862943,80.157951,54.1,135.0,EN_ROUTE_TO_PATIENT
2026-08-13 11:23:45,AMB0130,REQ00015,12.873838,80.148651,30.7,135.0,EN_ROUTE_TO_PATIENT
2026-08-13 11:23:53,AMB0130,REQ00015,12.88528,80.138935,51.8,135.0,EN_ROUTE_TO_PATIENT
2026-08-13 11:24:01,AMB0130,REQ00015,12.895864,80.129741,48.3,135.0,EN_ROUTE_TO_PATIENT
2026-08-13 11:24:07,AMB0130,REQ00015,12.90756,80.120062,36.0,135.0,EN_ROUTE_TO_PATIENT
2026-08-13 11:24:11,AMB0130,REQ00015,12.918986,80.110237,33.0,135.0,EN_ROUTE_TO_PATIENT
2026-08-13 11:24:17,AMB0130,REQ00015,12.930317,80.101504,36.5,135.0,EN_ROUTE_TO_PATIENT
2026-08-13 11:25:43,AMB0130,REQ00015,12.930001,80.101557,51.5,135.0,EN_ROUTE_TO_HOSPITAL
2026-08-13 11:25:50,AMB0130,REQ00015,12.941317,80.111688,32.6,135.0,EN_ROUTE_TO_HOSPITAL
2026-08-13 11:25:55,AMB0130,REQ00015,12.952345,80.121188,45.7,135.0,EN_ROUTE_TO_HOSPITAL
2026-08-13 11:26:00,AMB0130,REQ00015,12.963443,80.130768,48.6,135.0,EN_ROUTE_TO_HOSPITAL
2026-08-13 11:26:04,AMB0130,REQ00015,12.974587,80.140619,38.7,135.0,EN_ROUTE_TO_HOSPITAL
2026-08-13 11:26:08,AMB0130,REQ00015,12.985475,80.150902,41.8,135.0,EN_ROUTE_TO_HOSPITAL
2026-08-13 11:26:12,AMB0130,REQ00015,12.996381,80.161267,32.0,135.0,EN_ROUTE_TO_HOSPITAL
2026-08-13 11:26:20,AMB0130,REQ00015,13.007984,80.170762,54.6,135.0,EN_ROUTE_TO_HOSPITAL
2026-08-13 11:26:26,AMB0130,REQ00015,13.018923,80.181172,34.5,135.0,EN_ROUTE_TO_HOSPITAL
2026-08-13 11:26:32,AMB0130,REQ00015,13.029802,80.191533,52.2,135.0,EN_ROUTE_TO_HOSPITAL
2026-08-13 11:26:40,AMB0130,REQ00015,13.04163,80.201248,52.4,135.0,EN_ROUTE_TO_HOSPITAL
2026-08-13 11:26:48,AMB0130,REQ00015,13.052701,80.210563,40.5,135.0,EN_ROUTE_TO_HOSPITAL
2026-08-25 20:40:37,AMB0069,REQ02326,13.032783,80.265832,41.8,135.0,EN_ROUTE_TO_PATIENT
2026-08-25 20:40:41,AMB0069,REQ02326,13.032073,80.264509,24.3,135.0,EN_ROUTE_TO_PATIENT
2026-08-25 20:40:49,AMB0069,REQ02326,13.031928,80.262941,39.0,135.0,EN_ROUTE_TO_PATIENT
2026-08-25 20:40:55,AMB0069,REQ02326,13.031052,80.262661,31.8,135.0,EN_ROUTE_TO_PATIENT
2026-08-25 20:41:02,AMB0069,REQ02326,13.029484,80.260539,23.0,135.0,EN_ROUTE_TO_PATIENT
2026-08-25 20:41:07,AMB0069,REQ02326,13.028327,80.260077,38.1,135.0,EN_ROUTE_TO_PATIENT
2026-08-25 20:41:12,AMB0069,REQ02326,13.027745,80.258823,37.1,135.0,EN_ROUTE_TO_PATIENT
2026-08-25 20:41:17,AMB0069,REQ02326,13.026641,80.257637,45.1,135.0,EN_ROUTE_TO_PATIENT
2026-08-25 20:41:21,AMB0069,REQ02326,13.026546,80.256179,24.5,135.0,EN_ROUTE_TO_PATIENT
2026-08-25 20:41:29,AMB0069,REQ02326,13.025498,80.25456,24.4,135.0,EN_ROUTE_TO_PATIENT
2026-08-25 20:41:36,AMB0069,REQ02326,13.024417,80.253474,40.3,135.0,EN_ROUTE_TO_PATIENT
2026-08-25 20:41:43,AMB0069,REQ02326,13.023952,80.252468,52.5,135.0,EN_ROUTE_TO_PATIENT
2026-08-25 20:41:49,AMB0069,REQ02326,13.023241,80.251641,21.6,135.0,EN_ROUTE_TO_PATIENT
2026-08-25 20:41:56,AMB0069,REQ02326,13.021872,80.249615,23.8,135.0,EN_ROUTE_TO_PATIENT
2026-08-25 20:42:01,AMB0069,REQ02326,13.020365,80.248661,47.3,135.0,EN_ROUTE_TO_PATIENT
2026-08-25 20:42:05,AMB0069,REQ02326,13.020294,80.24734,20.4,135.0,EN_ROUTE_TO_PATIENT
2026-08-25 20:42:13,AMB0069,REQ02326,13.018779,80.246362,43.4,135.0,EN_ROUTE_TO_PATIENT
2026-08-25 20:43:26,AMB0069,REQ02326,13.019464,80.246305,49.2,135.0,EN_ROUTE_TO_HOSPITAL
2026-08-25 20:43:31,AMB0069,REQ02326,13.024822,80.244057,32.0,135.0,EN_ROUTE_TO_HOSPITAL
2026-08-25 20:43:37,AMB0069,REQ02326,13.029143,80.241228,21.4,135.0,EN_ROUTE_TO_HOSPITAL
2026-08-25 20:43:41,AMB0069,REQ02326,13.033894,80.237619,46.1,135.0,EN_ROUTE_TO_HOSPITAL
2026-08-25 20:43:46,AMB0069,REQ02326,13.039818,80.235944,32.8,135.0,EN_ROUTE_TO_HOSPITAL
2026-08-25 20:43:50,AMB0069,REQ02326,13.044044,80.232557,47.0,135.0,EN_ROUTE_TO_HOSPITAL
2026-08-25 20:43:58,AMB0069,REQ02326,13.049726,80.229323,37.8,135.0,EN_ROUTE_TO_HOSPITAL
2026-08-25 20:44:06,AMB0069,REQ02326,13.054152,80.226457,27.4,135.0,EN_ROUTE_TO_HOSPITAL
2026-08-25 20:44:12,AMB0069,REQ02326,13.059142,80.223634,37.2,135.0,EN_ROUTE_TO_HOSPITAL
2026-08-25 20:44:18,AMB0069,REQ02326,13.065291,80.221334,39.7,135.0,EN_ROUTE_TO_HOSPITAL
2026-08-25 20:44:25,AMB0069,REQ02326,13.070323,80.219007,37.7,135.0,EN_ROUTE_TO_HOSPITAL
2026-08-25 20:44:33,AMB0069,REQ02326,13.075098,80.215462,52.2,135.0,EN_ROUTE_TO_HOSPITAL
2026-08-25 20:44:41,AMB0069,REQ02326,13.080122,80.212306,25.4,135.0,EN_ROUTE_TO_HOSPITAL
2026-08-25 20:44:49,AMB0069,REQ02326,13.085171,80.209876,42.1,135.0,EN_ROUTE_TO_HOSPITAL
2026-08-09 10:15:58,AMB0122,REQ00497,12.964403,80.150656,52.6,135.0,EN_ROUTE_TO_PATIENT
2026-08-09 10:16:03,AMB0122,REQ00497,12.970979,80.154704,28.8,135.0,EN_ROUTE_TO_PATIENT
2026-08-09 10:16:08,AMB0122,REQ00497,12.977867,80.15883,54.8,135.0,EN_ROUTE_TO_PATIENT
2026-08-09 10:16:14,AMB0122,REQ00497,12.984233,80.163785,38.5,135.0,EN_ROUTE_TO_PATIENT
2026-08-09 10:16:19,AMB0122,REQ00497,12.991202,80.167977,21.0,135.0,EN_ROUTE_TO_PATIENT
2026-08-09 10:16:26,AMB0122,REQ00497,12.997084,80.172896,41.3,135.0,EN_ROUTE_TO_PATIENT
2026-08-09 10:16:30,AMB0122,REQ00497,13.004127,80.176884,42.6,135.0,EN_ROUTE_TO_PATIENT
2026-08-09 10:16:35,AMB0122,REQ00497,13.011055,80.180949,33.5,135.0,EN_ROUTE_TO_PATIENT
2026-08-09 10:16:42,AMB0122,REQ00497,13.017565,80.185046,23.4,135.0,EN_ROUTE_TO_PATIENT
2026-08-09 10:16:47,AMB0122,REQ00497,13.023775,80.190009,33.3,135.0,EN_ROUTE_TO_PATIENT
2026-08-09 10:17:50,AMB0122,REQ00497,13.024342,80.189347,54.9,135.0,EN_ROUTE_TO_HOSPITAL
2026-08-09 10:17:56,AMB0122,REQ00497,13.025613,80.190784,41.9,135.0,EN_ROUTE_TO_HOSPITAL
2026-08-09 10:18:04,AMB0122,REQ00497,13.028062,80.192155,32.7,135.0,EN_ROUTE_TO_HOSPITAL
2026-08-09 10:18:12,AMB0122,REQ00497,13.029158,80.193598,31.4,135.0,EN_ROUTE_TO_HOSPITAL
2026-08-09 10:18:17,AMB0122,REQ00497,13.031228,80.195443,41.3,135.0,EN_ROUTE_TO_HOSPITAL
2026-08-09 10:18:23,AMB0122,REQ00497,13.03256,80.196214,50.4,135.0,EN_ROUTE_TO_HOSPITAL
2026-08-09 10:18:27,AMB0122,REQ00497,13.034923,80.198362,27.3,135.0,EN_ROUTE_TO_HOSPITAL
2026-08-09 10:18:31,AMB0122,REQ00497,13.036641,80.198995,52.5,135.0,EN_ROUTE_TO_HOSPITAL
2026-08-09 10:18:35,AMB0122,REQ00497,13.038108,80.200749,23.9,135.0,EN_ROUTE_TO_HOSPITAL
2026-08-09 10:18:40,AMB0122,REQ00497,13.039376,80.201462,46.0,135.0,EN_ROUTE_TO_HOSPITAL
2026-08-09 10:18:48,AMB0122,REQ00497,13.041136,80.203328,33.9,135.0,EN_ROUTE_TO_HOSPITAL
2026-08-09 10:18:54,AMB0122,REQ00497,13.043135,80.204002,32.9,135.0,EN_ROUTE_TO_HOSPITAL
2026-08-09 10:19:02,AMB0122,REQ00497,13.044817,80.205732,48.4,135.0,EN_ROUTE_TO_HOSPITAL
2026-08-09 10:19:08,AMB0122,REQ00497,13.047338,80.206622,42.1,135.0,EN_ROUTE_TO_HOSPITAL
2026-08-09 10:19:12,AMB0122,REQ00497,13.048126,80.208147,45.9,135.0,EN_ROUTE_TO_HOSPITAL
2026-08-09 10:19:19,AMB0122,REQ00497,13.050192,80.209088,52.3,135.0,EN_ROUTE_TO_HOSPITAL
2026-08-09 10:19:27,AMB0122,REQ00497,13.052181,80.210755,49.4,135.0,EN_ROUTE_TO_HOSPITAL
2026-08-10 05:53:11,AMB0065,REQ01431,13.052089,80.261151,45.7,135.0,EN_ROUTE_TO_PATIENT
2026-08-10 05:53:18,AMB0065,REQ01431,13.047393,80.2619,39.3,135.0,EN_ROUTE_TO_PATIENT
2026-08-10 05:53:26,AMB0065,REQ01431,13.04075,80.260427,39.4,135.0,EN_ROUTE_TO_PATIENT
2026-08-10 05:53:32,AMB0065,REQ01431,13.035062,80.260513,37.3,135.0,EN_ROUTE_TO_PATIENT
2026-08-10 05:53:37,AMB0065,REQ01431,13.03,80.259866,29.2,135.0,EN_ROUTE_TO_PATIENT
2026-08-10 05:53:44,AMB0065,REQ01431,13.023908,80.260343,26.4,135.0,EN_ROUTE_TO_PATIENT
2026-08-10 05:53:49,AMB0065,REQ01431,13.017778,80.259134,23.9,135.0,EN_ROUTE_TO_PATIENT
2026-08-10 05:53:56,AMB0065,REQ01431,13.012529,80.259659,29.3,135.0,EN_ROUTE_TO_PATIENT
2026-08-10 05:54:01,AMB0065,REQ01431,13.006873,80.259096,44.4,135.0,EN_ROUTE_TO_PATIENT
2026-08-10 05:54:08,AMB0065,REQ01431,13.001348,80.258626,28.1,135.0,EN_ROUTE_TO_PATIENT
2026-08-10 05:54:13,AMB0065,REQ01431,12.994889,80.25767,53.6,135.0,EN_ROUTE_TO_PATIENT
2026-08-10 05:54:17,AMB0065,REQ01431,12.988958,80.257878,45.2,135.0,EN_ROUTE_TO_PATIENT
2026-08-10 05:54:23,AMB0065,REQ01431,12.983365,80.257797,45.0,135.0,EN_ROUTE_TO_PATIENT
2026-08-10 05:54:30,AMB0065,REQ01431,12.977633,80.257615,53.9,135.0,EN_ROUTE_TO_PATIENT
2026-08-10 05:54:36,AMB0065,REQ01431,12.972449,80.25742,23.4,135.0,EN_ROUTE_TO_PATIENT
2026-08-10 05:54:41,AMB0065,REQ01431,12.966719,80.256028,41.5,135.0,EN_ROUTE_TO_PATIENT
2026-08-10 05:54:49,AMB0065,REQ01431,12.960805,80.25562,35.0,135.0,EN_ROUTE_TO_PATIENT
2026-08-10 05:55:54,AMB0065,REQ01431,12.960616,80.256228,36.8,135.0,EN_ROUTE_TO_HOSPITAL
2026-08-10 05:56:02,AMB0065,REQ01431,12.967504,80.256644,46.5,135.0,EN_ROUTE_TO_HOSPITAL
2026-08-10 05:56:08,AMB0065,REQ01431,12.974658,80.257254,29.1,135.0,EN_ROUTE_TO_HOSPITAL
2026-08-10 05:56:14,AMB0065,REQ01431,12.982343,80.257396,47.4,135.0,EN_ROUTE_TO_HOSPITAL
2026-08-10 05:56:18,AMB0065,REQ01431,12.988769,80.257769,36.7,135.0,EN_ROUTE_TO_HOSPITAL
2026-08-10 05:56:22,AMB0065,REQ01431,12.996301,80.258106,53.4,135.0,EN_ROUTE_TO_HOSPITAL
2026-08-10 05:56:29,AMB0065,REQ01431,13.003134,80.258427,36.2,135.0,EN_ROUTE_TO_HOSPITAL
2026-08-10 05:56:36,AMB0065,REQ01431,13.010137,80.258141,54.4,135.0,EN_ROUTE_TO_HOSPITAL
2026-08-10 05:56:40,AMB0065,REQ01431,13.016803,80.259001,52.8,135.0,EN_ROUTE_TO_HOSPITAL
2026-08-10 05:56:47,AMB0065,REQ01431,13.023865,80.259096,43.3,135.0,EN_ROUTE_TO_HOSPITAL
2026-08-10 05:56:55,AMB0065,REQ01431,13.031229,80.258938,42.9,135.0,EN_ROUTE_TO_HOSPITAL
2026-08-10 05:57:02,AMB0065,REQ01431,13.037793,80.259218,45.4,135.0,EN_ROUTE_TO_HOSPITAL
2026-08-10 05:57:10,AMB0065,REQ01431,13.044985,80.259119,47.2,135.0,EN_ROUTE_TO_HOSPITAL
2026-08-10 05:57:18,AMB0065,REQ01431,13.052221,80.260359,53.3,135.0,EN_ROUTE_TO_HOSPITAL
2026-08-10 05:57:25,AMB0065,REQ01431,13.059601,80.2605,31.9,135.0,EN_ROUTE_TO_HOSPITAL
2026-08-10 05:57:29,AMB0065,REQ01431,13.066614,80.2609,50.0,135.0,EN_ROUTE_TO_HOSPITAL
2026-08-10 05:57:34,AMB0065,REQ01431,13.073987,80.26092,22.8,135.0,EN_ROUTE_TO_HOSPITAL
2026-09-01 01:13:09,AMB0006,REQ00892,13.16527,80.254984,21.7,135.0,EN_ROUTE_TO_PATIENT
2026-09-01 01:13:17,AMB0006,REQ00892,13.158203,80.251206,39.2,135.0,EN_ROUTE_TO_PATIENT
2026-09-01 01:13:25,AMB0006,REQ00892,13.14974,80.245661,23.5,135.0,EN_ROUTE_TO_PATIENT
2026-09-01 01:13:30,AMB0006,REQ00892,13.141688,80.241339,24.5,135.0,EN_ROUTE_TO_PATIENT
2026-09-01 01:13:34,AMB0006,REQ00892,13.133749,80.237474,28.1,135.0,EN_ROUTE_TO_PATIENT
2026-09-01 01:13:38,AMB0006,REQ00892,13.126965,80.232652,39.7,135.0,EN_ROUTE_TO_PATIENT
2026-09-01 01:13:42,AMB0006,REQ00892,13.118716,80.227369,26.7,135.0,EN_ROUTE_TO_PATIENT
2026-09-01 01:13:49,AMB0006,REQ00892,13.110385,80.222957,29.7,135.0,EN_ROUTE_TO_PATIENT
2026-09-01 01:13:56,AMB0006,REQ00892,13.103089,80.218185,50.2,135.0,EN_ROUTE_TO_PATIENT
2026-09-01 01:14:01,AMB0006,REQ00892,13.094859,80.214549,34.1,135.0,EN_ROUTE_TO_PATIENT
2026-09-01 01:14:05,AMB0006,REQ00892,13.087512,80.209544,35.8,135.0,EN_ROUTE_TO_PATIENT
2026-09-01 01:14:13,AMB0006,REQ00892,13.07928,80.204333,22.1,135.0,EN_ROUTE_TO_PATIENT
2026-09-01 01:15:28,AMB0006,REQ00892,13.080153,80.204635,28.7,135.0,EN_ROUTE_TO_HOSPITAL
2026-09-01 01:15:34,AMB0006,REQ00892,13.063944,80.196602,49.3,135.0,EN_ROUTE_TO_HOSPITAL
2026-09-01 01:15:41,AMB0006,REQ00892,13.049068,80.188035,41.2,135.0,EN_ROUTE_TO_HOSPITAL
2026-09-01 01:15:49,AMB0006,REQ00892,13.034655,80.179451,20.1,135.0,EN_ROUTE_TO_HOSPITAL
2026-09-01 01:15:57,AMB0006,REQ00892,13.019277,80.170489,24.0,135.0,EN_ROUTE_TO_HOSPITAL
2026-09-01 01:16:02,AMB0006,REQ00892,13.004298,80.161873,27.6,135.0,EN_ROUTE_TO_HOSPITAL
2026-09-01 01:16:10,AMB0006,REQ00892,12.988669,80.153469,46.7,135.0,EN_ROUTE_TO_HOSPITAL
2026-09-01 01:16:17,AMB0006,REQ00892,12.973666,80.14539,40.3,135.0,EN_ROUTE_TO_HOSPITAL
2026-09-01 01:16:25,AMB0006,REQ00892,12.958733,80.137099,52.3,135.0,EN_ROUTE_TO_HOSPITAL
2026-09-01 01:16:29,AMB0006,REQ00892,12.9429,80.12795,29.5,135.0,EN_ROUTE_TO_HOSPITAL
2026-08-11 14:01:36,AMB0070,REQ01045,13.04447,80.23485,30.7,135.0,EN_ROUTE_TO_PATIENT
2026-08-11 14:01:40,AMB0070,REQ01045,13.033647,80.231634,29.4,135.0,EN_ROUTE_TO_PATIENT
2026-08-11 14:01:48,AMB0070,REQ01045,13.023526,80.227862,31.7,135.0,EN_ROUTE_TO_PATIENT
2026-08-11 14:01:56,AMB0070,REQ01045,13.013292,80.225237,34.0,135.0,EN_ROUTE_TO_PATIENT
2026-08-11 14:02:04,AMB0070,REQ01045,13.003361,80.221227,41.5,135.0,EN_ROUTE_TO_PATIENT
2026-08-11 14:02:11,AMB0070,REQ01045,12.992824,80.218156,31.3,135.0,EN_ROUTE_TO_PATIENT
2026-08-11 14:02:19,AMB0070,REQ01045,12.982715,80.215833,31.8,135.0,EN_ROUTE_TO_PATIENT
2026-08-11 14:02:26,AMB0070,REQ01045,12.972535,80.212424,54.3,135.0,EN_ROUTE_TO_PATIENT
2026-08-11 14:02:34,AMB0070,REQ01045,12.961953,80.208829,54.0,135.0,EN_ROUTE_TO_PATIENT
2026-08-11 14:03:27,AMB0070,REQ01045,12.962287,80.208543,42.7,135.0,EN_ROUTE_TO_HOSPITAL
2026-08-11 14:03:31,AMB0070,REQ01045,12.969629,80.212568,53.8,135.0,EN_ROUTE_TO_HOSPITAL
2026-08-11 14:03:35,AMB0070,REQ01045,12.977261,80.217064,54.0,135.0,EN_ROUTE_TO_HOSPITAL
2026-08-11 14:03:42,AMB0070,REQ01045,12.983603,80.221146,52.6,135.0,EN_ROUTE_TO_HOSPITAL
2026-08-11 14:03:47,AMB0070,REQ01045,12.991125,80.226365,30.4,135.0,EN_ROUTE_TO_HOSPITAL
2026-08-11 14:03:54,AMB0070,REQ01045,12.999075,80.230549,24.5,135.0,EN_ROUTE_TO_HOSPITAL
2026-08-11 14:04:02,AMB0070,REQ01045,13.006999,80.234058,49.8,135.0,EN_ROUTE_TO_HOSPITAL
2026-08-11 14:04:06,AMB0070,REQ01045,13.013472,80.238753,48.9,135.0,EN_ROUTE_TO_HOSPITAL
2026-08-11 14:04:10,AMB0070,REQ01045,13.021124,80.24286,35.7,135.0,EN_ROUTE_TO_HOSPITAL
2026-08-11 14:04:17,AMB0070,REQ01045,13.028701,80.24758,38.6,135.0,EN_ROUTE_TO_HOSPITAL
2026-08-11 14:04:22,AMB0070,REQ01045,13.036075,80.252113,53.6,135.0,EN_ROUTE_TO_HOSPITAL
2026-08-11 14:04:27,AMB0070,REQ01045,13.044062,80.255859,47.1,135.0,EN_ROUTE_TO_HOSPITAL
2026-08-11 14:04:31,AMB0070,REQ01045,13.051418,80.260751,51.3,135.0,EN_ROUTE_TO_HOSPITAL
2026-08-11 14:04:35,AMB0070,REQ01045,13.058636,80.264375,23.0,135.0,EN_ROUTE_TO_HOSPITAL
2026-08-11 14:04:42,AMB0070,REQ01045,13.065825,80.268334,52.4,135.0,EN_ROUTE_TO_HOSPITAL
2026-08-11 14:04:48,AMB0070,REQ01045,13.073716,80.272724,27.3,135.0,EN_ROUTE_TO_HOSPITAL
2026-08-11 14:04:52,AMB0070,REQ01045,13.081351,80.277172,23.2,135.0,EN_ROUTE_TO_HOSPITAL
2026-08-10 22:02:10,AMB0099,REQ02023,12.978719,80.220259,29.8,135.0,EN_ROUTE_TO_PATIENT
2026-08-10 22:02:17,AMB0099,REQ02023,12.982517,80.22307,23.1,135.0,EN_ROUTE_TO_PATIENT
2026-08-10 22:02:23,AMB0099,REQ02023,12.984945,80.225272,33.9,135.0,EN_ROUTE_TO_PATIENT
2026-08-10 22:02:31,AMB0099,REQ02023,12.988635,80.226685,35.8,135.0,EN_ROUTE_TO_PATIENT
2026-08-10 22:02:39,AMB0099,REQ02023,12.991109,80.229588,26.5,135.0,EN_ROUTE_TO_PATIENT
2026-08-10 22:02:46,AMB0099,REQ02023,12.994102,80.231705,49.6,135.0,EN_ROUTE_TO_PATIENT
2026-08-10 22:02:54,AMB0099,REQ02023,12.997646,80.233336,50.0,135.0,EN_ROUTE_TO_PATIENT
2026-08-10 22:02:59,AMB0099,REQ02023,13.000136,80.23574,54.2,135.0,EN_ROUTE_TO_PATIENT
2026-08-10 22:03:06,AMB0099,REQ02023,13.003618,80.237646,31.8,135.0,EN_ROUTE_TO_PATIENT
2026-08-10 22:03:10,AMB0099,REQ02023,13.006643,80.240032,29.3,135.0,EN_ROUTE_TO_PATIENT
2026-08-10 22:03:17,AMB0099,REQ02023,13.009106,80.242242,29.6,135.0,EN_ROUTE_TO_PATIENT
2026-08-10 22:03:22,AMB0099,REQ02023,13.011651,80.244344,50.9,135.0,EN_ROUTE_TO_PATIENT
2026-08-10 22:03:29,AMB0099,REQ02023,13.015157,80.246858,22.8,135.0,EN_ROUTE_TO_PATIENT
2026-08-10 22:03:35,AMB0099,REQ02023,13.017458,80.249374,27.4,135.0,EN_ROUTE_TO_PATIENT
2026-08-10 22:03:39,AMB0099,REQ02023,13.021482,80.251141,26.7,135.0,EN_ROUTE_TO_PATIENT
2026-08-10 22:03:46,AMB0099,REQ02023,13.024557,80.253777,26.7,135.0,EN_ROUTE_TO_PATIENT
2026-08-10 22:04:51,AMB0099,REQ02023,13.023944,80.25357,54.1,135.0,EN_ROUTE_TO_HOSPITAL
2026-08-10 22:04:57,AMB0099,REQ02023,13.031234,80.256595,48.3,135.0,EN_ROUTE_TO_HOSPITAL
2026-08-10 22:05:01,AMB0099,REQ02023,13.038961,80.259406,54.2,135.0,EN_ROUTE_TO_HOSPITAL
2026-08-10 22:05:08,AMB0099,REQ02023,13.045716,80.261183,36.0,135.0,EN_ROUTE_TO_HOSPITAL
2026-08-10 22:05:13,AMB0099,REQ02023,13.053829,80.26337,23.6,135.0,EN_ROUTE_TO_HOSPITAL
2026-08-10 22:05:18,AMB0099,REQ02023,13.060413,80.26634,24.2,135.0,EN_ROUTE_TO_HOSPITAL
2026-08-10 22:05:26,AMB0099,REQ02023,13.067671,80.269347,26.3,135.0,EN_ROUTE_TO_HOSPITAL
2026-08-10 22:05:31,AMB0099,REQ02023,13.075764,80.270824,32.2,135.0,EN_ROUTE_TO_HOSPITAL
2026-08-10 22:05:38,AMB0099,REQ02023,13.082703,80.273442,35.9,135.0,EN_ROUTE_TO_HOSPITAL
2026-08-10 22:05:44,AMB0099,REQ02023,13.090774,80.276762,43.3,135.0,EN_ROUTE_TO_HOSPITAL
2026-08-10 22:05:50,AMB0099,REQ02023,13.097932,80.278909,50.4,135.0,EN_ROUTE_TO_HOSPITAL
2026-08-10 22:05:54,AMB0099,REQ02023,13.105499,80.281042,36.8,135.0,EN_ROUTE_TO_HOSPITAL
2026-08-10 22:06:02,AMB0099,REQ02023,13.11185,80.283522,30.3,135.0,EN_ROUTE_TO_HOSPITAL
2026-08-10 22:06:06,AMB0099,REQ02023,13.120049,80.286801,54.1,135.0,EN_ROUTE_TO_HOSPITAL
2026-08-10 22:06:13,AMB0099,REQ02023,13.127206,80.289516,42.9,135.0,EN_ROUTE_TO_HOSPITAL
2026-08-16 23:40:50,AMB0075,REQ00125,13.034983,80.205321,25.3,135.0,EN_ROUTE_TO_PATIENT
2026-08-16 23:40:58,AMB0075,REQ00125,13.02957,80.206293,21.5,135.0,EN_ROUTE_TO_PATIENT
2026-08-16 23:41:02,AMB0075,REQ00125,13.023127,80.205945,40.9,135.0,EN_ROUTE_TO_PATIENT
2026-08-16 23:41:06,AMB0075,REQ00125,13.017487,80.206148,41.6,135.0,EN_ROUTE_TO_PATIENT
2026-08-16 23:41:12,AMB0075,REQ00125,13.01181,80.205585,22.6,135.0,EN_ROUTE_TO_PATIENT
2026-08-16 23:41:19,AMB0075,REQ00125,13.005822,80.205049,40.7,135.0,EN_ROUTE_TO_PATIENT
2026-08-16 23:41:23,AMB0075,REQ00125,13.000177,80.205748,37.1,135.0,EN_ROUTE_TO_PATIENT
2026-08-16 23:41:29,AMB0075,REQ00125,12.994588,80.204678,46.6,135.0,EN_ROUTE_TO_PATIENT
2026-08-16 23:41:37,AMB0075,REQ00125,12.989283,80.204474,40.5,135.0,EN_ROUTE_TO_PATIENT
2026-08-16 23:41:45,AMB0075,REQ00125,12.983468,80.204894,49.9,135.0,EN_ROUTE_TO_PATIENT
2026-08-16 23:41:51,AMB0075,REQ00125,12.97845,80.205372,21.9,135.0,EN_ROUTE_TO_PATIENT
2026-08-16 23:41:56,AMB0075,REQ00125,12.971873,80.204459,43.9,135.0,EN_ROUTE_TO_PATIENT
2026-08-16 23:42:03,AMB0075,REQ00125,12.966167,80.204289,24.4,135.0,EN_ROUTE_TO_PATIENT
2026-08-16 23:42:08,AMB0075,REQ00125,12.960423,80.203988,35.1,135.0,EN_ROUTE_TO_PATIENT
2026-08-16 23:43:10,AMB0075,REQ00125,12.96106,80.204348,48.6,135.0,EN_ROUTE_TO_HOSPITAL
2026-08-16 23:43:18,AMB0075,REQ00125,12.970039,80.205473,25.7,135.0,EN_ROUTE_TO_HOSPITAL
2026-08-16 23:43:25,AMB0075,REQ00125,12.979377,80.206033,28.0,135.0,EN_ROUTE_TO_HOSPITAL
2026-08-16 23:43:31,AMB0075,REQ00125,12.987972,80.206913,53.1,135.0,EN_ROUTE_TO_HOSPITAL
2026-08-16 23:43:35,AMB0075,REQ00125,12.997638,80.207733,33.4,135.0,EN_ROUTE_TO_HOSPITAL
2026-08-16 23:43:41,AMB0075,REQ00125,13.006619,80.208555,40.0,135.0,EN_ROUTE_TO_HOSPITAL
2026-08-16 23:43:47,AMB0075,REQ00125,13.016287,80.209817,34.5,135.0,EN_ROUTE_TO_HOSPITAL
2026-08-16 23:43:52,AMB0075,REQ00125,13.025575,80.210131,48.4,135.0,EN_ROUTE_TO_HOSPITAL
2026-08-16 23:43:56,AMB0075,REQ00125,13.034315,80.210865,31.5,135.0,EN_ROUTE_TO_HOSPITAL
2026-08-16 23:44:03,AMB0075,REQ00125,13.043654,80.21216,50.8,135.0,EN_ROUTE_TO_HOSPITAL
2026-08-16 23:44:09,AMB0075,REQ00125,13.052394,80.212112,38.8,135.0,EN_ROUTE_TO_HOSPITAL
2026-09-04 06:53:15,AMB0016,REQ01250,13.128998,80.287069,40.5,135.0,EN_ROUTE_TO_PATIENT
2026-09-04 06:53:22,AMB0016,REQ01250,13.118246,80.28476,20.1,135.0,EN_ROUTE_TO_PATIENT
2026-09-04 06:53:28,AMB0016,REQ01250,13.10782,80.282543,41.5,135.0,EN_ROUTE_TO_PATIENT
2026-09-04 06:53:36,AMB0016,REQ01250,13.097211,80.27949,26.8,135.0,EN_ROUTE_TO_PATIENT
2026-09-04 06:53:43,AMB0016,REQ01250,13.08607,80.27686,49.8,135.0,EN_ROUTE_TO_PATIENT
2026-09-04 06:53:48,AMB0016,REQ01250,13.076219,80.274336,26.5,135.0,EN_ROUTE_TO_PATIENT
2026-09-04 06:53:55,AMB0016,REQ01250,13.064747,80.271092,21.7,135.0,EN_ROUTE_TO_PATIENT
2026-09-04 06:54:02,AMB0016,REQ01250,13.053781,80.268943,22.4,135.0,EN_ROUTE_TO_PATIENT
2026-09-04 06:54:10,AMB0016,REQ01250,13.0441,80.266201,27.7,135.0,EN_ROUTE_TO_PATIENT
2026-09-04 06:54:18,AMB0016,REQ01250,13.032744,80.262731,37.7,135.0,EN_ROUTE_TO_PATIENT
2026-09-04 06:54:25,AMB0016,REQ01250,13.02245,80.260338,32.0,135.0,EN_ROUTE_TO_PATIENT
2026-09-04 06:54:30,AMB0016,REQ01250,13.011033,80.258272,31.1,135.0,EN_ROUTE_TO_PATIENT
2026-09-04 06:54:37,AMB0016,REQ01250,13.000375,80.254829,50.4,135.0,EN_ROUTE_TO_PATIENT
2026-09-04 06:54:45,AMB0016,REQ01250,12.989644,80.252836,48.5,135.0,EN_ROUTE_TO_PATIENT
2026-09-04 06:54:51,AMB0016,REQ01250,12.978837,80.249284,52.6,135.0,EN_ROUTE_TO_PATIENT
2026-09-04 06:55:51,AMB0016,REQ01250,12.979132,80.249122,29.3,135.0,EN_ROUTE_TO_HOSPITAL
2026-09-04 06:55:58,AMB0016,REQ01250,12.984876,80.247003,52.4,135.0,EN_ROUTE_TO_HOSPITAL
2026-09-04 06:56:05,AMB0016,REQ01250,12.989286,80.24434,52.2,135.0,EN_ROUTE_TO_HOSPITAL
2026-09-04 06:56:13,AMB0016,REQ01250,12.995279,80.241791,37.2,135.0,EN_ROUTE_TO_HOSPITAL
2026-09-04 06:56:19,AMB0016,REQ01250,13.000494,80.239102,24.8,135.0,EN_ROUTE_TO_HOSPITAL
2026-09-04 06:56:25,AMB0016,REQ01250,13.005285,80.235948,24.6,135.0,EN_ROUTE_TO_HOSPITAL
2026-09-04 06:56:32,AMB0016,REQ01250,13.010388,80.233704,23.2,135.0,EN_ROUTE_TO_HOSPITAL
2026-09-04 06:56:40,AMB0016,REQ01250,13.015936,80.230591,49.2,135.0,EN_ROUTE_TO_HOSPITAL
2026-09-04 06:56:44,AMB0016,REQ01250,13.020432,80.227176,34.5,135.0,EN_ROUTE_TO_HOSPITAL
2026-09-04 06:56:50,AMB0016,REQ01250,13.026458,80.225237,44.9,135.0,EN_ROUTE_TO_HOSPITAL
2026-09-04 06:56:56,AMB0016,REQ01250,13.031121,80.221489,39.9,135.0,EN_ROUTE_TO_HOSPITAL
2026-09-04 06:57:01,AMB0016,REQ01250,13.03671,80.219068,49.9,135.0,EN_ROUTE_TO_HOSPITAL
2026-09-04 06:57:08,AMB0016,REQ01250,13.042153,80.216051,27.6,135.0,EN_ROUTE_TO_HOSPITAL
2026-09-04 06:57:14,AMB0016,REQ01250,13.046988,80.213397,44.3,135.0,EN_ROUTE_TO_HOSPITAL
2026-09-04 06:57:20,AMB0016,REQ01250,13.051859,80.211122,42.9,135.0,EN_ROUTE_TO_HOSPITAL
2026-09-03 23:12:58,AMB0014,REQ02097,13.127064,80.287111,37.3,135.0,EN_ROUTE_TO_PATIENT
2026-09-03 23:13:02,AMB0014,REQ02097,13.1293,80.287994,30.3,135.0,EN_ROUTE_TO_PATIENT
2026-09-03 23:13:09,AMB0014,REQ02097,13.131583,80.288053,34.7,135.0,EN_ROUTE_TO_PATIENT
2026-09-03 23:13:15,AMB0014,REQ02097,13.133657,80.288114,22.1,135.0,EN_ROUTE_TO_PATIENT
2026-09-03 23:13:20,AMB0014,REQ02097,13.135015,80.288358,38.7,135.0,EN_ROUTE_TO_PATIENT
2026-09-03 23:13:27,AMB0014,REQ02097,13.137422,80.287969,28.8,135.0,EN_ROUTE_TO_PATIENT
2026-09-03 23:13:31,AMB0014,REQ02097,13.139167,80.288325,34.5,135.0,EN_ROUTE_TO_PATIENT
2026-09-03 23:13:35,AMB0014,REQ02097,13.142231,80.288307,52.4,135.0,EN_ROUTE_TO_PATIENT
2026-09-03 23:13:40,AMB0014,REQ02097,13.143889,80.289286,46.6,135.0,EN_ROUTE_TO_PATIENT
2026-09-03 23:15:17,AMB0014,REQ02097,13.144203,80.288607,50.5,135.0,EN_ROUTE_TO_HOSPITAL
2026-09-03 23:15:23,AMB0014,REQ02097,13.13911,80.283946,21.6,135.0,EN_ROUTE_TO_HOSPITAL
2026-09-03 23:15:29,AMB0014,REQ02097,13.134691,80.280388,51.4,135.0,EN_ROUTE_TO_HOSPITAL
2026-09-03 23:15:36,AMB0014,REQ02097,13.12936,80.275205,38.6,135.0,EN_ROUTE_TO_HOSPITAL
2026-09-03 23:15:41,AMB0014,REQ02097,13.12425,80.270636,49.8,135.0,EN_ROUTE_TO_HOSPITAL
2026-09-03 23:15:47,AMB0014,REQ02097,13.119669,80.266834,33.5,135.0,EN_ROUTE_TO_HOSPITAL
2026-09-03 23:15:54,AMB0014,REQ02097,13.114926,80.26223,23.7,135.0,EN_ROUTE_TO_HOSPITAL
2026-09-03 23:16:02,AMB0014,REQ02097,13.110534,80.257866,42.0,135.0,EN_ROUTE_TO_HOSPITAL
2026-09-03 23:16:07,AMB0014,REQ02097,13.105675,80.253174,46.5,135.0,EN_ROUTE_TO_HOSPITAL
2026-09-03 23:16:13,AMB0014,REQ02097,13.10079,80.248323,21.7,135.0,EN_ROUTE_TO_HOSPITAL
2026-09-03 23:16:21,AMB0014,REQ02097,13.095775,80.243607,25.2,135.0,EN_ROUTE_TO_HOSPITAL
2026-09-03 23:16:28,AMB0014,REQ02097,13.091102,80.239716,45.6,135.0,EN_ROUTE_TO_HOSPITAL
2026-09-03 23:16:33,AMB0014,REQ02097,13.085871,80.234772,35.5,135.0,EN_ROUTE_TO_HOSPITAL
2026-09-03 23:16:39,AMB0014,REQ02097,13.081998,80.231063,50.9,135.0,EN_ROUTE_TO_HOSPITAL
2026-09-03 23:16:43,AMB0014,REQ02097,13.076753,80.226672,33.2,135.0,EN_ROUTE_TO_HOSPITAL
2026-09-03 23:16:50,AMB0014,REQ02097,13.071947,80.221795,48.4,135.0,EN_ROUTE_TO_HOSPITAL
2026-08-21 19:25:07,AMB0089,REQ00140,13.020299,80.182229,44.9,135.0,EN_ROUTE_TO_PATIENT
2026-08-21 19:25:15,AMB0089,REQ00140,13.02853,80.185049,37.9,135.0,EN_ROUTE_TO_PATIENT
2026-08-21 19:25:22,AMB0089,REQ00140,13.037085,80.188008,29.3,135.0,EN_ROUTE_TO_PATIENT
2026-08-21 19:25:26,AMB0089,REQ00140,13.045856,80.19215,52.3,135.0,EN_ROUTE_TO_PATIENT
2026-08-21 19:25:34,AMB0089,REQ00140,13.054402,80.194612,28.8,135.0,EN_ROUTE_TO_PATIENT
2026-08-21 19:25:39,AMB0089,REQ00140,13.062944,80.197836,33.0,135.0,EN_ROUTE_TO_PATIENT
2026-08-21 19:25:45,AMB0089,REQ00140,13.070859,80.200402,36.9,135.0,EN_ROUTE_TO_PATIENT
2026-08-21 19:25:51,AMB0089,REQ00140,13.078909,80.204311,34.9,135.0,EN_ROUTE_TO_PATIENT
2026-08-21 19:25:56,AMB0089,REQ00140,13.087986,80.206581,21.2,135.0,EN_ROUTE_TO_PATIENT
2026-08-21 19:26:01,AMB0089,REQ00140,13.095549,80.209226,30.6,135.0,EN_ROUTE_TO_PATIENT
2026-08-21 19:26:09,AMB0089,REQ00140,13.104853,80.213158,44.3,135.0,EN_ROUTE_TO_PATIENT
2026-08-21 19:26:15,AMB0089,REQ00140,13.112666,80.215498,49.1,135.0,EN_ROUTE_TO_PATIENT
2026-08-21 19:26:23,AMB0089,REQ00140,13.121165,80.218779,43.0,135.0,EN_ROUTE_TO_PATIENT
2026-08-21 19:26:29,AMB0089,REQ00140,13.129181,80.222356,26.7,135.0,EN_ROUTE_TO_PATIENT
2026-08-21 19:26:37,AMB0089,REQ00140,13.138,80.225264,40.0,135.0,EN_ROUTE_TO_PATIENT
2026-08-21 19:26:43,AMB0089,REQ00140,13.146944,80.227667,28.6,135.0,EN_ROUTE_TO_PATIENT
2026-08-21 19:26:50,AMB0089,REQ00140,13.155247,80.230587,50.2,135.0,EN_ROUTE_TO_PATIENT
2026-08-21 19:28:12,AMB0089,REQ00140,13.15546,80.230389,30.4,135.0,EN_ROUTE_TO_HOSPITAL
2026-08-21 19:28:16,AMB0089,REQ00140,13.123071,80.230266,31.6,135.0,EN_ROUTE_TO_HOSPITAL
2026-08-21 19:28:23,AMB0089,REQ00140,13.089633,80.229405,23.4,135.0,EN_ROUTE_TO_HOSPITAL
2026-08-21 19:28:31,AMB0089,REQ00140,13.057316,80.228223,40.0,135.0,EN_ROUTE_TO_HOSPITAL
2026-08-21 19:28:35,AMB0089,REQ00140,13.024748,80.227394,27.9,135.0,EN_ROUTE_TO_HOSPITAL
2026-08-21 19:28:39,AMB0089,REQ00140,12.991951,80.226732,35.3,135.0,EN_ROUTE_TO_HOSPITAL
2026-08-21 19:28:45,AMB0089,REQ00140,12.960178,80.224819,36.8,135.0,EN_ROUTE_TO_HOSPITAL
2026-08-21 19:28:49,AMB0089,REQ00140,12.927435,80.224143,36.5,135.0,EN_ROUTE_TO_HOSPITAL
2026-08-21 19:28:54,AMB0089,REQ00140,12.895087,80.222853,20.7,135.0,EN_ROUTE_TO_HOSPITAL
2026-08-21 19:29:02,AMB0089,REQ00140,12.862457,80.222557,21.0,135.0,EN_ROUTE_TO_HOSPITAL
2026-08-21 19:29:07,AMB0089,REQ00140,12.830078,80.221481,43.1,135.0,EN_ROUTE_TO_HOSPITAL
2026-08-21 19:29:15,AMB0089,REQ00140,12.797377,80.220552,36.8,135.0,EN_ROUTE_TO_HOSPITAL
2026-08-19 09:38:09,AMB0125,REQ01687,12.948038,80.144965,53.6,135.0,EN_ROUTE_TO_PATIENT
2026-08-19 09:38:13,AMB0125,REQ01687,12.953737,80.151821,37.9,135.0,EN_ROUTE_TO_PATIENT
2026-08-19 09:38:17,AMB0125,REQ01687,12.960023,80.159876,39.4,135.0,EN_ROUTE_TO_PATIENT
2026-08-19 09:38:23,AMB0125,REQ01687,12.966732,80.168243,51.2,135.0,EN_ROUTE_TO_PATIENT
2026-08-19 09:38:30,AMB0125,REQ01687,12.971928,80.174943,31.0,135.0,EN_ROUTE_TO_PATIENT
2026-08-19 09:38:35,AMB0125,REQ01687,12.978149,80.182679,21.2,135.0,EN_ROUTE_TO_PATIENT
2026-08-19 09:38:43,AMB0125,REQ01687,12.984769,80.190394,42.5,135.0,EN_ROUTE_TO_PATIENT
2026-08-19 09:38:48,AMB0125,REQ01687,12.991439,80.199067,52.9,135.0,EN_ROUTE_TO_PATIENT
2026-08-19 09:38:52,AMB0125,REQ01687,12.99662,80.205772,29.1,135.0,EN_ROUTE_TO_PATIENT
2026-08-19 09:38:59,AMB0125,REQ01687,13.003085,80.213369,47.6,135.0,EN_ROUTE_TO_PATIENT
2026-08-19 09:39:07,AMB0125,REQ01687,13.008944,80.221966,23.4,135.0,EN_ROUTE_TO_PATIENT
2026-08-19 09:39:12,AMB0125,REQ01687,13.015881,80.229314,21.9,135.0,EN_ROUTE_TO_PATIENT
2026-08-19 09:39:18,AMB0125,REQ01687,13.02211,80.236373,51.9,135.0,EN_ROUTE_TO_PATIENT
2026-08-19 09:39:23,AMB0125,REQ01687,13.028187,80.244756,53.9,135.0,EN_ROUTE_TO_PATIENT
2026-08-19 09:39:31,AMB0125,REQ01687,13.034159,80.252875,45.8,135.0,EN_ROUTE_TO_PATIENT
2026-08-19 09:39:36,AMB0125,REQ01687,13.040699,80.260037,31.6,135.0,EN_ROUTE_TO_PATIENT
2026-08-19 09:41:07,AMB0125,REQ01687,13.039891,80.259837,51.2,135.0,EN_ROUTE_TO_HOSPITAL
2026-08-19 09:41:15,AMB0125,REQ01687,13.04207,80.259762,42.6,135.0,EN_ROUTE_TO_HOSPITAL
2026-08-19 09:41:20,AMB0125,REQ01687,13.044562,80.259944,26.2,135.0,EN_ROUTE_TO_HOSPITAL
2026-08-19 09:41:26,AMB0125,REQ01687,13.047316,80.259791,44.6,135.0,EN_ROUTE_TO_HOSPITAL
2026-08-19 09:41:32,AMB0125,REQ01687,13.049275,80.25973,32.8,135.0,EN_ROUTE_TO_HOSPITAL
2026-08-19 09:41:39,AMB0125,REQ01687,13.051032,80.260777,49.9,135.0,EN_ROUTE_TO_HOSPITAL
2026-08-19 09:41:47,AMB0125,REQ01687,13.053133,80.260411,42.4,135.0,EN_ROUTE_TO_HOSPITAL
2026-08-19 09:41:54,AMB0125,REQ01687,13.055643,80.260874,51.0,135.0,EN_ROUTE_TO_HOSPITAL
2026-08-19 09:41:58,AMB0125,REQ01687,13.058248,80.260528,30.8,135.0,EN_ROUTE_TO_HOSPITAL
2026-08-19 09:42:06,AMB0125,REQ01687,13.060774,80.260828,49.8,135.0,EN_ROUTE_TO_HOSPITAL
2026-08-19 09:42:10,AMB0125,REQ01687,13.062642,80.260341,29.7,135.0,EN_ROUTE_TO_HOSPITAL
2026-08-19 09:42:14,AMB0125,REQ01687,13.064939,80.260585,48.3,135.0,EN_ROUTE_TO_HOSPITAL
2026-08-19 09:42:20,AMB0125,REQ01687,13.066416,80.260575,24.2,135.0,EN_ROUTE_TO_HOSPITAL
2026-08-19 09:42:27,AMB0125,REQ01687,13.069417,80.260684,40.4,135.0,EN_ROUTE_TO_HOSPITAL
2026-08-19 09:42:33,AMB0125,REQ01687,13.071326,80.260405,27.0,135.0,EN_ROUTE_TO_HOSPITAL
2026-08-19 09:42:38,AMB0125,REQ01687,13.07347,80.261129,46.9,135.0,EN_ROUTE_TO_HOSPITAL
2026-08-02 18:06:38,AMB0130,REQ01451,12.784059,80.224245,21.5,135.0,EN_ROUTE_TO_PATIENT
2026-08-02 18:06:44,AMB0130,REQ01451,12.817661,80.225387,23.8,135.0,EN_ROUTE_TO_PATIENT
2026-08-02 18:06:51,AMB0130,REQ01451,12.850709,80.227878,44.4,135.0,EN_ROUTE_TO_PATIENT
2026-08-02 18:06:56,AMB0130,REQ01451,12.883557,80.230284,24.6,135.0,EN_ROUTE_TO_PATIENT
2026-08-02 18:07:01,AMB0130,REQ01451,12.917963,80.231808,33.8,135.0,EN_ROUTE_TO_PATIENT
2026-08-02 18:07:08,AMB0130,REQ01451,12.950398,80.233153,51.6,135.0,EN_ROUTE_TO_PATIENT
2026-08-02 18:07:12,AMB0130,REQ01451,12.984315,80.235371,49.1,135.0,EN_ROUTE_TO_PATIENT
2026-08-02 18:07:20,AMB0130,REQ01451,13.01787,80.238213,44.8,135.0,EN_ROUTE_TO_PATIENT
2026-08-02 18:07:28,AMB0130,REQ01451,13.051338,80.240204,35.9,135.0,EN_ROUTE_TO_PATIENT
2026-08-02 18:07:33,AMB0130,REQ01451,13.084227,80.241723,35.8,135.0,EN_ROUTE_TO_PATIENT
2026-08-02 18:08:56,AMB0130,REQ01451,13.084776,80.242252,29.2,135.0,EN_ROUTE_TO_HOSPITAL
2026-08-02 18:09:02,AMB0130,REQ01451,13.080834,80.244548,33.1,135.0,EN_ROUTE_TO_HOSPITAL
2026-08-02 18:09:09,AMB0130,REQ01451,13.077742,80.246118,43.3,135.0,EN_ROUTE_TO_HOSPITAL
2026-08-02 18:09:16,AMB0130,REQ01451,13.074299,80.249351,43.7,135.0,EN_ROUTE_TO_HOSPITAL
2026-08-02 18:09:20,AMB0130,REQ01451,13.070996,80.25093,46.2,135.0,EN_ROUTE_TO_HOSPITAL
2026-08-02 18:09:24,AMB0130,REQ01451,13.068136,80.254373,44.6,135.0,EN_ROUTE_TO_HOSPITAL
2026-08-02 18:09:28,AMB0130,REQ01451,13.064617,80.255781,44.9,135.0,EN_ROUTE_TO_HOSPITAL
2026-08-02 18:09:33,AMB0130,REQ01451,13.061627,80.258451,41.6,135.0,EN_ROUTE_TO_HOSPITAL
2026-08-02 18:09:38,AMB0130,REQ01451,13.058442,80.261004,26.5,135.0,EN_ROUTE_TO_HOSPITAL
2026-08-02 18:09:43,AMB0130,REQ01451,13.05462,80.263518,40.5,135.0,EN_ROUTE_TO_HOSPITAL
2026-09-01 21:49:08,AMB0046,REQ01334,13.10736,80.097671,47.9,135.0,EN_ROUTE_TO_PATIENT
2026-09-01 21:49:13,AMB0046,REQ01334,13.105162,80.108088,51.4,135.0,EN_ROUTE_TO_PATIENT
2026-09-01 21:49:21,AMB0046,REQ01334,13.103807,80.119904,24.9,135.0,EN_ROUTE_TO_PATIENT
2026-09-01 21:49:27,AMB0046,REQ01334,13.101107,80.131156,51.6,135.0,EN_ROUTE_TO_PATIENT
2026-09-01 21:49:33,AMB0046,REQ01334,13.098945,80.142494,48.3,135.0,EN_ROUTE_TO_PATIENT
2026-09-01 21:49:41,AMB0046,REQ01334,13.097082,80.153876,52.2,135.0,EN_ROUTE_TO_PATIENT
2026-09-01 21:49:46,AMB0046,REQ01334,13.094663,80.16476,45.1,135.0,EN_ROUTE_TO_PATIENT
2026-09-01 21:49:53,AMB0046,REQ01334,13.091893,80.176708,34.2,135.0,EN_ROUTE_TO_PATIENT
2026-09-01 21:50:01,AMB0046,REQ01334,13.090626,80.188068,44.3,135.0,EN_ROUTE_TO_PATIENT
2026-09-01 21:50:07,AMB0046,REQ01334,13.088498,80.199258,37.9,135.0,EN_ROUTE_TO_PATIENT
2026-09-01 21:50:12,AMB0046,REQ01334,13.08542,80.210635,41.1,135.0,EN_ROUTE_TO_PATIENT
2026-09-01 21:50:19,AMB0046,REQ01334,13.083182,80.221378,25.4,135.0,EN_ROUTE_TO_PATIENT
2026-09-01 21:50:23,AMB0046,REQ01334,13.081078,80.232661,46.5,135.0,EN_ROUTE_TO_PATIENT
2026-09-01 21:50:31,AMB0046,REQ01334,13.078964,80.244228,40.9,135.0,EN_ROUTE_TO_PATIENT
2026-09-01 21:50:38,AMB0046,REQ01334,13.077203,80.256063,30.4,135.0,EN_ROUTE_TO_PATIENT
2026-09-01 21:50:45,AMB0046,REQ01334,13.074341,80.267059,25.9,135.0,EN_ROUTE_TO_PATIENT
2026-09-01 21:50:53,AMB0046,REQ01334,13.07207,80.278384,31.3,135.0,EN_ROUTE_TO_PATIENT
2026-09-01 21:52:26,AMB0046,REQ01334,13.072065,80.278982,23.2,135.0,EN_ROUTE_TO_HOSPITAL
2026-09-01 21:52:34,AMB0046,REQ01334,13.075773,80.278681,53.3,135.0,EN_ROUTE_TO_HOSPITAL
2026-09-01 21:52:40,AMB0046,REQ01334,13.080104,80.280489,42.9,135.0,EN_ROUTE_TO_HOSPITAL
2026-09-01 21:52:45,AMB0046,REQ01334,13.083183,80.280842,40.9,135.0,EN_ROUTE_TO_HOSPITAL
2026-09-01 21:52:51,AMB0046,REQ01334,13.087095,80.281042,32.1,135.0,EN_ROUTE_TO_HOSPITAL
2026-09-01 21:52:57,AMB0046,REQ01334,13.090496,80.282087,32.1,135.0,EN_ROUTE_TO_HOSPITAL
2026-09-01 21:53:02,AMB0046,REQ01334,13.093986,80.283281,48.9,135.0,EN_ROUTE_TO_HOSPITAL
2026-09-01 21:53:10,AMB0046,REQ01334,13.098289,80.282839,45.9,135.0,EN_ROUTE_TO_HOSPITAL
2026-09-01 21:53:15,AMB0046,REQ01334,13.101733,80.284438,23.8,135.0,EN_ROUTE_TO_HOSPITAL
2026-09-01 21:53:22,AMB0046,REQ01334,13.105448,80.285128,50.4,135.0,EN_ROUTE_TO_HOSPITAL
2026-09-01 21:53:26,AMB0046,REQ01334,13.109045,80.285144,52.1,135.0,EN_ROUTE_TO_HOSPITAL
2026-09-01 21:53:30,AMB0046,REQ01334,13.111947,80.286678,22.0,135.0,EN_ROUTE_TO_HOSPITAL
2026-09-01 21:53:36,AMB0046,REQ01334,13.116132,80.287362,32.1,135.0,EN_ROUTE_TO_HOSPITAL
2026-09-01 21:53:43,AMB0046,REQ01334,13.1201,80.287722,45.8,135.0,EN_ROUTE_TO_HOSPITAL
2026-09-01 21:53:49,AMB0046,REQ01334,13.123466,80.288122,26.5,135.0,EN_ROUTE_TO_HOSPITAL
2026-09-01 21:53:54,AMB0046,REQ01334,13.127611,80.28883,47.6,135.0,EN_ROUTE_TO_HOSPITAL
2026-08-21 14:05:30,AMB0078,REQ01384,13.0382,80.158379,36.5,135.0,EN_ROUTE_TO_PATIENT
2026-08-21 14:05:37,AMB0078,REQ01384,13.043114,80.161494,23.4,135.0,EN_ROUTE_TO_PATIENT
2026-08-21 14:05:41,AMB0078,REQ01384,13.047091,80.164609,47.4,135.0,EN_ROUTE_TO_PATIENT
2026-08-21 14:05:46,AMB0078,REQ01384,13.050654,80.167269,42.2,135.0,EN_ROUTE_TO_PATIENT
2026-08-21 14:05:53,AMB0078,REQ01384,13.055326,80.170384,22.5,135.0,EN_ROUTE_TO_PATIENT
2026-08-21 14:05:59,AMB0078,REQ01384,13.059637,80.17332,23.1,135.0,EN_ROUTE_TO_PATIENT
2026-08-21 14:06:04,AMB0078,REQ01384,13.063872,80.177056,25.1,135.0,EN_ROUTE_TO_PATIENT
2026-08-21 14:06:12,AMB0078,REQ01384,13.067426,80.17938,21.4,135.0,EN_ROUTE_TO_PATIENT
2026-08-21 14:06:20,AMB0078,REQ01384,13.07149,80.182489,37.1,135.0,EN_ROUTE_TO_PATIENT
2026-08-21 14:06:25,AMB0078,REQ01384,13.076223,80.185646,47.4,135.0,EN_ROUTE_TO_PATIENT
2026-08-21 14:06:30,AMB0078,REQ01384,13.080691,80.188214,37.4,135.0,EN_ROUTE_TO_PATIENT
2026-08-21 14:07:35,AMB0078,REQ01384,13.080846,80.188803,46.9,135.0,EN_ROUTE_TO_HOSPITAL
2026-08-21 14:07:40,AMB0078,REQ01384,13.075601,80.193313,21.7,135.0,EN_ROUTE_TO_HOSPITAL
2026-08-21 14:07:47,AMB0078,REQ01384,13.070312,80.198131,21.7,135.0,EN_ROUTE_TO_HOSPITAL
2026-08-21 14:07:52,AMB0078,REQ01384,13.065577,80.202658,23.6,135.0,EN_ROUTE_TO_HOSPITAL
2026-08-21 14:07:56,AMB0078,REQ01384,13.060802,80.206732,52.1,135.0,EN_ROUTE_TO_HOSPITAL
2026-08-21 14:08:02,AMB0078,REQ01384,13.055387,80.210627,48.9,135.0,EN_ROUTE_TO_HOSPITAL
2026-08-21 14:08:06,AMB0078,REQ01384,13.050429,80.216167,34.1,135.0,EN_ROUTE_TO_HOSPITAL
2026-08-21 14:08:12,AMB0078,REQ01384,13.046149,80.220085,54.7,135.0,EN_ROUTE_TO_HOSPITAL
2026-08-21 14:08:19,AMB0078,REQ01384,13.041037,80.224379,41.6,135.0,EN_ROUTE_TO_HOSPITAL
2026-08-21 14:08:26,AMB0078,REQ01384,13.036043,80.229379,50.3,135.0,EN_ROUTE_TO_HOSPITAL
2026-08-21 14:08:34,AMB0078,REQ01384,13.031262,80.233267,25.5,135.0,EN_ROUTE_TO_HOSPITAL
2026-08-21 14:08:42,AMB0078,REQ01384,13.025811,80.238853,41.0,135.0,EN_ROUTE_TO_HOSPITAL
2026-08-21 14:08:47,AMB0078,REQ01384,13.022011,80.243146,26.9,135.0,EN_ROUTE_TO_HOSPITAL
2026-08-21 14:08:51,AMB0078,REQ01384,13.016417,80.247389,35.7,135.0,EN_ROUTE_TO_HOSPITAL
2026-08-21 14:08:57,AMB0078,REQ01384,13.012119,80.251936,49.3,135.0,EN_ROUTE_TO_HOSPITAL
2026-08-21 14:09:03,AMB0078,REQ01384,13.006764,80.256158,43.9,135.0,EN_ROUTE_TO_HOSPITAL
2026-08-14 13:57:55,AMB0019,REQ01071,13.109652,80.295532,45.1,135.0,EN_ROUTE_TO_PATIENT
2026-08-14 13:58:00,AMB0019,REQ01071,13.103348,80.292929,40.8,135.0,EN_ROUTE_TO_PATIENT
2026-08-14 13:58:08,AMB0019,REQ01071,13.098333,80.290554,32.0,135.0,EN_ROUTE_TO_PATIENT
2026-08-14 13:58:13,AMB0019,REQ01071,13.092132,80.288129,28.9,135.0,EN_ROUTE_TO_PATIENT
2026-08-14 13:58:17,AMB0019,REQ01071,13.085945,80.285261,26.7,135.0,EN_ROUTE_TO_PATIENT
2026-08-14 13:58:23,AMB0019,REQ01071,13.079548,80.282054,41.5,135.0,EN_ROUTE_TO_PATIENT
2026-08-14 13:58:30,AMB0019,REQ01071,13.073587,80.279836,46.1,135.0,EN_ROUTE_TO_PATIENT
2026-08-14 13:58:37,AMB0019,REQ01071,13.066813,80.277206,36.3,135.0,EN_ROUTE_TO_PATIENT
2026-08-14 13:58:43,AMB0019,REQ01071,13.060925,80.274848,23.1,135.0,EN_ROUTE_TO_PATIENT
2026-08-14 13:58:48,AMB0019,REQ01071,13.054606,80.271811,50.1,135.0,EN_ROUTE_TO_PATIENT
2026-08-14 13:58:56,AMB0019,REQ01071,13.048289,80.268795,45.6,135.0,EN_ROUTE_TO_PATIENT
2026-08-14 13:59:01,AMB0019,REQ01071,13.041829,80.266602,24.0,135.0,EN_ROUTE_TO_PATIENT
2026-08-14 13:59:08,AMB0019,REQ01071,13.035938,80.26364,51.9,135.0,EN_ROUTE_TO_PATIENT
2026-08-14 13:59:42,AMB0019,REQ01071,13.035859,80.263607,37.7,135.0,EN_ROUTE_TO_HOSPITAL
2026-08-14 13:59:50,AMB0019,REQ01071,13.039182,80.260846,22.4,135.0,EN_ROUTE_TO_HOSPITAL
2026-08-14 13:59:55,AMB0019,REQ01071,13.042978,80.257372,41.4,135.0,EN_ROUTE_TO_HOSPITAL
2026-08-14 13:59:59,AMB0019,REQ01071,13.047016,80.254058,23.3,135.0,EN_ROUTE_TO_HOSPITAL
2026-08-14 14:00:03,AMB0019,REQ01071,13.050012,80.249927,49.1,135.0,EN_ROUTE_TO_HOSPITAL
2026-08-14 14:00:11,AMB0019,REQ01071,13.053627,80.24731,50.9,135.0,EN_ROUTE_TO_HOSPITAL
2026-08-14 14:00:16,AMB0019,REQ01071,13.057015,80.243532,53.7,135.0,EN_ROUTE_TO_HOSPITAL
2026-08-14 14:00:23,AMB0019,REQ01071,13.061572,80.240859,41.2,135.0,EN_ROUTE_TO_HOSPITAL
2026-08-14 14:00:29,AMB0019,REQ01071,13.064352,80.237164,22.1,135.0,EN_ROUTE_TO_HOSPITAL
2026-08-14 14:00:37,AMB0019,REQ01071,13.068466,80.233492,24.9,135.0,EN_ROUTE_TO_HOSPITAL
2026-08-14 14:00:42,AMB0019,REQ01071,13.071407,80.230786,29.8,135.0,EN_ROUTE_TO_HOSPITAL
2026-08-14 14:00:48,AMB0019,REQ01071,13.075826,80.227215,41.1,135.0,EN_ROUTE_TO_HOSPITAL
2026-08-14 14:00:56,AMB0019,REQ01071,13.079474,80.223671,33.5,135.0,EN_ROUTE_TO_HOSPITAL
2026-08-22 19:14:41,AMB0026,REQ02468,13.081074,80.276939,25.1,135.0,EN_ROUTE_TO_PATIENT
2026-08-22 19:14:49,AMB0026,REQ02468,13.071042,80.266572,48.1,135.0,EN_ROUTE_TO_PATIENT
2026-08-22 19:14:54,AMB0026,REQ02468,13.061312,80.255747,21.2,135.0,EN_ROUTE_TO_PATIENT
2026-08-22 19:15:01,AMB0026,REQ02468,13.051299,80.244886,48.9,135.0,EN_ROUTE_TO_PATIENT
2026-08-22 19:15:06,AMB0026,REQ02468,13.041747,80.23463,51.2,135.0,EN_ROUTE_TO_PATIENT
2026-08-22 19:15:11,AMB0026,REQ02468,13.031397,80.224779,39.2,135.0,EN_ROUTE_TO_PATIENT
2026-08-22 19:15:16,AMB0026,REQ02468,13.022259,80.21416,23.1,135.0,EN_ROUTE_TO_PATIENT
2026-08-22 19:15:20,AMB0026,REQ02468,13.011844,80.203272,30.9,135.0,EN_ROUTE_TO_PATIENT
2026-08-22 19:15:28,AMB0026,REQ02468,13.001543,80.193705,38.9,135.0,EN_ROUTE_TO_PATIENT
2026-08-22 19:15:35,AMB0026,REQ02468,12.992653,80.182397,39.8,135.0,EN_ROUTE_TO_PATIENT
2026-08-22 19:15:41,AMB0026,REQ02468,12.982531,80.172432,21.3,135.0,EN_ROUTE_TO_PATIENT
2026-08-22 19:15:46,AMB0026,REQ02468,12.97237,80.162413,50.7,135.0,EN_ROUTE_TO_PATIENT
2026-08-22 19:15:51,AMB0026,REQ02468,12.963158,80.150974,22.7,135.0,EN_ROUTE_TO_PATIENT
2026-08-22 19:15:56,AMB0026,REQ02468,12.953354,80.141329,35.1,135.0,EN_ROUTE_TO_PATIENT
2026-08-22 19:16:00,AMB0026,REQ02468,12.942686,80.131213,45.8,135.0,EN_ROUTE_TO_PATIENT
2026-08-22 19:16:08,AMB0026,REQ02468,12.933627,80.120219,26.1,135.0,EN_ROUTE_TO_PATIENT
2026-08-22 19:16:16,AMB0026,REQ02468,12.923573,80.110261,25.7,135.0,EN_ROUTE_TO_PATIENT
2026-08-22 19:17:29,AMB0026,REQ02468,12.923429,80.110276,35.2,135.0,EN_ROUTE_TO_HOSPITAL
2026-08-22 19:17:37,AMB0026,REQ02468,12.912928,80.119237,25.7,135.0,EN_ROUTE_TO_HOSPITAL
2026-08-22 19:17:44,AMB0026,REQ02468,12.902766,80.128663,41.0,135.0,EN_ROUTE_TO_HOSPITAL
2026-08-22 19:17:48,AMB0026,REQ02468,12.892037,80.13791,34.6,135.0,EN_ROUTE_TO_HOSPITAL
2026-08-22 19:17:56,AMB0026,REQ02468,12.880688,80.14664,22.8,135.0,EN_ROUTE_TO_HOSPITAL
2026-08-22 19:18:02,AMB0026,REQ02468,12.871133,80.155375,32.9,135.0,EN_ROUTE_TO_HOSPITAL
2026-08-22 19:18:08,AMB0026,REQ02468,12.860775,80.165305,48.5,135.0,EN_ROUTE_TO_HOSPITAL
2026-08-22 19:18:13,AMB0026,REQ02468,12.84957,80.174044,27.6,135.0,EN_ROUTE_TO_HOSPITAL
2026-08-22 19:18:21,AMB0026,REQ02468,12.838652,80.183891,23.8,135.0,EN_ROUTE_TO_HOSPITAL
2026-08-22 19:18:25,AMB0026,REQ02468,12.828758,80.192794,22.4,135.0,EN_ROUTE_TO_HOSPITAL
2026-08-22 19:18:30,AMB0026,REQ02468,12.818308,80.202048,21.1,135.0,EN_ROUTE_TO_HOSPITAL
2026-08-22 19:18:34,AMB0026,REQ02468,12.807391,80.211009,21.4,135.0,EN_ROUTE_TO_HOSPITAL
2026-08-22 19:18:40,AMB0026,REQ02468,12.797145,80.220696,39.3,135.0,EN_ROUTE_TO_HOSPITAL
2026-08-10 10:15:30,AMB0028,REQ00676,13.08089,80.274849,26.3,135.0,EN_ROUTE_TO_PATIENT
2026-08-10 10:15:37,AMB0028,REQ00676,13.088385,80.275536,32.5,135.0,EN_ROUTE_TO_PATIENT
2026-08-10 10:15:44,AMB0028,REQ00676,13.094435,80.276237,54.0,135.0,EN_ROUTE_TO_PATIENT
2026-08-10 10:15:51,AMB0028,REQ00676,13.101599,80.276148,39.4,135.0,EN_ROUTE_TO_PATIENT
2026-08-10 10:15:56,AMB0028,REQ00676,13.108081,80.277006,25.9,135.0,EN_ROUTE_TO_PATIENT
2026-08-10 10:16:04,AMB0028,REQ00676,13.115175,80.278262,46.0,135.0,EN_ROUTE_TO_PATIENT
2026-08-10 10:16:11,AMB0028,REQ00676,13.120853,80.279148,51.1,135.0,EN_ROUTE_TO_PATIENT
2026-08-10 10:16:16,AMB0028,REQ00676,13.128397,80.279762,44.7,135.0,EN_ROUTE_TO_PATIENT
2026-08-10 10:16:21,AMB0028,REQ00676,13.134472,80.280145,33.3,135.0,EN_ROUTE_TO_PATIENT
2026-08-10 10:16:28,AMB0028,REQ00676,13.141206,80.281144,43.9,135.0,EN_ROUTE_TO_PATIENT
2026-08-10 10:17:31,AMB0028,REQ00676,13.141081,80.280543,25.9,135.0,EN_ROUTE_TO_HOSPITAL
2026-08-10 10:17:35,AMB0028,REQ00676,13.137021,80.277383,22.1,135.0,EN_ROUTE_TO_HOSPITAL
2026-08-10 10:17:41,AMB0028,REQ00676,13.133399,80.272685,22.3,135.0,EN_ROUTE_TO_HOSPITAL
2026-08-10 10:17:48,AMB0028,REQ00676,13.128313,80.26902,47.2,135.0,EN_ROUTE_TO_HOSPITAL
2026-08-10 10:17:54,AMB0028,REQ00676,13.124771,80.265807,48.8,135.0,EN_ROUTE_TO_HOSPITAL
2026-08-10 10:18:02,AMB0028,REQ00676,13.12074,80.261251,22.2,135.0,EN_ROUTE_TO_HOSPITAL
2026-08-10 10:18:06,AMB0028,REQ00676,13.116624,80.257546,36.4,135.0,EN_ROUTE_TO_HOSPITAL
2026-08-10 10:18:14,AMB0028,REQ00676,13.112142,80.254827,46.7,135.0,EN_ROUTE_TO_HOSPITAL
2026-08-10 10:18:19,AMB0028,REQ00676,13.107776,80.250026,35.4,135.0,EN_ROUTE_TO_HOSPITAL
2026-08-10 10:18:24,AMB0028,REQ00676,13.104403,80.247148,44.2,135.0,EN_ROUTE_TO_HOSPITAL
2026-08-10 10:18:30,AMB0028,REQ00676,13.100101,80.242746,21.9,135.0,EN_ROUTE_TO_HOSPITAL
2026-08-10 10:18:34,AMB0028,REQ00676,13.095116,80.239206,30.7,135.0,EN_ROUTE_TO_HOSPITAL
2026-08-10 10:18:38,AMB0028,REQ00676,13.091584,80.234991,37.0,135.0,EN_ROUTE_TO_HOSPITAL
2026-08-10 10:18:42,AMB0028,REQ00676,13.087281,80.231502,41.6,135.0,EN_ROUTE_TO_HOSPITAL
2026-08-10 10:18:50,AMB0028,REQ00676,13.082878,80.227924,51.9,135.0,EN_ROUTE_TO_HOSPITAL
2026-08-10 10:18:58,AMB0028,REQ00676,13.079491,80.223825,24.6,135.0,EN_ROUTE_TO_HOSPITAL
2026-08-04 20:41:22,AMB0037,REQ00568,13.085138,80.210721,27.0,135.0,EN_ROUTE_TO_PATIENT
2026-08-04 20:41:27,AMB0037,REQ00568,13.084137,80.211798,51.2,135.0,EN_ROUTE_TO_PATIENT
2026-08-04 20:41:33,AMB0037,REQ00568,13.083857,80.212956,27.2,135.0,EN_ROUTE_TO_PATIENT
2026-08-04 20:41:38,AMB0037,REQ00568,13.082858,80.215212,38.1,135.0,EN_ROUTE_TO_PATIENT
2026-08-04 20:41:43,AMB0037,REQ00568,13.081255,80.216639,47.1,135.0,EN_ROUTE_TO_PATIENT
2026-08-04 20:41:48,AMB0037,REQ00568,13.081323,80.217087,28.5,135.0,EN_ROUTE_TO_PATIENT
2026-08-04 20:41:52,AMB0037,REQ00568,13.079439,80.218546,23.0,135.0,EN_ROUTE_TO_PATIENT
2026-08-04 20:41:59,AMB0037,REQ00568,13.079123,80.220599,44.9,135.0,EN_ROUTE_TO_PATIENT
2026-08-04 20:42:06,AMB0037,REQ00568,13.078352,80.22138,26.0,135.0,EN_ROUTE_TO_PATIENT
2026-08-04 20:42:12,AMB0037,REQ00568,13.076643,80.223121,32.3,135.0,EN_ROUTE_TO_PATIENT
2026-08-04 20:42:19,AMB0037,REQ00568,13.075872,80.22415,21.9,135.0,EN_ROUTE_TO_PATIENT
2026-08-04 20:42:59,AMB0037,REQ00568,13.075853,80.223803,36.0,135.0,EN_ROUTE_TO_HOSPITAL
2026-08-04 20:43:06,AMB0037,REQ00568,13.075066,80.228118,24.4,135.0,EN_ROUTE_TO_HOSPITAL
2026-08-04 20:43:10,AMB0037,REQ00568,13.074696,80.232926,53.2,135.0,EN_ROUTE_TO_HOSPITAL
2026-08-04 20:43:15,AMB0037,REQ00568,13.074967,80.236905,43.0,135.0,EN_ROUTE_TO_HOSPITAL
2026-08-04 20:43:23,AMB0037,REQ00568,13.074033,80.24043,53.9,135.0,EN_ROUTE_TO_HOSPITAL
2026-08-04 20:43:30,AMB0037,REQ00568,13.073256,80.245536,42.2,135.0,EN_ROUTE_TO_HOSPITAL
2026-08-04 20:43:34,AMB0037,REQ00568,13.072949,80.248852,30.7,135.0,EN_ROUTE_TO_HOSPITAL
2026-08-04 20:43:39,AMB0037,REQ00568,13.072341,80.25323,48.8,135.0,EN_ROUTE_TO_HOSPITAL
2026-08-04 20:43:44,AMB0037,REQ00568,13.071638,80.257415,37.1,135.0,EN_ROUTE_TO_HOSPITAL
2026-08-04 20:43:52,AMB0037,REQ00568,13.071397,80.262467,26.9,135.0,EN_ROUTE_TO_HOSPITAL
2026-08-04 20:43:56,AMB0037,REQ00568,13.070539,80.265941,49.2,135.0,EN_ROUTE_TO_HOSPITAL
2026-08-04 20:44:01,AMB0037,REQ00568,13.070776,80.270725,38.0,135.0,EN_ROUTE_TO_HOSPITAL
2026-08-04 20:44:06,AMB0037,REQ00568,13.069723,80.274294,47.8,135.0,EN_ROUTE_TO_HOSPITAL
2026-08-24 16:38:32,AMB0039,REQ01013,13.083365,80.211024,26.8,135.0,EN_ROUTE_TO_PATIENT
2026-08-24 16:38:37,AMB0039,REQ01013,13.083163,80.213042,29.7,135.0,EN_ROUTE_TO_PATIENT
2026-08-24 16:38:45,AMB0039,REQ01013,13.083603,80.216099,23.8,135.0,EN_ROUTE_TO_PATIENT
2026-08-24 16:38:53,AMB0039,REQ01013,13.083092,80.218421,23.5,135.0,EN_ROUTE_TO_PATIENT
2026-08-24 16:39:00,AMB0039,REQ01013,13.083162,80.219582,46.6,135.0,EN_ROUTE_TO_PATIENT
2026-08-24 16:39:07,AMB0039,REQ01013,13.082959,80.222581,51.3,135.0,EN_ROUTE_TO_PATIENT
2026-08-24 16:39:14,AMB0039,REQ01013,13.083176,80.224449,26.3,135.0,EN_ROUTE_TO_PATIENT
2026-08-24 16:39:19,AMB0039,REQ01013,13.083634,80.226613,54.8,135.0,EN_ROUTE_TO_PATIENT
2026-08-24 16:39:23,AMB0039,REQ01013,13.083848,80.228565,49.6,135.0,EN_ROUTE_TO_PATIENT
2026-08-24 16:39:31,AMB0039,REQ01013,13.083979,80.231533,23.4,135.0,EN_ROUTE_TO_PATIENT
2026-08-24 16:39:39,AMB0039,REQ01013,13.083112,80.232929,29.5,135.0,EN_ROUTE_TO_PATIENT
2026-08-24 16:39:46,AMB0039,REQ01013,13.083851,80.235644,38.4,135.0,EN_ROUTE_TO_PATIENT
2026-08-24 16:39:53,AMB0039,REQ01013,13.083962,80.238026,37.5,135.0,EN_ROUTE_TO_PATIENT
2026-08-24 16:40:00,AMB0039,REQ01013,13.083839,80.240311,36.3,135.0,EN_ROUTE_TO_PATIENT
2026-08-24 16:40:35,AMB0039,REQ01013,13.083578,80.239402,50.5,135.0,EN_ROUTE_TO_HOSPITAL
2026-08-24 16:40:39,AMB0039,REQ01013,13.083361,80.238089,43.8,135.0,EN_ROUTE_TO_HOSPITAL
2026-08-24 16:40:44,AMB0039,REQ01013,13.083366,80.236223,53.3,135.0,EN_ROUTE_TO_HOSPITAL
2026-08-24 16:40:49,AMB0039,REQ01013,13.082194,80.234913,20.4,135.0,EN_ROUTE_TO_HOSPITAL
2026-08-24 16:40:56,AMB0039,REQ01013,13.082349,80.233449,42.0,135.0,EN_ROUTE_TO_HOSPITAL
2026-08-24 16:41:01,AMB0039,REQ01013,13.081959,80.231553,32.7,135.0,EN_ROUTE_TO_HOSPITAL
2026-08-24 16:41:08,AMB0039,REQ01013,13.081445,80.230242,27.5,135.0,EN_ROUTE_TO_HOSPITAL
2026-08-24 16:41:15,AMB0039,REQ01013,13.079962,80.228353,41.1,135.0,EN_ROUTE_TO_HOSPITAL
2026-08-24 16:41:22,AMB0039,REQ01013,13.080254,80.22772,52.7,135.0,EN_ROUTE_TO_HOSPITAL
2026-08-24 16:41:27,AMB0039,REQ01013,13.079435,80.22549,39.4,135.0,EN_ROUTE_TO_HOSPITAL
2026-08-24 16:41:35,AMB0039,REQ01013,13.079182,80.22397,43.1,135.0,EN_ROUTE_TO_HOSPITAL
2026-08-09 03:21:08,AMB0111,REQ00887,12.900713,80.230516,50.5,135.0,EN_ROUTE_TO_PATIENT
2026-08-09 03:21:16,AMB0111,REQ00887,12.910411,80.233863,53.9,135.0,EN_ROUTE_TO_PATIENT
2026-08-09 03:21:23,AMB0111,REQ00887,12.920029,80.237041,26.5,135.0,EN_ROUTE_TO_PATIENT
2026-08-09 03:21:27,AMB0111,REQ00887,12.93132,80.240462,23.4,135.0,EN_ROUTE_TO_PATIENT
2026-08-09 03:21:32,AMB0111,REQ00887,12.941609,80.243947,37.1,135.0,EN_ROUTE_TO_PATIENT
2026-08-09 03:21:40,AMB0111,REQ00887,12.951667,80.247817,35.0,135.0,EN_ROUTE_TO_PATIENT
2026-08-09 03:21:48,AMB0111,REQ00887,12.961001,80.250577,38.9,135.0,EN_ROUTE_TO_PATIENT
2026-08-09 03:21:53,AMB0111,REQ00887,12.97231,80.253451,21.2,135.0,EN_ROUTE_TO_PATIENT
2026-08-09 03:22:00,AMB0111,REQ00887,12.982017,80.257139,41.2,135.0,EN_ROUTE_TO_PATIENT
2026-08-09 03:22:07,AMB0111,REQ00887,12.992599,80.260214,43.1,135.0,EN_ROUTE_TO_PATIENT
2026-08-09 03:22:12,AMB0111,REQ00887,13.002728,80.26369,39.7,135.0,EN_ROUTE_TO_PATIENT
2026-08-09 03:22:17,AMB0111,REQ00887,13.012886,80.267064,37.9,135.0,EN_ROUTE_TO_PATIENT
2026-08-09 03:22:21,AMB0111,REQ00887,13.022468,80.269836,38.0,135.0,EN_ROUTE_TO_PATIENT
2026-08-09 03:22:28,AMB0111,REQ00887,13.033247,80.273409,53.5,135.0,EN_ROUTE_TO_PATIENT
2026-08-09 03:22:36,AMB0111,REQ00887,13.043089,80.276307,42.6,135.0,EN_ROUTE_TO_PATIENT
2026-08-09 03:23:49,AMB0111,REQ00887,13.043631,80.276322,53.3,135.0,EN_ROUTE_TO_HOSPITAL
2026-08-09 03:23:53,AMB0111,REQ00887,13.040233,80.274182,22.6,135.0,EN_ROUTE_TO_HOSPITAL
2026-08-09 03:23:57,AMB0111,REQ00887,13.037697,80.272472,51.4,135.0,EN_ROUTE_TO_HOSPITAL
2026-08-09 03:24:02,AMB0111,REQ00887,13.034307,80.269927,51.8,135.0,EN_ROUTE_TO_HOSPITAL
2026-08-09 03:24:06,AMB0111,REQ00887,13.030762,80.267717,23.5,135.0,EN_ROUTE_TO_HOSPITAL
2026-08-09 03:24:10,AMB0111,REQ00887,13.027561,80.266163,53.5,135.0,EN_ROUTE_TO_HOSPITAL
2026-08-09 03:24:18,AMB0111,REQ00887,13.025018,80.263245,24.7,135.0,EN_ROUTE_TO_HOSPITAL
2026-08-09 03:24:24,AMB0111,REQ00887,13.022165,80.261218,42.1,135.0,EN_ROUTE_TO_HOSPITAL
2026-08-09 03:24:30,AMB0111,REQ00887,13.018077,80.259077,34.1,135.0,EN_ROUTE_TO_HOSPITAL
2026-08-09 03:24:35,AMB0111,REQ00887,13.015552,80.257806,27.0,135.0,EN_ROUTE_TO_HOSPITAL
2026-08-09 03:24:40,AMB0111,REQ00887,13.012419,80.25529,40.0,135.0,EN_ROUTE_TO_HOSPITAL
2026-08-09 03:24:45,AMB0111,REQ00887,13.00956,80.252439,49.1,135.0,EN_ROUTE_TO_HOSPITAL
2026-08-09 03:24:53,AMB0111,REQ00887,13.006357,80.251076,31.9,135.0,EN_ROUTE_TO_HOSPITAL
2026-09-04 07:01:57,AMB0091,REQ02183,13.006293,80.257739,30.3,135.0,EN_ROUTE_TO_PATIENT
2026-09-04 07:02:03,AMB0091,REQ02183,13.014226,80.252499,47.8,135.0,EN_ROUTE_TO_PATIENT
2026-09-04 07:02:09,AMB0091,REQ02183,13.023961,80.247867,32.6,135.0,EN_ROUTE_TO_PATIENT
2026-09-04 07:02:17,AMB0091,REQ02183,13.03192,80.243276,40.7,135.0,EN_ROUTE_TO_PATIENT
2026-09-04 07:02:21,AMB0091,REQ02183,13.040914,80.239242,27.5,135.0,EN_ROUTE_TO_PATIENT
2026-09-04 07:02:26,AMB0091,REQ02183,13.050305,80.23495,34.0,135.0,EN_ROUTE_TO_PATIENT
2026-09-04 07:02:32,AMB0091,REQ02183,13.058378,80.230187,29.8,135.0,EN_ROUTE_TO_PATIENT
2026-09-04 07:02:37,AMB0091,REQ02183,13.068112,80.225405,24.4,135.0,EN_ROUTE_TO_PATIENT
2026-09-04 07:02:43,AMB0091,REQ02183,13.076969,80.22136,36.7,135.0,EN_ROUTE_TO_PATIENT
2026-09-04 07:02:48,AMB0091,REQ02183,13.085722,80.215714,30.5,135.0,EN_ROUTE_TO_PATIENT
2026-09-04 07:02:56,AMB0091,REQ02183,13.094115,80.211707,36.8,135.0,EN_ROUTE_TO_PATIENT
2026-09-04 07:03:51,AMB0091,REQ02183,13.093802,80.211306,42.3,135.0,EN_ROUTE_TO_HOSPITAL
2026-09-04 07:03:56,AMB0091,REQ02183,13.080604,80.204181,36.6,135.0,EN_ROUTE_TO_HOSPITAL
2026-09-04 07:04:01,AMB0091,REQ02183,13.06792,80.196564,25.4,135.0,EN_ROUTE_TO_HOSPITAL
2026-09-04 07:04:09,AMB0091,REQ02183,13.055383,80.18915,41.6,135.0,EN_ROUTE_TO_HOSPITAL
2026-09-04 07:04:16,AMB0091,REQ02183,13.041533,80.181778,21.9,135.0,EN_ROUTE_TO_HOSPITAL
2026-09-04 07:04:21,AMB0091,REQ02183,13.028628,80.173227,26.0,135.0,EN_ROUTE_TO_HOSPITAL
2026-09-04 07:04:28,AMB0091,REQ02183,13.016307,80.165968,24.1,135.0,EN_ROUTE_TO_HOSPITAL
2026-09-04 07:04:32,AMB0091,REQ02183,13.002505,80.158714,25.4,135.0,EN_ROUTE_TO_HOSPITAL
2026-09-04 07:04:39,AMB0091,REQ02183,12.989653,80.151594,45.2,135.0,EN_ROUTE_TO_HOSPITAL
2026-09-04 07:04:45,AMB0091,REQ02183,12.976865,80.14378,46.7,135.0,EN_ROUTE_TO_HOSPITAL
2026-09-04 07:04:52,AMB0091,REQ02183,12.96414,80.135582,40.1,135.0,EN_ROUTE_TO_HOSPITAL
2026-09-04 07:04:58,AMB0091,REQ02183,12.950544,80.128786,20.9,135.0,EN_ROUTE_TO_HOSPITAL
2026-09-04 07:05:06,AMB0091,REQ02183,12.937511,80.120189,29.9,135.0,EN_ROUTE_TO_HOSPITAL
2026-09-04 07:05:11,AMB0091,REQ02183,12.924689,80.113443,47.0,135.0,EN_ROUTE_TO_HOSPITAL
2026-09-05 05:25:11,AMB0102,REQ02503,12.951722,80.209483,47.5,135.0,EN_ROUTE_TO_PATIENT
2026-09-05 05:25:15,AMB0102,REQ02503,12.968146,80.217946,28.7,135.0,EN_ROUTE_TO_PATIENT
2026-09-05 05:25:20,AMB0102,REQ02503,12.985066,80.22614,39.3,135.0,EN_ROUTE_TO_PATIENT
2026-09-05 05:25:25,AMB0102,REQ02503,13.001019,80.234478,50.9,135.0,EN_ROUTE_TO_PATIENT
2026-09-05 05:25:30,AMB0102,REQ02503,13.017056,80.242595,30.2,135.0,EN_ROUTE_TO_PATIENT
2026-09-05 05:25:36,AMB0102,REQ02503,13.034602,80.251075,28.4,135.0,EN_ROUTE_TO_PATIENT
2026-09-05 05:25:43,AMB0102,REQ02503,13.050278,80.258621,53.0,135.0,EN_ROUTE_TO_PATIENT
2026-09-05 05:25:50,AMB0102,REQ02503,13.0673,80.267796,39.6,135.0,EN_ROUTE_TO_PATIENT
2026-09-05 05:25:54,AMB0102,REQ02503,13.083234,80.275366,25.7,135.0,EN_ROUTE_TO_PATIENT
2026-09-05 05:26:02,AMB0102,REQ02503,13.099991,80.284182,30.7,135.0,EN_ROUTE_TO_PATIENT
2026-09-05 05:27:20,AMB0102,REQ02503,13.100398,80.283934,30.1,135.0,EN_ROUTE_TO_HOSPITAL
2026-09-05 05:27:26,AMB0102,REQ02503,13.094805,80.276727,31.1,135.0,EN_ROUTE_TO_HOSPITAL
2026-09-05 05:27:32,AMB0102,REQ02503,13.090141,80.269794,49.9,135.0,EN_ROUTE_TO_HOSPITAL
2026-09-05 05:27:36,AMB0102,REQ02503,13.083776,80.263022,48.3,135.0,EN_ROUTE_TO_HOSPITAL
2026-09-05 05:27:43,AMB0102,REQ02503,13.079007,80.256128,46.9,135.0,EN_ROUTE_TO_HOSPITAL
2026-09-05 05:27:49,AMB0102,REQ02503,13.073909,80.249014,47.3,135.0,EN_ROUTE_TO_HOSPITAL
2026-09-05 05:27:55,AMB0102,REQ02503,13.068109,80.242024,38.0,135.0,EN_ROUTE_TO_HOSPITAL
2026-09-05 05:28:03,AMB0102,REQ02503,13.063835,80.235316,43.3,135.0,EN_ROUTE_TO_HOSPITAL
2026-09-05 05:28:11,AMB0102,REQ02503,13.057859,80.22792,25.3,135.0,EN_ROUTE_TO_HOSPITAL
2026-09-05 05:28:17,AMB0102,REQ02503,13.053486,80.220735,35.4,135.0,EN_ROUTE_TO_HOSPITAL
2026-09-05 05:28:25,AMB0102,REQ02503,13.047336,80.213416,51.7,135.0,EN_ROUTE_TO_HOSPITAL
2026-09-05 05:28:32,AMB0102,REQ02503,13.042018,80.20744,30.7,135.0,EN_ROUTE_TO_HOSPITAL
2026-09-05 05:28:37,AMB0102,REQ02503,13.037167,80.199889,44.7,135.0,EN_ROUTE_TO_HOSPITAL
2026-09-05 05:28:43,AMB0102,REQ02503,13.031888,80.192764,54.0,135.0,EN_ROUTE_TO_HOSPITAL
2026-09-05 05:28:50,AMB0102,REQ02503,13.026819,80.186019,26.5,135.0,EN_ROUTE_TO_HOSPITAL
2026-09-05 05:28:54,AMB0102,REQ02503,13.021344,80.178401,37.7,135.0,EN_ROUTE_TO_HOSPITAL
2026-08-28 18:33:31,AMB0131,REQ02513,12.786148,80.221764,44.2,135.0,EN_ROUTE_TO_PATIENT
2026-08-28 18:33:35,AMB0131,REQ02513,12.812133,80.221982,41.6,135.0,EN_ROUTE_TO_PATIENT
2026-08-28 18:33:43,AMB0131,REQ02513,12.837267,80.22095,21.6,135.0,EN_ROUTE_TO_PATIENT
2026-08-28 18:33:47,AMB0131,REQ02513,12.863091,80.220878,20.8,135.0,EN_ROUTE_TO_PATIENT
2026-08-28 18:33:51,AMB0131,REQ02513,12.887832,80.2195,47.9,135.0,EN_ROUTE_TO_PATIENT
2026-08-28 18:33:57,AMB0131,REQ02513,12.913261,80.22011,31.1,135.0,EN_ROUTE_TO_PATIENT
2026-08-28 18:34:01,AMB0131,REQ02513,12.938827,80.219711,48.8,135.0,EN_ROUTE_TO_PATIENT
2026-08-28 18:34:08,AMB0131,REQ02513,12.964457,80.218663,24.7,135.0,EN_ROUTE_TO_PATIENT
2026-08-28 18:34:14,AMB0131,REQ02513,12.989276,80.217945,49.7,135.0,EN_ROUTE_TO_PATIENT
2026-08-28 18:34:20,AMB0131,REQ02513,13.01487,80.218061,20.0,135.0,EN_ROUTE_TO_PATIENT
2026-08-28 18:34:24,AMB0131,REQ02513,13.040169,80.217134,41.6,135.0,EN_ROUTE_TO_PATIENT
2026-08-28 18:34:29,AMB0131,REQ02513,13.065342,80.216878,36.4,135.0,EN_ROUTE_TO_PATIENT
2026-08-28 18:34:34,AMB0131,REQ02513,13.090569,80.216808,30.6,135.0,EN_ROUTE_TO_PATIENT
2026-08-28 18:35:28,AMB0131,REQ02513,13.090829,80.216393,25.3,135.0,EN_ROUTE_TO_HOSPITAL
2026-08-28 18:35:34,AMB0131,REQ02513,13.086221,80.213582,27.9,135.0,EN_ROUTE_TO_HOSPITAL
2026-08-28 18:35:40,AMB0131,REQ02513,13.081448,80.21161,34.0,135.0,EN_ROUTE_TO_HOSPITAL
2026-08-28 18:35:48,AMB0131,REQ02513,13.076837,80.208871,34.6,135.0,EN_ROUTE_TO_HOSPITAL
2026-08-28 18:35:52,AMB0131,REQ02513,13.071863,80.206145,31.2,135.0,EN_ROUTE_TO_HOSPITAL
2026-08-28 18:36:00,AMB0131,REQ02513,13.06783,80.204446,22.2,135.0,EN_ROUTE_TO_HOSPITAL
2026-08-28 18:36:05,AMB0131,REQ02513,13.062458,80.201969,48.3,135.0,EN_ROUTE_TO_HOSPITAL
2026-08-28 18:36:09,AMB0131,REQ02513,13.058376,80.198532,21.0,135.0,EN_ROUTE_TO_HOSPITAL
2026-08-28 18:36:16,AMB0131,REQ02513,13.053626,80.196165,39.9,135.0,EN_ROUTE_TO_HOSPITAL
2026-08-28 18:36:21,AMB0131,REQ02513,13.049501,80.194324,43.9,135.0,EN_ROUTE_TO_HOSPITAL
2026-08-28 18:36:27,AMB0131,REQ02513,13.045056,80.190903,33.7,135.0,EN_ROUTE_TO_HOSPITAL
2026-08-28 18:36:35,AMB0131,REQ02513,13.040425,80.189184,51.6,135.0,EN_ROUTE_TO_HOSPITAL
2026-08-28 18:36:41,AMB0131,REQ02513,13.035756,80.186783,32.0,135.0,EN_ROUTE_TO_HOSPITAL
2026-08-28 18:36:47,AMB0131,REQ02513,13.03057,80.183441,48.9,135.0,EN_ROUTE_TO_HOSPITAL
2026-08-28 18:36:52,AMB0131,REQ02513,13.026054,80.180881,33.7,135.0,EN_ROUTE_TO_HOSPITAL
2026-08-28 18:37:00,AMB0131,REQ02513,13.021665,80.1785,24.0,135.0,EN_ROUTE_TO_HOSPITAL
2026-08-11 17:37:37,AMB0022,REQ02113,13.115802,80.230934,36.6,135.0,EN_ROUTE_TO_PATIENT
2026-08-11 17:37:41,AMB0022,REQ02113,13.11271,80.220815,42.6,135.0,EN_ROUTE_TO_PATIENT
2026-08-11 17:37:45,AMB0022,REQ02113,13.111576,80.211079,26.1,135.0,EN_ROUTE_TO_PATIENT
2026-08-11 17:37:50,AMB0022,REQ02113,13.109557,80.201869,49.7,135.0,EN_ROUTE_TO_PATIENT
2026-08-11 17:37:57,AMB0022,REQ02113,13.107959,80.192647,39.6,135.0,EN_ROUTE_TO_PATIENT
2026-08-11 17:38:05,AMB0022,REQ02113,13.106197,80.18257,47.4,135.0,EN_ROUTE_TO_PATIENT
2026-08-11 17:38:12,AMB0022,REQ02113,13.104205,80.172841,38.6,135.0,EN_ROUTE_TO_PATIENT
2026-08-11 17:38:16,AMB0022,REQ02113,13.101969,80.162865,39.2,135.0,EN_ROUTE_TO_PATIENT
2026-08-11 17:38:24,AMB0022,REQ02113,13.10047,80.153357,36.1,135.0,EN_ROUTE_TO_PATIENT
2026-08-11 17:38:31,AMB0022,REQ02113,13.097984,80.143654,42.3,135.0,EN_ROUTE_TO_PATIENT
2026-08-11 17:38:37,AMB0022,REQ02113,13.095602,80.133768,37.2,135.0,EN_ROUTE_TO_PATIENT
2026-08-11 17:38:41,AMB0022,REQ02113,13.094543,80.124457,32.0,135.0,EN_ROUTE_TO_PATIENT
2026-08-11 17:38:46,AMB0022,REQ02113,13.092677,80.11483,40.8,135.0,EN_ROUTE_TO_PATIENT
2026-08-11 17:38:53,AMB0022,REQ02113,13.089762,80.104984,36.2,135.0,EN_ROUTE_TO_PATIENT
2026-08-11 17:40:01,AMB0022,REQ02113,13.090835,80.104399,33.5,135.0,EN_ROUTE_TO_HOSPITAL
2026-08-11 17:40:09,AMB0022,REQ02113,13.092962,80.122931,25.0,135.0,EN_ROUTE_TO_HOSPITAL
2026-08-11 17:40:16,AMB0022,REQ02113,13.094441,80.14053,45.0,135.0,EN_ROUTE_TO_HOSPITAL
2026-08-11 17:40:24,AMB0022,REQ02113,13.096722,80.159179,47.7,135.0,EN_ROUTE_TO_HOSPITAL
2026-08-11 17:40:32,AMB0022,REQ02113,13.099304,80.177602,28.8,135.0,EN_ROUTE_TO_HOSPITAL
2026-08-11 17:40:37,AMB0022,REQ02113,13.10168,80.195876,24.3,135.0,EN_ROUTE_TO_HOSPITAL
2026-08-11 17:40:42,AMB0022,REQ02113,13.10468,80.213966,30.0,135.0,EN_ROUTE_TO_HOSPITAL
2026-08-11 17:40:46,AMB0022,REQ02113,13.106073,80.231686,41.4,135.0,EN_ROUTE_TO_HOSPITAL
2026-08-11 17:40:54,AMB0022,REQ02113,13.108205,80.24961,54.8,135.0,EN_ROUTE_TO_HOSPITAL
2026-08-11 17:41:01,AMB0022,REQ02113,13.111076,80.267598,48.3,135.0,EN_ROUTE_TO_HOSPITAL
2026-08-11 17:41:05,AMB0022,REQ02113,13.112858,80.28587,42.8,135.0,EN_ROUTE_TO_HOSPITAL
2026-08-13 02:58:28,AMB0056,REQ00535,13.057092,80.243335,50.4,135.0,EN_ROUTE_TO_PATIENT
2026-08-13 02:58:33,AMB0056,REQ00535,13.05536,80.243361,50.1,135.0,EN_ROUTE_TO_PATIENT
2026-08-13 02:58:39,AMB0056,REQ00535,13.053207,80.243823,22.9,135.0,EN_ROUTE_TO_PATIENT
2026-08-13 02:58:45,AMB0056,REQ00535,13.051784,80.244043,35.8,135.0,EN_ROUTE_TO_PATIENT
2026-08-13 02:58:49,AMB0056,REQ00535,13.049978,80.245295,20.0,135.0,EN_ROUTE_TO_PATIENT
2026-08-13 02:58:56,AMB0056,REQ00535,13.048489,80.245655,30.2,135.0,EN_ROUTE_TO_PATIENT
2026-08-13 02:59:02,AMB0056,REQ00535,13.04654,80.245752,24.6,135.0,EN_ROUTE_TO_PATIENT
2026-08-13 02:59:10,AMB0056,REQ00535,13.04538,80.24571,28.1,135.0,EN_ROUTE_TO_PATIENT
2026-08-13 02:59:18,AMB0056,REQ00535,13.043875,80.246026,26.7,135.0,EN_ROUTE_TO_PATIENT
2026-08-13 02:59:22,AMB0056,REQ00535,13.042161,80.246817,22.8,135.0,EN_ROUTE_TO_PATIENT
2026-08-13 02:59:28,AMB0056,REQ00535,13.040388,80.246924,33.0,135.0,EN_ROUTE_TO_PATIENT
2026-08-13 02:59:35,AMB0056,REQ00535,13.038424,80.247454,30.8,135.0,EN_ROUTE_TO_PATIENT
2026-08-13 02:59:40,AMB0056,REQ00535,13.036825,80.247022,27.5,135.0,EN_ROUTE_TO_PATIENT
2026-08-13 02:59:48,AMB0056,REQ00535,13.035157,80.248469,45.2,135.0,EN_ROUTE_TO_PATIENT
2026-08-13 02:59:54,AMB0056,REQ00535,13.033946,80.248915,34.3,135.0,EN_ROUTE_TO_PATIENT
2026-08-13 03:01:29,AMB0056,REQ00535,13.033024,80.247757,29.7,135.0,EN_ROUTE_TO_HOSPITAL
2026-08-13 03:01:33,AMB0056,REQ00535,13.035486,80.244489,27.9,135.0,EN_ROUTE_TO_HOSPITAL
2026-08-13 03:01:39,AMB0056,REQ00535,13.037804,80.240125,41.0,135.0,EN_ROUTE_TO_HOSPITAL
2026-08-13 03:01:47,AMB0056,REQ00535,13.039267,80.235739,53.5,135.0,EN_ROUTE_TO_HOSPITAL
2026-08-13 03:01:53,AMB0056,REQ00535,13.041336,80.232227,34.7,135.0,EN_ROUTE_TO_HOSPITAL
2026-08-13 03:01:59,AMB0056,REQ00535,13.044058,80.22784,38.2,135.0,EN_ROUTE_TO_HOSPITAL
2026-08-13 03:02:03,AMB0056,REQ00535,13.045952,80.223405,44.6,135.0,EN_ROUTE_TO_HOSPITAL
2026-08-13 03:02:09,AMB0056,REQ00535,13.047828,80.219169,51.8,135.0,EN_ROUTE_TO_HOSPITAL
2026-08-13 03:02:14,AMB0056,REQ00535,13.049987,80.214625,52.6,135.0,EN_ROUTE_TO_HOSPITAL
2026-08-13 03:02:19,AMB0056,REQ00535,13.052372,80.210744,39.0,135.0,EN_ROUTE_TO_HOSPITAL
2026-08-10 17:17:27,AMB0055,REQ02185,13.05591,80.21272,46.1,135.0,EN_ROUTE_TO_PATIENT
2026-08-10 17:17:35,AMB0055,REQ02185,13.049493,80.213618,36.7,135.0,EN_ROUTE_TO_PATIENT
2026-08-10 17:17:39,AMB0055,REQ02185,13.042011,80.215137,53.5,135.0,EN_ROUTE_TO_PATIENT
2026-08-10 17:17:47,AMB0055,REQ02185,13.03539,80.217038,24.9,135.0,EN_ROUTE_TO_PATIENT
2026-08-10 17:17:51,AMB0055,REQ02185,13.027897,80.218635,20.5,135.0,EN_ROUTE_TO_PATIENT
2026-08-10 17:17:57,AMB0055,REQ02185,13.021188,80.219806,34.4,135.0,EN_ROUTE_TO_PATIENT
2026-08-10 17:18:02,AMB0055,REQ02185,13.013998,80.221815,23.5,135.0,EN_ROUTE_TO_PATIENT
2026-08-10 17:18:10,AMB0055,REQ02185,13.007822,80.223394,40.2,135.0,EN_ROUTE_TO_PATIENT
2026-08-10 17:18:16,AMB0055,REQ02185,13.000516,80.224753,52.0,135.0,EN_ROUTE_TO_PATIENT
2026-08-10 17:18:22,AMB0055,REQ02185,12.994216,80.225701,50.4,135.0,EN_ROUTE_TO_PATIENT
2026-08-10 17:18:29,AMB0055,REQ02185,12.987241,80.226881,43.5,135.0,EN_ROUTE_TO_PATIENT
2026-08-10 17:18:36,AMB0055,REQ02185,12.980155,80.228824,38.7,135.0,EN_ROUTE_TO_PATIENT
2026-08-10 17:18:41,AMB0055,REQ02185,12.973148,80.230406,32.7,135.0,EN_ROUTE_TO_PATIENT
2026-08-10 17:18:49,AMB0055,REQ02185,12.966644,80.231452,48.0,135.0,EN_ROUTE_TO_PATIENT
2026-08-10 17:18:55,AMB0055,REQ02185,12.959346,80.233971,29.5,135.0,EN_ROUTE_TO_PATIENT
2026-08-10 17:19:00,AMB0055,REQ02185,12.951886,80.23531,43.3,135.0,EN_ROUTE_TO_PATIENT
2026-08-10 17:19:04,AMB0055,REQ02185,12.945977,80.235889,51.9,135.0,EN_ROUTE_TO_PATIENT
2026-08-10 17:20:32,AMB0055,REQ02185,12.945819,80.236633,24.6,135.0,EN_ROUTE_TO_HOSPITAL
2026-08-10 17:20:40,AMB0055,REQ02185,12.956056,80.22535,54.6,135.0,EN_ROUTE_TO_HOSPITAL
2026-08-10 17:20:46,AMB0055,REQ02185,12.966158,80.215585,44.5,135.0,EN_ROUTE_TO_HOSPITAL
2026-08-10 17:20:52,AMB0055,REQ02185,12.975954,80.204324,20.2,135.0,EN_ROUTE_TO_HOSPITAL
2026-08-10 17:21:00,AMB0055,REQ02185,12.987152,80.193609,20.5,135.0,EN_ROUTE_TO_HOSPITAL
2026-08-10 17:21:04,AMB0055,REQ02185,12.997681,80.183487,23.6,135.0,EN_ROUTE_TO_HOSPITAL
2026-08-10 17:21:10,AMB0055,REQ02185,13.007786,80.172785,27.4,135.0,EN_ROUTE_TO_HOSPITAL
2026-08-10 17:21:16,AMB0055,REQ02185,13.01825,80.162067,42.0,135.0,EN_ROUTE_TO_HOSPITAL
2026-08-10 17:21:24,AMB0055,REQ02185,13.028519,80.151872,30.6,135.0,EN_ROUTE_TO_HOSPITAL
2026-08-10 17:21:28,AMB0055,REQ02185,13.038912,80.140112,34.0,135.0,EN_ROUTE_TO_HOSPITAL
2026-08-04 21:29:08,AMB0095,REQ01417,12.981961,80.256184,20.2,135.0,EN_ROUTE_TO_PATIENT
2026-08-04 21:29:13,AMB0095,REQ01417,12.991335,80.251445,43.8,135.0,EN_ROUTE_TO_PATIENT
2026-08-04 21:29:17,AMB0095,REQ01417,12.999779,80.245984,47.1,135.0,EN_ROUTE_TO_PATIENT
2026-08-04 21:29:21,AMB0095,REQ01417,13.008619,80.242098,23.0,135.0,EN_ROUTE_TO_PATIENT
2026-08-04 21:29:28,AMB0095,REQ01417,13.016278,80.237541,21.6,135.0,EN_ROUTE_TO_PATIENT
2026-08-04 21:29:35,AMB0095,REQ01417,13.024681,80.232893,34.0,135.0,EN_ROUTE_TO_PATIENT
2026-08-04 21:29:39,AMB0095,REQ01417,13.033827,80.228069,20.4,135.0,EN_ROUTE_TO_PATIENT
2026-08-04 21:29:47,AMB0095,REQ01417,13.042095,80.222378,23.2,135.0,EN_ROUTE_TO_PATIENT
2026-08-04 21:29:51,AMB0095,REQ01417,13.051611,80.218275,33.2,135.0,EN_ROUTE_TO_PATIENT
2026-08-04 21:29:56,AMB0095,REQ01417,13.05916,80.214101,25.0,135.0,EN_ROUTE_TO_PATIENT
2026-08-04 21:31:25,AMB0095,REQ01417,13.059117,80.213826,26.6,135.0,EN_ROUTE_TO_HOSPITAL
2026-08-04 21:31:31,AMB0095,REQ01417,13.056206,80.211086,26.8,135.0,EN_ROUTE_TO_HOSPITAL
2026-08-04 21:31:38,AMB0095,REQ01417,13.053126,80.207724,53.8,135.0,EN_ROUTE_TO_HOSPITAL
2026-08-04 21:31:46,AMB0095,REQ01417,13.050729,80.204876,52.7,135.0,EN_ROUTE_TO_HOSPITAL
2026-08-04 21:31:52,AMB0095,REQ01417,13.047484,80.201882,34.7,135.0,EN_ROUTE_TO_HOSPITAL
2026-08-04 21:32:00,AMB0095,REQ01417,13.043377,80.199245,48.0,135.0,EN_ROUTE_TO_HOSPITAL
2026-08-04 21:32:07,AMB0095,REQ01417,13.040043,80.196633,52.7,135.0,EN_ROUTE_TO_HOSPITAL
2026-08-04 21:32:12,AMB0095,REQ01417,13.036983,80.193475,36.8,135.0,EN_ROUTE_TO_HOSPITAL
2026-08-04 21:32:17,AMB0095,REQ01417,13.033716,80.190587,53.5,135.0,EN_ROUTE_TO_HOSPITAL
2026-08-04 21:32:23,AMB0095,REQ01417,13.030968,80.18805,36.9,135.0,EN_ROUTE_TO_HOSPITAL
2026-08-04 21:32:30,AMB0095,REQ01417,13.027906,80.184254,24.9,135.0,EN_ROUTE_TO_HOSPITAL
2026-08-04 21:32:36,AMB0095,REQ01417,13.02436,80.181741,35.2,135.0,EN_ROUTE_TO_HOSPITAL
2026-08-04 21:32:42,AMB0095,REQ01417,13.022041,80.179311,41.8,135.0,EN_ROUTE_TO_HOSPITAL
2026-08-15 01:29:04,AMB0081,REQ01971,13.043599,80.097549,39.0,135.0,EN_ROUTE_TO_PATIENT
2026-08-15 01:29:11,AMB0081,REQ01971,13.038275,80.107192,37.2,135.0,EN_ROUTE_TO_PATIENT
2026-08-15 01:29:19,AMB0081,REQ01971,13.033025,80.116208,30.0,135.0,EN_ROUTE_TO_PATIENT
2026-08-15 01:29:23,AMB0081,REQ01971,13.027508,80.125245,30.6,135.0,EN_ROUTE_TO_PATIENT
2026-08-15 01:29:28,AMB0081,REQ01971,13.022933,80.134191,43.1,135.0,EN_ROUTE_TO_PATIENT
2026-08-15 01:29:36,AMB0081,REQ01971,13.01718,80.143447,33.0,135.0,EN_ROUTE_TO_PATIENT
2026-08-15 01:29:43,AMB0081,REQ01971,13.012425,80.152618,24.1,135.0,EN_ROUTE_TO_PATIENT
2026-08-15 01:29:50,AMB0081,REQ01971,13.007928,80.162374,25.9,135.0,EN_ROUTE_TO_PATIENT
2026-08-15 01:29:54,AMB0081,REQ01971,13.002433,80.171637,31.1,135.0,EN_ROUTE_TO_PATIENT
2026-08-15 01:30:02,AMB0081,REQ01971,12.997709,80.180781,28.8,135.0,EN_ROUTE_TO_PATIENT
2026-08-15 01:30:09,AMB0081,REQ01971,12.992473,80.189576,25.1,135.0,EN_ROUTE_TO_PATIENT
2026-08-15 01:30:14,AMB0081,REQ01971,12.987433,80.19948,49.4,135.0,EN_ROUTE_TO_PATIENT
2026-08-15 01:30:19,AMB0081,REQ01971,12.981696,80.208485,27.9,135.0,EN_ROUTE_TO_PATIENT
2026-08-15 01:30:24,AMB0081,REQ01971,12.976826,80.217196,33.1,135.0,EN_ROUTE_TO_PATIENT
2026-08-15 01:30:30,AMB0081,REQ01971,12.971486,80.226714,53.3,135.0,EN_ROUTE_TO_PATIENT
2026-08-15 01:30:36,AMB0081,REQ01971,12.966766,80.236316,42.5,135.0,EN_ROUTE_TO_PATIENT
2026-08-15 01:30:43,AMB0081,REQ01971,12.961562,80.245609,51.7,135.0,EN_ROUTE_TO_PATIENT
2026-08-15 01:32:08,AMB0081,REQ01971,12.961166,80.245131,51.7,135.0,EN_ROUTE_TO_HOSPITAL
2026-08-15 01:32:15,AMB0081,REQ01971,12.961301,80.245913,22.7,135.0,EN_ROUTE_TO_HOSPITAL
2026-08-15 01:32:19,AMB0081,REQ01971,12.96033,80.245836,31.9,135.0,EN_ROUTE_TO_HOSPITAL
2026-08-15 01:32:27,AMB0081,REQ01971,12.960794,80.245635,33.0,135.0,EN_ROUTE_TO_HOSPITAL
2026-08-15 01:32:34,AMB0081,REQ01971,12.960632,80.245981,53.5,135.0,EN_ROUTE_TO_HOSPITAL
2026-08-15 01:32:38,AMB0081,REQ01971,12.959923,80.245492,53.8,135.0,EN_ROUTE_TO_HOSPITAL
2026-08-15 01:32:43,AMB0081,REQ01971,12.960189,80.245683,29.0,135.0,EN_ROUTE_TO_HOSPITAL
2026-08-15 01:32:47,AMB0081,REQ01971,12.959943,80.245553,33.3,135.0,EN_ROUTE_TO_HOSPITAL
2026-08-15 01:32:53,AMB0081,REQ01971,12.959807,80.24592,50.0,135.0,EN_ROUTE_TO_HOSPITAL
2026-08-15 01:33:00,AMB0081,REQ01971,12.960279,80.246141,25.8,135.0,EN_ROUTE_TO_HOSPITAL
2026-08-15 01:33:04,AMB0081,REQ01971,12.959935,80.246497,42.1,135.0,EN_ROUTE_TO_HOSPITAL
2026-08-24 20:19:28,AMB0116,REQ02414,12.926625,80.096164,43.6,135.0,EN_ROUTE_TO_PATIENT
2026-08-24 20:19:35,AMB0116,REQ02414,12.91647,80.10702,42.5,135.0,EN_ROUTE_TO_PATIENT
2026-08-24 20:19:40,AMB0116,REQ02414,12.907106,80.117989,23.4,135.0,EN_ROUTE_TO_PATIENT
2026-08-24 20:19:44,AMB0116,REQ02414,12.898197,80.127685,48.1,135.0,EN_ROUTE_TO_PATIENT
2026-08-24 20:19:52,AMB0116,REQ02414,12.888175,80.137641,39.5,135.0,EN_ROUTE_TO_PATIENT
2026-08-24 20:20:00,AMB0116,REQ02414,12.879273,80.148549,36.0,135.0,EN_ROUTE_TO_PATIENT
2026-08-24 20:20:06,AMB0116,REQ02414,12.868835,80.159199,34.6,135.0,EN_ROUTE_TO_PATIENT
2026-08-24 20:20:13,AMB0116,REQ02414,12.860362,80.169639,49.7,135.0,EN_ROUTE_TO_PATIENT
2026-08-24 20:20:18,AMB0116,REQ02414,12.850359,80.179284,31.3,135.0,EN_ROUTE_TO_PATIENT
2026-08-24 20:20:25,AMB0116,REQ02414,12.840708,80.189727,22.8,135.0,EN_ROUTE_TO_PATIENT
2026-08-24 20:20:30,AMB0116,REQ02414,12.831579,80.20062,29.9,135.0,EN_ROUTE_TO_PATIENT
2026-08-24 20:20:37,AMB0116,REQ02414,12.821791,80.211348,45.0,135.0,EN_ROUTE_TO_PATIENT
2026-08-24 20:20:41,AMB0116,REQ02414,12.812392,80.220687,40.1,135.0,EN_ROUTE_TO_PATIENT
2026-08-24 20:20:48,AMB0116,REQ02414,12.803228,80.231868,27.2,135.0,EN_ROUTE_TO_PATIENT
2026-08-24 20:22:14,AMB0116,REQ02414,12.803524,80.231663,26.7,135.0,EN_ROUTE_TO_HOSPITAL
2026-08-24 20:22:22,AMB0116,REQ02414,12.822329,80.229821,21.4,135.0,EN_ROUTE_TO_HOSPITAL
2026-08-24 20:22:29,AMB0116,REQ02414,12.8423,80.229739,51.6,135.0,EN_ROUTE_TO_HOSPITAL
2026-08-24 20:22:35,AMB0116,REQ02414,12.86158,80.227432,54.0,135.0,EN_ROUTE_TO_HOSPITAL
2026-08-24 20:22:40,AMB0116,REQ02414,12.881313,80.227182,25.3,135.0,EN_ROUTE_TO_HOSPITAL
2026-08-24 20:22:45,AMB0116,REQ02414,12.901831,80.225881,50.0,135.0,EN_ROUTE_TO_HOSPITAL
2026-08-24 20:22:49,AMB0116,REQ02414,12.921439,80.223849,20.2,135.0,EN_ROUTE_TO_HOSPITAL
2026-08-24 20:22:55,AMB0116,REQ02414,12.940671,80.22298,33.5,135.0,EN_ROUTE_TO_HOSPITAL
2026-08-24 20:23:01,AMB0116,REQ02414,12.960815,80.221325,51.9,135.0,EN_ROUTE_TO_HOSPITAL
2026-08-24 20:23:05,AMB0116,REQ02414,12.979975,80.22016,39.4,135.0,EN_ROUTE_TO_HOSPITAL
2026-09-04 13:31:11,AMB0054,REQ00562,13.049046,80.20874,34.2,135.0,EN_ROUTE_TO_PATIENT
2026-09-04 13:31:17,AMB0054,REQ00562,13.050345,80.207124,38.3,135.0,EN_ROUTE_TO_PATIENT
2026-09-04 13:31:23,AMB0054,REQ00562,13.050632,80.207103,40.7,135.0,EN_ROUTE_TO_PATIENT
2026-09-04 13:31:29,AMB0054,REQ00562,13.05165,80.205877,30.2,135.0,EN_ROUTE_TO_PATIENT
2026-09-04 13:31:36,AMB0054,REQ00562,13.051964,80.205118,38.4,135.0,EN_ROUTE_TO_PATIENT
2026-09-04 13:31:43,AMB0054,REQ00562,13.053431,80.20415,20.6,135.0,EN_ROUTE_TO_PATIENT
2026-09-04 13:31:48,AMB0054,REQ00562,13.054291,80.203141,32.4,135.0,EN_ROUTE_TO_PATIENT
2026-09-04 13:31:55,AMB0054,REQ00562,13.055634,80.20162,27.7,135.0,EN_ROUTE_TO_PATIENT
2026-09-04 13:32:01,AMB0054,REQ00562,13.055592,80.200576,41.2,135.0,EN_ROUTE_TO_PATIENT
2026-09-04 13:32:09,AMB0054,REQ00562,13.057158,80.199633,53.2,135.0,EN_ROUTE_TO_PATIENT
2026-09-04 13:32:15,AMB0054,REQ00562,13.057991,80.199516,20.4,135.0,EN_ROUTE_TO_PATIENT
2026-09-04 13:32:19,AMB0054,REQ00562,13.058287,80.198932,38.2,135.0,EN_ROUTE_TO_PATIENT
2026-09-04 13:32:27,AMB0054,REQ00562,13.059886,80.197083,41.8,135.0,EN_ROUTE_TO_PATIENT
2026-09-04 13:32:33,AMB0054,REQ00562,13.060975,80.196324,29.4,135.0,EN_ROUTE_TO_PATIENT
2026-09-04 13:33:58,AMB0054,REQ00562,13.060549,80.196401,54.5,135.0,EN_ROUTE_TO_HOSPITAL
2026-09-04 13:34:02,AMB0054,REQ00562,13.061886,80.19775,20.3,135.0,EN_ROUTE_TO_HOSPITAL
2026-09-04 13:34:06,AMB0054,REQ00562,13.063283,80.19844,52.6,135.0,EN_ROUTE_TO_HOSPITAL
2026-09-04 13:34:12,AMB0054,REQ00562,13.065822,80.199299,25.5,135.0,EN_ROUTE_TO_HOSPITAL
2026-09-04 13:34:16,AMB0054,REQ00562,13.067526,80.199735,53.8,135.0,EN_ROUTE_TO_HOSPITAL
2026-09-04 13:34:22,AMB0054,REQ00562,13.068773,80.200827,26.9,135.0,EN_ROUTE_TO_HOSPITAL
2026-09-04 13:34:27,AMB0054,REQ00562,13.070711,80.201714,27.4,135.0,EN_ROUTE_TO_HOSPITAL
2026-09-04 13:34:31,AMB0054,REQ00562,13.071778,80.202642,36.5,135.0,EN_ROUTE_TO_HOSPITAL
2026-09-04 13:34:39,AMB0054,REQ00562,13.073807,80.203619,36.2,135.0,EN_ROUTE_TO_HOSPITAL
2026-09-04 13:34:45,AMB0054,REQ00562,13.074594,80.204904,26.6,135.0,EN_ROUTE_TO_HOSPITAL
2026-09-04 13:34:49,AMB0054,REQ00562,13.077124,80.205777,24.3,135.0,EN_ROUTE_TO_HOSPITAL
2026-09-04 13:34:56,AMB0054,REQ00562,13.07885,80.206961,42.7,135.0,EN_ROUTE_TO_HOSPITAL
2026-09-04 13:35:04,AMB0054,REQ00562,13.080227,80.207445,42.0,135.0,EN_ROUTE_TO_HOSPITAL
2026-09-04 13:35:08,AMB0054,REQ00562,13.081969,80.208544,25.1,135.0,EN_ROUTE_TO_HOSPITAL
2026-09-04 13:35:14,AMB0054,REQ00562,13.083187,80.209248,51.7,135.0,EN_ROUTE_TO_HOSPITAL
2026-09-04 13:35:19,AMB0054,REQ00562,13.085139,80.210301,44.3,135.0,EN_ROUTE_TO_HOSPITAL
2026-08-12 00:25:49,AMB0028,REQ01957,13.081513,80.27454,53.9,135.0,EN_ROUTE_TO_PATIENT
2026-08-12 00:25:57,AMB0028,REQ01957,13.081624,80.262479,29.4,135.0,EN_ROUTE_TO_PATIENT
2026-08-12 00:26:01,AMB0028,REQ01957,13.082837,80.249282,30.9,135.0,EN_ROUTE_TO_PATIENT
2026-08-12 00:26:07,AMB0028,REQ01957,13.08412,80.237173,28.1,135.0,EN_ROUTE_TO_PATIENT
2026-08-12 00:26:12,AMB0028,REQ01957,13.08423,80.224394,34.7,135.0,EN_ROUTE_TO_PATIENT
2026-08-12 00:26:17,AMB0028,REQ01957,13.085174,80.212442,51.8,135.0,EN_ROUTE_TO_PATIENT
2026-08-12 00:26:24,AMB0028,REQ01957,13.086251,80.199617,41.1,135.0,EN_ROUTE_TO_PATIENT
2026-08-12 00:26:32,AMB0028,REQ01957,13.086615,80.187114,37.9,135.0,EN_ROUTE_TO_PATIENT
2026-08-12 00:26:39,AMB0028,REQ01957,13.088211,80.175111,31.1,135.0,EN_ROUTE_TO_PATIENT
2026-08-12 00:26:46,AMB0028,REQ01957,13.088731,80.162299,38.6,135.0,EN_ROUTE_TO_PATIENT
2026-08-12 00:26:53,AMB0028,REQ01957,13.089571,80.15005,27.0,135.0,EN_ROUTE_TO_PATIENT
2026-08-12 00:26:59,AMB0028,REQ01957,13.09052,80.137573,40.8,135.0,EN_ROUTE_TO_PATIENT
2026-08-12 00:27:05,AMB0028,REQ01957,13.090868,80.125118,47.4,135.0,EN_ROUTE_TO_PATIENT
2026-08-12 00:27:11,AMB0028,REQ01957,13.091459,80.112181,34.4,135.0,EN_ROUTE_TO_PATIENT
2026-08-12 00:27:16,AMB0028,REQ01957,13.092925,80.099211,54.1,135.0,EN_ROUTE_TO_PATIENT
2026-08-12 00:27:21,AMB0028,REQ01957,13.093126,80.087162,37.6,135.0,EN_ROUTE_TO_PATIENT
2026-08-12 00:28:56,AMB0028,REQ01957,13.092822,80.087291,28.1,135.0,EN_ROUTE_TO_HOSPITAL
2026-08-12 00:29:03,AMB0028,REQ01957,13.082801,80.097316,30.8,135.0,EN_ROUTE_TO_HOSPITAL
2026-08-12 00:29:10,AMB0028,REQ01957,13.070615,80.105954,25.5,135.0,EN_ROUTE_TO_HOSPITAL
2026-08-12 00:29:14,AMB0028,REQ01957,13.060204,80.115599,53.9,135.0,EN_ROUTE_TO_HOSPITAL
2026-08-12 00:29:21,AMB0028,REQ01957,13.049334,80.124805,31.9,135.0,EN_ROUTE_TO_HOSPITAL
2026-08-12 00:29:28,AMB0028,REQ01957,13.037778,80.135096,27.9,135.0,EN_ROUTE_TO_HOSPITAL
2026-08-12 00:29:36,AMB0028,REQ01957,13.027543,80.143509,42.7,135.0,EN_ROUTE_TO_HOSPITAL
2026-08-12 00:29:42,AMB0028,REQ01957,13.016154,80.153225,32.5,135.0,EN_ROUTE_TO_HOSPITAL
2026-08-12 00:29:50,AMB0028,REQ01957,13.004789,80.163218,39.8,135.0,EN_ROUTE_TO_HOSPITAL
2026-08-12 00:29:54,AMB0028,REQ01957,12.993901,80.172512,46.8,135.0,EN_ROUTE_TO_HOSPITAL
2026-08-12 00:29:58,AMB0028,REQ01957,12.983028,80.181605,51.2,135.0,EN_ROUTE_TO_HOSPITAL
2026-08-12 00:30:05,AMB0028,REQ01957,12.971874,80.191875,40.4,135.0,EN_ROUTE_TO_HOSPITAL
2026-08-12 00:30:12,AMB0028,REQ01957,12.960696,80.201528,53.1,135.0,EN_ROUTE_TO_HOSPITAL
2026-08-12 00:30:19,AMB0028,REQ01957,12.950342,80.210722,50.1,135.0,EN_ROUTE_TO_HOSPITAL
2026-09-07 05:46:54,AMB0060,REQ02385,13.038171,80.248411,35.0,135.0,EN_ROUTE_TO_PATIENT
2026-09-07 05:47:01,AMB0060,REQ02385,13.042317,80.250074,36.0,135.0,EN_ROUTE_TO_PATIENT
2026-09-07 05:47:09,AMB0060,REQ02385,13.047268,80.253565,30.0,135.0,EN_ROUTE_TO_PATIENT
2026-09-07 05:47:16,AMB0060,REQ02385,13.0511,80.25511,43.1,135.0,EN_ROUTE_TO_PATIENT
2026-09-07 05:47:23,AMB0060,REQ02385,13.055911,80.258498,30.0,135.0,EN_ROUTE_TO_PATIENT
2026-09-07 05:47:31,AMB0060,REQ02385,13.059797,80.260615,25.7,135.0,EN_ROUTE_TO_PATIENT
2026-09-07 05:47:35,AMB0060,REQ02385,13.063998,80.263299,50.5,135.0,EN_ROUTE_TO_PATIENT
2026-09-07 05:47:39,AMB0060,REQ02385,13.067889,80.264771,27.5,135.0,EN_ROUTE_TO_PATIENT
2026-09-07 05:47:47,AMB0060,REQ02385,13.073085,80.268255,46.6,135.0,EN_ROUTE_TO_PATIENT
2026-09-07 05:47:54,AMB0060,REQ02385,13.077388,80.269827,50.3,135.0,EN_ROUTE_TO_PATIENT
2026-09-07 05:49:08,AMB0060,REQ02385,13.077339,80.270681,46.5,135.0,EN_ROUTE_TO_HOSPITAL
2026-09-07 05:49:13,AMB0060,REQ02385,13.073154,80.263805,23.7,135.0,EN_ROUTE_TO_HOSPITAL
2026-09-07 05:49:17,AMB0060,REQ02385,13.069824,80.258053,44.1,135.0,EN_ROUTE_TO_HOSPITAL
2026-09-07 05:49:24,AMB0060,REQ02385,13.065858,80.251833,45.0,135.0,EN_ROUTE_TO_HOSPITAL
2026-09-07 05:49:31,AMB0060,REQ02385,13.062616,80.246361,22.9,135.0,EN_ROUTE_TO_HOSPITAL
2026-09-07 05:49:35,AMB0060,REQ02385,13.059243,80.240398,38.4,135.0,EN_ROUTE_TO_HOSPITAL
2026-09-07 05:49:42,AMB0060,REQ02385,13.056188,80.234817,49.5,135.0,EN_ROUTE_TO_HOSPITAL
2026-09-07 05:49:48,AMB0060,REQ02385,13.051882,80.228878,35.7,135.0,EN_ROUTE_TO_HOSPITAL
2026-09-07 05:49:53,AMB0060,REQ02385,13.048098,80.222741,52.2,135.0,EN_ROUTE_TO_HOSPITAL
2026-09-07 05:49:57,AMB0060,REQ02385,13.044595,80.21649,24.5,135.0,EN_ROUTE_TO_HOSPITAL
2026-09-07 05:50:02,AMB0060,REQ02385,13.042061,80.209857,40.6,135.0,EN_ROUTE_TO_HOSPITAL
2026-09-07 05:50:09,AMB0060,REQ02385,13.037743,80.204861,53.6,135.0,EN_ROUTE_TO_HOSPITAL
2026-08-04 09:43:25,AMB0034,REQ00170,13.077414,80.241053,46.3,135.0,EN_ROUTE_TO_PATIENT
2026-08-04 09:43:30,AMB0034,REQ00170,13.074562,80.231214,26.9,135.0,EN_ROUTE_TO_PATIENT
2026-08-04 09:43:37,AMB0034,REQ00170,13.071342,80.222279,50.1,135.0,EN_ROUTE_TO_PATIENT
2026-08-04 09:43:41,AMB0034,REQ00170,13.068386,80.212519,44.2,135.0,EN_ROUTE_TO_PATIENT
2026-08-04 09:43:49,AMB0034,REQ00170,13.064703,80.202337,39.9,135.0,EN_ROUTE_TO_PATIENT
2026-08-04 09:43:56,AMB0034,REQ00170,13.06205,80.193066,36.7,135.0,EN_ROUTE_TO_PATIENT
2026-08-04 09:44:00,AMB0034,REQ00170,13.059626,80.183943,50.0,135.0,EN_ROUTE_TO_PATIENT
2026-08-04 09:44:05,AMB0034,REQ00170,13.056316,80.174679,22.1,135.0,EN_ROUTE_TO_PATIENT
2026-08-04 09:44:12,AMB0034,REQ00170,13.053653,80.165404,38.7,135.0,EN_ROUTE_TO_PATIENT
2026-08-04 09:44:18,AMB0034,REQ00170,13.050403,80.155623,23.8,135.0,EN_ROUTE_TO_PATIENT
2026-08-04 09:44:22,AMB0034,REQ00170,13.046954,80.145922,39.0,135.0,EN_ROUTE_TO_PATIENT
2026-08-04 09:44:28,AMB0034,REQ00170,13.044581,80.136225,35.8,135.0,EN_ROUTE_TO_PATIENT
2026-08-04 09:44:35,AMB0034,REQ00170,13.041033,80.127891,22.7,135.0,EN_ROUTE_TO_PATIENT
2026-08-04 09:44:43,AMB0034,REQ00170,13.038416,80.117403,40.0,135.0,EN_ROUTE_TO_PATIENT
2026-08-04 09:44:51,AMB0034,REQ00170,13.035216,80.108081,38.6,135.0,EN_ROUTE_TO_PATIENT
2026-08-04 09:44:59,AMB0034,REQ00170,13.031761,80.099428,28.8,135.0,EN_ROUTE_TO_PATIENT
2026-08-04 09:46:10,AMB0034,REQ00170,13.031956,80.098833,34.5,135.0,EN_ROUTE_TO_HOSPITAL
2026-08-04 09:46:15,AMB0034,REQ00170,13.032987,80.109891,39.5,135.0,EN_ROUTE_TO_HOSPITAL
2026-08-04 09:46:21,AMB0034,REQ00170,13.035192,80.12033,33.7,135.0,EN_ROUTE_TO_HOSPITAL
2026-08-04 09:46:29,AMB0034,REQ00170,13.036921,80.132137,35.6,135.0,EN_ROUTE_TO_HOSPITAL
2026-08-04 09:46:36,AMB0034,REQ00170,13.03816,80.143099,38.7,135.0,EN_ROUTE_TO_HOSPITAL
2026-08-04 09:46:42,AMB0034,REQ00170,13.039104,80.154138,22.3,135.0,EN_ROUTE_TO_HOSPITAL
2026-08-04 09:46:47,AMB0034,REQ00170,13.041177,80.16473,23.0,135.0,EN_ROUTE_TO_HOSPITAL
2026-08-04 09:46:54,AMB0034,REQ00170,13.042674,80.175817,42.2,135.0,EN_ROUTE_TO_HOSPITAL
2026-08-04 09:47:01,AMB0034,REQ00170,13.044402,80.187011,27.5,135.0,EN_ROUTE_TO_HOSPITAL
2026-08-04 09:47:07,AMB0034,REQ00170,13.045007,80.198293,49.2,135.0,EN_ROUTE_TO_HOSPITAL
2026-08-04 09:47:12,AMB0034,REQ00170,13.046844,80.208775,47.9,135.0,EN_ROUTE_TO_HOSPITAL
2026-08-04 09:47:20,AMB0034,REQ00170,13.048702,80.219853,23.0,135.0,EN_ROUTE_TO_HOSPITAL
2026-08-04 09:47:28,AMB0034,REQ00170,13.049414,80.230519,52.4,135.0,EN_ROUTE_TO_HOSPITAL
2026-08-04 09:47:34,AMB0034,REQ00170,13.051249,80.241454,49.3,135.0,EN_ROUTE_TO_HOSPITAL
2026-08-04 09:47:41,AMB0034,REQ00170,13.052804,80.25281,42.4,135.0,EN_ROUTE_TO_HOSPITAL
2026-08-04 09:47:46,AMB0034,REQ00170,13.054589,80.26344,40.8,135.0,EN_ROUTE_TO_HOSPITAL
2026-08-01 11:40:03,AMB0004,REQ01807,13.161433,80.301574,37.2,135.0,EN_ROUTE_TO_PATIENT
2026-08-01 11:40:09,AMB0004,REQ01807,13.160498,80.29535,44.3,135.0,EN_ROUTE_TO_PATIENT
2026-08-01 11:40:14,AMB0004,REQ01807,13.160731,80.287987,35.2,135.0,EN_ROUTE_TO_PATIENT
2026-08-01 11:40:21,AMB0004,REQ01807,13.160349,80.281947,52.0,135.0,EN_ROUTE_TO_PATIENT
2026-08-01 11:40:26,AMB0004,REQ01807,13.159586,80.275018,27.1,135.0,EN_ROUTE_TO_PATIENT
2026-08-01 11:40:32,AMB0004,REQ01807,13.16002,80.268038,47.9,135.0,EN_ROUTE_TO_PATIENT
2026-08-01 11:40:39,AMB0004,REQ01807,13.158475,80.262347,28.5,135.0,EN_ROUTE_TO_PATIENT
2026-08-01 11:40:46,AMB0004,REQ01807,13.159203,80.255244,23.5,135.0,EN_ROUTE_TO_PATIENT
2026-08-01 11:40:54,AMB0004,REQ01807,13.157859,80.24863,43.9,135.0,EN_ROUTE_TO_PATIENT
2026-08-01 11:41:01,AMB0004,REQ01807,13.158585,80.242406,26.7,135.0,EN_ROUTE_TO_PATIENT
2026-08-01 11:41:07,AMB0004,REQ01807,13.157992,80.23587,45.8,135.0,EN_ROUTE_TO_PATIENT
2026-08-01 11:41:11,AMB0004,REQ01807,13.157537,80.228988,47.4,135.0,EN_ROUTE_TO_PATIENT
2026-08-01 11:41:15,AMB0004,REQ01807,13.156953,80.221841,38.6,135.0,EN_ROUTE_TO_PATIENT
2026-08-01 11:41:20,AMB0004,REQ01807,13.156301,80.215711,30.2,135.0,EN_ROUTE_TO_PATIENT
2026-08-01 11:42:30,AMB0004,REQ01807,13.156332,80.216223,33.1,135.0,EN_ROUTE_TO_HOSPITAL
2026-08-01 11:42:35,AMB0004,REQ01807,13.145268,80.214911,32.3,135.0,EN_ROUTE_TO_HOSPITAL
2026-08-01 11:42:40,AMB0004,REQ01807,13.134915,80.214063,21.6,135.0,EN_ROUTE_TO_HOSPITAL
2026-08-01 11:42:47,AMB0004,REQ01807,13.123722,80.213126,35.7,135.0,EN_ROUTE_TO_HOSPITAL
2026-08-01 11:42:52,AMB0004,REQ01807,13.113002,80.21126,48.8,135.0,EN_ROUTE_TO_HOSPITAL
2026-08-01 11:42:56,AMB0004,REQ01807,13.102712,80.210685,38.0,135.0,EN_ROUTE_TO_HOSPITAL
2026-08-01 11:43:00,AMB0004,REQ01807,13.092445,80.209775,33.2,135.0,EN_ROUTE_TO_HOSPITAL
2026-08-01 11:43:05,AMB0004,REQ01807,13.081246,80.209059,30.2,135.0,EN_ROUTE_TO_HOSPITAL
2026-08-01 11:43:12,AMB0004,REQ01807,13.07034,80.207344,48.6,135.0,EN_ROUTE_TO_HOSPITAL
2026-08-01 11:43:20,AMB0004,REQ01807,13.059599,80.206465,29.3,135.0,EN_ROUTE_TO_HOSPITAL
2026-08-01 11:43:25,AMB0004,REQ01807,13.048908,80.205764,39.9,135.0,EN_ROUTE_TO_HOSPITAL
2026-08-01 11:43:32,AMB0004,REQ01807,13.038345,80.204036,30.2,135.0,EN_ROUTE_TO_HOSPITAL
2026-09-06 11:24:33,AMB0029,REQ01488,13.083076,80.277398,39.0,135.0,EN_ROUTE_TO_PATIENT
2026-09-06 11:24:38,AMB0029,REQ01488,13.08088,80.276144,23.1,135.0,EN_ROUTE_TO_PATIENT
2026-09-06 11:24:42,AMB0029,REQ01488,13.078866,80.274277,48.6,135.0,EN_ROUTE_TO_PATIENT
2026-09-06 11:24:49,AMB0029,REQ01488,13.077208,80.27293,34.7,135.0,EN_ROUTE_TO_PATIENT
2026-09-06 11:24:53,AMB0029,REQ01488,13.074414,80.271189,25.0,135.0,EN_ROUTE_TO_PATIENT
2026-09-06 11:24:58,AMB0029,REQ01488,13.072622,80.269614,44.3,135.0,EN_ROUTE_TO_PATIENT
2026-09-06 11:25:06,AMB0029,REQ01488,13.069333,80.267676,34.4,135.0,EN_ROUTE_TO_PATIENT
2026-09-06 11:25:14,AMB0029,REQ01488,13.067334,80.266686,28.8,135.0,EN_ROUTE_TO_PATIENT
2026-09-06 11:25:19,AMB0029,REQ01488,13.064865,80.264678,27.0,135.0,EN_ROUTE_TO_PATIENT
2026-09-06 11:25:24,AMB0029,REQ01488,13.063493,80.263225,46.6,135.0,EN_ROUTE_TO_PATIENT
2026-09-06 11:25:31,AMB0029,REQ01488,13.061324,80.262234,46.0,135.0,EN_ROUTE_TO_PATIENT
2026-09-06 11:25:37,AMB0029,REQ01488,13.058671,80.260388,49.2,135.0,EN_ROUTE_TO_PATIENT
2026-09-06 11:26:55,AMB0029,REQ01488,13.057991,80.260837,30.9,135.0,EN_ROUTE_TO_HOSPITAL
2026-09-06 11:27:03,AMB0029,REQ01488,13.061378,80.255233,25.3,135.0,EN_ROUTE_TO_HOSPITAL
2026-09-06 11:27:08,AMB0029,REQ01488,13.064559,80.24988,42.1,135.0,EN_ROUTE_TO_HOSPITAL
2026-09-06 11:27:14,AMB0029,REQ01488,13.067137,80.243836,29.0,135.0,EN_ROUTE_TO_HOSPITAL
2026-09-06 11:27:18,AMB0029,REQ01488,13.070844,80.238782,34.5,135.0,EN_ROUTE_TO_HOSPITAL
2026-09-06 11:27:22,AMB0029,REQ01488,13.07342,80.232497,29.7,135.0,EN_ROUTE_TO_HOSPITAL
2026-09-06 11:27:30,AMB0029,REQ01488,13.076023,80.226597,51.6,135.0,EN_ROUTE_TO_HOSPITAL
2026-09-06 11:27:34,AMB0029,REQ01488,13.079628,80.220931,21.0,135.0,EN_ROUTE_TO_HOSPITAL
2026-09-06 11:27:39,AMB0029,REQ01488,13.081666,80.215712,45.5,135.0,EN_ROUTE_TO_HOSPITAL
2026-09-06 11:27:46,AMB0029,REQ01488,13.084883,80.210039,37.7,135.0,EN_ROUTE_TO_HOSPITAL
2026-08-18 23:00:24,AMB0066,REQ02882,13.056897,80.264583,44.6,135.0,EN_ROUTE_TO_PATIENT
2026-08-18 23:00:28,AMB0066,REQ02882,13.05307,80.262218,40.6,135.0,EN_ROUTE_TO_PATIENT
2026-08-18 23:00:33,AMB0066,REQ02882,13.048748,80.259712,42.9,135.0,EN_ROUTE_TO_PATIENT
2026-08-18 23:00:39,AMB0066,REQ02882,13.044426,80.258727,37.6,135.0,EN_ROUTE_TO_PATIENT
2026-08-18 23:00:44,AMB0066,REQ02882,13.040258,80.256007,34.5,135.0,EN_ROUTE_TO_PATIENT
2026-08-18 23:00:50,AMB0066,REQ02882,13.036699,80.254905,40.2,135.0,EN_ROUTE_TO_PATIENT
2026-08-18 23:00:56,AMB0066,REQ02882,13.031912,80.252311,33.0,135.0,EN_ROUTE_TO_PATIENT
2026-08-18 23:01:02,AMB0066,REQ02882,13.027949,80.250753,51.2,135.0,EN_ROUTE_TO_PATIENT
2026-08-18 23:01:06,AMB0066,REQ02882,13.023785,80.24878,22.8,135.0,EN_ROUTE_TO_PATIENT
2026-08-18 23:01:13,AMB0066,REQ02882,13.019611,80.247143,25.8,135.0,EN_ROUTE_TO_PATIENT
2026-08-18 23:01:21,AMB0066,REQ02882,13.015918,80.244931,49.1,135.0,EN_ROUTE_TO_PATIENT
2026-08-18 23:02:47,AMB0066,REQ02882,13.015001,80.244397,40.1,135.0,EN_ROUTE_TO_HOSPITAL
2026-08-18 23:02:55,AMB0066,REQ02882,13.010526,80.241163,44.9,135.0,EN_ROUTE_TO_HOSPITAL
2026-08-18 23:03:02,AMB0066,REQ02882,13.006744,80.239137,29.2,135.0,EN_ROUTE_TO_HOSPITAL
2026-08-18 23:03:08,AMB0066,REQ02882,13.001806,80.236155,44.3,135.0,EN_ROUTE_TO_HOSPITAL
2026-08-18 23:03:15,AMB0066,REQ02882,12.997121,80.232763,27.4,135.0,EN_ROUTE_TO_HOSPITAL
2026-08-18 23:03:22,AMB0066,REQ02882,12.992905,80.229389,29.3,135.0,EN_ROUTE_TO_HOSPITAL
2026-08-18 23:03:28,AMB0066,REQ02882,12.988312,80.227048,41.0,135.0,EN_ROUTE_TO_HOSPITAL
2026-08-18 23:03:36,AMB0066,REQ02882,12.984546,80.223508,34.1,135.0,EN_ROUTE_TO_HOSPITAL
2026-08-18 23:03:40,AMB0066,REQ02882,12.980451,80.221032,24.1,135.0,EN_ROUTE_TO_HOSPITAL
2026-08-17 20:34:58,AMB0019,REQ01729,13.110306,80.29606,48.5,135.0,EN_ROUTE_TO_PATIENT
2026-08-17 20:35:05,AMB0019,REQ01729,13.095786,80.289091,41.6,135.0,EN_ROUTE_TO_PATIENT
2026-08-17 20:35:10,AMB0019,REQ01729,13.080751,80.283536,45.5,135.0,EN_ROUTE_TO_PATIENT
2026-08-17 20:35:15,AMB0019,REQ01729,13.065186,80.276567,52.8,135.0,EN_ROUTE_TO_PATIENT
2026-08-17 20:35:21,AMB0019,REQ01729,13.051149,80.269687,40.2,135.0,EN_ROUTE_TO_PATIENT
2026-08-17 20:35:29,AMB0019,REQ01729,13.036029,80.263632,43.7,135.0,EN_ROUTE_TO_PATIENT
2026-08-17 20:35:36,AMB0019,REQ01729,13.02197,80.256416,20.1,135.0,EN_ROUTE_TO_PATIENT
2026-08-17 20:35:40,AMB0019,REQ01729,13.006115,80.251079,20.2,135.0,EN_ROUTE_TO_PATIENT
2026-08-17 20:35:46,AMB0019,REQ01729,12.991935,80.244186,43.3,135.0,EN_ROUTE_TO_PATIENT
2026-08-17 20:35:54,AMB0019,REQ01729,12.976647,80.237571,27.1,135.0,EN_ROUTE_TO_PATIENT
2026-08-17 20:37:14,AMB0019,REQ01729,12.97655,80.237784,30.6,135.0,EN_ROUTE_TO_HOSPITAL
2026-08-17 20:37:18,AMB0019,REQ01729,12.986983,80.241341,42.5,135.0,EN_ROUTE_TO_HOSPITAL
2026-08-17 20:37:22,AMB0019,REQ01729,12.997437,80.245972,36.0,135.0,EN_ROUTE_TO_HOSPITAL
2026-08-17 20:37:28,AMB0019,REQ01729,13.008718,80.249051,25.6,135.0,EN_ROUTE_TO_HOSPITAL
2026-08-17 20:37:33,AMB0019,REQ01729,13.018719,80.253482,45.9,135.0,EN_ROUTE_TO_HOSPITAL
2026-08-17 20:37:39,AMB0019,REQ01729,13.029353,80.257271,36.9,135.0,EN_ROUTE_TO_HOSPITAL
2026-08-17 20:37:43,AMB0019,REQ01729,13.038969,80.261636,40.3,135.0,EN_ROUTE_TO_HOSPITAL
2026-08-17 20:37:50,AMB0019,REQ01729,13.049503,80.265478,31.2,135.0,EN_ROUTE_TO_HOSPITAL
2026-08-17 20:37:58,AMB0019,REQ01729,13.060256,80.269232,24.8,135.0,EN_ROUTE_TO_HOSPITAL
2026-08-17 20:38:06,AMB0019,REQ01729,13.070813,80.273752,50.8,135.0,EN_ROUTE_TO_HOSPITAL
2026-08-17 20:38:10,AMB0019,REQ01729,13.081179,80.277382,34.1,135.0,EN_ROUTE_TO_HOSPITAL
2026-09-06 05:35:53,AMB0036,REQ02329,13.077433,80.240921,33.9,135.0,EN_ROUTE_TO_PATIENT
2026-09-06 05:35:58,AMB0036,REQ02329,13.071854,80.234282,46.7,135.0,EN_ROUTE_TO_PATIENT
2026-09-06 05:36:02,AMB0036,REQ02329,13.064653,80.228536,24.0,135.0,EN_ROUTE_TO_PATIENT
2026-09-06 05:36:07,AMB0036,REQ02329,13.058201,80.221879,27.6,135.0,EN_ROUTE_TO_PATIENT
2026-09-06 05:36:14,AMB0036,REQ02329,13.053051,80.21664,53.1,135.0,EN_ROUTE_TO_PATIENT
2026-09-06 05:36:22,AMB0036,REQ02329,13.046168,80.210239,25.3,135.0,EN_ROUTE_TO_PATIENT
2026-09-06 05:36:26,AMB0036,REQ02329,13.04058,80.203602,29.3,135.0,EN_ROUTE_TO_PATIENT
2026-09-06 05:36:34,AMB0036,REQ02329,13.033278,80.197605,21.7,135.0,EN_ROUTE_TO_PATIENT
2026-09-06 05:36:39,AMB0036,REQ02329,13.027733,80.191034,46.6,135.0,EN_ROUTE_TO_PATIENT
2026-09-06 05:36:47,AMB0036,REQ02329,13.021166,80.185052,37.9,135.0,EN_ROUTE_TO_PATIENT
2026-09-06 05:38:10,AMB0036,REQ02329,13.021548,80.184625,37.9,135.0,EN_ROUTE_TO_HOSPITAL
2026-09-06 05:38:16,AMB0036,REQ02329,13.013128,80.179453,35.9,135.0,EN_ROUTE_TO_HOSPITAL
2026-09-06 05:38:22,AMB0036,REQ02329,13.006047,80.173347,24.3,135.0,EN_ROUTE_TO_HOSPITAL
2026-09-06 05:38:27,AMB0036,REQ02329,12.998031,80.167774,49.4,135.0,EN_ROUTE_TO_HOSPITAL
2026-09-06 05:38:31,AMB0036,REQ02329,12.989513,80.16249,29.8,135.0,EN_ROUTE_TO_HOSPITAL
2026-09-06 05:38:39,AMB0036,REQ02329,12.98247,80.157197,29.1,135.0,EN_ROUTE_TO_HOSPITAL
2026-09-06 05:38:47,AMB0036,REQ02329,12.974216,80.151341,53.4,135.0,EN_ROUTE_TO_HOSPITAL
2026-09-06 05:38:55,AMB0036,REQ02329,12.966627,80.145024,28.2,135.0,EN_ROUTE_TO_HOSPITAL
2026-09-06 05:39:01,AMB0036,REQ02329,12.958689,80.139728,46.1,135.0,EN_ROUTE_TO_HOSPITAL
2026-09-06 05:39:05,AMB0036,REQ02329,12.950757,80.134737,22.8,135.0,EN_ROUTE_TO_HOSPITAL
2026-09-06 05:39:13,AMB0036,REQ02329,12.94277,80.128361,42.9,135.0,EN_ROUTE_TO_HOSPITAL
2026-08-01 21:08:50,AMB0035,REQ01290,13.07678,80.244529,49.1,135.0,EN_ROUTE_TO_PATIENT
2026-08-01 21:08:57,AMB0035,REQ01290,13.068994,80.23627,28.2,135.0,EN_ROUTE_TO_PATIENT
2026-08-01 21:09:04,AMB0035,REQ01290,13.059908,80.226978,35.8,135.0,EN_ROUTE_TO_PATIENT
2026-08-01 21:09:09,AMB0035,REQ01290,13.05226,80.218181,40.6,135.0,EN_ROUTE_TO_PATIENT
2026-08-01 21:09:17,AMB0035,REQ01290,13.043167,80.210261,41.8,135.0,EN_ROUTE_TO_PATIENT
2026-08-01 21:09:25,AMB0035,REQ01290,13.035235,80.200936,28.6,135.0,EN_ROUTE_TO_PATIENT
2026-08-01 21:09:30,AMB0035,REQ01290,13.026054,80.192151,38.2,135.0,EN_ROUTE_TO_PATIENT
2026-08-01 21:09:37,AMB0035,REQ01290,13.018417,80.18402,30.4,135.0,EN_ROUTE_TO_PATIENT
2026-08-01 21:09:44,AMB0035,REQ01290,13.009143,80.175844,29.5,135.0,EN_ROUTE_TO_PATIENT
2026-08-01 21:10:43,AMB0035,REQ01290,13.010105,80.175613,34.8,135.0,EN_ROUTE_TO_HOSPITAL
2026-08-01 21:10:47,AMB0035,REQ01290,13.006017,80.180218,31.8,135.0,EN_ROUTE_TO_HOSPITAL
2026-08-01 21:10:54,AMB0035,REQ01290,13.002668,80.185013,37.7,135.0,EN_ROUTE_TO_HOSPITAL
2026-08-01 21:10:59,AMB0035,REQ01290,12.999172,80.190031,47.2,135.0,EN_ROUTE_TO_HOSPITAL
2026-08-01 21:11:04,AMB0035,REQ01290,12.996521,80.194758,38.4,135.0,EN_ROUTE_TO_HOSPITAL
2026-08-01 21:11:09,AMB0035,REQ01290,12.99321,80.199216,27.7,135.0,EN_ROUTE_TO_HOSPITAL
2026-08-01 21:11:16,AMB0035,REQ01290,12.98991,80.203145,36.5,135.0,EN_ROUTE_TO_HOSPITAL
2026-08-01 21:11:21,AMB0035,REQ01290,12.986506,80.207989,35.1,135.0,EN_ROUTE_TO_HOSPITAL
2026-08-01 21:11:27,AMB0035,REQ01290,12.983006,80.213125,46.3,135.0,EN_ROUTE_TO_HOSPITAL
2026-08-01 21:11:32,AMB0035,REQ01290,12.9795,80.217783,27.4,135.0,EN_ROUTE_TO_HOSPITAL
2026-08-01 21:11:38,AMB0035,REQ01290,12.975959,80.222723,33.8,135.0,EN_ROUTE_TO_HOSPITAL
2026-08-01 21:11:42,AMB0035,REQ01290,12.973184,80.226744,36.6,135.0,EN_ROUTE_TO_HOSPITAL
2026-08-01 21:11:48,AMB0035,REQ01290,12.96969,80.231733,48.9,135.0,EN_ROUTE_TO_HOSPITAL
2026-08-01 21:11:54,AMB0035,REQ01290,12.966711,80.236347,36.6,135.0,EN_ROUTE_TO_HOSPITAL
2026-08-01 21:12:02,AMB0035,REQ01290,12.962471,80.241947,31.2,135.0,EN_ROUTE_TO_HOSPITAL
2026-08-01 21:12:09,AMB0035,REQ01290,12.960005,80.246683,42.7,135.0,EN_ROUTE_TO_HOSPITAL
2026-08-23 05:42:01,AMB0012,REQ00132,13.160681,80.200654,43.6,135.0,EN_ROUTE_TO_PATIENT
2026-08-23 05:42:05,AMB0012,REQ00132,13.15451,80.199188,41.7,135.0,EN_ROUTE_TO_PATIENT
2026-08-23 05:42:09,AMB0012,REQ00132,13.147598,80.197885,54.9,135.0,EN_ROUTE_TO_PATIENT
2026-08-23 05:42:14,AMB0012,REQ00132,13.141533,80.196084,29.7,135.0,EN_ROUTE_TO_PATIENT
2026-08-23 05:42:21,AMB0012,REQ00132,13.134219,80.19374,24.4,135.0,EN_ROUTE_TO_PATIENT
2026-08-23 05:42:27,AMB0012,REQ00132,13.128847,80.192071,46.1,135.0,EN_ROUTE_TO_PATIENT
2026-08-23 05:42:31,AMB0012,REQ00132,13.121888,80.190712,34.9,135.0,EN_ROUTE_TO_PATIENT
2026-08-23 05:42:38,AMB0012,REQ00132,13.115045,80.188756,29.5,135.0,EN_ROUTE_TO_PATIENT
2026-08-23 05:42:45,AMB0012,REQ00132,13.108626,80.187312,29.6,135.0,EN_ROUTE_TO_PATIENT
2026-08-23 05:42:53,AMB0012,REQ00132,13.103006,80.185458,41.7,135.0,EN_ROUTE_TO_PATIENT
2026-08-23 05:43:01,AMB0012,REQ00132,13.095446,80.183496,28.1,135.0,EN_ROUTE_TO_PATIENT
2026-08-23 05:43:08,AMB0012,REQ00132,13.090012,80.181852,21.5,135.0,EN_ROUTE_TO_PATIENT
2026-08-23 05:43:14,AMB0012,REQ00132,13.082424,80.180316,50.8,135.0,EN_ROUTE_TO_PATIENT
2026-08-23 05:43:19,AMB0012,REQ00132,13.076673,80.178893,48.1,135.0,EN_ROUTE_TO_PATIENT
2026-08-23 05:43:23,AMB0012,REQ00132,13.069973,80.176531,38.0,135.0,EN_ROUTE_TO_PATIENT
2026-08-23 05:44:50,AMB0012,REQ00132,13.069854,80.176871,23.7,135.0,EN_ROUTE_TO_HOSPITAL
2026-08-23 05:44:54,AMB0012,REQ00132,13.068917,80.179969,30.4,135.0,EN_ROUTE_TO_HOSPITAL
2026-08-23 05:45:00,AMB0012,REQ00132,13.066255,80.182685,21.1,135.0,EN_ROUTE_TO_HOSPITAL
2026-08-23 05:45:07,AMB0012,REQ00132,13.064988,80.18598,23.7,135.0,EN_ROUTE_TO_HOSPITAL
2026-08-23 05:45:15,AMB0012,REQ00132,13.063637,80.189107,35.3,135.0,EN_ROUTE_TO_HOSPITAL
2026-08-23 05:45:23,AMB0012,REQ00132,13.061693,80.192137,34.9,135.0,EN_ROUTE_TO_HOSPITAL
2026-08-23 05:45:29,AMB0012,REQ00132,13.059905,80.19551,43.1,135.0,EN_ROUTE_TO_HOSPITAL
2026-08-23 05:45:35,AMB0012,REQ00132,13.05824,80.198236,20.8,135.0,EN_ROUTE_TO_HOSPITAL
2026-08-23 05:45:39,AMB0012,REQ00132,13.056967,80.201397,45.7,135.0,EN_ROUTE_TO_HOSPITAL
2026-08-23 05:45:47,AMB0012,REQ00132,13.055949,80.204933,39.6,135.0,EN_ROUTE_TO_HOSPITAL
2026-08-23 05:45:53,AMB0012,REQ00132,13.054399,80.207835,36.5,135.0,EN_ROUTE_TO_HOSPITAL
2026-08-23 05:46:01,AMB0012,REQ00132,13.052739,80.210882,47.8,135.0,EN_ROUTE_TO_HOSPITAL
2026-09-04 08:21:23,AMB0078,REQ02024,13.03803,80.158946,39.9,135.0,EN_ROUTE_TO_PATIENT
2026-09-04 08:21:29,AMB0078,REQ02024,13.043013,80.168653,31.9,135.0,EN_ROUTE_TO_PATIENT
2026-09-04 08:21:35,AMB0078,REQ02024,13.04694,80.179873,28.8,135.0,EN_ROUTE_TO_PATIENT
2026-09-04 08:21:42,AMB0078,REQ02024,13.052312,80.190617,24.8,135.0,EN_ROUTE_TO_PATIENT
2026-09-04 08:21:47,AMB0078,REQ02024,13.056097,80.201112,49.1,135.0,EN_ROUTE_TO_PATIENT
2026-09-04 08:21:54,AMB0078,REQ02024,13.060748,80.210726,40.0,135.0,EN_ROUTE_TO_PATIENT
2026-09-04 08:22:00,AMB0078,REQ02024,13.065814,80.222117,44.2,135.0,EN_ROUTE_TO_PATIENT
2026-09-04 08:22:04,AMB0078,REQ02024,13.069862,80.232467,23.6,135.0,EN_ROUTE_TO_PATIENT
2026-09-04 08:22:12,AMB0078,REQ02024,13.075358,80.242786,42.6,135.0,EN_ROUTE_TO_PATIENT
2026-09-04 08:22:18,AMB0078,REQ02024,13.079417,80.253464,26.6,135.0,EN_ROUTE_TO_PATIENT
2026-09-04 08:22:24,AMB0078,REQ02024,13.084361,80.263209,45.2,135.0,EN_ROUTE_TO_PATIENT
2026-09-04 08:23:24,AMB0078,REQ02024,13.083665,80.264036,22.7,135.0,EN_ROUTE_TO_HOSPITAL
2026-09-04 08:23:28,AMB0078,REQ02024,13.074315,80.25392,52.8,135.0,EN_ROUTE_TO_HOSPITAL
2026-09-04 08:23:36,AMB0078,REQ02024,13.063933,80.244877,54.2,135.0,EN_ROUTE_TO_HOSPITAL
2026-09-04 08:23:41,AMB0078,REQ02024,13.053424,80.235356,37.5,135.0,EN_ROUTE_TO_HOSPITAL
2026-09-04 08:23:46,AMB0078,REQ02024,13.044402,80.226599,21.9,135.0,EN_ROUTE_TO_HOSPITAL
2026-09-04 08:23:51,AMB0078,REQ02024,13.034587,80.217195,40.0,135.0,EN_ROUTE_TO_HOSPITAL
2026-09-04 08:23:57,AMB0078,REQ02024,13.023636,80.207326,51.3,135.0,EN_ROUTE_TO_HOSPITAL
2026-09-04 08:24:03,AMB0078,REQ02024,13.014504,80.198031,35.2,135.0,EN_ROUTE_TO_HOSPITAL
2026-09-04 08:24:10,AMB0078,REQ02024,13.004336,80.188038,26.0,135.0,EN_ROUTE_TO_HOSPITAL
2026-09-04 08:24:14,AMB0078,REQ02024,12.994744,80.179026,29.3,135.0,EN_ROUTE_TO_HOSPITAL
2026-09-04 08:24:20,AMB0078,REQ02024,12.984206,80.16943,30.8,135.0,EN_ROUTE_TO_HOSPITAL
2026-09-04 08:24:25,AMB0078,REQ02024,12.974471,80.160048,52.5,135.0,EN_ROUTE_TO_HOSPITAL
2026-09-04 08:24:31,AMB0078,REQ02024,12.964898,80.150474,23.5,135.0,EN_ROUTE_TO_HOSPITAL
2026-09-04 08:24:38,AMB0078,REQ02024,12.95477,80.141606,32.7,135.0,EN_ROUTE_TO_HOSPITAL
2026-09-04 08:24:45,AMB0078,REQ02024,12.944332,80.131943,25.6,135.0,EN_ROUTE_TO_HOSPITAL
2026-09-04 08:24:49,AMB0078,REQ02024,12.934302,80.1221,39.5,135.0,EN_ROUTE_TO_HOSPITAL
2026-09-04 08:24:56,AMB0078,REQ02024,12.924129,80.11341,22.3,135.0,EN_ROUTE_TO_HOSPITAL
2026-08-19 04:50:40,AMB0012,REQ02903,13.161164,80.20054,26.4,135.0,EN_ROUTE_TO_PATIENT
2026-08-19 04:50:47,AMB0012,REQ02903,13.154431,80.193092,50.1,135.0,EN_ROUTE_TO_PATIENT
2026-08-19 04:50:55,AMB0012,REQ02903,13.147342,80.185258,54.6,135.0,EN_ROUTE_TO_PATIENT
2026-08-19 04:51:00,AMB0012,REQ02903,13.140485,80.178186,27.9,135.0,EN_ROUTE_TO_PATIENT
2026-08-19 04:51:06,AMB0012,REQ02903,13.133061,80.170252,43.3,135.0,EN_ROUTE_TO_PATIENT
2026-08-19 04:51:11,AMB0012,REQ02903,13.126214,80.163173,34.2,135.0,EN_ROUTE_TO_PATIENT
2026-08-19 04:51:15,AMB0012,REQ02903,13.11935,80.155771,29.3,135.0,EN_ROUTE_TO_PATIENT
2026-08-19 04:51:20,AMB0012,REQ02903,13.11268,80.147919,48.8,135.0,EN_ROUTE_TO_PATIENT
2026-08-19 04:51:28,AMB0012,REQ02903,13.105755,80.140439,46.1,135.0,EN_ROUTE_TO_PATIENT
2026-08-19 04:51:34,AMB0012,REQ02903,13.09967,80.133408,27.6,135.0,EN_ROUTE_TO_PATIENT
2026-08-19 04:51:41,AMB0012,REQ02903,13.092034,80.125775,37.9,135.0,EN_ROUTE_TO_PATIENT
2026-08-19 04:51:46,AMB0012,REQ02903,13.08581,80.118346,30.2,135.0,EN_ROUTE_TO_PATIENT
2026-08-19 04:51:54,AMB0012,REQ02903,13.078774,80.110201,45.9,135.0,EN_ROUTE_TO_PATIENT
2026-08-19 04:51:58,AMB0012,REQ02903,13.072461,80.103121,41.1,135.0,EN_ROUTE_TO_PATIENT
2026-08-19 04:52:04,AMB0012,REQ02903,13.065254,80.095196,41.9,135.0,EN_ROUTE_TO_PATIENT
2026-08-19 04:52:48,AMB0012,REQ02903,13.064724,80.095908,50.1,135.0,EN_ROUTE_TO_HOSPITAL
2026-08-19 04:52:56,AMB0012,REQ02903,13.053673,80.096982,31.3,135.0,EN_ROUTE_TO_HOSPITAL
2026-08-19 04:53:02,AMB0012,REQ02903,13.041212,80.098816,54.3,135.0,EN_ROUTE_TO_HOSPITAL
2026-08-19 04:53:06,AMB0012,REQ02903,13.029441,80.100453,28.5,135.0,EN_ROUTE_TO_HOSPITAL
2026-08-19 04:53:14,AMB0012,REQ02903,13.018265,80.100747,54.6,135.0,EN_ROUTE_TO_HOSPITAL
2026-08-19 04:53:22,AMB0012,REQ02903,13.006552,80.102532,41.3,135.0,EN_ROUTE_TO_HOSPITAL
2026-08-19 04:53:27,AMB0012,REQ02903,12.995066,80.104675,55.0,135.0,EN_ROUTE_TO_HOSPITAL
2026-08-19 04:53:31,AMB0012,REQ02903,12.983244,80.105521,40.6,135.0,EN_ROUTE_TO_HOSPITAL
2026-08-19 04:53:36,AMB0012,REQ02903,12.97134,80.107133,34.0,135.0,EN_ROUTE_TO_HOSPITAL
2026-08-19 04:53:42,AMB0012,REQ02903,12.959316,80.108425,41.6,135.0,EN_ROUTE_TO_HOSPITAL
2026-08-19 04:53:50,AMB0012,REQ02903,12.947973,80.109951,53.1,135.0,EN_ROUTE_TO_HOSPITAL
2026-08-19 04:53:55,AMB0012,REQ02903,12.936358,80.111347,39.4,135.0,EN_ROUTE_TO_HOSPITAL
2026-08-19 04:54:03,AMB0012,REQ02903,12.924801,80.113307,48.8,135.0,EN_ROUTE_TO_HOSPITAL
2026-08-26 02:02:14,AMB0068,REQ00589,13.034943,80.268133,46.8,135.0,EN_ROUTE_TO_PATIENT
2026-08-26 02:02:18,AMB0068,REQ00589,13.048343,80.268604,54.5,135.0,EN_ROUTE_TO_PATIENT
2026-08-26 02:02:25,AMB0068,REQ00589,13.061574,80.270313,47.2,135.0,EN_ROUTE_TO_PATIENT
2026-08-26 02:02:32,AMB0068,REQ00589,13.07448,80.27039,52.2,135.0,EN_ROUTE_TO_PATIENT
2026-08-26 02:02:40,AMB0068,REQ00589,13.087895,80.271998,33.3,135.0,EN_ROUTE_TO_PATIENT
2026-08-26 02:02:45,AMB0068,REQ00589,13.100538,80.27222,41.8,135.0,EN_ROUTE_TO_PATIENT
2026-08-26 02:02:49,AMB0068,REQ00589,13.114082,80.273691,21.0,135.0,EN_ROUTE_TO_PATIENT
2026-08-26 02:02:57,AMB0068,REQ00589,13.12704,80.275096,47.1,135.0,EN_ROUTE_TO_PATIENT
2026-08-26 02:03:05,AMB0068,REQ00589,13.141012,80.275095,44.2,135.0,EN_ROUTE_TO_PATIENT
2026-08-26 02:03:13,AMB0068,REQ00589,13.153236,80.276721,26.9,135.0,EN_ROUTE_TO_PATIENT
2026-08-26 02:04:45,AMB0068,REQ00589,13.153352,80.276166,35.9,135.0,EN_ROUTE_TO_HOSPITAL
2026-08-26 02:04:50,AMB0068,REQ00589,13.149019,80.275684,39.9,135.0,EN_ROUTE_TO_HOSPITAL
2026-08-26 02:04:55,AMB0068,REQ00589,13.142528,80.274821,36.0,135.0,EN_ROUTE_TO_HOSPITAL
2026-08-26 02:05:02,AMB0068,REQ00589,13.137473,80.273719,36.8,135.0,EN_ROUTE_TO_HOSPITAL
2026-08-26 02:05:06,AMB0068,REQ00589,13.132214,80.272916,26.7,135.0,EN_ROUTE_TO_HOSPITAL
2026-08-26 02:05:12,AMB0068,REQ00589,13.126886,80.271895,46.9,135.0,EN_ROUTE_TO_HOSPITAL
2026-08-26 02:05:16,AMB0068,REQ00589,13.122,80.269963,54.4,135.0,EN_ROUTE_TO_HOSPITAL
2026-08-26 02:05:23,AMB0068,REQ00589,13.116729,80.269433,28.9,135.0,EN_ROUTE_TO_HOSPITAL
2026-08-26 02:05:29,AMB0068,REQ00589,13.111501,80.267671,24.8,135.0,EN_ROUTE_TO_HOSPITAL
2026-08-26 02:05:35,AMB0068,REQ00589,13.105619,80.266797,26.6,135.0,EN_ROUTE_TO_HOSPITAL
2026-08-26 02:05:40,AMB0068,REQ00589,13.099767,80.265995,50.4,135.0,EN_ROUTE_TO_HOSPITAL
2026-08-26 02:05:45,AMB0068,REQ00589,13.095283,80.265076,40.4,135.0,EN_ROUTE_TO_HOSPITAL
2026-08-26 02:05:49,AMB0068,REQ00589,13.089874,80.263794,52.3,135.0,EN_ROUTE_TO_HOSPITAL
2026-08-26 02:05:53,AMB0068,REQ00589,13.083977,80.262273,52.5,135.0,EN_ROUTE_TO_HOSPITAL
2026-08-26 02:05:58,AMB0068,REQ00589,13.078854,80.261679,34.6,135.0,EN_ROUTE_TO_HOSPITAL
2026-08-26 02:06:04,AMB0068,REQ00589,13.074045,80.261297,47.1,135.0,EN_ROUTE_TO_HOSPITAL
2026-08-14 14:38:31,AMB0086,REQ01310,13.003815,80.22144,47.8,135.0,EN_ROUTE_TO_PATIENT
2026-08-14 14:38:35,AMB0086,REQ01310,13.012236,80.219129,35.5,135.0,EN_ROUTE_TO_PATIENT
2026-08-14 14:38:43,AMB0086,REQ01310,13.021633,80.216238,52.4,135.0,EN_ROUTE_TO_PATIENT
2026-08-14 14:38:50,AMB0086,REQ01310,13.031696,80.212787,53.9,135.0,EN_ROUTE_TO_PATIENT
2026-08-14 14:38:56,AMB0086,REQ01310,13.040318,80.209937,39.9,135.0,EN_ROUTE_TO_PATIENT
2026-08-14 14:39:01,AMB0086,REQ01310,13.049317,80.206712,38.0,135.0,EN_ROUTE_TO_PATIENT
2026-08-14 14:39:08,AMB0086,REQ01310,13.059368,80.203356,42.4,135.0,EN_ROUTE_TO_PATIENT
2026-08-14 14:39:16,AMB0086,REQ01310,13.068162,80.199731,38.7,135.0,EN_ROUTE_TO_PATIENT
2026-08-14 14:39:24,AMB0086,REQ01310,13.07822,80.197045,51.6,135.0,EN_ROUTE_TO_PATIENT
2026-08-14 14:40:36,AMB0086,REQ01310,13.077448,80.196861,51.1,135.0,EN_ROUTE_TO_HOSPITAL
2026-08-14 14:40:41,AMB0086,REQ01310,13.075899,80.201744,39.1,135.0,EN_ROUTE_TO_HOSPITAL
2026-08-14 14:40:49,AMB0086,REQ01310,13.074559,80.207105,39.5,135.0,EN_ROUTE_TO_HOSPITAL
2026-08-14 14:40:56,AMB0086,REQ01310,13.071913,80.212273,33.4,135.0,EN_ROUTE_TO_HOSPITAL
2026-08-14 14:41:01,AMB0086,REQ01310,13.070774,80.217024,51.0,135.0,EN_ROUTE_TO_HOSPITAL
2026-08-14 14:41:05,AMB0086,REQ01310,13.069096,80.222099,38.1,135.0,EN_ROUTE_TO_HOSPITAL
2026-08-14 14:41:11,AMB0086,REQ01310,13.066638,80.227594,48.4,135.0,EN_ROUTE_TO_HOSPITAL
2026-08-14 14:41:19,AMB0086,REQ01310,13.064858,80.23279,44.7,135.0,EN_ROUTE_TO_HOSPITAL
2026-08-14 14:41:25,AMB0086,REQ01310,13.063696,80.237975,34.8,135.0,EN_ROUTE_TO_HOSPITAL
2026-08-14 14:41:31,AMB0086,REQ01310,13.061807,80.243238,46.4,135.0,EN_ROUTE_TO_HOSPITAL
2026-08-14 14:41:39,AMB0086,REQ01310,13.05951,80.247553,21.9,135.0,EN_ROUTE_TO_HOSPITAL
2026-08-14 14:41:43,AMB0086,REQ01310,13.05857,80.253431,32.7,135.0,EN_ROUTE_TO_HOSPITAL
2026-08-14 14:41:50,AMB0086,REQ01310,13.055753,80.258823,40.7,135.0,EN_ROUTE_TO_HOSPITAL
2026-08-14 14:41:57,AMB0086,REQ01310,13.05481,80.263515,27.2,135.0,EN_ROUTE_TO_HOSPITAL
2026-08-13 08:12:06,AMB0030,REQ02255,13.068954,80.264363,39.3,135.0,EN_ROUTE_TO_PATIENT
2026-08-13 08:12:13,AMB0030,REQ02255,13.073982,80.261965,53.8,135.0,EN_ROUTE_TO_PATIENT
2026-08-13 08:12:21,AMB0030,REQ02255,13.079351,80.259517,42.8,135.0,EN_ROUTE_TO_PATIENT
2026-08-13 08:12:26,AMB0030,REQ02255,13.084193,80.258113,25.0,135.0,EN_ROUTE_TO_PATIENT
2026-08-13 08:12:32,AMB0030,REQ02255,13.089418,80.255657,44.0,135.0,EN_ROUTE_TO_PATIENT
2026-08-13 08:12:38,AMB0030,REQ02255,13.094501,80.253389,54.8,135.0,EN_ROUTE_TO_PATIENT
2026-08-13 08:12:43,AMB0030,REQ02255,13.099811,80.250967,47.5,135.0,EN_ROUTE_TO_PATIENT
2026-08-13 08:12:50,AMB0030,REQ02255,13.105186,80.248155,47.2,135.0,EN_ROUTE_TO_PATIENT
2026-08-13 08:12:56,AMB0030,REQ02255,13.110887,80.246333,51.0,135.0,EN_ROUTE_TO_PATIENT
2026-08-13 08:13:00,AMB0030,REQ02255,13.115914,80.244089,28.1,135.0,EN_ROUTE_TO_PATIENT
2026-08-13 08:13:08,AMB0030,REQ02255,13.120906,80.242185,43.3,135.0,EN_ROUTE_TO_PATIENT
2026-08-13 08:13:15,AMB0030,REQ02255,13.126221,80.239575,53.5,135.0,EN_ROUTE_TO_PATIENT
2026-08-13 08:13:20,AMB0030,REQ02255,13.131064,80.237245,54.6,135.0,EN_ROUTE_TO_PATIENT
2026-08-13 08:13:28,AMB0030,REQ02255,13.136506,80.234943,36.5,135.0,EN_ROUTE_TO_PATIENT
2026-08-13 08:13:33,AMB0030,REQ02255,13.141592,80.233469,39.8,135.0,EN_ROUTE_TO_PATIENT
2026-08-13 08:13:37,AMB0030,REQ02255,13.146177,80.230263,44.9,135.0,EN_ROUTE_TO_PATIENT
2026-08-13 08:13:43,AMB0030,REQ02255,13.151429,80.229072,22.2,135.0,EN_ROUTE_TO_PATIENT
2026-08-13 08:15:00,AMB0030,REQ02255,13.152107,80.228856,25.2,135.0,EN_ROUTE_TO_HOSPITAL
2026-08-13 08:15:08,AMB0030,REQ02255,13.144007,80.231572,21.1,135.0,EN_ROUTE_TO_HOSPITAL
2026-08-13 08:15:12,AMB0030,REQ02255,13.137792,80.233844,30.1,135.0,EN_ROUTE_TO_HOSPITAL
2026-08-13 08:15:19,AMB0030,REQ02255,13.130779,80.23789,46.2,135.0,EN_ROUTE_TO_HOSPITAL
2026-08-13 08:15:24,AMB0030,REQ02255,13.122814,80.240246,53.5,135.0,EN_ROUTE_TO_HOSPITAL
2026-08-13 08:15:30,AMB0030,REQ02255,13.116061,80.243344,31.5,135.0,EN_ROUTE_TO_HOSPITAL
2026-08-13 08:15:34,AMB0030,REQ02255,13.108692,80.246672,50.9,135.0,EN_ROUTE_TO_HOSPITAL
2026-08-13 08:15:41,AMB0030,REQ02255,13.102415,80.249397,52.5,135.0,EN_ROUTE_TO_HOSPITAL
2026-08-13 08:15:48,AMB0030,REQ02255,13.095266,80.252344,54.3,135.0,EN_ROUTE_TO_HOSPITAL
2026-08-13 08:15:54,AMB0030,REQ02255,13.087798,80.254464,29.9,135.0,EN_ROUTE_TO_HOSPITAL
2026-08-13 08:16:01,AMB0030,REQ02255,13.080178,80.257486,40.6,135.0,EN_ROUTE_TO_HOSPITAL
2026-08-13 08:16:06,AMB0030,REQ02255,13.074,80.261048,46.9,135.0,EN_ROUTE_TO_HOSPITAL
2026-09-02 07:02:31,AMB0056,REQ00758,13.056858,80.243412,46.0,135.0,EN_ROUTE_TO_PATIENT
2026-09-02 07:02:39,AMB0056,REQ00758,13.042514,80.242319,24.9,135.0,EN_ROUTE_TO_PATIENT
2026-09-02 07:02:43,AMB0056,REQ00758,13.028561,80.239789,43.6,135.0,EN_ROUTE_TO_PATIENT
2026-09-02 07:02:51,AMB0056,REQ00758,13.014729,80.239246,25.9,135.0,EN_ROUTE_TO_PATIENT
2026-09-02 07:02:56,AMB0056,REQ00758,13.000311,80.236801,51.7,135.0,EN_ROUTE_TO_PATIENT
2026-09-02 07:03:02,AMB0056,REQ00758,12.98712,80.23609,43.1,135.0,EN_ROUTE_TO_PATIENT
2026-09-02 07:03:09,AMB0056,REQ00758,12.972135,80.233842,31.8,135.0,EN_ROUTE_TO_PATIENT
2026-09-02 07:03:15,AMB0056,REQ00758,12.958521,80.232139,26.1,135.0,EN_ROUTE_TO_PATIENT
2026-09-02 07:03:20,AMB0056,REQ00758,12.943846,80.231516,42.4,135.0,EN_ROUTE_TO_PATIENT
2026-09-02 07:04:26,AMB0056,REQ00758,12.944399,80.23072,35.1,135.0,EN_ROUTE_TO_HOSPITAL
2026-09-02 07:04:31,AMB0056,REQ00758,12.944636,80.223533,27.2,135.0,EN_ROUTE_TO_HOSPITAL
2026-09-02 07:04:35,AMB0056,REQ00758,12.943974,80.215804,25.7,135.0,EN_ROUTE_TO_HOSPITAL
2026-09-02 07:04:40,AMB0056,REQ00758,12.943611,80.20866,39.9,135.0,EN_ROUTE_TO_HOSPITAL
2026-09-02 07:04:44,AMB0056,REQ00758,12.943406,80.201689,39.3,135.0,EN_ROUTE_TO_HOSPITAL
2026-09-02 07:04:52,AMB0056,REQ00758,12.944276,80.194025,48.1,135.0,EN_ROUTE_TO_HOSPITAL
2026-09-02 07:04:56,AMB0056,REQ00758,12.943785,80.187573,43.9,135.0,EN_ROUTE_TO_HOSPITAL
2026-09-02 07:05:00,AMB0056,REQ00758,12.944118,80.180135,22.8,135.0,EN_ROUTE_TO_HOSPITAL
2026-09-02 07:05:04,AMB0056,REQ00758,12.943091,80.172719,53.9,135.0,EN_ROUTE_TO_HOSPITAL
2026-09-02 07:05:12,AMB0056,REQ00758,12.944002,80.164635,33.2,135.0,EN_ROUTE_TO_HOSPITAL
2026-09-02 07:05:17,AMB0056,REQ00758,12.943438,80.15822,47.0,135.0,EN_ROUTE_TO_HOSPITAL
2026-09-02 07:05:21,AMB0056,REQ00758,12.943367,80.149999,35.2,135.0,EN_ROUTE_TO_HOSPITAL
2026-09-02 07:05:29,AMB0056,REQ00758,12.942787,80.142658,29.7,135.0,EN_ROUTE_TO_HOSPITAL
2026-09-02 07:05:34,AMB0056,REQ00758,12.942894,80.135688,20.7,135.0,EN_ROUTE_TO_HOSPITAL
2026-09-02 07:05:39,AMB0056,REQ00758,12.943135,80.128892,35.6,135.0,EN_ROUTE_TO_HOSPITAL
2026-08-23 13:44:19,AMB0007,REQ01766,13.165967,80.256497,52.9,135.0,EN_ROUTE_TO_PATIENT
2026-08-23 13:44:24,AMB0007,REQ01766,13.160103,80.252967,34.3,135.0,EN_ROUTE_TO_PATIENT
2026-08-23 13:44:29,AMB0007,REQ01766,13.155711,80.249874,39.7,135.0,EN_ROUTE_TO_PATIENT
2026-08-23 13:44:37,AMB0007,REQ01766,13.15059,80.246426,24.0,135.0,EN_ROUTE_TO_PATIENT
2026-08-23 13:44:44,AMB0007,REQ01766,13.144752,80.241808,26.3,135.0,EN_ROUTE_TO_PATIENT
2026-08-23 13:44:48,AMB0007,REQ01766,13.139569,80.239067,39.6,135.0,EN_ROUTE_TO_PATIENT
2026-08-23 13:44:52,AMB0007,REQ01766,13.134602,80.234672,41.7,135.0,EN_ROUTE_TO_PATIENT
2026-08-23 13:44:57,AMB0007,REQ01766,13.129241,80.231618,32.8,135.0,EN_ROUTE_TO_PATIENT
2026-08-23 13:45:02,AMB0007,REQ01766,13.123565,80.227498,37.4,135.0,EN_ROUTE_TO_PATIENT
2026-08-23 13:45:10,AMB0007,REQ01766,13.118705,80.223938,25.9,135.0,EN_ROUTE_TO_PATIENT
2026-08-23 13:45:14,AMB0007,REQ01766,13.112832,80.219585,31.5,135.0,EN_ROUTE_TO_PATIENT
2026-08-23 13:45:21,AMB0007,REQ01766,13.107643,80.216502,45.3,135.0,EN_ROUTE_TO_PATIENT
2026-08-23 13:45:26,AMB0007,REQ01766,13.102547,80.212599,27.4,135.0,EN_ROUTE_TO_PATIENT
2026-08-23 13:45:34,AMB0007,REQ01766,13.097463,80.209672,54.7,135.0,EN_ROUTE_TO_PATIENT
2026-08-23 13:45:38,AMB0007,REQ01766,13.092108,80.205254,34.7,135.0,EN_ROUTE_TO_PATIENT
2026-08-23 13:45:44,AMB0007,REQ01766,13.087513,80.202189,24.4,135.0,EN_ROUTE_TO_PATIENT
2026-08-23 13:45:51,AMB0007,REQ01766,13.082217,80.198005,45.9,135.0,EN_ROUTE_TO_PATIENT
2026-08-23 13:46:46,AMB0007,REQ01766,13.081903,80.198139,46.2,135.0,EN_ROUTE_TO_HOSPITAL
2026-08-23 13:46:52,AMB0007,REQ01766,13.081628,80.200411,53.3,135.0,EN_ROUTE_TO_HOSPITAL
2026-08-23 13:46:58,AMB0007,REQ01766,13.080942,80.203412,26.8,135.0,EN_ROUTE_TO_HOSPITAL
2026-08-23 13:47:03,AMB0007,REQ01766,13.081252,80.207032,32.7,135.0,EN_ROUTE_TO_HOSPITAL
2026-08-23 13:47:09,AMB0007,REQ01766,13.080554,80.209439,22.1,135.0,EN_ROUTE_TO_HOSPITAL
2026-08-23 13:47:16,AMB0007,REQ01766,13.081063,80.21203,36.9,135.0,EN_ROUTE_TO_HOSPITAL
2026-08-23 13:47:22,AMB0007,REQ01766,13.08005,80.214928,28.5,135.0,EN_ROUTE_TO_HOSPITAL
2026-08-23 13:47:28,AMB0007,REQ01766,13.080107,80.218197,45.4,135.0,EN_ROUTE_TO_HOSPITAL
2026-08-23 13:47:34,AMB0007,REQ01766,13.080139,80.220781,36.8,135.0,EN_ROUTE_TO_HOSPITAL
2026-08-23 13:47:40,AMB0007,REQ01766,13.079373,80.222786,20.2,135.0,EN_ROUTE_TO_HOSPITAL
2026-08-23 13:47:46,AMB0007,REQ01766,13.080138,80.225349,40.2,135.0,EN_ROUTE_TO_HOSPITAL
2026-08-23 13:47:51,AMB0007,REQ01766,13.079419,80.228367,36.8,135.0,EN_ROUTE_TO_HOSPITAL
2026-08-23 13:47:55,AMB0007,REQ01766,13.079595,80.231202,21.6,135.0,EN_ROUTE_TO_HOSPITAL
2026-08-23 13:48:03,AMB0007,REQ01766,13.079544,80.234303,47.6,135.0,EN_ROUTE_TO_HOSPITAL
2026-08-23 13:48:10,AMB0007,REQ01766,13.078755,80.236759,39.8,135.0,EN_ROUTE_TO_HOSPITAL
2026-08-23 13:48:18,AMB0007,REQ01766,13.078133,80.239977,35.9,135.0,EN_ROUTE_TO_HOSPITAL
2026-08-23 13:48:26,AMB0007,REQ01766,13.078177,80.242344,43.9,135.0,EN_ROUTE_TO_HOSPITAL
2026-08-22 19:56:09,AMB0126,REQ00606,12.951803,80.256603,39.8,135.0,EN_ROUTE_TO_PATIENT
2026-08-22 19:56:15,AMB0126,REQ00606,12.950592,80.245879,48.8,135.0,EN_ROUTE_TO_PATIENT
2026-08-22 19:56:22,AMB0126,REQ00606,12.949867,80.235732,32.5,135.0,EN_ROUTE_TO_PATIENT
2026-08-22 19:56:29,AMB0126,REQ00606,12.949103,80.225224,50.3,135.0,EN_ROUTE_TO_PATIENT
2026-08-22 19:56:35,AMB0126,REQ00606,12.948906,80.215515,42.4,135.0,EN_ROUTE_TO_PATIENT
2026-08-22 19:56:42,AMB0126,REQ00606,12.948518,80.20463,53.7,135.0,EN_ROUTE_TO_PATIENT
2026-08-22 19:56:47,AMB0126,REQ00606,12.947586,80.194796,51.8,135.0,EN_ROUTE_TO_PATIENT
2026-08-22 19:56:52,AMB0126,REQ00606,12.946862,80.18363,48.2,135.0,EN_ROUTE_TO_PATIENT
2026-08-22 19:56:56,AMB0126,REQ00606,12.945701,80.173966,27.9,135.0,EN_ROUTE_TO_PATIENT
2026-08-22 19:57:02,AMB0126,REQ00606,12.944801,80.16356,53.4,135.0,EN_ROUTE_TO_PATIENT
2026-08-22 19:57:09,AMB0126,REQ00606,12.944369,80.153198,36.7,135.0,EN_ROUTE_TO_PATIENT
2026-08-22 19:57:13,AMB0126,REQ00606,12.944573,80.14283,37.5,135.0,EN_ROUTE_TO_PATIENT
2026-08-22 19:57:18,AMB0126,REQ00606,12.94366,80.132123,44.7,135.0,EN_ROUTE_TO_PATIENT
2026-08-22 19:58:45,AMB0126,REQ00606,12.94304,80.131905,33.9,135.0,EN_ROUTE_TO_HOSPITAL
2026-08-22 19:58:52,AMB0126,REQ00606,12.95543,80.142442,22.8,135.0,EN_ROUTE_TO_HOSPITAL
2026-08-22 19:58:56,AMB0126,REQ00606,12.967003,80.154626,30.4,135.0,EN_ROUTE_TO_HOSPITAL
2026-08-22 19:59:04,AMB0126,REQ00606,12.97896,80.165365,36.9,135.0,EN_ROUTE_TO_HOSPITAL
2026-08-22 19:59:10,AMB0126,REQ00606,12.989591,80.176555,46.2,135.0,EN_ROUTE_TO_HOSPITAL
2026-08-22 19:59:17,AMB0126,REQ00606,13.002243,80.187293,54.5,135.0,EN_ROUTE_TO_HOSPITAL
2026-08-22 19:59:24,AMB0126,REQ00606,13.013188,80.197948,38.0,135.0,EN_ROUTE_TO_HOSPITAL
2026-08-22 19:59:29,AMB0126,REQ00606,13.025476,80.208811,33.3,135.0,EN_ROUTE_TO_HOSPITAL
2026-08-22 19:59:37,AMB0126,REQ00606,13.03723,80.220587,36.2,135.0,EN_ROUTE_TO_HOSPITAL
2026-08-22 19:59:45,AMB0126,REQ00606,13.047938,80.230998,50.5,135.0,EN_ROUTE_TO_HOSPITAL
2026-08-22 19:59:51,AMB0126,REQ00606,13.059804,80.242472,27.9,135.0,EN_ROUTE_TO_HOSPITAL
2026-08-22 19:59:56,AMB0126,REQ00606,13.0712,80.253968,21.2,135.0,EN_ROUTE_TO_HOSPITAL
2026-08-22 20:00:03,AMB0126,REQ00606,13.082897,80.264038,51.3,135.0,EN_ROUTE_TO_HOSPITAL
2026-08-22 20:00:07,AMB0126,REQ00606,13.094679,80.275392,43.6,135.0,EN_ROUTE_TO_HOSPITAL
2026-08-22 20:00:11,AMB0126,REQ00606,13.106588,80.286231,22.6,135.0,EN_ROUTE_TO_HOSPITAL
2026-08-30 07:34:04,AMB0103,REQ02733,12.952224,80.209869,53.1,135.0,EN_ROUTE_TO_PATIENT
2026-08-30 07:34:08,AMB0103,REQ02733,12.963308,80.210339,32.2,135.0,EN_ROUTE_TO_PATIENT
2026-08-30 07:34:13,AMB0103,REQ02733,12.97521,80.211939,31.2,135.0,EN_ROUTE_TO_PATIENT
2026-08-30 07:34:18,AMB0103,REQ02733,12.985538,80.213324,39.4,135.0,EN_ROUTE_TO_PATIENT
2026-08-30 07:34:23,AMB0103,REQ02733,12.997356,80.213813,43.9,135.0,EN_ROUTE_TO_PATIENT
2026-08-30 07:34:27,AMB0103,REQ02733,13.008398,80.215486,49.5,135.0,EN_ROUTE_TO_PATIENT
2026-08-30 07:34:33,AMB0103,REQ02733,13.019438,80.216031,34.6,135.0,EN_ROUTE_TO_PATIENT
2026-08-30 07:34:41,AMB0103,REQ02733,13.029878,80.217587,35.3,135.0,EN_ROUTE_TO_PATIENT
2026-08-30 07:34:49,AMB0103,REQ02733,13.041752,80.217895,32.4,135.0,EN_ROUTE_TO_PATIENT
2026-08-30 07:34:55,AMB0103,REQ02733,13.0524,80.218847,41.6,135.0,EN_ROUTE_TO_PATIENT
2026-08-30 07:35:02,AMB0103,REQ02733,13.063149,80.220952,44.4,135.0,EN_ROUTE_TO_PATIENT
2026-08-30 07:35:09,AMB0103,REQ02733,13.074212,80.221749,31.8,135.0,EN_ROUTE_TO_PATIENT
2026-08-30 07:36:05,AMB0103,REQ02733,13.074883,80.221562,51.3,135.0,EN_ROUTE_TO_HOSPITAL
2026-08-30 07:36:10,AMB0103,REQ02733,13.074543,80.224559,47.2,135.0,EN_ROUTE_TO_HOSPITAL
2026-08-30 07:36:18,AMB0103,REQ02733,13.074643,80.227281,43.9,135.0,EN_ROUTE_TO_HOSPITAL
2026-08-30 07:36:22,AMB0103,REQ02733,13.074593,80.22943,39.1,135.0,EN_ROUTE_TO_HOSPITAL
2026-08-30 07:36:28,AMB0103,REQ02733,13.074693,80.233077,51.1,135.0,EN_ROUTE_TO_HOSPITAL
2026-08-30 07:36:34,AMB0103,REQ02733,13.073956,80.235635,30.3,135.0,EN_ROUTE_TO_HOSPITAL
2026-08-30 07:36:40,AMB0103,REQ02733,13.074121,80.237938,38.3,135.0,EN_ROUTE_TO_HOSPITAL
2026-08-30 07:36:45,AMB0103,REQ02733,13.074511,80.241315,30.4,135.0,EN_ROUTE_TO_HOSPITAL
2026-08-30 07:36:52,AMB0103,REQ02733,13.074367,80.24336,22.2,135.0,EN_ROUTE_TO_HOSPITAL
2026-08-30 07:36:57,AMB0103,REQ02733,13.073875,80.246325,26.3,135.0,EN_ROUTE_TO_HOSPITAL
2026-08-30 07:37:03,AMB0103,REQ02733,13.073284,80.25007,55.0,135.0,EN_ROUTE_TO_HOSPITAL
2026-08-30 07:37:07,AMB0103,REQ02733,13.073416,80.251995,33.8,135.0,EN_ROUTE_TO_HOSPITAL
2026-08-30 07:37:11,AMB0103,REQ02733,13.074187,80.255207,52.3,135.0,EN_ROUTE_TO_HOSPITAL
2026-08-30 07:37:15,AMB0103,REQ02733,13.073066,80.257396,50.9,135.0,EN_ROUTE_TO_HOSPITAL
2026-08-30 07:37:19,AMB0103,REQ02733,13.072988,80.260119,54.1,135.0,EN_ROUTE_TO_HOSPITAL
2026-08-12 06:57:26,AMB0050,REQ01946,13.073441,80.1992,25.6,135.0,EN_ROUTE_TO_PATIENT
2026-08-12 06:57:32,AMB0050,REQ01946,13.065746,80.202829,39.2,135.0,EN_ROUTE_TO_PATIENT
2026-08-12 06:57:40,AMB0050,REQ01946,13.059445,80.205598,36.4,135.0,EN_ROUTE_TO_PATIENT
2026-08-12 06:57:45,AMB0050,REQ01946,13.052411,80.209414,33.2,135.0,EN_ROUTE_TO_PATIENT
2026-08-12 06:57:51,AMB0050,REQ01946,13.045411,80.213033,42.5,135.0,EN_ROUTE_TO_PATIENT
2026-08-12 06:57:58,AMB0050,REQ01946,13.037849,80.215822,34.5,135.0,EN_ROUTE_TO_PATIENT
2026-08-12 06:58:03,AMB0050,REQ01946,13.031894,80.220076,39.9,135.0,EN_ROUTE_TO_PATIENT
2026-08-12 06:58:10,AMB0050,REQ01946,13.024309,80.222774,37.6,135.0,EN_ROUTE_TO_PATIENT
2026-08-12 06:58:16,AMB0050,REQ01946,13.017954,80.226946,37.9,135.0,EN_ROUTE_TO_PATIENT
2026-08-12 06:58:20,AMB0050,REQ01946,13.010292,80.229704,39.3,135.0,EN_ROUTE_TO_PATIENT
2026-08-12 06:58:26,AMB0050,REQ01946,13.004333,80.233717,31.3,135.0,EN_ROUTE_TO_PATIENT
2026-08-12 06:58:32,AMB0050,REQ01946,12.997243,80.236935,28.0,135.0,EN_ROUTE_TO_PATIENT
2026-08-12 06:58:39,AMB0050,REQ01946,12.990423,80.240726,26.0,135.0,EN_ROUTE_TO_PATIENT
2026-08-12 06:59:16,AMB0050,REQ01946,12.99002,80.240068,53.1,135.0,EN_ROUTE_TO_HOSPITAL
2026-08-12 06:59:24,AMB0050,REQ01946,12.98314,80.239865,25.7,135.0,EN_ROUTE_TO_HOSPITAL
2026-08-12 06:59:32,AMB0050,REQ01946,12.97551,80.238483,41.0,135.0,EN_ROUTE_TO_HOSPITAL
2026-08-12 06:59:39,AMB0050,REQ01946,12.968935,80.238014,42.1,135.0,EN_ROUTE_TO_HOSPITAL
2026-08-12 06:59:47,AMB0050,REQ01946,12.961919,80.236148,32.1,135.0,EN_ROUTE_TO_HOSPITAL
2026-08-12 06:59:55,AMB0050,REQ01946,12.954689,80.235973,20.2,135.0,EN_ROUTE_TO_HOSPITAL
2026-08-12 06:59:59,AMB0050,REQ01946,12.947668,80.234278,36.9,135.0,EN_ROUTE_TO_HOSPITAL
2026-08-12 07:00:06,AMB0050,REQ01946,12.941169,80.233445,22.4,135.0,EN_ROUTE_TO_HOSPITAL
2026-08-12 07:00:14,AMB0050,REQ01946,12.93301,80.232209,23.2,135.0,EN_ROUTE_TO_HOSPITAL
2026-08-12 07:00:22,AMB0050,REQ01946,12.92639,80.231711,31.0,135.0,EN_ROUTE_TO_HOSPITAL
2026-08-12 07:00:27,AMB0050,REQ01946,12.919352,80.230771,25.2,135.0,EN_ROUTE_TO_HOSPITAL
2026-08-12 07:00:34,AMB0050,REQ01946,12.912881,80.22963,40.6,135.0,EN_ROUTE_TO_HOSPITAL
2026-08-12 07:00:39,AMB0050,REQ01946,12.905264,80.228759,32.7,135.0,EN_ROUTE_TO_HOSPITAL
2026-08-26 18:10:29,AMB0108,REQ01498,12.958755,80.245133,44.5,135.0,EN_ROUTE_TO_PATIENT
2026-08-26 18:10:34,AMB0108,REQ01498,12.965366,80.240337,48.9,135.0,EN_ROUTE_TO_PATIENT
2026-08-26 18:10:42,AMB0108,REQ01498,12.971065,80.236658,46.7,135.0,EN_ROUTE_TO_PATIENT
2026-08-26 18:10:46,AMB0108,REQ01498,12.977025,80.231137,47.0,135.0,EN_ROUTE_TO_PATIENT
2026-08-26 18:10:52,AMB0108,REQ01498,12.983607,80.227137,38.5,135.0,EN_ROUTE_TO_PATIENT
2026-08-26 18:11:00,AMB0108,REQ01498,12.989361,80.222275,32.1,135.0,EN_ROUTE_TO_PATIENT
2026-08-26 18:11:05,AMB0108,REQ01498,12.995582,80.218311,38.4,135.0,EN_ROUTE_TO_PATIENT
2026-08-26 18:11:12,AMB0108,REQ01498,13.001951,80.214011,39.3,135.0,EN_ROUTE_TO_PATIENT
2026-08-26 18:11:19,AMB0108,REQ01498,13.007357,80.209083,25.3,135.0,EN_ROUTE_TO_PATIENT
2026-08-26 18:11:26,AMB0108,REQ01498,13.013442,80.204081,23.7,135.0,EN_ROUTE_TO_PATIENT
2026-08-26 18:11:33,AMB0108,REQ01498,13.020404,80.200404,51.7,135.0,EN_ROUTE_TO_PATIENT
2026-08-26 18:11:40,AMB0108,REQ01498,13.02588,80.196021,46.0,135.0,EN_ROUTE_TO_PATIENT
2026-08-26 18:11:44,AMB0108,REQ01498,13.032355,80.191168,45.2,135.0,EN_ROUTE_TO_PATIENT
2026-08-26 18:11:52,AMB0108,REQ01498,13.038316,80.186041,51.6,135.0,EN_ROUTE_TO_PATIENT
2026-08-26 18:13:25,AMB0108,REQ01498,13.038114,80.186464,32.0,135.0,EN_ROUTE_TO_HOSPITAL
2026-08-26 18:13:29,AMB0108,REQ01498,13.042047,80.186213,23.0,135.0,EN_ROUTE_TO_HOSPITAL
2026-08-26 18:13:35,AMB0108,REQ01498,13.04498,80.185941,46.2,135.0,EN_ROUTE_TO_HOSPITAL
2026-08-26 18:13:42,AMB0108,REQ01498,13.049027,80.1871,33.9,135.0,EN_ROUTE_TO_HOSPITAL
2026-08-26 18:13:50,AMB0108,REQ01498,13.052048,80.18615,35.5,135.0,EN_ROUTE_TO_HOSPITAL
2026-08-26 18:13:56,AMB0108,REQ01498,13.054853,80.186953,40.1,135.0,EN_ROUTE_TO_HOSPITAL
2026-08-26 18:14:02,AMB0108,REQ01498,13.058653,80.18604,41.9,135.0,EN_ROUTE_TO_HOSPITAL
2026-08-26 18:14:10,AMB0108,REQ01498,13.06183,80.186344,23.3,135.0,EN_ROUTE_TO_HOSPITAL
2026-08-26 18:14:14,AMB0108,REQ01498,13.06502,80.186789,36.9,135.0,EN_ROUTE_TO_HOSPITAL
2026-08-26 18:14:18,AMB0108,REQ01498,13.069389,80.186587,47.0,135.0,EN_ROUTE_TO_HOSPITAL
2026-08-26 18:14:22,AMB0108,REQ01498,13.072396,80.186332,26.3,135.0,EN_ROUTE_TO_HOSPITAL
2026-08-26 18:14:29,AMB0108,REQ01498,13.075061,80.186618,35.0,135.0,EN_ROUTE_TO_HOSPITAL
2026-08-26 18:14:34,AMB0108,REQ01498,13.078554,80.186345,51.6,135.0,EN_ROUTE_TO_HOSPITAL
2026-08-26 18:14:38,AMB0108,REQ01498,13.082626,80.186619,40.7,135.0,EN_ROUTE_TO_HOSPITAL
2026-08-26 18:14:42,AMB0108,REQ01498,13.085244,80.187238,23.9,135.0,EN_ROUTE_TO_HOSPITAL
2026-08-05 06:14:11,AMB0054,REQ02489,13.049225,80.208298,24.9,135.0,EN_ROUTE_TO_PATIENT
2026-08-05 06:14:17,AMB0054,REQ02489,13.051507,80.209205,34.0,135.0,EN_ROUTE_TO_PATIENT
2026-08-05 06:14:23,AMB0054,REQ02489,13.055017,80.208528,35.4,135.0,EN_ROUTE_TO_PATIENT
2026-08-05 06:14:27,AMB0054,REQ02489,13.058087,80.209332,26.5,135.0,EN_ROUTE_TO_PATIENT
2026-08-05 06:14:34,AMB0054,REQ02489,13.060649,80.209763,48.7,135.0,EN_ROUTE_TO_PATIENT
2026-08-05 06:14:41,AMB0054,REQ02489,13.063835,80.209292,22.0,135.0,EN_ROUTE_TO_PATIENT
2026-08-05 06:14:47,AMB0054,REQ02489,13.066823,80.209422,51.1,135.0,EN_ROUTE_TO_PATIENT
2026-08-05 06:14:52,AMB0054,REQ02489,13.069599,80.210113,39.1,135.0,EN_ROUTE_TO_PATIENT
2026-08-05 06:14:57,AMB0054,REQ02489,13.072372,80.210379,43.8,135.0,EN_ROUTE_TO_PATIENT
2026-08-05 06:15:05,AMB0054,REQ02489,13.07582,80.20994,37.4,135.0,EN_ROUTE_TO_PATIENT
2026-08-05 06:15:12,AMB0054,REQ02489,13.079125,80.210071,40.7,135.0,EN_ROUTE_TO_PATIENT
2026-08-05 06:15:16,AMB0054,REQ02489,13.082127,80.210356,40.9,135.0,EN_ROUTE_TO_PATIENT
2026-08-05 06:16:33,AMB0054,REQ02489,13.081377,80.211004,53.8,135.0,EN_ROUTE_TO_HOSPITAL
2026-08-05 06:16:38,AMB0054,REQ02489,13.074183,80.212575,49.8,135.0,EN_ROUTE_TO_HOSPITAL
2026-08-05 06:16:42,AMB0054,REQ02489,13.065734,80.214781,39.6,135.0,EN_ROUTE_TO_HOSPITAL
2026-08-05 06:16:49,AMB0054,REQ02489,13.056764,80.21777,40.0,135.0,EN_ROUTE_TO_HOSPITAL
2026-08-05 06:16:57,AMB0054,REQ02489,13.049303,80.219386,47.8,135.0,EN_ROUTE_TO_HOSPITAL
2026-08-05 06:17:02,AMB0054,REQ02489,13.041634,80.221828,50.3,135.0,EN_ROUTE_TO_HOSPITAL
2026-08-05 06:17:08,AMB0054,REQ02489,13.032893,80.225073,22.2,135.0,EN_ROUTE_TO_HOSPITAL
2026-08-05 06:17:14,AMB0054,REQ02489,13.024556,80.226932,41.8,135.0,EN_ROUTE_TO_HOSPITAL
2026-08-05 06:17:20,AMB0054,REQ02489,13.01616,80.229124,32.9,135.0,EN_ROUTE_TO_HOSPITAL
2026-08-05 06:17:28,AMB0054,REQ02489,13.008155,80.231618,47.6,135.0,EN_ROUTE_TO_HOSPITAL
2026-08-05 06:17:33,AMB0054,REQ02489,13.000686,80.233965,32.5,135.0,EN_ROUTE_TO_HOSPITAL
2026-08-05 06:17:39,AMB0054,REQ02489,12.992161,80.236397,34.6,135.0,EN_ROUTE_TO_HOSPITAL
2026-08-05 06:17:45,AMB0054,REQ02489,12.984676,80.23906,38.9,135.0,EN_ROUTE_TO_HOSPITAL
2026-08-05 06:17:49,AMB0054,REQ02489,12.975622,80.241752,23.3,135.0,EN_ROUTE_TO_HOSPITAL
2026-08-05 06:17:57,AMB0054,REQ02489,12.96786,80.243229,31.0,135.0,EN_ROUTE_TO_HOSPITAL
2026-08-05 06:18:02,AMB0054,REQ02489,12.959343,80.246606,45.3,135.0,EN_ROUTE_TO_HOSPITAL
2026-08-16 19:34:13,AMB0048,REQ01202,13.068914,80.191048,26.2,135.0,EN_ROUTE_TO_PATIENT
2026-08-16 19:34:18,AMB0048,REQ01202,13.062973,80.192775,26.8,135.0,EN_ROUTE_TO_PATIENT
2026-08-16 19:34:22,AMB0048,REQ01202,13.058223,80.195184,51.9,135.0,EN_ROUTE_TO_PATIENT
2026-08-16 19:34:26,AMB0048,REQ01202,13.052007,80.196488,45.8,135.0,EN_ROUTE_TO_PATIENT
2026-08-16 19:34:31,AMB0048,REQ01202,13.047545,80.198712,22.2,135.0,EN_ROUTE_TO_PATIENT
2026-08-16 19:34:36,AMB0048,REQ01202,13.041683,80.20031,32.6,135.0,EN_ROUTE_TO_PATIENT
2026-08-16 19:34:41,AMB0048,REQ01202,13.036745,80.202272,52.1,135.0,EN_ROUTE_TO_PATIENT
2026-08-16 19:34:48,AMB0048,REQ01202,13.031227,80.203484,47.7,135.0,EN_ROUTE_TO_PATIENT
2026-08-16 19:34:53,AMB0048,REQ01202,13.025001,80.205365,43.5,135.0,EN_ROUTE_TO_PATIENT
2026-08-16 19:34:57,AMB0048,REQ01202,13.019918,80.20775,33.5,135.0,EN_ROUTE_TO_PATIENT
2026-08-16 19:35:02,AMB0048,REQ01202,13.015204,80.209329,45.9,135.0,EN_ROUTE_TO_PATIENT
2026-08-16 19:35:07,AMB0048,REQ01202,13.008855,80.211256,49.0,135.0,EN_ROUTE_TO_PATIENT
2026-08-16 19:35:14,AMB0048,REQ01202,13.004212,80.212986,53.8,135.0,EN_ROUTE_TO_PATIENT
2026-08-16 19:35:18,AMB0048,REQ01202,12.998493,80.214102,23.8,135.0,EN_ROUTE_TO_PATIENT
2026-08-16 19:35:24,AMB0048,REQ01202,12.993461,80.216545,52.3,135.0,EN_ROUTE_TO_PATIENT
2026-08-16 19:35:30,AMB0048,REQ01202,12.988121,80.217952,28.0,135.0,EN_ROUTE_TO_PATIENT
2026-08-16 19:36:32,AMB0048,REQ01202,12.987408,80.217738,36.1,135.0,EN_ROUTE_TO_HOSPITAL
2026-08-16 19:36:40,AMB0048,REQ01202,12.988503,80.220965,53.5,135.0,EN_ROUTE_TO_HOSPITAL
2026-08-16 19:36:48,AMB0048,REQ01202,12.990198,80.223199,35.8,135.0,EN_ROUTE_TO_HOSPITAL
2026-08-16 19:36:55,AMB0048,REQ01202,12.992163,80.227015,30.6,135.0,EN_ROUTE_TO_HOSPITAL
2026-08-16 19:37:00,AMB0048,REQ01202,12.993366,80.229691,28.1,135.0,EN_ROUTE_TO_HOSPITAL
2026-08-16 19:37:05,AMB0048,REQ01202,12.994121,80.23218,31.0,135.0,EN_ROUTE_TO_HOSPITAL
2026-08-16 19:37:12,AMB0048,REQ01202,12.995898,80.2341,43.6,135.0,EN_ROUTE_TO_HOSPITAL
2026-08-16 19:37:19,AMB0048,REQ01202,12.997114,80.237603,20.6,135.0,EN_ROUTE_TO_HOSPITAL
2026-08-16 19:37:23,AMB0048,REQ01202,12.998067,80.240138,20.7,135.0,EN_ROUTE_TO_HOSPITAL
2026-08-16 19:37:31,AMB0048,REQ01202,12.999476,80.243375,27.9,135.0,EN_ROUTE_TO_HOSPITAL
2026-08-16 19:37:38,AMB0048,REQ01202,13.001308,80.245032,33.9,135.0,EN_ROUTE_TO_HOSPITAL
2026-08-16 19:37:43,AMB0048,REQ01202,13.002497,80.248291,29.9,135.0,EN_ROUTE_TO_HOSPITAL
2026-08-16 19:37:49,AMB0048,REQ01202,13.004231,80.251115,51.9,135.0,EN_ROUTE_TO_HOSPITAL
2026-08-16 19:37:53,AMB0048,REQ01202,13.005094,80.254264,41.6,135.0,EN_ROUTE_TO_HOSPITAL
2026-08-16 19:37:57,AMB0048,REQ01202,13.006637,80.256971,45.6,135.0,EN_ROUTE_TO_HOSPITAL
2026-08-02 21:05:41,AMB0025,REQ01443,13.102188,80.269878,39.8,135.0,EN_ROUTE_TO_PATIENT
2026-08-02 21:05:48,AMB0025,REQ01443,13.098038,80.266329,32.9,135.0,EN_ROUTE_TO_PATIENT
2026-08-02 21:05:55,AMB0025,REQ01443,13.094566,80.2633,50.0,135.0,EN_ROUTE_TO_PATIENT
2026-08-02 21:05:59,AMB0025,REQ01443,13.090053,80.258941,42.6,135.0,EN_ROUTE_TO_PATIENT
2026-08-02 21:06:04,AMB0025,REQ01443,13.086791,80.255721,29.6,135.0,EN_ROUTE_TO_PATIENT
2026-08-02 21:06:08,AMB0025,REQ01443,13.081897,80.252641,53.5,135.0,EN_ROUTE_TO_PATIENT
2026-08-02 21:06:14,AMB0025,REQ01443,13.078821,80.248819,34.3,135.0,EN_ROUTE_TO_PATIENT
2026-08-02 21:06:18,AMB0025,REQ01443,13.074237,80.24586,25.7,135.0,EN_ROUTE_TO_PATIENT
2026-08-02 21:06:26,AMB0025,REQ01443,13.070211,80.242313,43.2,135.0,EN_ROUTE_TO_PATIENT
2026-08-02 21:07:09,AMB0025,REQ01443,13.070359,80.242485,35.2,135.0,EN_ROUTE_TO_HOSPITAL
2026-08-02 21:07:15,AMB0025,REQ01443,13.072654,80.236036,53.1,135.0,EN_ROUTE_TO_HOSPITAL
2026-08-02 21:07:19,AMB0025,REQ01443,13.073493,80.230079,37.0,135.0,EN_ROUTE_TO_HOSPITAL
2026-08-02 21:07:27,AMB0025,REQ01443,13.075363,80.22369,40.5,135.0,EN_ROUTE_TO_HOSPITAL
2026-08-02 21:07:35,AMB0025,REQ01443,13.077913,80.217683,44.5,135.0,EN_ROUTE_TO_HOSPITAL
2026-08-02 21:07:39,AMB0025,REQ01443,13.079367,80.211467,44.9,135.0,EN_ROUTE_TO_HOSPITAL
2026-08-02 21:07:43,AMB0025,REQ01443,13.081072,80.205801,43.9,135.0,EN_ROUTE_TO_HOSPITAL
2026-08-02 21:07:51,AMB0025,REQ01443,13.082573,80.199049,36.9,135.0,EN_ROUTE_TO_HOSPITAL
2026-08-02 21:07:59,AMB0025,REQ01443,13.084336,80.193457,51.5,135.0,EN_ROUTE_TO_HOSPITAL
2026-08-02 21:08:04,AMB0025,REQ01443,13.085708,80.187113,25.6,135.0,EN_ROUTE_TO_HOSPITAL
2026-08-21 04:05:09,AMB0091,REQ02926,13.006326,80.257618,34.7,135.0,EN_ROUTE_TO_PATIENT
2026-08-21 04:05:17,AMB0091,REQ02926,13.009423,80.255041,47.0,135.0,EN_ROUTE_TO_PATIENT
2026-08-21 04:05:24,AMB0091,REQ02926,13.012031,80.252064,34.5,135.0,EN_ROUTE_TO_PATIENT
2026-08-21 04:05:32,AMB0091,REQ02926,13.016138,80.249483,22.1,135.0,EN_ROUTE_TO_PATIENT
2026-08-21 04:05:39,AMB0091,REQ02926,13.019531,80.247417,38.1,135.0,EN_ROUTE_TO_PATIENT
2026-08-21 04:05:46,AMB0091,REQ02926,13.022727,80.243778,44.2,135.0,EN_ROUTE_TO_PATIENT
2026-08-21 04:05:54,AMB0091,REQ02926,13.025597,80.241691,23.5,135.0,EN_ROUTE_TO_PATIENT
2026-08-21 04:06:00,AMB0091,REQ02926,13.0285,80.238629,36.4,135.0,EN_ROUTE_TO_PATIENT
2026-08-21 04:06:07,AMB0091,REQ02926,13.031862,80.236022,49.5,135.0,EN_ROUTE_TO_PATIENT
2026-08-21 04:06:12,AMB0091,REQ02926,13.03558,80.233453,25.9,135.0,EN_ROUTE_TO_PATIENT
2026-08-21 04:06:18,AMB0091,REQ02926,13.038479,80.230813,46.7,135.0,EN_ROUTE_TO_PATIENT
2026-08-21 04:06:25,AMB0091,REQ02926,13.042407,80.228117,43.6,135.0,EN_ROUTE_TO_PATIENT
2026-08-21 04:06:29,AMB0091,REQ02926,13.04514,80.225754,45.8,135.0,EN_ROUTE_TO_PATIENT
2026-08-21 04:06:37,AMB0091,REQ02926,13.048397,80.223472,32.5,135.0,EN_ROUTE_TO_PATIENT
2026-08-21 04:06:44,AMB0091,REQ02926,13.052488,80.219992,47.6,135.0,EN_ROUTE_TO_PATIENT
2026-08-21 04:07:32,AMB0091,REQ02926,13.052607,80.220982,27.0,135.0,EN_ROUTE_TO_HOSPITAL
2026-08-21 04:07:39,AMB0091,REQ02926,13.058755,80.227182,48.6,135.0,EN_ROUTE_TO_HOSPITAL
2026-08-21 04:07:46,AMB0091,REQ02926,13.064858,80.232995,47.0,135.0,EN_ROUTE_TO_HOSPITAL
2026-08-21 04:07:54,AMB0091,REQ02926,13.070968,80.240048,50.6,135.0,EN_ROUTE_TO_HOSPITAL
2026-08-21 04:08:00,AMB0091,REQ02926,13.076618,80.246373,51.6,135.0,EN_ROUTE_TO_HOSPITAL
2026-08-21 04:08:06,AMB0091,REQ02926,13.083066,80.253382,36.7,135.0,EN_ROUTE_TO_HOSPITAL
2026-08-21 04:08:12,AMB0091,REQ02926,13.088913,80.259246,32.4,135.0,EN_ROUTE_TO_HOSPITAL
2026-08-21 04:08:19,AMB0091,REQ02926,13.095259,80.266047,38.1,135.0,EN_ROUTE_TO_HOSPITAL
2026-08-21 04:08:24,AMB0091,REQ02926,13.10112,80.272911,50.9,135.0,EN_ROUTE_TO_HOSPITAL
2026-08-21 04:08:30,AMB0091,REQ02926,13.107256,80.278904,25.5,135.0,EN_ROUTE_TO_HOSPITAL
2026-08-21 04:08:37,AMB0091,REQ02926,13.113587,80.285683,50.4,135.0,EN_ROUTE_TO_HOSPITAL
2026-08-21 16:56:34,AMB0058,REQ01247,13.057761,80.243345,29.0,135.0,EN_ROUTE_TO_PATIENT
2026-08-21 16:56:40,AMB0058,REQ01247,13.051008,80.244326,21.3,135.0,EN_ROUTE_TO_PATIENT
2026-08-21 16:56:46,AMB0058,REQ01247,13.045543,80.245393,40.1,135.0,EN_ROUTE_TO_PATIENT
2026-08-21 16:56:50,AMB0058,REQ01247,13.03907,80.2469,28.7,135.0,EN_ROUTE_TO_PATIENT
2026-08-21 16:56:58,AMB0058,REQ01247,13.033446,80.24739,21.7,135.0,EN_ROUTE_TO_PATIENT
2026-08-21 16:57:06,AMB0058,REQ01247,13.027702,80.249303,53.4,135.0,EN_ROUTE_TO_PATIENT
2026-08-21 16:57:14,AMB0058,REQ01247,13.022445,80.25013,22.8,135.0,EN_ROUTE_TO_PATIENT
2026-08-21 16:57:21,AMB0058,REQ01247,13.01559,80.250905,53.5,135.0,EN_ROUTE_TO_PATIENT
2026-08-21 16:57:28,AMB0058,REQ01247,13.010275,80.251682,43.9,135.0,EN_ROUTE_TO_PATIENT
2026-08-21 16:57:33,AMB0058,REQ01247,13.003872,80.253007,52.9,135.0,EN_ROUTE_TO_PATIENT
2026-08-21 16:57:37,AMB0058,REQ01247,12.997592,80.254433,51.5,135.0,EN_ROUTE_TO_PATIENT
2026-08-21 16:57:43,AMB0058,REQ01247,12.991847,80.255125,26.4,135.0,EN_ROUTE_TO_PATIENT
2026-08-21 16:57:48,AMB0058,REQ01247,12.986494,80.256464,43.2,135.0,EN_ROUTE_TO_PATIENT
2026-08-21 16:57:55,AMB0058,REQ01247,12.979956,80.257797,53.4,135.0,EN_ROUTE_TO_PATIENT
2026-08-21 16:58:01,AMB0058,REQ01247,12.974905,80.258415,28.8,135.0,EN_ROUTE_TO_PATIENT
2026-08-21 16:58:09,AMB0058,REQ01247,12.968668,80.259548,32.0,135.0,EN_ROUTE_TO_PATIENT
2026-08-21 16:58:13,AMB0058,REQ01247,12.962466,80.260818,23.7,135.0,EN_ROUTE_TO_PATIENT
2026-08-21 16:58:52,AMB0058,REQ01247,12.963016,80.260584,46.3,135.0,EN_ROUTE_TO_HOSPITAL
2026-08-21 16:58:56,AMB0058,REQ01247,12.966548,80.26086,47.8,135.0,EN_ROUTE_TO_HOSPITAL
2026-08-21 16:59:01,AMB0058,REQ01247,12.970067,80.258862,29.4,135.0,EN_ROUTE_TO_HOSPITAL
2026-08-21 16:59:05,AMB0058,REQ01247,12.973305,80.258033,35.8,135.0,EN_ROUTE_TO_HOSPITAL
2026-08-21 16:59:09,AMB0058,REQ01247,12.976714,80.257805,29.3,135.0,EN_ROUTE_TO_HOSPITAL
2026-08-21 16:59:14,AMB0058,REQ01247,12.980241,80.256844,35.0,135.0,EN_ROUTE_TO_HOSPITAL
2026-08-21 16:59:21,AMB0058,REQ01247,12.984526,80.256313,28.7,135.0,EN_ROUTE_TO_HOSPITAL
2026-08-21 16:59:28,AMB0058,REQ01247,12.98815,80.255417,31.0,135.0,EN_ROUTE_TO_HOSPITAL
2026-08-21 16:59:33,AMB0058,REQ01247,12.991235,80.254293,51.2,135.0,EN_ROUTE_TO_HOSPITAL
2026-08-21 16:59:39,AMB0058,REQ01247,12.995195,80.252965,38.0,135.0,EN_ROUTE_TO_HOSPITAL
2026-08-21 16:59:45,AMB0058,REQ01247,12.99899,80.252828,32.8,135.0,EN_ROUTE_TO_HOSPITAL
2026-08-21 16:59:50,AMB0058,REQ01247,13.002813,80.252007,53.4,135.0,EN_ROUTE_TO_HOSPITAL
2026-08-21 16:59:56,AMB0058,REQ01247,13.005858,80.25049,51.2,135.0,EN_ROUTE_TO_HOSPITAL
2026-08-20 17:56:48,AMB0070,REQ00841,13.044635,80.235036,38.7,135.0,EN_ROUTE_TO_PATIENT
2026-08-20 17:56:54,AMB0070,REQ00841,13.045906,80.231915,43.3,135.0,EN_ROUTE_TO_PATIENT
2026-08-20 17:57:01,AMB0070,REQ00841,13.047606,80.229712,31.3,135.0,EN_ROUTE_TO_PATIENT
2026-08-20 17:57:06,AMB0070,REQ00841,13.048384,80.22758,23.1,135.0,EN_ROUTE_TO_PATIENT
2026-08-20 17:57:10,AMB0070,REQ00841,13.049393,80.225174,53.1,135.0,EN_ROUTE_TO_PATIENT
2026-08-20 17:57:17,AMB0070,REQ00841,13.051309,80.221788,47.7,135.0,EN_ROUTE_TO_PATIENT
2026-08-20 17:57:22,AMB0070,REQ00841,13.052028,80.219124,54.6,135.0,EN_ROUTE_TO_PATIENT
2026-08-20 17:57:29,AMB0070,REQ00841,13.053542,80.217438,49.8,135.0,EN_ROUTE_TO_PATIENT
2026-08-20 17:57:36,AMB0070,REQ00841,13.055362,80.215032,50.8,135.0,EN_ROUTE_TO_PATIENT
2026-08-20 17:57:43,AMB0070,REQ00841,13.056073,80.212524,40.0,135.0,EN_ROUTE_TO_PATIENT
2026-08-20 17:57:51,AMB0070,REQ00841,13.058296,80.209683,51.4,135.0,EN_ROUTE_TO_PATIENT
2026-08-20 17:57:58,AMB0070,REQ00841,13.059315,80.207434,40.1,135.0,EN_ROUTE_TO_PATIENT
2026-08-20 17:58:03,AMB0070,REQ00841,13.060831,80.204276,47.3,135.0,EN_ROUTE_TO_PATIENT
2026-08-20 17:58:10,AMB0070,REQ00841,13.061398,80.202322,28.5,135.0,EN_ROUTE_TO_PATIENT
2026-08-20 17:58:14,AMB0070,REQ00841,13.062628,80.198785,38.7,135.0,EN_ROUTE_TO_PATIENT
2026-08-20 17:58:20,AMB0070,REQ00841,13.063798,80.197293,47.3,135.0,EN_ROUTE_TO_PATIENT
2026-08-20 17:59:36,AMB0070,REQ00841,13.064062,80.196507,41.7,135.0,EN_ROUTE_TO_HOSPITAL
2026-08-20 17:59:40,AMB0070,REQ00841,13.046846,80.197764,20.7,135.0,EN_ROUTE_TO_HOSPITAL
2026-08-20 17:59:46,AMB0070,REQ00841,13.029104,80.199988,27.7,135.0,EN_ROUTE_TO_HOSPITAL
2026-08-20 17:59:53,AMB0070,REQ00841,13.010491,80.201445,48.7,135.0,EN_ROUTE_TO_HOSPITAL
2026-08-20 18:00:00,AMB0070,REQ00841,12.992928,80.203023,44.2,135.0,EN_ROUTE_TO_HOSPITAL
2026-08-20 18:00:04,AMB0070,REQ00841,12.975677,80.204978,29.4,135.0,EN_ROUTE_TO_HOSPITAL
2026-08-20 18:00:10,AMB0070,REQ00841,12.957937,80.206186,50.0,135.0,EN_ROUTE_TO_HOSPITAL
2026-08-20 18:00:15,AMB0070,REQ00841,12.939804,80.207253,25.8,135.0,EN_ROUTE_TO_HOSPITAL
2026-08-20 18:00:20,AMB0070,REQ00841,12.922115,80.209111,28.8,135.0,EN_ROUTE_TO_HOSPITAL
2026-08-20 18:00:27,AMB0070,REQ00841,12.904445,80.210693,49.6,135.0,EN_ROUTE_TO_HOSPITAL
2026-08-20 18:00:34,AMB0070,REQ00841,12.885963,80.212347,45.0,135.0,EN_ROUTE_TO_HOSPITAL
2026-08-20 18:00:38,AMB0070,REQ00841,12.867745,80.213651,47.2,135.0,EN_ROUTE_TO_HOSPITAL
2026-08-20 18:00:45,AMB0070,REQ00841,12.850205,80.215804,28.8,135.0,EN_ROUTE_TO_HOSPITAL
2026-08-20 18:00:52,AMB0070,REQ00841,12.832989,80.216974,29.2,135.0,EN_ROUTE_TO_HOSPITAL
2026-08-20 18:00:57,AMB0070,REQ00841,12.814556,80.218849,36.3,135.0,EN_ROUTE_TO_HOSPITAL
2026-08-20 18:01:05,AMB0070,REQ00841,12.797128,80.220169,49.6,135.0,EN_ROUTE_TO_HOSPITAL
2026-08-09 02:42:48,AMB0106,REQ02431,12.958706,80.248049,54.5,135.0,EN_ROUTE_TO_PATIENT
2026-08-09 02:42:55,AMB0106,REQ02431,12.976815,80.250936,49.5,135.0,EN_ROUTE_TO_PATIENT
2026-08-09 02:43:03,AMB0106,REQ02431,12.995998,80.25393,34.0,135.0,EN_ROUTE_TO_PATIENT
2026-08-09 02:43:10,AMB0106,REQ02431,13.014204,80.256573,36.7,135.0,EN_ROUTE_TO_PATIENT
2026-08-09 02:43:15,AMB0106,REQ02431,13.032117,80.259228,46.4,135.0,EN_ROUTE_TO_PATIENT
2026-08-09 02:43:23,AMB0106,REQ02431,13.051086,80.262143,54.0,135.0,EN_ROUTE_TO_PATIENT
2026-08-09 02:43:30,AMB0106,REQ02431,13.069693,80.265178,46.8,135.0,EN_ROUTE_TO_PATIENT
2026-08-09 02:43:37,AMB0106,REQ02431,13.087784,80.267485,21.0,135.0,EN_ROUTE_TO_PATIENT
2026-08-09 02:43:41,AMB0106,REQ02431,13.106143,80.270032,47.0,135.0,EN_ROUTE_TO_PATIENT
2026-08-09 02:43:45,AMB0106,REQ02431,13.125137,80.27313,43.6,135.0,EN_ROUTE_TO_PATIENT
2026-08-09 02:43:51,AMB0106,REQ02431,13.143201,80.27516,54.4,135.0,EN_ROUTE_TO_PATIENT
2026-08-09 02:43:57,AMB0106,REQ02431,13.161829,80.278108,39.7,135.0,EN_ROUTE_TO_PATIENT
2026-08-09 02:45:32,AMB0106,REQ02431,13.162218,80.277913,54.6,135.0,EN_ROUTE_TO_HOSPITAL
2026-08-09 02:45:40,AMB0106,REQ02431,13.152199,80.272067,31.5,135.0,EN_ROUTE_TO_HOSPITAL
2026-08-09 02:45:46,AMB0106,REQ02431,13.141726,80.265474,37.6,135.0,EN_ROUTE_TO_HOSPITAL
2026-08-09 02:45:50,AMB0106,REQ02431,13.131947,80.260478,20.9,135.0,EN_ROUTE_TO_HOSPITAL
2026-08-09 02:45:58,AMB0106,REQ02431,13.121668,80.253728,35.2,135.0,EN_ROUTE_TO_HOSPITAL
2026-08-09 02:46:02,AMB0106,REQ02431,13.1111,80.247418,38.4,135.0,EN_ROUTE_TO_HOSPITAL
2026-08-09 02:46:06,AMB0106,REQ02431,13.101008,80.242148,40.0,135.0,EN_ROUTE_TO_HOSPITAL
2026-08-09 02:46:13,AMB0106,REQ02431,13.090644,80.236357,28.5,135.0,EN_ROUTE_TO_HOSPITAL
2026-08-09 02:46:17,AMB0106,REQ02431,13.081204,80.229764,52.3,135.0,EN_ROUTE_TO_HOSPITAL
2026-08-09 02:46:24,AMB0106,REQ02431,13.071458,80.223815,47.9,135.0,EN_ROUTE_TO_HOSPITAL
2026-08-09 02:46:30,AMB0106,REQ02431,13.060801,80.218337,41.7,135.0,EN_ROUTE_TO_HOSPITAL
2026-08-09 02:46:37,AMB0106,REQ02431,13.050614,80.212513,27.6,135.0,EN_ROUTE_TO_HOSPITAL
2026-08-06 02:41:12,AMB0119,REQ02499,12.920994,80.095806,24.1,135.0,EN_ROUTE_TO_PATIENT
2026-08-06 02:41:17,AMB0119,REQ02499,12.923594,80.114522,38.3,135.0,EN_ROUTE_TO_PATIENT
2026-08-06 02:41:25,AMB0119,REQ02499,12.926961,80.132933,33.9,135.0,EN_ROUTE_TO_PATIENT
2026-08-06 02:41:29,AMB0119,REQ02499,12.929633,80.151588,42.2,135.0,EN_ROUTE_TO_PATIENT
2026-08-06 02:41:33,AMB0119,REQ02499,12.931317,80.17023,53.9,135.0,EN_ROUTE_TO_PATIENT
2026-08-06 02:41:41,AMB0119,REQ02499,12.934887,80.188786,28.2,135.0,EN_ROUTE_TO_PATIENT
2026-08-06 02:41:47,AMB0119,REQ02499,12.93753,80.20764,45.3,135.0,EN_ROUTE_TO_PATIENT
2026-08-06 02:41:54,AMB0119,REQ02499,12.939743,80.225159,47.3,135.0,EN_ROUTE_TO_PATIENT
2026-08-06 02:41:59,AMB0119,REQ02499,12.941996,80.243665,45.9,135.0,EN_ROUTE_TO_PATIENT
2026-08-06 02:42:03,AMB0119,REQ02499,12.944456,80.262302,25.0,135.0,EN_ROUTE_TO_PATIENT
2026-08-06 02:42:54,AMB0119,REQ02499,12.944667,80.263143,25.5,135.0,EN_ROUTE_TO_HOSPITAL
2026-08-06 02:42:58,AMB0119,REQ02499,12.963084,80.264991,38.3,135.0,EN_ROUTE_TO_HOSPITAL
2026-08-06 02:43:03,AMB0119,REQ02499,12.980643,80.268029,37.4,135.0,EN_ROUTE_TO_HOSPITAL
2026-08-06 02:43:10,AMB0119,REQ02499,12.999405,80.270974,23.7,135.0,EN_ROUTE_TO_HOSPITAL
2026-08-06 02:43:18,AMB0119,REQ02499,13.016568,80.273508,24.3,135.0,EN_ROUTE_TO_HOSPITAL
2026-08-06 02:43:24,AMB0119,REQ02499,13.035399,80.275995,30.4,135.0,EN_ROUTE_TO_HOSPITAL
2026-08-06 02:43:29,AMB0119,REQ02499,13.052744,80.278028,42.4,135.0,EN_ROUTE_TO_HOSPITAL
2026-08-06 02:43:34,AMB0119,REQ02499,13.070958,80.281716,20.8,135.0,EN_ROUTE_TO_HOSPITAL
2026-08-06 02:43:38,AMB0119,REQ02499,13.088697,80.284375,21.2,135.0,EN_ROUTE_TO_HOSPITAL
2026-08-06 02:43:42,AMB0119,REQ02499,13.107171,80.285937,34.0,135.0,EN_ROUTE_TO_HOSPITAL
2026-08-12 21:33:54,AMB0108,REQ00963,12.95908,80.244899,22.6,135.0,EN_ROUTE_TO_PATIENT
2026-08-12 21:34:01,AMB0108,REQ00963,12.966443,80.24592,52.7,135.0,EN_ROUTE_TO_PATIENT
2026-08-12 21:34:07,AMB0108,REQ00963,12.975501,80.24731,27.9,135.0,EN_ROUTE_TO_PATIENT
2026-08-12 21:34:13,AMB0108,REQ00963,12.984093,80.248209,28.9,135.0,EN_ROUTE_TO_PATIENT
2026-08-12 21:34:18,AMB0108,REQ00963,12.991685,80.249455,35.2,135.0,EN_ROUTE_TO_PATIENT
2026-08-12 21:34:23,AMB0108,REQ00963,13.000307,80.250965,42.6,135.0,EN_ROUTE_TO_PATIENT
2026-08-12 21:34:30,AMB0108,REQ00963,13.00833,80.251724,26.4,135.0,EN_ROUTE_TO_PATIENT
2026-08-12 21:34:37,AMB0108,REQ00963,13.017162,80.253325,41.9,135.0,EN_ROUTE_TO_PATIENT
2026-08-12 21:34:44,AMB0108,REQ00963,13.025892,80.2541,54.6,135.0,EN_ROUTE_TO_PATIENT
2026-08-12 21:34:50,AMB0108,REQ00963,13.033847,80.256369,31.4,135.0,EN_ROUTE_TO_PATIENT
2026-08-12 21:35:52,AMB0108,REQ00963,13.033483,80.256017,48.7,135.0,EN_ROUTE_TO_HOSPITAL
2026-08-12 21:35:59,AMB0108,REQ00963,13.027383,80.251332,27.2,135.0,EN_ROUTE_TO_HOSPITAL
2026-08-12 21:36:05,AMB0108,REQ00963,13.021896,80.248435,49.8,135.0,EN_ROUTE_TO_HOSPITAL
2026-08-12 21:36:10,AMB0108,REQ00963,13.016149,80.243791,31.6,135.0,EN_ROUTE_TO_HOSPITAL
2026-08-12 21:36:15,AMB0108,REQ00963,13.009485,80.240556,44.6,135.0,EN_ROUTE_TO_HOSPITAL
2026-08-12 21:36:20,AMB0108,REQ00963,13.004098,80.236043,36.0,135.0,EN_ROUTE_TO_HOSPITAL
2026-08-12 21:36:27,AMB0108,REQ00963,12.998161,80.232776,29.2,135.0,EN_ROUTE_TO_HOSPITAL
2026-08-12 21:36:35,AMB0108,REQ00963,12.992084,80.228768,50.1,135.0,EN_ROUTE_TO_HOSPITAL
2026-08-12 21:36:42,AMB0108,REQ00963,12.985432,80.224124,34.9,135.0,EN_ROUTE_TO_HOSPITAL
2026-08-12 21:36:49,AMB0108,REQ00963,12.979311,80.221231,51.7,135.0,EN_ROUTE_TO_HOSPITAL
2026-08-07 02:08:52,AMB0012,REQ02813,13.161264,80.201253,46.4,135.0,EN_ROUTE_TO_PATIENT
2026-08-07 02:08:56,AMB0012,REQ02813,13.157389,80.205869,29.0,135.0,EN_ROUTE_TO_PATIENT
2026-08-07 02:09:04,AMB0012,REQ02813,13.154957,80.21047,27.5,135.0,EN_ROUTE_TO_PATIENT
2026-08-07 02:09:12,AMB0012,REQ02813,13.151507,80.215324,47.2,135.0,EN_ROUTE_TO_PATIENT
2026-08-07 02:09:20,AMB0012,REQ02813,13.147953,80.220055,52.2,135.0,EN_ROUTE_TO_PATIENT
2026-08-07 02:09:24,AMB0012,REQ02813,13.145409,80.224237,42.8,135.0,EN_ROUTE_TO_PATIENT
2026-08-07 02:09:32,AMB0012,REQ02813,13.142612,80.229301,35.1,135.0,EN_ROUTE_TO_PATIENT
2026-08-07 02:09:40,AMB0012,REQ02813,13.139431,80.234637,34.6,135.0,EN_ROUTE_TO_PATIENT
2026-08-07 02:09:46,AMB0012,REQ02813,13.135482,80.239102,48.7,135.0,EN_ROUTE_TO_PATIENT
2026-08-07 02:09:52,AMB0012,REQ02813,13.132747,80.243954,30.5,135.0,EN_ROUTE_TO_PATIENT
2026-08-07 02:09:58,AMB0012,REQ02813,13.130094,80.249074,42.1,135.0,EN_ROUTE_TO_PATIENT
2026-08-07 02:10:03,AMB0012,REQ02813,13.126366,80.252905,44.8,135.0,EN_ROUTE_TO_PATIENT
2026-08-07 02:10:10,AMB0012,REQ02813,13.122821,80.258789,37.4,135.0,EN_ROUTE_TO_PATIENT
2026-08-07 02:10:14,AMB0012,REQ02813,13.120391,80.263482,53.0,135.0,EN_ROUTE_TO_PATIENT
2026-08-07 02:10:22,AMB0012,REQ02813,13.117533,80.268409,21.7,135.0,EN_ROUTE_TO_PATIENT
2026-08-07 02:11:31,AMB0012,REQ02813,13.11765,80.268186,53.3,135.0,EN_ROUTE_TO_HOSPITAL
2026-08-07 02:11:38,AMB0012,REQ02813,13.105647,80.258024,45.8,135.0,EN_ROUTE_TO_HOSPITAL
2026-08-07 02:11:46,AMB0012,REQ02813,13.093993,80.24947,38.6,135.0,EN_ROUTE_TO_HOSPITAL
2026-08-07 02:11:54,AMB0012,REQ02813,13.082877,80.239503,47.2,135.0,EN_ROUTE_TO_HOSPITAL
2026-08-07 02:12:02,AMB0012,REQ02813,13.070861,80.230291,55.0,135.0,EN_ROUTE_TO_HOSPITAL
2026-08-07 02:12:10,AMB0012,REQ02813,13.059684,80.221227,46.8,135.0,EN_ROUTE_TO_HOSPITAL
2026-08-07 02:12:18,AMB0012,REQ02813,13.048032,80.211704,31.6,135.0,EN_ROUTE_TO_HOSPITAL
2026-08-07 02:12:25,AMB0012,REQ02813,13.03628,80.202854,36.0,135.0,EN_ROUTE_TO_HOSPITAL
2026-08-07 02:12:32,AMB0012,REQ02813,13.023772,80.193864,44.9,135.0,EN_ROUTE_TO_HOSPITAL
2026-08-07 02:12:39,AMB0012,REQ02813,13.012905,80.184131,41.8,135.0,EN_ROUTE_TO_HOSPITAL
2026-08-07 02:12:43,AMB0012,REQ02813,13.000975,80.174384,30.1,135.0,EN_ROUTE_TO_HOSPITAL
2026-08-07 02:12:49,AMB0012,REQ02813,12.989819,80.165221,48.7,135.0,EN_ROUTE_TO_HOSPITAL
2026-08-07 02:12:53,AMB0012,REQ02813,12.978387,80.15659,44.9,135.0,EN_ROUTE_TO_HOSPITAL
2026-08-07 02:13:01,AMB0012,REQ02813,12.96594,80.147104,50.9,135.0,EN_ROUTE_TO_HOSPITAL
2026-08-07 02:13:06,AMB0012,REQ02813,12.954684,80.137684,37.0,135.0,EN_ROUTE_TO_HOSPITAL
2026-08-07 02:13:12,AMB0012,REQ02813,12.94337,80.128316,41.0,135.0,EN_ROUTE_TO_HOSPITAL
2026-08-29 15:30:38,AMB0046,REQ01809,13.10739,80.097175,44.4,135.0,EN_ROUTE_TO_PATIENT
2026-08-29 15:30:45,AMB0046,REQ01809,13.103644,80.116179,37.1,135.0,EN_ROUTE_TO_PATIENT
2026-08-29 15:30:53,AMB0046,REQ01809,13.097865,80.135914,23.8,135.0,EN_ROUTE_TO_PATIENT
2026-08-29 15:31:01,AMB0046,REQ01809,13.093788,80.15532,46.0,135.0,EN_ROUTE_TO_PATIENT
2026-08-29 15:31:05,AMB0046,REQ01809,13.089208,80.174293,28.6,135.0,EN_ROUTE_TO_PATIENT
2026-08-29 15:31:11,AMB0046,REQ01809,13.083493,80.193724,35.4,135.0,EN_ROUTE_TO_PATIENT
2026-08-29 15:31:17,AMB0046,REQ01809,13.079351,80.212719,23.5,135.0,EN_ROUTE_TO_PATIENT
2026-08-29 15:31:21,AMB0046,REQ01809,13.074621,80.232722,27.1,135.0,EN_ROUTE_TO_PATIENT
2026-08-29 15:31:28,AMB0046,REQ01809,13.069951,80.251812,52.8,135.0,EN_ROUTE_TO_PATIENT
2026-08-29 15:32:30,AMB0046,REQ01809,13.069804,80.251367,54.8,135.0,EN_ROUTE_TO_HOSPITAL
2026-08-29 15:32:34,AMB0046,REQ01809,13.067913,80.247544,52.3,135.0,EN_ROUTE_TO_HOSPITAL
2026-08-29 15:32:39,AMB0046,REQ01809,13.06554,80.243006,40.1,135.0,EN_ROUTE_TO_HOSPITAL
2026-08-29 15:32:44,AMB0046,REQ01809,13.063172,80.237867,38.6,135.0,EN_ROUTE_TO_HOSPITAL
2026-08-29 15:32:48,AMB0046,REQ01809,13.061572,80.23392,34.1,135.0,EN_ROUTE_TO_HOSPITAL
2026-08-29 15:32:52,AMB0046,REQ01809,13.058942,80.230067,29.1,135.0,EN_ROUTE_TO_HOSPITAL
2026-08-29 15:32:57,AMB0046,REQ01809,13.057434,80.225293,42.1,135.0,EN_ROUTE_TO_HOSPITAL
2026-08-29 15:33:02,AMB0046,REQ01809,13.055443,80.221256,25.2,135.0,EN_ROUTE_TO_HOSPITAL
2026-08-29 15:33:08,AMB0046,REQ01809,13.053306,80.21634,53.6,135.0,EN_ROUTE_TO_HOSPITAL
2026-08-29 15:33:13,AMB0046,REQ01809,13.050006,80.212203,42.3,135.0,EN_ROUTE_TO_HOSPITAL
2026-08-17 20:30:57,AMB0090,REQ01987,13.019976,80.179294,50.6,135.0,EN_ROUTE_TO_PATIENT
2026-08-17 20:31:01,AMB0090,REQ01987,13.010634,80.179654,24.3,135.0,EN_ROUTE_TO_PATIENT
2026-08-17 20:31:07,AMB0090,REQ01987,13.002032,80.180396,20.5,135.0,EN_ROUTE_TO_PATIENT
2026-08-17 20:31:12,AMB0090,REQ01987,12.99425,80.181093,46.9,135.0,EN_ROUTE_TO_PATIENT
2026-08-17 20:31:18,AMB0090,REQ01987,12.985678,80.182058,43.8,135.0,EN_ROUTE_TO_PATIENT
2026-08-17 20:31:26,AMB0090,REQ01987,12.977051,80.182647,34.7,135.0,EN_ROUTE_TO_PATIENT
2026-08-17 20:31:30,AMB0090,REQ01987,12.967509,80.182882,42.2,135.0,EN_ROUTE_TO_PATIENT
2026-08-17 20:31:36,AMB0090,REQ01987,12.95921,80.18345,22.7,135.0,EN_ROUTE_TO_PATIENT
2026-08-17 20:31:41,AMB0090,REQ01987,12.950883,80.184519,32.6,135.0,EN_ROUTE_TO_PATIENT
2026-08-17 20:31:47,AMB0090,REQ01987,12.94276,80.185187,36.9,135.0,EN_ROUTE_TO_PATIENT
2026-08-17 20:31:55,AMB0090,REQ01987,12.933541,80.184967,29.5,135.0,EN_ROUTE_TO_PATIENT
2026-08-17 20:31:59,AMB0090,REQ01987,12.924692,80.186194,29.9,135.0,EN_ROUTE_TO_PATIENT
2026-08-17 20:32:06,AMB0090,REQ01987,12.917034,80.185989,30.0,135.0,EN_ROUTE_TO_PATIENT
2026-08-17 20:33:03,AMB0090,REQ01987,12.916101,80.185984,32.1,135.0,EN_ROUTE_TO_HOSPITAL
2026-08-17 20:33:10,AMB0090,REQ01987,12.91593,80.189431,38.5,135.0,EN_ROUTE_TO_HOSPITAL
2026-08-17 20:33:16,AMB0090,REQ01987,12.915205,80.193494,37.5,135.0,EN_ROUTE_TO_HOSPITAL
2026-08-17 20:33:23,AMB0090,REQ01987,12.914017,80.196118,46.9,135.0,EN_ROUTE_TO_HOSPITAL
2026-08-17 20:33:30,AMB0090,REQ01987,12.91331,80.199414,48.4,135.0,EN_ROUTE_TO_HOSPITAL
2026-08-17 20:33:35,AMB0090,REQ01987,12.912293,80.202445,30.6,135.0,EN_ROUTE_TO_HOSPITAL
2026-08-17 20:33:41,AMB0090,REQ01987,12.911805,80.205898,37.5,135.0,EN_ROUTE_TO_HOSPITAL
2026-08-17 20:33:49,AMB0090,REQ01987,12.910264,80.209567,39.4,135.0,EN_ROUTE_TO_HOSPITAL
2026-08-17 20:33:54,AMB0090,REQ01987,12.909101,80.212251,27.0,135.0,EN_ROUTE_TO_HOSPITAL
2026-08-17 20:33:58,AMB0090,REQ01987,12.909423,80.215295,40.1,135.0,EN_ROUTE_TO_HOSPITAL
2026-08-17 20:34:04,AMB0090,REQ01987,12.908385,80.218732,53.9,135.0,EN_ROUTE_TO_HOSPITAL
2026-08-17 20:34:10,AMB0090,REQ01987,12.907274,80.222526,28.7,135.0,EN_ROUTE_TO_HOSPITAL
2026-08-17 20:34:16,AMB0090,REQ01987,12.906844,80.224789,49.1,135.0,EN_ROUTE_TO_HOSPITAL
2026-08-17 20:34:21,AMB0090,REQ01987,12.904984,80.228219,36.3,135.0,EN_ROUTE_TO_HOSPITAL
