assignment_id,request_id,ambulance_id,attempt_number,assigned_at,response_time_sec,response,status
ASG00001,REQ00001,AMB0009,1,2026-08-27 10:52:29,19,ACCEPTED,ASSIGNMENT_CONFIRMED
ASG00002,REQ00002,AMB0022,1,2026-08-31 02:05:53,12,TIMEOUT,FALLBACK_TRIGGERED
ASG00003,REQ00002,AMB0057,2,2026-08-31 02:06:07,4,ACCEPTED,ASSIGNMENT_CONFIRMED
ASG00004,REQ00003,AMB0032,1,2026-09-05 17:21:42,4,ACCEPTED,ASSIGNMENT_CONFIRMED
ASG00005,REQ00004,AMB0021,1,2026-08-23 03:36:32,12,TIMEOUT,FALLBACK_TRIGGERED
ASG00006,REQ00004,AMB0092,2,2026-08-23 03:36:46,8,ACCEPTED,ASSIGNMENT_CONFIRMED
ASG00007,REQ00005,AMB0098,1,2026-08-15 13:54:35,13,ACCEPTED,ASSIGNMENT_CONFIRMED
ASG00008,REQ00006,AMB0119,1,2026-08-18 00:11:17,13,ACCEPTED,ASSIGNMENT_CONFIRMED
ASG00009,REQ00007,AMB0053,1,2026-08-10 23:40:01,10,ACCEPTED,ASSIGNMENT_CONFIRMED
ASG00010,REQ00008,AMB0123,1,2026-09-06 19:05:56,7,ACCEPTED,ASSIGNMENT_CONFIRMED
ASG00011,REQ00009,AMB0093,1,2026-09-08 14:26:17,11,REJECTED,FALLBACK_TRIGGERED
ASG00012,REQ00009,AMB0063,2,2026-09-08 14:26:30,12,ACCEPTED,ASSIGNMENT_CONFIRMED
ASG00013,REQ00010,AMB0116,1,2026-08-15 12:38:03,9,TIMEOUT,FALLBACK_TRIGGERED
ASG00014,REQ00010,AMB0120,2,2026-08-15 12:38:14,4,ACCEPTED,ASSIGNMENT_CONFIRMED
ASG00015,REQ00011,AMB0012,1,2026-09-01 23:27:11,27,ACCEPTED,ASSIGNMENT_CONFIRMED
ASG00016,REQ00012,AMB0078,1,2026-08-03 13:01:29,11,ACCEPTED,ASSIGNMENT_CONFIRMED
ASG00017,REQ00013,AMB0128,1,2026-08-21 05:51:39,15,ACCEPTED,ASSIGNMENT_CONFIRMED
ASG00018,REQ00014,AMB0092,1,2026-09-03 02:25:55,30,TIMEOUT,FALLBACK_TRIGGERED
ASG00019,REQ00014,AMB0018,2,2026-09-03 02:26:27,27,ACCEPTED,ASSIGNMENT_CONFIRMED
ASG00020,REQ00015,AMB0130,1,2026-08-13 11:22:46,6,ACCEPTED,ASSIGNMENT_CONFIRMED
ASG00021,REQ00016,AMB0122,1,2026-08-05 05:49:40,20,TIMEOUT,FALLBACK_TRIGGERED
ASG00022,REQ00016,AMB0014,2,2026-08-05 05:50:02,26,ACCEPTED,ASSIGNMENT_CONFIRMED
ASG00023,REQ00017,AMB0034,1,2026-08-10 14:04:30,7,TIMEOUT,FALLBACK_TRIGGERED
ASG00024,REQ00017,AMB0040,2,2026-08-10 14:04:39,19,TIMEOUT,FALLBACK_TRIGGERED
ASG00025,REQ00017,AMB0056,3,2026-08-10 14:05:00,18,ACCEPTED,ASSIGNMENT_CONFIRMED
ASG00026,REQ00018,AMB0057,1,2026-08-03 01:23:53,20,ACCEPTED,ASSIGNMENT_CONFIRMED
ASG00027,REQ00019,AMB0074,1,2026-08-03 14:58:51,22,ACCEPTED,ASSIGNMENT_CONFIRMED
ASG00028,REQ00021,AMB0054,1,2026-08-24 09:24:26,10,REJECTED,FALLBACK_TRIGGERED
ASG00029,REQ00021,AMB0042,2,2026-08-24 09:24:38,9,ACCEPTED,ASSIGNMENT_CONFIRMED
ASG00030,REQ00022,AMB0083,1,2026-08-25 09:16:46,12,ACCEPTED,ASSIGNMENT_CONFIRMED
ASG00031,REQ00023,AMB0113,1,2026-08-23 09:41:44,4,ACCEPTED,ASSIGNMENT_CONFIRMED
ASG00032,REQ00024,AMB0053,1,2026-08-09 21:44:53,25,ACCEPTED,ASSIGNMENT_CONFIRMED
ASG00033,REQ00025,AMB0080,1,2026-08-20 05:13:21,27,ACCEPTED,ASSIGNMENT_CONFIRMED
ASG00034,REQ00026,AMB0056,1,2026-09-02 17:53:47,29,TIMEOUT,FALLBACK_TRIGGERED
ASG00035,REQ00026,AMB0119,2,2026-09-02 17:54:18,13,TIMEOUT,FALLBACK_TRIGGERED
ASG00036,REQ00026,AMB0121,3,2026-09-02 17:54:33,27,ACCEPTED,ASSIGNMENT_CONFIRMED
ASG00037,REQ00027,AMB0066,1,2026-08-12 22:49:39,4,TIMEOUT,FALLBACK_TRIGGERED
ASG00038,REQ00027,AMB0005,2,2026-08-12 22:49:45,11,ACCEPTED,ASSIGNMENT_CONFIRMED
ASG00039,REQ00028,AMB0106,1,2026-08-29 07:34:15,28,TIMEOUT,FALLBACK_TRIGGERED
ASG00040,REQ00029,AMB0001,1,2026-08-29 14:49:18,25,ACCEPTED,ASSIGNMENT_CONFIRMED
ASG00041,REQ00030,AMB0097,1,2026-08-17 01:41:30,26,REJECTED,FALLBACK_TRIGGERED
ASG00042,REQ00030,AMB0042,2,2026-08-17 01:41:58,21,REJECTED,FALLBACK_TRIGGERED
ASG00043,REQ00030,AMB0031,3,2026-08-17 01:42:21,9,REJECTED,FALLBACK_TRIGGERED
ASG00044,REQ00031,AMB0055,1,2026-08-18 14:57:32,20,ACCEPTED,ASSIGNMENT_CONFIRMED
ASG00045,REQ00032,AMB0043,1,2026-08-27 01:25:32,19,ACCEPTED,ASSIGNMENT_CONFIRMED
ASG00046,REQ00033,AMB0067,1,2026-08-22 04:08:02,28,ACCEPTED,ASSIGNMENT_CONFIRMED
ASG00047,REQ00034,AMB0110,1,2026-08-06 00:16:13,12,ACCEPTED,ASSIGNMENT_CONFIRMED
ASG00048,REQ00035,AMB0056,1,2026-08-08 01:15:26,23,REJECTED,FALLBACK_TRIGGERED
ASG00049,REQ00035,AMB0051,2,2026-08-08 01:15:51,4,TIMEOUT,FALLBACK_TRIGGERED
ASG00050,REQ00036,AMB0093,1,2026-09-02 18:15:45,24,TIMEOUT,FALLBACK_TRIGGERED
ASG00051,REQ00036,AMB0043,2,2026-09-02 18:16:11,25,ACCEPTED,ASSIGNMENT_CONFIRMED
ASG00052,REQ00037,AMB0103,1,2026-09-03 11:04:33,16,TIMEOUT,FALLBACK_TRIGGERED
ASG00053,REQ00037,AMB0009,2,2026-09-03 11:04:51,12,ACCEPTED,ASSIGNMENT_CONFIRMED
ASG00054,REQ00038,AMB0060,1,2026-08-24 08:47:01,7,ACCEPTED,ASSIGNMENT_CONFIRMED
ASG00055,REQ00039,AMB0065,1,2026-08-22 04:02:22,24,ACCEPTED,ASSIGNMENT_CONFIRMED
ASG00056,REQ00040,AMB0053,1,2026-08-12 04:04:45,14,TIMEOUT,FALLBACK_TRIGGERED
ASG00057,REQ00040,AMB0024,2,2026-08-12 04:05:01,7,ACCEPTED,ASSIGNMENT_CONFIRMED
ASG00058,REQ00041,AMB0080,1,2026-08-20 16:25:52,29,TIMEOUT,FALLBACK_TRIGGERED
ASG00059,REQ00041,AMB0090,2,2026-08-20 16:26:23,7,REJECTED,FALLBACK_TRIGGERED
ASG00060,REQ00041,AMB0067,3,2026-08-20 16:26:32,9,ACCEPTED,ASSIGNMENT_CONFIRMED
ASG00061,REQ00042,AMB0100,1,2026-08-22 08:07:51,27,REJECTED,FALLBACK_TRIGGERED
ASG00062,REQ00043,AMB0023,1,2026-09-01 11:59:51,19,ACCEPTED,ASSIGNMENT_CONFIRMED
ASG00063,REQ00044,AMB0005,1,2026-08-06 10:42:18,13,REJECTED,FALLBACK_TRIGGERED
ASG00064,REQ00044,AMB0097,2,2026-08-06 10:42:33,12,ACCEPTED,ASSIGNMENT_CONFIRMED
ASG00065,REQ00045,AMB0025,1,2026-08-23 19:27:17,6,ACCEPTED,ASSIGNMENT_CONFIRMED
ASG00066,REQ00046,AMB0087,1,2026-08-11 00:09:54,22,ACCEPTED,ASSIGNMENT_CONFIRMED
ASG00067,REQ00047,AMB0093,1,2026-08-03 19:09:43,27,ACCEPTED,ASSIGNMENT_CONFIRMED
ASG00068,REQ00048,AMB0096,1,2026-08-18 07:07:01,22,TIMEOUT,FALLBACK_TRIGGERED
ASG00069,REQ00048,AMB0043,2,2026-08-18 07:07:25,6,REJECTED,FALLBACK_TRIGGERED
ASG00070,REQ00048,AMB0128,3,2026-08-18 07:07:33,22,ACCEPTED,ASSIGNMENT_CONFIRMED
ASG00071,REQ00049,AMB0027,1,2026-08-14 19:18:44,10,TIMEOUT,FALLBACK_TRIGGERED
ASG00072,REQ00049,AMB0050,2,2026-08-14 19:18:56,26,TIMEOUT,FALLBACK_TRIGGERED
ASG00073,REQ00050,AMB0128,1,2026-08-06 21:54:20,9,ACCEPTED,ASSIGNMENT_CONFIRMED
ASG00074,REQ00051,AMB0119,1,2026-08-12 11:32:14,17,ACCEPTED,ASSIGNMENT_CONFIRMED
ASG00075,REQ00052,AMB0122,1,2026-08-30 17:08:39,19,ACCEPTED,ASSIGNMENT_CONFIRMED
ASG00076,REQ00053,AMB0054,1,2026-09-06 02:08:20,15,ACCEPTED,ASSIGNMENT_CONFIRMED
ASG00077,REQ00055,AMB0109,1,2026-08-19 02:16:12,6,REJECTED,FALLBACK_TRIGGERED
ASG00078,REQ00055,AMB0080,2,2026-08-19 02:16:20,6,ACCEPTED,ASSIGNMENT_CONFIRMED
ASG00079,REQ00056,AMB0019,1,2026-09-07 18:09:10,22,TIMEOUT,FALLBACK_TRIGGERED
ASG00080,REQ00057,AMB0007,1,2026-08-03 20:49:36,21,ACCEPTED,ASSIGNMENT_CONFIRMED
ASG00081,REQ00058,AMB0077,1,2026-08-19 20:19:30,9,ACCEPTED,ASSIGNMENT_CONFIRMED
ASG00082,REQ00060,AMB0126,1,2026-08-24 16:35:06,8,ACCEPTED,ASSIGNMENT_CONFIRMED
ASG00083,REQ00061,AMB0004,1,2026-08-27 07:55:57,25,ACCEPTED,ASSIGNMENT_CONFIRMED
ASG00084,REQ00062,AMB0104,1,2026-09-01 09:31:01,7,TIMEOUT,FALLBACK_TRIGGERED
ASG00085,REQ00062,AMB0008,2,2026-09-01 09:31:10,5,ACCEPTED,ASSIGNMENT_CONFIRMED
ASG00086,REQ00063,AMB0021,1,2026-09-08 20:43:30,11,ACCEPTED,ASSIGNMENT_CONFIRMED
ASG00087,REQ00064,AMB0086,1,2026-08-24 01:25:03,13,ACCEPTED,ASSIGNMENT_CONFIRMED
ASG00088,REQ00065,AMB0001,1,2026-08-08 04:06:25,13,ACCEPTED,ASSIGNMENT_CONFIRMED
ASG00089,REQ00066,AMB0051,1,2026-09-02 01:02:02,17,ACCEPTED,ASSIGNMENT_CONFIRMED
ASG00090,REQ00067,AMB0128,1,2026-08-21 05:25:39,23,REJECTED,FALLBACK_TRIGGERED
ASG00091,REQ00067,AMB0020,2,2026-08-21 05:26:04,12,REJECTED,FALLBACK_TRIGGERED
ASG00092,REQ00067,AMB0023,3,2026-08-21 05:26:18,4,TIMEOUT,FALLBACK_TRIGGERED
ASG00093,REQ00068,AMB0099,1,2026-08-31 00:23:21,28,ACCEPTED,ASSIGNMENT_CONFIRMED
ASG00094,REQ00069,AMB0065,1,2026-09-07 18:14:46,30,TIMEOUT,FALLBACK_TRIGGERED
ASG00095,REQ00069,AMB0005,2,2026-09-07 18:15:18,13,ACCEPTED,ASSIGNMENT_CONFIRMED
ASG00096,REQ00070,AMB0023,1,2026-08-03 18:44:07,14,TIMEOUT,FALLBACK_TRIGGERED
ASG00097,REQ00070,AMB0058,2,2026-08-03 18:44:23,20,ACCEPTED,ASSIGNMENT_CONFIRMED
ASG00098,REQ00072,AMB0007,1,2026-08-12 14:58:34,16,ACCEPTED,ASSIGNMENT_CONFIRMED
ASG00099,REQ00073,AMB0098,1,2026-08-16 08:35:19,18,ACCEPTED,ASSIGNMENT_CONFIRMED
ASG00100,REQ00074,AMB0100,1,2026-08-31 11:35:59,18,ACCEPTED,ASSIGNMENT_CONFIRMED
ASG00101,REQ00075,AMB0010,1,2026-08-23 04:18:02,22,ACCEPTED,ASSIGNMENT_CONFIRMED
ASG00102,REQ00076,AMB0031,1,2026-09-04 08:59:35,5,ACCEPTED,ASSIGNMENT_CONFIRMED
ASG00103,REQ00077,AMB0050,1,2026-08-15 20:14:03,18,REJECTED,FALLBACK_TRIGGERED
ASG00104,REQ00077,AMB0111,2,2026-08-15 20:14:23,13,ACCEPTED,ASSIGNMENT_CONFIRMED
ASG00105,REQ00078,AMB0045,1,2026-08-11 13:41:59,5,ACCEPTED,ASSIGNMENT_CONFIRMED
ASG00106,REQ00080,AMB0100,1,2026-08-03 12:50:31,22,ACCEPTED,ASSIGNMENT_CONFIRMED
ASG00107,REQ00082,AMB0041,1,2026-08-08 10:10:46,12,ACCEPTED,ASSIGNMENT_CONFIRMED
ASG00108,REQ00083,AMB0121,1,2026-08-12 19:54:40,7,TIMEOUT,FALLBACK_TRIGGERED
ASG00109,REQ00083,AMB0093,2,2026-08-12 19:54:49,25,ACCEPTED,ASSIGNMENT_CONFIRMED
ASG00110,REQ00084,AMB0051,1,2026-08-21 07:00:16,9,ACCEPTED,ASSIGNMENT_CONFIRMED
ASG00111,REQ00086,AMB0126,1,2026-08-19 11:39:14,18,REJECTED,FALLBACK_TRIGGERED
ASG00112,REQ00086,AMB0031,2,2026-08-19 11:39:34,7,ACCEPTED,ASSIGNMENT_CONFIRMED
ASG00113,REQ00087,AMB0079,1,2026-08-31 17:51:42,25,ACCEPTED,ASSIGNMENT_CONFIRMED
ASG00114,REQ00088,AMB0120,1,2026-08-24 02:58:36,25,ACCEPTED,ASSIGNMENT_CONFIRMED
ASG00115,REQ00089,AMB0047,1,2026-09-03 14:07:43,27,ACCEPTED,ASSIGNMENT_CONFIRMED
ASG00116,REQ00090,AMB0106,1,2026-08-30 18:03:35,4,TIMEOUT,FALLBACK_TRIGGERED
ASG00117,REQ00090,AMB0131,2,2026-08-30 18:03:41,14,ACCEPTED,ASSIGNMENT_CONFIRMED
ASG00118,REQ00091,AMB0108,1,2026-08-03 13:22:44,28,ACCEPTED,ASSIGNMENT_CONFIRMED
ASG00119,REQ00092,AMB0088,1,2026-08-09 20:46:41,25,ACCEPTED,ASSIGNMENT_CONFIRMED
ASG00120,REQ00093,AMB0052,1,2026-09-04 04:41:55,15,ACCEPTED,ASSIGNMENT_CONFIRMED
ASG00121,REQ00094,AMB0123,1,2026-08-20 14:43:46,30,ACCEPTED,ASSIGNMENT_CONFIRMED
ASG00122,REQ00095,AMB0076,1,2026-08-08 01:51:42,30,REJECTED,FALLBACK_TRIGGERED
ASG00123,REQ00095,AMB0050,2,2026-08-08 01:52:14,17,ACCEPTED,ASSIGNMENT_CONFIRMED
ASG00124,REQ00096,AMB0128,1,2026-08-29 19:43:45,5,ACCEPTED,ASSIGNMENT_CONFIRMED
ASG00125,REQ00097,AMB0052,1,2026-08-04 04:32:18,8,ACCEPTED,ASSIGNMENT_CONFIRMED
ASG00126,REQ00098,AMB0127,1,2026-09-03 07:26:19,25,ACCEPTED,ASSIGNMENT_CONFIRMED
ASG00127,REQ00099,AMB0090,1,2026-09-01 01:22:41,23,ACCEPTED,ASSIGNMENT_CONFIRMED
ASG00128,REQ00100,AMB0068,1,2026-09-04 15:15:54,27,ACCEPTED,ASSIGNMENT_CONFIRMED
ASG00129,REQ00102,AMB0114,1,2026-08-13 01:17:24,24,ACCEPTED,ASSIGNMENT_CONFIRMED
ASG00130,REQ00103,AMB0099,1,2026-08-22 09:58:00,23,TIMEOUT,FALLBACK_TRIGGERED
ASG00131,REQ00103,AMB0068,2,2026-08-22 09:58:25,18,ACCEPTED,ASSIGNMENT_CONFIRMED
ASG00132,REQ00104,AMB0090,1,2026-08-14 12:58:15,15,REJECTED,FALLBACK_TRIGGERED
ASG00133,REQ00104,AMB0071,2,2026-08-14 12:58:32,18,ACCEPTED,ASSIGNMENT_CONFIRMED
ASG00134,REQ00106,AMB0082,1,2026-08-15 23:09:01,24,REJECTED,FALLBACK_TRIGGERED
ASG00135,REQ00106,AMB0034,2,2026-08-15 23:09:27,12,ACCEPTED,ASSIGNMENT_CONFIRMED
ASG00136,REQ00107,AMB0094,1,2026-09-06 07:31:35,11,TIMEOUT,FALLBACK_TRIGGERED
ASG00137,REQ00109,AMB0002,1,2026-08-05 21:03:48,21,ACCEPTED,ASSIGNMENT_CONFIRMED
ASG00138,REQ00110,AMB0102,1,2026-08-24 01:39:40,14,REJECTED,FALLBACK_TRIGGERED
ASG00139,REQ00110,AMB0067,2,2026-08-24 01:39:56,14,ACCEPTED,ASSIGNMENT_CONFIRMED
ASG00140,REQ00111,AMB0061,1,2026-08-02 16:46:17,18,TIMEOUT,FALLBACK_TRIGGERED
ASG00141,REQ00111,AMB0072,2,2026-08-02 16:46:37,21,ACCEPTED,ASSIGNMENT_CONFIRMED
ASG00142,REQ00112,AMB0009,1,2026-08-07 03:33:09,28,TIMEOUT,FALLBACK_TRIGGERED
ASG00143,REQ00112,AMB0002,2,2026-08-07 03:33:39,15,ACCEPTED,ASSIGNMENT_CONFIRMED
ASG00144,REQ00113,AMB0056,1,2026-08-30 18:15:44,10,ACCEPTED,ASSIGNMENT_CONFIRMED
ASG00145,REQ00114,AMB0096,1,2026-09-05 15:03:40,16,REJECTED,FALLBACK_TRIGGERED
ASG00146,REQ00114,AMB0048,2,2026-09-05 15:03:58,27,ACCEPTED,ASSIGNMENT_CONFIRMED
ASG00147,REQ00115,AMB0064,1,2026-08-07 16:58:02,17,ACCEPTED,ASSIGNMENT_CONFIRMED
ASG00148,REQ00117,AMB0078,1,2026-08-26 02:19:10,27,ACCEPTED,ASSIGNMENT_CONFIRMED
ASG00149,REQ00118,AMB0071,1,2026-08-09 22:46:05,29,ACCEPTED,ASSIGNMENT_CONFIRMED
ASG00150,REQ00119,AMB0122,1,2026-09-08 12:49:20,11,TIMEOUT,FALLBACK_TRIGGERED
ASG00151,REQ00119,AMB0054,2,2026-09-08 12:49:33,5,ACCEPTED,ASSIGNMENT_CONFIRMED
ASG00152,REQ00120,AMB0071,1,2026-08-12 21:37:42,6,TIMEOUT,FALLBACK_TRIGGERED
ASG00153,REQ00120,AMB0001,2,2026-08-12 21:37:50,27,TIMEOUT,FALLBACK_TRIGGERED
ASG00154,REQ00120,AMB0056,3,2026-08-12 21:38:19,9,ACCEPTED,ASSIGNMENT_CONFIRMED
ASG00155,REQ00121,AMB0066,1,2026-08-10 23:24:20,30,REJECTED,FALLBACK_TRIGGERED
ASG00156,REQ00121,AMB0081,2,2026-08-10 23:24:52,7,ACCEPTED,ASSIGNMENT_CONFIRMED
ASG00157,REQ00122,AMB0037,1,2026-08-28 14:35:35,17,ACCEPTED,ASSIGNMENT_CONFIRMED
ASG00158,REQ00123,AMB0059,1,2026-08-27 12:49:05,21,ACCEPTED,ASSIGNMENT_CONFIRMED
ASG00159,REQ00124,AMB0111,1,2026-08-09 08:19:17,10,ACCEPTED,ASSIGNMENT_CONFIRMED
ASG00160,REQ00125,AMB0075,1,2026-08-16 23:40:31,16,ACCEPTED,ASSIGNMENT_CONFIRMED
ASG00161,REQ00126,AMB0110,1,2026-08-22 14:21:27,12,ACCEPTED,ASSIGNMENT_CONFIRMED
ASG00162,REQ00127,AMB0101,1,2026-08-31 10:11:25,17,ACCEPTED,ASSIGNMENT_CONFIRMED
ASG00163,REQ00128,AMB0064,1,2026-08-26 11:07:59,10,REJECTED,FALLBACK_TRIGGERED
ASG00164,REQ00128,AMB0125,2,2026-08-26 11:08:11,10,ACCEPTED,ASSIGNMENT_CONFIRMED
ASG00165,REQ00129,AMB0122,1,2026-08-14 14:51:18,12,REJECTED,FALLBACK_TRIGGERED
ASG00166,REQ00129,AMB0086,2,2026-08-14 14:51:32,23,ACCEPTED,ASSIGNMENT_CONFIRMED
ASG00167,REQ00130,AMB0014,1,2026-08-17 21:09:45,26,ACCEPTED,ASSIGNMENT_CONFIRMED
ASG00168,REQ00131,AMB0073,1,2026-08-27 17:02:50,30,REJECTED,FALLBACK_TRIGGERED
ASG00169,REQ00131,AMB0014,2,2026-08-27 17:03:22,6,REJECTED,FALLBACK_TRIGGERED
ASG00170,REQ00131,AMB0046,3,2026-08-27 17:03:30,24,ACCEPTED,ASSIGNMENT_CONFIRMED
ASG00171,REQ00132,AMB0012,1,2026-08-23 05:41:39,19,ACCEPTED,ASSIGNMENT_CONFIRMED
ASG00172,REQ00133,AMB0029,1,2026-08-01 03:16:14,25,TIMEOUT,FALLBACK_TRIGGERED
ASG00173,REQ00133,AMB0030,2,2026-08-01 03:16:41,16,ACCEPTED,ASSIGNMENT_CONFIRMED
ASG00174,REQ00134,AMB0068,1,2026-09-07 22:32:09,22,ACCEPTED,ASSIGNMENT_CONFIRMED
ASG00175,REQ00135,AMB0122,1,2026-08-10 11:19:21,22,TIMEOUT,FALLBACK_TRIGGERED
ASG00176,REQ00135,AMB0052,2,2026-08-10 11:19:45,20,ACCEPTED,ASSIGNMENT_CONFIRMED
ASG00177,REQ00136,AMB0061,1,2026-08-05 09:02:51,30,ACCEPTED,ASSIGNMENT_CONFIRMED
ASG00178,REQ00137,AMB0023,1,2026-09-03 05:35:10,12,ACCEPTED,ASSIGNMENT_CONFIRMED
ASG00179,REQ00138,AMB0083,1,2026-08-26 00:47:39,18,ACCEPTED,ASSIGNMENT_CONFIRMED
ASG00180,REQ00139,AMB0096,1,2026-08-05 18:06:51,12,TIMEOUT,FALLBACK_TRIGGERED
ASG00181,REQ00139,AMB0054,2,2026-08-05 18:07:05,14,ACCEPTED,ASSIGNMENT_CONFIRMED
ASG00182,REQ00140,AMB0089,1,2026-08-21 19:24:39,25,ACCEPTED,ASSIGNMENT_CONFIRMED
ASG00183,REQ00141,AMB0047,1,2026-08-20 19:37:05,17,REJECTED,FALLBACK_TRIGGERED
ASG00184,REQ00141,AMB0048,2,2026-08-20 19:37:24,28,ACCEPTED,ASSIGNMENT_CONFIRMED
ASG00185,REQ00142,AMB0104,1,2026-08-27 19:08:36,20,ACCEPTED,ASSIGNMENT_CONFIRMED
ASG00186,REQ00143,AMB0111,1,2026-08-09 05:20:53,28,ACCEPTED,ASSIGNMENT_CONFIRMED
ASG00187,REQ00144,AMB0124,1,2026-09-05 16:41:31,6,ACCEPTED,ASSIGNMENT_CONFIRMED
ASG00188,REQ00145,AMB0031,1,2026-08-15 09:02:17,9,ACCEPTED,ASSIGNMENT_CONFIRMED
ASG00189,REQ00146,AMB0062,1,2026-08-08 08:49:34,27,ACCEPTED,ASSIGNMENT_CONFIRMED
ASG00190,REQ00147,AMB0025,1,2026-08-07 23:53:41,10,ACCEPTED,ASSIGNMENT_CONFIRMED
ASG00191,REQ00148,AMB0033,1,2026-08-08 07:13:51,10,ACCEPTED,ASSIGNMENT_CONFIRMED
ASG00192,REQ00149,AMB0065,1,2026-08-14 06:51:03,15,ACCEPTED,ASSIGNMENT_CONFIRMED
ASG00193,REQ00150,AMB0077,1,2026-09-02 21:52:06,25,ACCEPTED,ASSIGNMENT_CONFIRMED
ASG00194,REQ00151,AMB0054,1,2026-08-09 07:09:45,11,ACCEPTED,ASSIGNMENT_CONFIRMED
ASG00195,REQ00152,AMB0129,1,2026-08-27 12:28:04,18,ACCEPTED,ASSIGNMENT_CONFIRMED
ASG00196,REQ00153,AMB0130,1,2026-08-30 15:20:37,28,ACCEPTED,ASSIGNMENT_CONFIRMED
ASG00197,REQ00154,AMB0126,1,2026-08-05 17:25:13,22,REJECTED,FALLBACK_TRIGGERED
ASG00198,REQ00154,AMB0012,2,2026-08-05 17:25:37,24,TIMEOUT,FALLBACK_TRIGGERED
ASG00199,REQ00154,AMB0094,3,2026-08-05 17:26:03,7,ACCEPTED,ASSIGNMENT_CONFIRMED
ASG00200,REQ00155,AMB0110,1,2026-09-06 15:50:21,12,REJECTED,FALLBACK_TRIGGERED
ASG00201,REQ00155,AMB0127,2,2026-09-06 15:50:35,5,ACCEPTED,ASSIGNMENT_CONFIRMED
ASG00202,REQ00157,AMB0053,1,2026-08-18 02:41:23,28,TIMEOUT,FALLBACK_TRIGGERED
ASG00203,REQ00157,AMB0113,2,2026-08-18 02:41:53,20,TIMEOUT,FALLBACK_TRIGGERED
ASG00204,REQ00157,AMB0051,3,2026-08-18 02:42:15,29,ACCEPTED,ASSIGNMENT_CONFIRMED
ASG00205,REQ00158,AMB0066,1,2026-08-15 13:41:05,20,ACCEPTED,ASSIGNMENT_CONFIRMED
ASG00206,REQ00159,AMB0090,1,2026-08-01 22:21:52,18,REJECTED,FALLBACK_TRIGGERED
ASG00207,REQ00159,AMB0111,2,2026-08-01 22:22:12,14,ACCEPTED,ASSIGNMENT_CONFIRMED
ASG00208,REQ00160,AMB0002,1,2026-08-07 03:20:23,13,ACCEPTED,ASSIGNMENT_CONFIRMED
ASG00209,REQ00161,AMB0034,1,2026-08-05 16:36:00,19,REJECTED,FALLBACK_TRIGGERED
ASG00210,REQ00161,AMB0015,2,2026-08-05 16:36:21,23,ACCEPTED,ASSIGNMENT_CONFIRMED
ASG00211,REQ00162,AMB0031,1,2026-08-29 06:05:57,18,ACCEPTED,ASSIGNMENT_CONFIRMED
ASG00212,REQ00163,AMB0130,1,2026-08-18 20:05:15,11,ACCEPTED,ASSIGNMENT_CONFIRMED
ASG00213,REQ00164,AMB0100,1,2026-08-20 06:33:38,29,TIMEOUT,FALLBACK_TRIGGERED
ASG00214,REQ00164,AMB0063,2,2026-08-20 06:34:09,27,ACCEPTED,ASSIGNMENT_CONFIRMED
ASG00215,REQ00166,AMB0110,1,2026-08-27 11:34:43,19,TIMEOUT,FALLBACK_TRIGGERED
ASG00216,REQ00166,AMB0129,2,2026-08-27 11:35:04,30,TIMEOUT,FALLBACK_TRIGGERED
ASG00217,REQ00166,AMB0067,3,2026-08-27 11:35:36,12,ACCEPTED,ASSIGNMENT_CONFIRMED
ASG00218,REQ00167,AMB0081,1,2026-08-04 12:32:18,27,REJECTED,FALLBACK_TRIGGERED
ASG00219,REQ00167,AMB0007,2,2026-08-04 12:32:47,10,ACCEPTED,ASSIGNMENT_CONFIRMED
ASG00220,REQ00168,AMB0009,1,2026-08-10 08:05:19,18,TIMEOUT,FALLBACK_TRIGGERED
ASG00221,REQ00168,AMB0112,2,2026-08-10 08:05:39,4,TIMEOUT,FALLBACK_TRIGGERED
ASG00222,REQ00168,AMB0040,3,2026-08-10 08:05:45,17,ACCEPTED,ASSIGNMENT_CONFIRMED
ASG00223,REQ00169,AMB0014,1,2026-08-05 09:44:27,7,ACCEPTED,ASSIGNMENT_CONFIRMED
ASG00224,REQ00170,AMB0041,1,2026-08-04 09:42:47,10,REJECTED,FALLBACK_TRIGGERED
ASG00225,REQ00170,AMB0034,2,2026-08-04 09:42:59,23,ACCEPTED,ASSIGNMENT_CONFIRMED
ASG00226,REQ00171,AMB0103,1,2026-09-03 16:50:52,16,REJECTED,FALLBACK_TRIGGERED
ASG00227,REQ00171,AMB0057,2,2026-09-03 16:51:10,4,REJECTED,FALLBACK_TRIGGERED
ASG00228,REQ00171,AMB0063,3,2026-09-03 16:51:16,15,ACCEPTED,ASSIGNMENT_CONFIRMED
ASG00229,REQ00172,AMB0103,1,2026-08-02 10:51:27,15,TIMEOUT,FALLBACK_TRIGGERED
ASG00230,REQ00172,AMB0001,2,2026-08-02 10:51:44,11,ACCEPTED,ASSIGNMENT_CONFIRMED
ASG00231,REQ00173,AMB0031,1,2026-08-04 15:54:36,29,TIMEOUT,FALLBACK_TRIGGERED
ASG00232,REQ00175,AMB0016,1,2026-08-27 07:20:15,29,ACCEPTED,ASSIGNMENT_CONFIRMED
ASG00233,REQ00176,AMB0119,1,2026-08-04 05:14:51,10,REJECTED,FALLBACK_TRIGGERED
ASG00234,REQ00177,AMB0038,1,2026-08-06 17:29:00,24,ACCEPTED,ASSIGNMENT_CONFIRMED
ASG00235,REQ00179,AMB0056,1,2026-08-01 10:00:48,6,ACCEPTED,ASSIGNMENT_CONFIRMED
ASG00236,REQ00180,AMB0084,1,2026-08-04 04:45:17,4,ACCEPTED,ASSIGNMENT_CONFIRMED
ASG00237,REQ00181,AMB0033,1,2026-09-07 03:32:08,10,ACCEPTED,ASSIGNMENT_CONFIRMED
ASG00238,REQ00182,AMB0036,1,2026-08-21 12:44:53,26,ACCEPTED,ASSIGNMENT_CONFIRMED
ASG00239,REQ00183,AMB0099,1,2026-08-07 04:06:10,20,ACCEPTED,ASSIGNMENT_CONFIRMED
ASG00240,REQ00184,AMB0015,1,2026-08-08 02:10:51,13,ACCEPTED,ASSIGNMENT_CONFIRMED
ASG00241,REQ00185,AMB0032,1,2026-08-23 12:32:03,29,ACCEPTED,ASSIGNMENT_CONFIRMED
ASG00242,REQ00186,AMB0061,1,2026-09-05 07:06:29,5,ACCEPTED,ASSIGNMENT_CONFIRMED
ASG00243,REQ00187,AMB0089,1,2026-08-24 21:40:41,13,TIMEOUT,FALLBACK_TRIGGERED
ASG00244,REQ00187,AMB0115,2,2026-08-24 21:40:56,10,ACCEPTED,ASSIGNMENT_CONFIRMED
ASG00245,REQ00188,AMB0092,1,2026-08-09 02:57:54,18,TIMEOUT,FALLBACK_TRIGGERED
ASG00246,REQ00188,AMB0115,2,2026-08-09 02:58:14,10,ACCEPTED,ASSIGNMENT_CONFIRMED
ASG00247,REQ00189,AMB0039,1,2026-08-26 15:01:24,12,ACCEPTED,ASSIGNMENT_CONFIRMED
ASG00248,REQ00190,AMB0085,1,2026-08-16 20:18:31,24,TIMEOUT,FALLBACK_TRIGGERED
ASG00249,REQ00190,AMB0061,2,2026-08-16 20:18:57,20,ACCEPTED,ASSIGNMENT_CONFIRMED
ASG00250,REQ00191,AMB0096,1,2026-09-03 07:40:51,6,REJECTED,FALLBACK_TRIGGERED
ASG00251,REQ00191,AMB0125,2,2026-09-03 07:40:59,8,ACCEPTED,ASSIGNMENT_CONFIRMED
ASG00252,REQ00192,AMB0049,1,2026-09-06 16:20:24,28,REJECTED,FALLBACK_TRIGGERED
ASG00253,REQ00192,AMB0112,2,2026-09-06 16:20:54,12,ACCEPTED,ASSIGNMENT_CONFIRMED
ASG00254,REQ00193,AMB0091,1,2026-09-03 11:49:37,7,TIMEOUT,FALLBACK_TRIGGERED
ASG00255,REQ00193,AMB0048,2,2026-09-03 11:49:46,15,ACCEPTED,ASSIGNMENT_CONFIRMED
ASG00256,REQ00195,AMB0120,1,2026-08-23 18:01:45,25,ACCEPTED,ASSIGNMENT_CONFIRMED
ASG00257,REQ00196,AMB0021,1,2026-09-01 17:19:11,14,ACCEPTED,ASSIGNMENT_CONFIRMED
ASG00258,REQ00197,AMB0011,1,2026-08-13 04:21:45,11,REJECTED,FALLBACK_TRIGGERED
ASG00259,REQ00197,AMB0032,2,2026-08-13 04:21:58,22,ACCEPTED,ASSIGNMENT_CONFIRMED
ASG00260,REQ00198,AMB0085,1,2026-08-08 16:55:23,13,ACCEPTED,ASSIGNMENT_CONFIRMED
ASG00261,REQ00199,AMB0129,1,2026-08-11 23:27:50,18,ACCEPTED,ASSIGNMENT_CONFIRMED
ASG00262,REQ00201,AMB0087,1,2026-09-06 01:11:38,4,ACCEPTED,ASSIGNMENT_CONFIRMED
ASG00263,REQ00202,AMB0076,1,2026-08-05 07:22:20,20,TIMEOUT,FALLBACK_TRIGGERED
ASG00264,REQ00202,AMB0030,2,2026-08-05 07:22:42,26,ACCEPTED,ASSIGNMENT_CONFIRMED
ASG00265,REQ00203,AMB0008,1,2026-08-16 22:04:22,20,REJECTED,FALLBACK_TRIGGERED
ASG00266,REQ00203,AMB0066,2,2026-08-16 22:04:44,13,ACCEPTED,ASSIGNMENT_CONFIRMED
ASG00267,REQ00204,AMB0075,1,2026-09-01 12:22:34,5,ACCEPTED,ASSIGNMENT_CONFIRMED
ASG00268,REQ00205,AMB0086,1,2026-08-03 09:01:20,4,TIMEOUT,FALLBACK_TRIGGERED
ASG00269,REQ00206,AMB0106,1,2026-08-06 10:38:39,23,TIMEOUT,FALLBACK_TRIGGERED
ASG00270,REQ00206,AMB0089,2,2026-08-06 10:39:04,29,TIMEOUT,FALLBACK_TRIGGERED
ASG00271,REQ00206,AMB0054,3,2026-08-06 10:39:35,15,ACCEPTED,ASSIGNMENT_CONFIRMED
ASG00272,REQ00207,AMB0131,1,2026-08-14 06:26:44,20,REJECTED,FALLBACK_TRIGGERED
ASG00273,REQ00207,AMB0016,2,2026-08-14 06:27:06,20,ACCEPTED,ASSIGNMENT_CONFIRMED
ASG00274,REQ00208,AMB0035,1,2026-09-06 17:53:31,25,REJECTED,FALLBACK_TRIGGERED
ASG00275,REQ00208,AMB0115,2,2026-09-06 17:53:58,18,ACCEPTED,ASSIGNMENT_CONFIRMED
ASG00276,REQ00209,AMB0077,1,2026-08-11 20:18:05,18,TIMEOUT,FALLBACK_TRIGGERED
ASG00277,REQ00209,AMB0128,2,2026-08-11 20:18:25,19,ACCEPTED,ASSIGNMENT_CONFIRMED
ASG00278,REQ00210,AMB0047,1,2026-08-12 11:56:24,15,ACCEPTED,ASSIGNMENT_CONFIRMED
ASG00279,REQ00212,AMB0031,1,2026-09-03 13:34:43,8,ACCEPTED,ASSIGNMENT_CONFIRMED
ASG00280,REQ00213,AMB0115,1,2026-08-03 16:36:57,8,ACCEPTED,ASSIGNMENT_CONFIRMED
ASG00281,REQ00215,AMB0064,1,2026-08-05 02:24:35,19,TIMEOUT,FALLBACK_TRIGGERED
ASG00282,REQ00215,AMB0010,2,2026-08-05 02:24:56,4,ACCEPTED,ASSIGNMENT_CONFIRMED
ASG00283,REQ00217,AMB0073,1,2026-08-07 09:55:34,14,ACCEPTED,ASSIGNMENT_CONFIRMED
ASG00284,REQ00218,AMB0073,1,2026-08-10 19:38:43,21,TIMEOUT,FALLBACK_TRIGGERED
ASG00285,REQ00218,AMB0107,2,2026-08-10 19:39:06,18,ACCEPTED,ASSIGNMENT_CONFIRMED
ASG00286,REQ00219,AMB0028,1,2026-08-18 11:01:21,17,TIMEOUT,FALLBACK_TRIGGERED
ASG00287,REQ00219,AMB0034,2,2026-08-18 11:01:40,10,ACCEPTED,ASSIGNMENT_CONFIRMED
ASG00288,REQ00220,AMB0088,1,2026-08-20 23:28:49,29,ACCEPTED,ASSIGNMENT_CONFIRMED
ASG00289,REQ00221,AMB0126,1,2026-08-27 23:31:48,7,ACCEPTED,ASSIGNMENT_CONFIRMED
ASG00290,REQ00222,AMB0094,1,2026-08-09 16:56:36,22,REJECTED,FALLBACK_TRIGGERED
ASG00291,REQ00224,AMB0008,1,2026-08-29 05:55:30,9,TIMEOUT,FALLBACK_TRIGGERED
ASG00292,REQ00225,AMB0068,1,2026-08-11 18:49:13,23,ACCEPTED,ASSIGNMENT_CONFIRMED
ASG00293,REQ00226,AMB0006,1,2026-08-01 15:58:08,16,TIMEOUT,FALLBACK_TRIGGERED
ASG00294,REQ00226,AMB0032,2,2026-08-01 15:58:26,29,ACCEPTED,ASSIGNMENT_CONFIRMED
ASG00295,REQ00227,AMB0040,1,2026-08-18 13:57:24,19,ACCEPTED,ASSIGNMENT_CONFIRMED
ASG00296,REQ00228,AMB0124,1,2026-08-07 00:32:42,16,ACCEPTED,ASSIGNMENT_CONFIRMED
ASG00297,REQ00230,AMB0017,1,2026-08-16 01:51:54,13,ACCEPTED,ASSIGNMENT_CONFIRMED
ASG00298,REQ00231,AMB0029,1,2026-08-17 13:25:24,26,REJECTED,FALLBACK_TRIGGERED
ASG00299,REQ00231,AMB0071,2,2026-08-17 13:25:52,7,TIMEOUT,FALLBACK_TRIGGERED
ASG00300,REQ00232,AMB0013,1,2026-09-04 20:50:30,5,TIMEOUT,FALLBACK_TRIGGERED
ASG00301,REQ00232,AMB0073,2,2026-09-04 20:50:37,15,TIMEOUT,FALLBACK_TRIGGERED
ASG00302,REQ00233,AMB0075,1,2026-08-17 23:51:35,15,ACCEPTED,ASSIGNMENT_CONFIRMED
ASG00303,REQ00234,AMB0087,1,2026-08-20 13:50:56,30,TIMEOUT,FALLBACK_TRIGGERED
ASG00304,REQ00235,AMB0048,1,2026-09-07 19:04:30,7,TIMEOUT,FALLBACK_TRIGGERED
ASG00305,REQ00235,AMB0055,2,2026-09-07 19:04:39,10,TIMEOUT,FALLBACK_TRIGGERED
ASG00306,REQ00235,AMB0124,3,2026-09-07 19:04:51,26,ACCEPTED,ASSIGNMENT_CONFIRMED
ASG00307,REQ00236,AMB0107,1,2026-08-10 04:12:21,17,REJECTED,FALLBACK_TRIGGERED
ASG00308,REQ00236,AMB0092,2,2026-08-10 04:12:40,28,REJECTED,FALLBACK_TRIGGERED
ASG00309,REQ00236,AMB0078,3,2026-08-10 04:13:10,29,ACCEPTED,ASSIGNMENT_CONFIRMED
ASG00310,REQ00237,AMB0024,1,2026-08-06 15:21:40,4,TIMEOUT,FALLBACK_TRIGGERED
ASG00311,REQ00237,AMB0014,2,2026-08-06 15:21:46,13,ACCEPTED,ASSIGNMENT_CONFIRMED
ASG00312,REQ00238,AMB0122,1,2026-08-11 15:50:48,6,ACCEPTED,ASSIGNMENT_CONFIRMED
ASG00313,REQ00239,AMB0085,1,2026-08-03 17:12:46,25,TIMEOUT,FALLBACK_TRIGGERED
ASG00314,REQ00240,AMB0041,1,2026-08-16 07:44:56,6,ACCEPTED,ASSIGNMENT_CONFIRMED
ASG00315,REQ00243,AMB0117,1,2026-08-11 03:23:45,22,ACCEPTED,ASSIGNMENT_CONFIRMED
ASG00316,REQ00244,AMB0101,1,2026-08-04 21:06:41,21,ACCEPTED,ASSIGNMENT_CONFIRMED
ASG00317,REQ00245,AMB0012,1,2026-08-10 06:44:43,28,ACCEPTED,ASSIGNMENT_CONFIRMED
ASG00318,REQ00246,AMB0063,1,2026-08-27 03:32:46,6,TIMEOUT,FALLBACK_TRIGGERED
ASG00319,REQ00246,AMB0010,2,2026-08-27 03:32:54,20,TIMEOUT,FALLBACK_TRIGGERED
ASG00320,REQ00246,AMB0007,3,2026-08-27 03:33:16,6,ACCEPTED,ASSIGNMENT_CONFIRMED
ASG00321,REQ00247,AMB0096,1,2026-08-13 11:45:26,29,ACCEPTED,ASSIGNMENT_CONFIRMED
ASG00322,REQ00248,AMB0051,1,2026-08-06 03:53:36,23,REJECTED,FALLBACK_TRIGGERED
ASG00323,REQ00248,AMB0024,2,2026-08-06 03:54:01,7,ACCEPTED,ASSIGNMENT_CONFIRMED
ASG00324,REQ00249,AMB0053,1,2026-08-30 09:16:29,9,REJECTED,FALLBACK_TRIGGERED
ASG00325,REQ00250,AMB0073,1,2026-08-08 03:54:48,5,ACCEPTED,ASSIGNMENT_CONFIRMED
ASG00326,REQ00252,AMB0049,1,2026-08-31 13:41:56,25,ACCEPTED,ASSIGNMENT_CONFIRMED
ASG00327,REQ00253,AMB0061,1,2026-08-31 18:43:28,26,ACCEPTED,ASSIGNMENT_CONFIRMED
ASG00328,REQ00254,AMB0111,1,2026-08-27 14:02:04,11,ACCEPTED,ASSIGNMENT_CONFIRMED
ASG00329,REQ00255,AMB0011,1,2026-08-22 16:33:44,9,ACCEPTED,ASSIGNMENT_CONFIRMED
ASG00330,REQ00256,AMB0061,1,2026-08-10 17:57:39,21,TIMEOUT,FALLBACK_TRIGGERED
ASG00331,REQ00256,AMB0044,2,2026-08-10 17:58:02,24,REJECTED,FALLBACK_TRIGGERED
ASG00332,REQ00257,AMB0055,1,2026-09-01 10:15:21,20,ACCEPTED,ASSIGNMENT_CONFIRMED
ASG00333,REQ00258,AMB0116,1,2026-08-29 18:28:05,20,ACCEPTED,ASSIGNMENT_CONFIRMED
ASG00334,REQ00259,AMB0106,1,2026-09-05 17:00:52,28,ACCEPTED,ASSIGNMENT_CONFIRMED
ASG00335,REQ00260,AMB0104,1,2026-08-30 10:23:52,11,ACCEPTED,ASSIGNMENT_CONFIRMED
ASG00336,REQ00261,AMB0070,1,2026-08-29 03:06:48,30,REJECTED,FALLBACK_TRIGGERED
ASG00337,REQ00261,AMB0003,2,2026-08-29 03:07:20,21,ACCEPTED,ASSIGNMENT_CONFIRMED
ASG00338,REQ00262,AMB0024,1,2026-08-07 01:57:10,9,ACCEPTED,ASSIGNMENT_CONFIRMED
ASG00339,REQ00263,AMB0104,1,2026-08-26 06:29:52,17,ACCEPTED,ASSIGNMENT_CONFIRMED
ASG00340,REQ00264,AMB0072,1,2026-09-07 16:08:31,8,ACCEPTED,ASSIGNMENT_CONFIRMED
ASG00341,REQ00265,AMB0106,1,2026-08-12 22:37:11,13,TIMEOUT,FALLBACK_TRIGGERED
ASG00342,REQ00265,AMB0008,2,2026-08-12 22:37:26,12,ACCEPTED,ASSIGNMENT_CONFIRMED
ASG00343,REQ00266,AMB0050,1,2026-09-08 22:48:15,28,ACCEPTED,ASSIGNMENT_CONFIRMED
ASG00344,REQ00267,AMB0043,1,2026-09-02 09:53:44,28,ACCEPTED,ASSIGNMENT_CONFIRMED
ASG00345,REQ00269,AMB0112,1,2026-08-08 11:35:30,17,ACCEPTED,ASSIGNMENT_CONFIRMED
ASG00346,REQ00270,AMB0084,1,2026-08-01 16:06:01,20,ACCEPTED,ASSIGNMENT_CONFIRMED
ASG00347,REQ00271,AMB0122,1,2026-08-10 01:44:50,18,TIMEOUT,FALLBACK_TRIGGERED
ASG00348,REQ00272,AMB0044,1,2026-09-05 07:47:41,13,ACCEPTED,ASSIGNMENT_CONFIRMED
ASG00349,REQ00273,AMB0115,1,2026-08-25 12:26:50,25,ACCEPTED,ASSIGNMENT_CONFIRMED
ASG00350,REQ00274,AMB0066,1,2026-08-29 07:58:40,16,ACCEPTED,ASSIGNMENT_CONFIRMED
ASG00351,REQ00275,AMB0056,1,2026-08-19 14:11:43,29,TIMEOUT,FALLBACK_TRIGGERED
ASG00352,REQ00275,AMB0064,2,2026-08-19 14:12:14,6,ACCEPTED,ASSIGNMENT_CONFIRMED
ASG00353,REQ00276,AMB0085,1,2026-08-09 05:37:54,29,TIMEOUT,FALLBACK_TRIGGERED
ASG00354,REQ00276,AMB0104,2,2026-08-09 05:38:25,13,ACCEPTED,ASSIGNMENT_CONFIRMED
ASG00355,REQ00277,AMB0051,1,2026-08-20 15:50:36,23,ACCEPTED,ASSIGNMENT_CONFIRMED
ASG00356,REQ00278,AMB0040,1,2026-08-11 13:34:34,24,ACCEPTED,ASSIGNMENT_CONFIRMED
ASG00357,REQ00279,AMB0003,1,2026-09-03 15:35:52,21,ACCEPTED,ASSIGNMENT_CONFIRMED
ASG00358,REQ00280,AMB0097,1,2026-08-16 01:43:56,12,TIMEOUT,FALLBACK_TRIGGERED
ASG00359,REQ00280,AMB0100,2,2026-08-16 01:44:10,17,REJECTED,FALLBACK_TRIGGERED
ASG00360,REQ00280,AMB0032,3,2026-08-16 01:44:29,25,ACCEPTED,ASSIGNMENT_CONFIRMED
ASG00361,REQ00281,AMB0047,1,2026-09-03 11:32:51,30,REJECTED,FALLBACK_TRIGGERED
ASG00362,REQ00281,AMB0038,2,2026-09-03 11:33:23,11,REJECTED,FALLBACK_TRIGGERED
ASG00363,REQ00281,AMB0069,3,2026-09-03 11:33:36,16,ACCEPTED,ASSIGNMENT_CONFIRMED
ASG00364,REQ00282,AMB0036,1,2026-08-11 17:34:00,9,ACCEPTED,ASSIGNMENT_CONFIRMED
ASG00365,REQ00283,AMB0058,1,2026-08-28 20:52:04,18,REJECTED,FALLBACK_TRIGGERED
ASG00366,REQ00283,AMB0059,2,2026-08-28 20:52:24,19,ACCEPTED,ASSIGNMENT_CONFIRMED
ASG00367,REQ00284,AMB0070,1,2026-08-17 17:04:36,5,TIMEOUT,FALLBACK_TRIGGERED
ASG00368,REQ00284,AMB0017,2,2026-08-17 17:04:43,10,ACCEPTED,ASSIGNMENT_CONFIRMED
ASG00369,REQ00285,AMB0126,1,2026-08-08 17:00:41,13,ACCEPTED,ASSIGNMENT_CONFIRMED
ASG00370,REQ00286,AMB0084,1,2026-08-19 21:19:38,19,REJECTED,FALLBACK_TRIGGERED
ASG00371,REQ00286,AMB0014,2,2026-08-19 21:19:59,12,ACCEPTED,ASSIGNMENT_CONFIRMED
ASG00372,REQ00287,AMB0084,1,2026-08-09 23:25:50,22,TIMEOUT,FALLBACK_TRIGGERED
ASG00373,REQ00287,AMB0116,2,2026-08-09 23:26:14,25,ACCEPTED,ASSIGNMENT_CONFIRMED
ASG00374,REQ00289,AMB0096,1,2026-08-23 06:26:57,30,ACCEPTED,ASSIGNMENT_CONFIRMED
ASG00375,REQ00290,AMB0129,1,2026-09-06 01:54:48,16,REJECTED,FALLBACK_TRIGGERED
ASG00376,REQ00290,AMB0014,2,2026-09-06 01:55:06,15,ACCEPTED,ASSIGNMENT_CONFIRMED
ASG00377,REQ00291,AMB0034,1,2026-08-13 23:37:31,16,ACCEPTED,ASSIGNMENT_CONFIRMED
ASG00378,REQ00292,AMB0123,1,2026-08-21 15:28:21,24,ACCEPTED,ASSIGNMENT_CONFIRMED
ASG00379,REQ00293,AMB0066,1,2026-08-11 00:20:15,23,ACCEPTED,ASSIGNMENT_CONFIRMED
ASG00380,REQ00294,AMB0107,1,2026-08-31 14:28:22,11,ACCEPTED,ASSIGNMENT_CONFIRMED
ASG00381,REQ00295,AMB0010,1,2026-08-09 17:12:16,15,TIMEOUT,FALLBACK_TRIGGERED
ASG00382,REQ00296,AMB0112,1,2026-09-07 12:49:37,15,REJECTED,FALLBACK_TRIGGERED
ASG00383,REQ00297,AMB0065,1,2026-08-24 12:14:57,9,REJECTED,FALLBACK_TRIGGERED
ASG00384,REQ00297,AMB0016,2,2026-08-24 12:15:08,13,ACCEPTED,ASSIGNMENT_CONFIRMED
ASG00385,REQ00298,AMB0131,1,2026-08-01 21:15:54,17,ACCEPTED,ASSIGNMENT_CONFIRMED
ASG00386,REQ00299,AMB0117,1,2026-09-06 21:55:09,26,ACCEPTED,ASSIGNMENT_CONFIRMED
ASG00387,REQ00301,AMB0095,1,2026-08-07 22:33:40,8,ACCEPTED,ASSIGNMENT_CONFIRMED
ASG00388,REQ00302,AMB0084,1,2026-09-07 20:57:53,6,ACCEPTED,ASSIGNMENT_CONFIRMED
ASG00389,REQ00303,AMB0024,1,2026-09-01 15:56:38,22,ACCEPTED,ASSIGNMENT_CONFIRMED
ASG00390,REQ00304,AMB0089,1,2026-08-12 05:23:38,25,REJECTED,FALLBACK_TRIGGERED
ASG00391,REQ00304,AMB0088,2,2026-08-12 05:24:05,17,TIMEOUT,FALLBACK_TRIGGERED
ASG00392,REQ00304,AMB0026,3,2026-08-12 05:24:24,11,REJECTED,FALLBACK_TRIGGERED
ASG00393,REQ00305,AMB0082,1,2026-08-14 18:10:41,5,ACCEPTED,ASSIGNMENT_CONFIRMED
ASG00394,REQ00306,AMB0068,1,2026-09-06 04:03:10,10,ACCEPTED,ASSIGNMENT_CONFIRMED
ASG00395,REQ00307,AMB0048,1,2026-08-19 02:13:28,26,TIMEOUT,FALLBACK_TRIGGERED
ASG00396,REQ00307,AMB0109,2,2026-08-19 02:13:56,17,ACCEPTED,ASSIGNMENT_CONFIRMED
ASG00397,REQ00308,AMB0053,1,2026-08-12 19:42:32,9,TIMEOUT,FALLBACK_TRIGGERED
ASG00398,REQ00308,AMB0013,2,2026-08-12 19:42:43,28,ACCEPTED,ASSIGNMENT_CONFIRMED
ASG00399,REQ00309,AMB0054,1,2026-08-07 00:12:33,10,ACCEPTED,ASSIGNMENT_CONFIRMED
ASG00400,REQ00310,AMB0001,1,2026-09-08 01:56:50,16,ACCEPTED,ASSIGNMENT_CONFIRMED
ASG00401,REQ00312,AMB0130,1,2026-09-07 23:58:48,23,ACCEPTED,ASSIGNMENT_CONFIRMED
ASG00402,REQ00313,AMB0126,1,2026-09-08 17:26:16,5,REJECTED,FALLBACK_TRIGGERED
ASG00403,REQ00313,AMB0094,2,2026-09-08 17:26:23,8,REJECTED,FALLBACK_TRIGGERED
ASG00404,REQ00313,AMB0021,3,2026-09-08 17:26:33,20,ACCEPTED,ASSIGNMENT_CONFIRMED
ASG00405,REQ00314,AMB0118,1,2026-08-14 22:51:20,30,ACCEPTED,ASSIGNMENT_CONFIRMED
ASG00406,REQ00315,AMB0076,1,2026-08-24 19:17:43,22,ACCEPTED,ASSIGNMENT_CONFIRMED
ASG00407,REQ00316,AMB0105,1,2026-08-17 09:36:22,15,REJECTED,FALLBACK_TRIGGERED
ASG00408,REQ00316,AMB0086,2,2026-08-17 09:36:39,8,TIMEOUT,FALLBACK_TRIGGERED
ASG00409,REQ00317,AMB0047,1,2026-08-11 03:13:32,15,ACCEPTED,ASSIGNMENT_CONFIRMED
ASG00410,REQ00318,AMB0110,1,2026-08-01 02:52:09,7,ACCEPTED,ASSIGNMENT_CONFIRMED
ASG00411,REQ00320,AMB0075,1,2026-08-13 21:59:51,10,TIMEOUT,FALLBACK_TRIGGERED
ASG00412,REQ00320,AMB0129,2,2026-08-13 22:00:03,30,REJECTED,FALLBACK_TRIGGERED
ASG00413,REQ00320,AMB0012,3,2026-08-13 22:00:35,13,ACCEPTED,ASSIGNMENT_CONFIRMED
ASG00414,REQ00321,AMB0002,1,2026-08-24 07:41:00,24,TIMEOUT,FALLBACK_TRIGGERED
ASG00415,REQ00321,AMB0123,2,2026-08-24 07:41:26,27,TIMEOUT,FALLBACK_TRIGGERED
ASG00416,REQ00321,AMB0032,3,2026-08-24 07:41:55,11,ACCEPTED,ASSIGNMENT_CONFIRMED
ASG00417,REQ00322,AMB0020,1,2026-08-01 23:45:04,4,ACCEPTED,ASSIGNMENT_CONFIRMED
ASG00418,REQ00323,AMB0040,1,2026-08-15 19:12:29,8,ACCEPTED,ASSIGNMENT_CONFIRMED
ASG00419,REQ00324,AMB0117,1,2026-08-22 03:51:32,13,ACCEPTED,ASSIGNMENT_CONFIRMED
ASG00420,REQ00325,AMB0052,1,2026-08-16 10:49:29,30,ACCEPTED,ASSIGNMENT_CONFIRMED
ASG00421,REQ00326,AMB0073,1,2026-08-15 21:44:14,18,ACCEPTED,ASSIGNMENT_CONFIRMED
ASG00422,REQ00327,AMB0040,1,2026-08-22 02:35:59,5,ACCEPTED,ASSIGNMENT_CONFIRMED
ASG00423,REQ00328,AMB0022,1,2026-08-13 15:47:12,23,ACCEPTED,ASSIGNMENT_CONFIRMED
ASG00424,REQ00329,AMB0073,1,2026-08-07 03:58:05,11,ACCEPTED,ASSIGNMENT_CONFIRMED
ASG00425,REQ00330,AMB0046,1,2026-08-24 19:20:31,17,TIMEOUT,FALLBACK_TRIGGERED
ASG00426,REQ00330,AMB0106,2,2026-08-24 19:20:50,15,ACCEPTED,ASSIGNMENT_CONFIRMED
ASG00427,REQ00331,AMB0012,1,2026-08-18 12:14:48,9,ACCEPTED,ASSIGNMENT_CONFIRMED
ASG00428,REQ00332,AMB0103,1,2026-08-12 14:07:44,6,ACCEPTED,ASSIGNMENT_CONFIRMED
ASG00429,REQ00333,AMB0092,1,2026-08-17 05:35:16,14,REJECTED,FALLBACK_TRIGGERED
ASG00430,REQ00333,AMB0108,2,2026-08-17 05:35:32,28,ACCEPTED,ASSIGNMENT_CONFIRMED
ASG00431,REQ00334,AMB0117,1,2026-08-24 11:54:25,14,ACCEPTED,ASSIGNMENT_CONFIRMED
ASG00432,REQ00335,AMB0039,1,2026-08-16 17:27:54,17,ACCEPTED,ASSIGNMENT_CONFIRMED
ASG00433,REQ00336,AMB0036,1,2026-09-03 17:46:20,5,ACCEPTED,ASSIGNMENT_CONFIRMED
ASG00434,REQ00337,AMB0104,1,2026-08-14 08:30:53,24,ACCEPTED,ASSIGNMENT_CONFIRMED
ASG00435,REQ00340,AMB0015,1,2026-08-27 20:39:36,8,TIMEOUT,FALLBACK_TRIGGERED
ASG00436,REQ00340,AMB0081,2,2026-08-27 20:39:46,7,ACCEPTED,ASSIGNMENT_CONFIRMED
ASG00437,REQ00341,AMB0092,1,2026-08-18 19:41:25,27,ACCEPTED,ASSIGNMENT_CONFIRMED
ASG00438,REQ00342,AMB0112,1,2026-08-12 00:08:46,21,TIMEOUT,FALLBACK_TRIGGERED
ASG00439,REQ00342,AMB0011,2,2026-08-12 00:09:09,17,ACCEPTED,ASSIGNMENT_CONFIRMED
ASG00440,REQ00343,AMB0082,1,2026-08-05 15:35:03,18,ACCEPTED,ASSIGNMENT_CONFIRMED
ASG00441,REQ00344,AMB0019,1,2026-08-25 09:14:15,9,REJECTED,FALLBACK_TRIGGERED
ASG00442,REQ00344,AMB0024,2,2026-08-25 09:14:26,16,TIMEOUT,FALLBACK_TRIGGERED
ASG00443,REQ00344,AMB0052,3,2026-08-25 09:14:44,29,ACCEPTED,ASSIGNMENT_CONFIRMED
ASG00444,REQ00346,AMB0062,1,2026-09-06 13:33:40,15,ACCEPTED,ASSIGNMENT_CONFIRMED
ASG00445,REQ00347,AMB0049,1,2026-08-17 04:19:00,22,REJECTED,FALLBACK_TRIGGERED
ASG00446,REQ00347,AMB0060,2,2026-08-17 04:19:24,4,ACCEPTED,ASSIGNMENT_CONFIRMED
ASG00447,REQ00348,AMB0095,1,2026-09-01 15:19:00,12,ACCEPTED,ASSIGNMENT_CONFIRMED
ASG00448,REQ00349,AMB0082,1,2026-08-28 12:15:10,6,ACCEPTED,ASSIGNMENT_CONFIRMED
ASG00449,REQ00350,AMB0108,1,2026-08-18 09:41:47,14,TIMEOUT,FALLBACK_TRIGGERED
ASG00450,REQ00350,AMB0015,2,2026-08-18 09:42:03,18,ACCEPTED,ASSIGNMENT_CONFIRMED
ASG00451,REQ00352,AMB0049,1,2026-08-18 04:45:28,8,ACCEPTED,ASSIGNMENT_CONFIRMED
ASG00452,REQ00354,AMB0059,1,2026-09-04 15:11:12,5,REJECTED,FALLBACK_TRIGGERED
ASG00453,REQ00354,AMB0070,2,2026-09-04 15:11:19,9,ACCEPTED,ASSIGNMENT_CONFIRMED
ASG00454,REQ00356,AMB0068,1,2026-08-21 05:40:46,17,ACCEPTED,ASSIGNMENT_CONFIRMED
ASG00455,REQ00357,AMB0086,1,2026-08-14 03:15:40,24,TIMEOUT,FALLBACK_TRIGGERED
ASG00456,REQ00357,AMB0029,2,2026-08-14 03:16:06,22,ACCEPTED,ASSIGNMENT_CONFIRMED
ASG00457,REQ00358,AMB0009,1,2026-08-03 18:50:44,13,ACCEPTED,ASSIGNMENT_CONFIRMED
ASG00458,REQ00359,AMB0017,1,2026-08-22 20:03:03,14,ACCEPTED,ASSIGNMENT_CONFIRMED
ASG00459,REQ00360,AMB0130,1,2026-08-23 14:46:12,5,TIMEOUT,FALLBACK_TRIGGERED
ASG00460,REQ00360,AMB0026,2,2026-08-23 14:46:19,5,ACCEPTED,ASSIGNMENT_CONFIRMED
ASG00461,REQ00361,AMB0049,1,2026-08-19 17:44:31,13,ACCEPTED,ASSIGNMENT_CONFIRMED
ASG00462,REQ00362,AMB0094,1,2026-09-05 05:04:33,27,ACCEPTED,ASSIGNMENT_CONFIRMED
ASG00463,REQ00363,AMB0107,1,2026-08-12 00:39:54,10,ACCEPTED,ASSIGNMENT_CONFIRMED
ASG00464,REQ00364,AMB0002,1,2026-09-01 17:09:39,14,TIMEOUT,FALLBACK_TRIGGERED
ASG00465,REQ00364,AMB0095,2,2026-09-01 17:09:55,26,ACCEPTED,ASSIGNMENT_CONFIRMED
ASG00466,REQ00365,AMB0120,1,2026-08-12 01:12:06,26,REJECTED,FALLBACK_TRIGGERED
ASG00467,REQ00366,AMB0073,1,2026-08-17 01:23:14,7,ACCEPTED,ASSIGNMENT_CONFIRMED
ASG00468,REQ00367,AMB0068,1,2026-08-30 20:03:23,11,ACCEPTED,ASSIGNMENT_CONFIRMED
ASG00469,REQ00368,AMB0115,1,2026-08-03 23:04:53,5,ACCEPTED,ASSIGNMENT_CONFIRMED
ASG00470,REQ00369,AMB0038,1,2026-09-03 21:15:36,7,ACCEPTED,ASSIGNMENT_CONFIRMED
ASG00471,REQ00370,AMB0003,1,2026-08-30 22:42:27,30,TIMEOUT,FALLBACK_TRIGGERED
ASG00472,REQ00370,AMB0113,2,2026-08-30 22:42:59,5,ACCEPTED,ASSIGNMENT_CONFIRMED
ASG00473,REQ00371,AMB0048,1,2026-09-08 14:59:22,14,REJECTED,FALLBACK_TRIGGERED
ASG00474,REQ00372,AMB0058,1,2026-08-21 19:15:36,10,ACCEPTED,ASSIGNMENT_CONFIRMED
ASG00475,REQ00374,AMB0121,1,2026-08-14 10:01:49,6,TIMEOUT,FALLBACK_TRIGGERED
ASG00476,REQ00374,AMB0096,2,2026-08-14 10:01:57,16,REJECTED,FALLBACK_TRIGGERED
ASG00477,REQ00374,AMB0117,3,2026-08-14 10:02:15,16,ACCEPTED,ASSIGNMENT_CONFIRMED
ASG00478,REQ00375,AMB0096,1,2026-08-10 04:16:23,5,ACCEPTED,ASSIGNMENT_CONFIRMED
ASG00479,REQ00376,AMB0025,1,2026-08-05 23:20:50,19,ACCEPTED,ASSIGNMENT_CONFIRMED
ASG00480,REQ00377,AMB0061,1,2026-09-06 12:05:49,26,REJECTED,FALLBACK_TRIGGERED
ASG00481,REQ00377,AMB0008,2,2026-09-06 12:06:17,28,REJECTED,FALLBACK_TRIGGERED
ASG00482,REQ00377,AMB0015,3,2026-09-06 12:06:47,25,TIMEOUT,FALLBACK_TRIGGERED
ASG00483,REQ00378,AMB0022,1,2026-08-15 23:41:54,28,TIMEOUT,FALLBACK_TRIGGERED
ASG00484,REQ00378,AMB0049,2,2026-08-15 23:42:24,11,ACCEPTED,ASSIGNMENT_CONFIRMED
ASG00485,REQ00380,AMB0019,1,2026-08-06 07:27:18,19,REJECTED,FALLBACK_TRIGGERED
ASG00486,REQ00380,AMB0097,2,2026-08-06 07:27:39,13,ACCEPTED,ASSIGNMENT_CONFIRMED
ASG00487,REQ00381,AMB0008,1,2026-08-26 16:27:49,20,ACCEPTED,ASSIGNMENT_CONFIRMED
ASG00488,REQ00382,AMB0066,1,2026-09-03 07:15:04,27,ACCEPTED,ASSIGNMENT_CONFIRMED
ASG00489,REQ00384,AMB0099,1,2026-08-15 06:43:23,15,ACCEPTED,ASSIGNMENT_CONFIRMED
ASG00490,REQ00385,AMB0076,1,2026-08-19 00:21:44,15,REJECTED,FALLBACK_TRIGGERED
ASG00491,REQ00385,AMB0086,2,2026-08-19 00:22:01,22,ACCEPTED,ASSIGNMENT_CONFIRMED
ASG00492,REQ00386,AMB0095,1,2026-08-17 17:30:39,18,ACCEPTED,ASSIGNMENT_CONFIRMED
ASG00493,REQ00387,AMB0128,1,2026-08-19 06:50:44,16,ACCEPTED,ASSIGNMENT_CONFIRMED
ASG00494,REQ00388,AMB0002,1,2026-08-24 03:01:18,22,TIMEOUT,FALLBACK_TRIGGERED
ASG00495,REQ00388,AMB0101,2,2026-08-24 03:01:42,9,ACCEPTED,ASSIGNMENT_CONFIRMED
ASG00496,REQ00389,AMB0121,1,2026-09-08 17:05:11,21,TIMEOUT,FALLBACK_TRIGGERED
ASG00497,REQ00389,AMB0109,2,2026-09-08 17:05:34,8,ACCEPTED,ASSIGNMENT_CONFIRMED
ASG00498,REQ00390,AMB0047,1,2026-08-22 15:25:47,18,ACCEPTED,ASSIGNMENT_CONFIRMED
ASG00499,REQ00391,AMB0041,1,2026-08-18 01:40:16,17,ACCEPTED,ASSIGNMENT_CONFIRMED
ASG00500,REQ00392,AMB0033,1,2026-08-26 21:08:05,30,TIMEOUT,FALLBACK_TRIGGERED
ASG00501,REQ00393,AMB0017,1,2026-08-28 09:58:38,7,TIMEOUT,FALLBACK_TRIGGERED
ASG00502,REQ00393,AMB0006,2,2026-08-28 09:58:47,27,ACCEPTED,ASSIGNMENT_CONFIRMED
ASG00503,REQ00395,AMB0057,1,2026-08-11 10:04:35,17,REJECTED,FALLBACK_TRIGGERED
ASG00504,REQ00396,AMB0018,1,2026-08-27 13:19:28,22,ACCEPTED,ASSIGNMENT_CONFIRMED
ASG00505,REQ00397,AMB0001,1,2026-08-12 00:48:39,30,ACCEPTED,ASSIGNMENT_CONFIRMED
ASG00506,REQ00398,AMB0120,1,2026-08-31 04:32:54,5,REJECTED,FALLBACK_TRIGGERED
ASG00507,REQ00399,AMB0035,1,2026-08-15 01:26:48,19,TIMEOUT,FALLBACK_TRIGGERED
ASG00508,REQ00399,AMB0044,2,2026-08-15 01:27:09,20,ACCEPTED,ASSIGNMENT_CONFIRMED
ASG00509,REQ00400,AMB0119,1,2026-08-29 19:31:44,18,ACCEPTED,ASSIGNMENT_CONFIRMED
ASG00510,REQ00401,AMB0127,1,2026-08-21 12:39:47,29,REJECTED,FALLBACK_TRIGGERED
ASG00511,REQ00401,AMB0022,2,2026-08-21 12:40:18,12,ACCEPTED,ASSIGNMENT_CONFIRMED
ASG00512,REQ00402,AMB0119,1,2026-08-03 07:33:34,8,ACCEPTED,ASSIGNMENT_CONFIRMED
ASG00513,REQ00403,AMB0130,1,2026-08-20 09:29:10,8,ACCEPTED,ASSIGNMENT_CONFIRMED
ASG00514,REQ00404,AMB0026,1,2026-08-06 23:32:07,7,TIMEOUT,FALLBACK_TRIGGERED
ASG00515,REQ00404,AMB0110,2,2026-08-06 23:32:16,24,ACCEPTED,ASSIGNMENT_CONFIRMED
ASG00516,REQ00405,AMB0103,1,2026-08-12 14:37:57,13,ACCEPTED,ASSIGNMENT_CONFIRMED
ASG00517,REQ00406,AMB0126,1,2026-08-08 22:28:40,18,ACCEPTED,ASSIGNMENT_CONFIRMED
ASG00518,REQ00407,AMB0082,1,2026-09-05 12:02:49,23,TIMEOUT,FALLBACK_TRIGGERED
ASG00519,REQ00408,AMB0029,1,2026-08-04 13:19:19,22,ACCEPTED,ASSIGNMENT_CONFIRMED
ASG00520,REQ00409,AMB0039,1,2026-08-17 00:29:31,5,TIMEOUT,FALLBACK_TRIGGERED
ASG00521,REQ00409,AMB0031,2,2026-08-17 00:29:38,10,TIMEOUT,FALLBACK_TRIGGERED
ASG00522,REQ00410,AMB0118,1,2026-08-30 13:28:05,29,ACCEPTED,ASSIGNMENT_CONFIRMED
ASG00523,REQ00411,AMB0045,1,2026-08-23 01:09:54,15,ACCEPTED,ASSIGNMENT_CONFIRMED
ASG00524,REQ00412,AMB0127,1,2026-08-12 05:43:18,15,ACCEPTED,ASSIGNMENT_CONFIRMED
ASG00525,REQ00413,AMB0120,1,2026-08-24 01:05:49,27,ACCEPTED,ASSIGNMENT_CONFIRMED
ASG00526,REQ00414,AMB0107,1,2026-08-31 04:07:44,24,ACCEPTED,ASSIGNMENT_CONFIRMED
ASG00527,REQ00415,AMB0093,1,2026-09-03 02:30:46,21,ACCEPTED,ASSIGNMENT_CONFIRMED
ASG00528,REQ00416,AMB0034,1,2026-08-23 04:39:36,27,REJECTED,FALLBACK_TRIGGERED
ASG00529,REQ00417,AMB0128,1,2026-08-01 03:01:29,12,ACCEPTED,ASSIGNMENT_CONFIRMED
ASG00530,REQ00418,AMB0073,1,2026-09-05 20:13:00,19,ACCEPTED,ASSIGNMENT_CONFIRMED
ASG00531,REQ00419,AMB0062,1,2026-08-01 03:43:21,15,ACCEPTED,ASSIGNMENT_CONFIRMED
ASG00532,REQ00420,AMB0086,1,2026-08-31 15:51:02,24,TIMEOUT,FALLBACK_TRIGGERED
ASG00533,REQ00420,AMB0056,2,2026-08-31 15:51:28,21,REJECTED,FALLBACK_TRIGGERED
ASG00534,REQ00421,AMB0121,1,2026-08-27 23:03:53,28,ACCEPTED,ASSIGNMENT_CONFIRMED
ASG00535,REQ00422,AMB0090,1,2026-08-23 02:09:17,8,ACCEPTED,ASSIGNMENT_CONFIRMED
ASG00536,REQ00423,AMB0021,1,2026-09-08 03:55:50,23,REJECTED,FALLBACK_TRIGGERED
ASG00537,REQ00423,AMB0016,2,2026-09-08 03:56:15,26,ACCEPTED,ASSIGNMENT_CONFIRMED
ASG00538,REQ00424,AMB0066,1,2026-08-24 14:53:19,17,ACCEPTED,ASSIGNMENT_CONFIRMED
ASG00539,REQ00425,AMB0032,1,2026-08-02 15:57:32,8,TIMEOUT,FALLBACK_TRIGGERED
ASG00540,REQ00426,AMB0029,1,2026-08-07 16:43:08,22,REJECTED,FALLBACK_TRIGGERED
ASG00541,REQ00426,AMB0108,2,2026-08-07 16:43:32,22,REJECTED,FALLBACK_TRIGGERED
ASG00542,REQ00427,AMB0062,1,2026-09-08 02:21:29,25,ACCEPTED,ASSIGNMENT_CONFIRMED
ASG00543,REQ00428,AMB0020,1,2026-08-14 10:12:12,11,ACCEPTED,ASSIGNMENT_CONFIRMED
ASG00544,REQ00429,AMB0123,1,2026-08-01 19:35:32,21,REJECTED,FALLBACK_TRIGGERED
ASG00545,REQ00429,AMB0011,2,2026-08-01 19:35:55,14,ACCEPTED,ASSIGNMENT_CONFIRMED
ASG00546,REQ00431,AMB0034,1,2026-08-28 12:11:45,20,ACCEPTED,ASSIGNMENT_CONFIRMED
ASG00547,REQ00432,AMB0123,1,2026-09-04 02:59:48,15,REJECTED,FALLBACK_TRIGGERED
ASG00548,REQ00432,AMB0061,2,2026-09-04 03:00:05,14,TIMEOUT,FALLBACK_TRIGGERED
ASG00549,REQ00433,AMB0044,1,2026-08-30 15:14:14,5,ACCEPTED,ASSIGNMENT_CONFIRMED
ASG00550,REQ00434,AMB0071,1,2026-08-21 14:31:01,28,TIMEOUT,FALLBACK_TRIGGERED
ASG00551,REQ00435,AMB0130,1,2026-08-09 16:06:25,7,ACCEPTED,ASSIGNMENT_CONFIRMED
ASG00552,REQ00436,AMB0041,1,2026-08-27 07:39:15,16,ACCEPTED,ASSIGNMENT_CONFIRMED
ASG00553,REQ00437,AMB0051,1,2026-08-22 17:44:15,13,ACCEPTED,ASSIGNMENT_CONFIRMED
ASG00554,REQ00438,AMB0032,1,2026-08-21 17:06:52,18,REJECTED,FALLBACK_TRIGGERED
ASG00555,REQ00438,AMB0043,2,2026-08-21 17:07:12,29,ACCEPTED,ASSIGNMENT_CONFIRMED
ASG00556,REQ00439,AMB0057,1,2026-08-04 02:13:52,6,TIMEOUT,FALLBACK_TRIGGERED
ASG00557,REQ00440,AMB0131,1,2026-08-19 12:39:36,17,ACCEPTED,ASSIGNMENT_CONFIRMED
ASG00558,REQ00441,AMB0003,1,2026-08-23 02:37:00,29,REJECTED,FALLBACK_TRIGGERED
ASG00559,REQ00442,AMB0071,1,2026-08-04 00:45:35,25,TIMEOUT,FALLBACK_TRIGGERED
ASG00560,REQ00443,AMB0015,1,2026-08-21 22:24:25,14,ACCEPTED,ASSIGNMENT_CONFIRMED
ASG00561,REQ00444,AMB0124,1,2026-08-24 13:09:18,26,ACCEPTED,ASSIGNMENT_CONFIRMED
ASG00562,REQ00445,AMB0124,1,2026-08-28 04:05:08,28,ACCEPTED,ASSIGNMENT_CONFIRMED
ASG00563,REQ00446,AMB0021,1,2026-08-28 17:52:28,18,TIMEOUT,FALLBACK_TRIGGERED
ASG00564,REQ00446,AMB0053,2,2026-08-28 17:52:48,6,ACCEPTED,ASSIGNMENT_CONFIRMED
ASG00565,REQ00447,AMB0078,1,2026-09-02 08:26:59,10,TIMEOUT,FALLBACK_TRIGGERED
ASG00566,REQ00447,AMB0082,2,2026-09-02 08:27:11,10,ACCEPTED,ASSIGNMENT_CONFIRMED
ASG00567,REQ00448,AMB0129,1,2026-08-06 04:46:46,26,ACCEPTED,ASSIGNMENT_CONFIRMED
ASG00568,REQ00449,AMB0085,1,2026-08-06 07:30:40,19,ACCEPTED,ASSIGNMENT_CONFIRMED
ASG00569,REQ00450,AMB0037,1,2026-09-04 00:30:29,18,ACCEPTED,ASSIGNMENT_CONFIRMED
ASG00570,REQ00451,AMB0070,1,2026-09-08 23:19:46,20,ACCEPTED,ASSIGNMENT_CONFIRMED
ASG00571,REQ00452,AMB0049,1,2026-08-02 09:31:05,16,ACCEPTED,ASSIGNMENT_CONFIRMED
ASG00572,REQ00453,AMB0096,1,2026-08-08 19:11:58,18,TIMEOUT,FALLBACK_TRIGGERED
ASG00573,REQ00455,AMB0048,1,2026-08-27 12:15:42,23,TIMEOUT,FALLBACK_TRIGGERED
ASG00574,REQ00455,AMB0051,2,2026-08-27 12:16:07,10,REJECTED,FALLBACK_TRIGGERED
ASG00575,REQ00455,AMB0105,3,2026-08-27 12:16:19,21,ACCEPTED,ASSIGNMENT_CONFIRMED
ASG00576,REQ00456,AMB0118,1,2026-08-08 01:10:29,4,ACCEPTED,ASSIGNMENT_CONFIRMED
ASG00577,REQ00457,AMB0081,1,2026-08-25 15:16:09,14,REJECTED,FALLBACK_TRIGGERED
ASG00578,REQ00457,AMB0103,2,2026-08-25 15:16:25,22,ACCEPTED,ASSIGNMENT_CONFIRMED
ASG00579,REQ00459,AMB0059,1,2026-08-07 08:41:37,28,TIMEOUT,FALLBACK_TRIGGERED
ASG00580,REQ00459,AMB0069,2,2026-08-07 08:42:07,29,ACCEPTED,ASSIGNMENT_CONFIRMED
ASG00581,REQ00460,AMB0018,1,2026-08-12 10:35:00,4,ACCEPTED,ASSIGNMENT_CONFIRMED
ASG00582,REQ00461,AMB0125,1,2026-08-19 08:12:02,28,ACCEPTED,ASSIGNMENT_CONFIRMED
ASG00583,REQ00462,AMB0122,1,2026-08-08 02:54:38,12,REJECTED,FALLBACK_TRIGGERED
ASG00584,REQ00462,AMB0090,2,2026-08-08 02:54:52,12,ACCEPTED,ASSIGNMENT_CONFIRMED
ASG00585,REQ00463,AMB0039,1,2026-08-17 09:29:42,7,REJECTED,FALLBACK_TRIGGERED
ASG00586,REQ00463,AMB0028,2,2026-08-17 09:29:51,20,ACCEPTED,ASSIGNMENT_CONFIRMED
ASG00587,REQ00464,AMB0130,1,2026-08-21 08:10:49,21,TIMEOUT,FALLBACK_TRIGGERED
ASG00588,REQ00464,AMB0030,2,2026-08-21 08:11:12,10,ACCEPTED,ASSIGNMENT_CONFIRMED
ASG00589,REQ00465,AMB0063,1,2026-08-12 14:04:31,15,TIMEOUT,FALLBACK_TRIGGERED
ASG00590,REQ00465,AMB0083,2,2026-08-12 14:04:48,10,TIMEOUT,FALLBACK_TRIGGERED
ASG00591,REQ00465,AMB0129,3,2026-08-12 14:05:00,24,ACCEPTED,ASSIGNMENT_CONFIRMED
ASG00592,REQ00466,AMB0023,1,2026-08-14 19:41:06,14,ACCEPTED,ASSIGNMENT_CONFIRMED
ASG00593,REQ00467,AMB0010,1,2026-09-01 04:41:40,10,TIMEOUT,FALLBACK_TRIGGERED
ASG00594,REQ00467,AMB0118,2,2026-09-01 04:41:52,15,ACCEPTED,ASSIGNMENT_CONFIRMED
ASG00595,REQ00468,AMB0024,1,2026-09-02 22:49:31,30,TIMEOUT,FALLBACK_TRIGGERED
ASG00596,REQ00469,AMB0042,1,2026-08-31 03:36:34,16,ACCEPTED,ASSIGNMENT_CONFIRMED
ASG00597,REQ00470,AMB0086,1,2026-08-22 02:53:29,14,ACCEPTED,ASSIGNMENT_CONFIRMED
ASG00598,REQ00471,AMB0042,1,2026-08-25 03:40:44,4,ACCEPTED,ASSIGNMENT_CONFIRMED
ASG00599,REQ00472,AMB0032,1,2026-09-07 07:31:24,30,REJECTED,FALLBACK_TRIGGERED
ASG00600,REQ00472,AMB0088,2,2026-09-07 07:31:56,26,ACCEPTED,ASSIGNMENT_CONFIRMED
ASG00601,REQ00473,AMB0100,1,2026-08-22 01:21:50,23,ACCEPTED,ASSIGNMENT_CONFIRMED
ASG00602,REQ00474,AMB0044,1,2026-09-04 04:47:37,8,REJECTED,FALLBACK_TRIGGERED
ASG00603,REQ00474,AMB0073,2,2026-09-04 04:47:47,4,ACCEPTED,ASSIGNMENT_CONFIRMED
ASG00604,REQ00475,AMB0022,1,2026-08-03 07:44:41,28,ACCEPTED,ASSIGNMENT_CONFIRMED
ASG00605,REQ00476,AMB0076,1,2026-09-07 02:52:52,11,ACCEPTED,ASSIGNMENT_CONFIRMED
ASG00606,REQ00477,AMB0099,1,2026-08-26 10:07:43,5,ACCEPTED,ASSIGNMENT_CONFIRMED
ASG00607,REQ00478,AMB0088,1,2026-08-08 08:09:48,30,TIMEOUT,FALLBACK_TRIGGERED
ASG00608,REQ00478,AMB0121,2,2026-08-08 08:10:20,25,ACCEPTED,ASSIGNMENT_CONFIRMED
ASG00609,REQ00479,AMB0013,1,2026-08-25 05:01:56,17,ACCEPTED,ASSIGNMENT_CONFIRMED
ASG00610,REQ00480,AMB0064,1,2026-08-31 22:08:13,22,ACCEPTED,ASSIGNMENT_CONFIRMED
ASG00611,REQ00481,AMB0020,1,2026-08-12 22:31:39,5,ACCEPTED,ASSIGNMENT_CONFIRMED
ASG00612,REQ00482,AMB0092,1,2026-09-03 03:39:23,7,ACCEPTED,ASSIGNMENT_CONFIRMED
ASG00613,REQ00483,AMB0087,1,2026-08-10 21:54:58,8,ACCEPTED,ASSIGNMENT_CONFIRMED
ASG00614,REQ00485,AMB0022,1,2026-09-02 03:04:57,27,ACCEPTED,ASSIGNMENT_CONFIRMED
ASG00615,REQ00486,AMB0044,1,2026-08-15 03:15:47,9,ACCEPTED,ASSIGNMENT_CONFIRMED
ASG00616,REQ00487,AMB0028,1,2026-08-14 19:29:11,19,ACCEPTED,ASSIGNMENT_CONFIRMED
ASG00617,REQ00488,AMB0018,1,2026-09-06 01:17:08,16,ACCEPTED,ASSIGNMENT_CONFIRMED
ASG00618,REQ00489,AMB0087,1,2026-08-11 18:35:54,17,TIMEOUT,FALLBACK_TRIGGERED
ASG00619,REQ00490,AMB0022,1,2026-08-18 00:46:27,20,ACCEPTED,ASSIGNMENT_CONFIRMED
ASG00620,REQ00491,AMB0086,1,2026-08-27 01:02:30,12,REJECTED,FALLBACK_TRIGGERED
ASG00621,REQ00491,AMB0050,2,2026-08-27 01:02:44,10,ACCEPTED,ASSIGNMENT_CONFIRMED
ASG00622,REQ00492,AMB0112,1,2026-09-05 00:44:46,16,ACCEPTED,ASSIGNMENT_CONFIRMED
ASG00623,REQ00493,AMB0004,1,2026-08-11 22:29:54,8,ACCEPTED,ASSIGNMENT_CONFIRMED
ASG00624,REQ00494,AMB0018,1,2026-08-24 20:29:45,14,TIMEOUT,FALLBACK_TRIGGERED
ASG00625,REQ00495,AMB0082,1,2026-08-18 22:39:34,21,ACCEPTED,ASSIGNMENT_CONFIRMED
ASG00626,REQ00496,AMB0026,1,2026-08-24 01:07:24,25,ACCEPTED,ASSIGNMENT_CONFIRMED
ASG00627,REQ00497,AMB0122,1,2026-08-09 10:15:34,21,ACCEPTED,ASSIGNMENT_CONFIRMED
ASG00628,REQ00498,AMB0016,1,2026-08-21 11:57:17,26,ACCEPTED,ASSIGNMENT_CONFIRMED
ASG00629,REQ00499,AMB0078,1,2026-08-08 15:45:34,22,ACCEPTED,ASSIGNMENT_CONFIRMED
ASG00630,REQ00500,AMB0022,1,2026-08-06 02:25:57,30,ACCEPTED,ASSIGNMENT_CONFIRMED
ASG00631,REQ00501,AMB0030,1,2026-08-14 16:40:01,24,ACCEPTED,ASSIGNMENT_CONFIRMED
ASG00632,REQ00502,AMB0073,1,2026-08-02 09:12:04,9,ACCEPTED,ASSIGNMENT_CONFIRMED
ASG00633,REQ00503,AMB0070,1,2026-08-21 15:37:42,20,ACCEPTED,ASSIGNMENT_CONFIRMED
ASG00634,REQ00504,AMB0029,1,2026-08-17 07:30:23,13,ACCEPTED,ASSIGNMENT_CONFIRMED
ASG00635,REQ00506,AMB0022,1,2026-08-21 18:08:28,10,ACCEPTED,ASSIGNMENT_CONFIRMED
ASG00636,REQ00507,AMB0093,1,2026-08-29 17:10:34,26,TIMEOUT,FALLBACK_TRIGGERED
ASG00637,REQ00507,AMB0049,2,2026-08-29 17:11:02,22,ACCEPTED,ASSIGNMENT_CONFIRMED
ASG00638,REQ00508,AMB0044,1,2026-08-10 00:47:34,17,ACCEPTED,ASSIGNMENT_CONFIRMED
ASG00639,REQ00509,AMB0002,1,2026-09-06 21:09:51,7,ACCEPTED,ASSIGNMENT_CONFIRMED
ASG00640,REQ00510,AMB0008,1,2026-09-05 03:19:01,7,TIMEOUT,FALLBACK_TRIGGERED
ASG00641,REQ00510,AMB0078,2,2026-09-05 03:19:10,5,ACCEPTED,ASSIGNMENT_CONFIRMED
ASG00642,REQ00511,AMB0130,1,2026-09-03 07:50:59,24,TIMEOUT,FALLBACK_TRIGGERED
ASG00643,REQ00512,AMB0112,1,2026-09-01 10:38:38,23,TIMEOUT,FALLBACK_TRIGGERED
ASG00644,REQ00512,AMB0104,2,2026-09-01 10:39:03,15,ACCEPTED,ASSIGNMENT_CONFIRMED
ASG00645,REQ00513,AMB0019,1,2026-08-19 11:22:19,26,ACCEPTED,ASSIGNMENT_CONFIRMED
ASG00646,REQ00514,AMB0119,1,2026-08-29 09:10:51,9,ACCEPTED,ASSIGNMENT_CONFIRMED
ASG00647,REQ00515,AMB0032,1,2026-09-03 10:04:59,11,TIMEOUT,FALLBACK_TRIGGERED
ASG00648,REQ00515,AMB0118,2,2026-09-03 10:05:12,25,TIMEOUT,FALLBACK_TRIGGERED
ASG00649,REQ00515,AMB0027,3,2026-09-03 10:05:39,17,ACCEPTED,ASSIGNMENT_CONFIRMED
ASG00650,REQ00516,AMB0070,1,2026-09-06 04:12:11,26,REJECTED,FALLBACK_TRIGGERED
ASG00651,REQ00518,AMB0081,1,2026-08-19 13:11:31,10,REJECTED,FALLBACK_TRIGGERED
ASG00652,REQ00518,AMB0030,2,2026-08-19 13:11:43,21,REJECTED,FALLBACK_TRIGGERED
ASG00653,REQ00518,AMB0025,3,2026-08-19 13:12:06,7,ACCEPTED,ASSIGNMENT_CONFIRMED
ASG00654,REQ00520,AMB0081,1,2026-08-02 08:10:37,8,ACCEPTED,ASSIGNMENT_CONFIRMED
ASG00655,REQ00521,AMB0092,1,2026-08-23 01:18:18,16,ACCEPTED,ASSIGNMENT_CONFIRMED
ASG00656,REQ00522,AMB0044,1,2026-08-11 17:20:55,11,TIMEOUT,FALLBACK_TRIGGERED
ASG00657,REQ00522,AMB0047,2,2026-08-11 17:21:08,21,ACCEPTED,ASSIGNMENT_CONFIRMED
ASG00658,REQ00524,AMB0004,1,2026-08-15 06:50:57,27,REJECTED,FALLBACK_TRIGGERED
ASG00659,REQ00525,AMB0065,1,2026-08-08 04:59:01,16,REJECTED,FALLBACK_TRIGGERED
ASG00660,REQ00526,AMB0123,1,2026-08-20 00:47:52,30,REJECTED,FALLBACK_TRIGGERED
ASG00661,REQ00526,AMB0063,2,2026-08-20 00:48:24,28,REJECTED,FALLBACK_TRIGGERED
ASG00662,REQ00526,AMB0003,3,2026-08-20 00:48:54,8,ACCEPTED,ASSIGNMENT_CONFIRMED
ASG00663,REQ00527,AMB0065,1,2026-08-06 13:44:48,9,ACCEPTED,ASSIGNMENT_CONFIRMED
ASG00664,REQ00528,AMB0109,1,2026-09-02 18:03:30,18,ACCEPTED,ASSIGNMENT_CONFIRMED
ASG00665,REQ00529,AMB0115,1,2026-08-14 18:57:12,19,TIMEOUT,FALLBACK_TRIGGERED
ASG00666,REQ00529,AMB0008,2,2026-08-14 18:57:33,13,REJECTED,FALLBACK_TRIGGERED
ASG00667,REQ00530,AMB0051,1,2026-08-11 16:49:46,24,TIMEOUT,FALLBACK_TRIGGERED
ASG00668,REQ00531,AMB0110,1,2026-08-19 05:57:48,26,ACCEPTED,ASSIGNMENT_CONFIRMED
ASG00669,REQ00532,AMB0121,1,2026-09-07 05:28:43,13,ACCEPTED,ASSIGNMENT_CONFIRMED
ASG00670,REQ00533,AMB0128,1,2026-08-21 03:29:07,19,ACCEPTED,ASSIGNMENT_CONFIRMED
ASG00671,REQ00534,AMB0020,1,2026-08-25 09:29:38,5,TIMEOUT,FALLBACK_TRIGGERED
ASG00672,REQ00534,AMB0087,2,2026-08-25 09:29:45,9,ACCEPTED,ASSIGNMENT_CONFIRMED
ASG00673,REQ00535,AMB0014,1,2026-08-13 02:57:53,4,REJECTED,FALLBACK_TRIGGERED
ASG00674,REQ00535,AMB0056,2,2026-08-13 02:57:59,26,ACCEPTED,ASSIGNMENT_CONFIRMED
ASG00675,REQ00537,AMB0095,1,2026-08-22 06:38:54,6,ACCEPTED,ASSIGNMENT_CONFIRMED
ASG00676,REQ00538,AMB0127,1,2026-09-07 08:48:50,8,ACCEPTED,ASSIGNMENT_CONFIRMED
ASG00677,REQ00539,AMB0119,1,2026-08-10 14:06:07,29,ACCEPTED,ASSIGNMENT_CONFIRMED
ASG00678,REQ00540,AMB0089,1,2026-09-01 21:01:11,12,REJECTED,FALLBACK_TRIGGERED
ASG00679,REQ00540,AMB0111,2,2026-09-01 21:01:25,15,TIMEOUT,FALLBACK_TRIGGERED
ASG00680,REQ00540,AMB0017,3,2026-09-01 21:01:42,17,ACCEPTED,ASSIGNMENT_CONFIRMED
ASG00681,REQ00541,AMB0054,1,2026-09-03 15:50:29,22,REJECTED,FALLBACK_TRIGGERED
ASG00682,REQ00541,AMB0125,2,2026-09-03 15:50:53,17,ACCEPTED,ASSIGNMENT_CONFIRMED
ASG00683,REQ00542,AMB0060,1,2026-08-02 01:27:56,22,TIMEOUT,FALLBACK_TRIGGERED
ASG00684,REQ00542,AMB0048,2,2026-08-02 01:28:20,11,ACCEPTED,ASSIGNMENT_CONFIRMED
ASG00685,REQ00543,AMB0027,1,2026-08-20 22:10:31,29,ACCEPTED,ASSIGNMENT_CONFIRMED
ASG00686,REQ00544,AMB0131,1,2026-09-06 15:30:35,22,ACCEPTED,ASSIGNMENT_CONFIRMED
ASG00687,REQ00545,AMB0098,1,2026-08-19 10:03:01,24,REJECTED,FALLBACK_TRIGGERED
ASG00688,REQ00546,AMB0043,1,2026-08-25 03:27:22,28,TIMEOUT,FALLBACK_TRIGGERED
ASG00689,REQ00546,AMB0110,2,2026-08-25 03:27:52,20,REJECTED,FALLBACK_TRIGGERED
ASG00690,REQ00546,AMB0123,3,2026-08-25 03:28:14,27,ACCEPTED,ASSIGNMENT_CONFIRMED
ASG00691,REQ00547,AMB0071,1,2026-08-05 09:07:21,9,REJECTED,FALLBACK_TRIGGERED
ASG00692,REQ00547,AMB0091,2,2026-08-05 09:07:32,18,ACCEPTED,ASSIGNMENT_CONFIRMED
ASG00693,REQ00548,AMB0060,1,2026-08-18 00:44:30,6,TIMEOUT,FALLBACK_TRIGGERED
ASG00694,REQ00548,AMB0061,2,2026-08-18 00:44:38,6,ACCEPTED,ASSIGNMENT_CONFIRMED
ASG00695,REQ00549,AMB0110,1,2026-08-14 10:31:32,25,REJECTED,FALLBACK_TRIGGERED
ASG00696,REQ00549,AMB0021,2,2026-08-14 10:31:59,24,ACCEPTED,ASSIGNMENT_CONFIRMED
ASG00697,REQ00550,AMB0064,1,2026-08-05 17:13:18,13,TIMEOUT,FALLBACK_TRIGGERED
ASG00698,REQ00551,AMB0089,1,2026-09-07 10:17:04,4,TIMEOUT,FALLBACK_TRIGGERED
ASG00699,REQ00551,AMB0001,2,2026-09-07 10:17:10,19,ACCEPTED,ASSIGNMENT_CONFIRMED
ASG00700,REQ00552,AMB0002,1,2026-08-20 13:42:34,27,ACCEPTED,ASSIGNMENT_CONFIRMED
ASG00701,REQ00553,AMB0077,1,2026-09-03 05:36:31,22,ACCEPTED,ASSIGNMENT_CONFIRMED
ASG00702,REQ00554,AMB0103,1,2026-08-28 18:46:40,10,ACCEPTED,ASSIGNMENT_CONFIRMED
ASG00703,REQ00555,AMB0117,1,2026-08-05 20:13:54,16,TIMEOUT,FALLBACK_TRIGGERED
ASG00704,REQ00555,AMB0107,2,2026-08-05 20:14:12,8,ACCEPTED,ASSIGNMENT_CONFIRMED
ASG00705,REQ00556,AMB0061,1,2026-08-13 00:15:51,21,REJECTED,FALLBACK_TRIGGERED
ASG00706,REQ00556,AMB0084,2,2026-08-13 00:16:14,22,ACCEPTED,ASSIGNMENT_CONFIRMED
ASG00707,REQ00557,AMB0066,1,2026-08-02 08:50:51,21,ACCEPTED,ASSIGNMENT_CONFIRMED
ASG00708,REQ00558,AMB0092,1,2026-08-06 10:38:19,12,ACCEPTED,ASSIGNMENT_CONFIRMED
ASG00709,REQ00559,AMB0042,1,2026-08-09 07:07:36,15,TIMEOUT,FALLBACK_TRIGGERED
ASG00710,REQ00559,AMB0087,2,2026-08-09 07:07:53,7,REJECTED,FALLBACK_TRIGGERED
ASG00711,REQ00560,AMB0049,1,2026-08-16 19:07:49,26,REJECTED,FALLBACK_TRIGGERED
ASG00712,REQ00560,AMB0084,2,2026-08-16 19:08:17,23,ACCEPTED,ASSIGNMENT_CONFIRMED
ASG00713,REQ00561,AMB0076,1,2026-08-07 05:13:17,7,ACCEPTED,ASSIGNMENT_CONFIRMED
ASG00714,REQ00562,AMB0054,1,2026-09-04 13:30:43,25,ACCEPTED,ASSIGNMENT_CONFIRMED
ASG00715,REQ00563,AMB0029,1,2026-08-02 20:57:38,27,ACCEPTED,ASSIGNMENT_CONFIRMED
ASG00716,REQ00565,AMB0026,1,2026-08-20 02:59:52,4,TIMEOUT,FALLBACK_TRIGGERED
ASG00717,REQ00565,AMB0128,2,2026-08-20 02:59:58,13,ACCEPTED,ASSIGNMENT_CONFIRMED
ASG00718,REQ00566,AMB0059,1,2026-08-27 01:17:55,29,ACCEPTED,ASSIGNMENT_CONFIRMED
ASG00719,REQ00567,AMB0059,1,2026-08-07 05:44:16,16,TIMEOUT,FALLBACK_TRIGGERED
ASG00720,REQ00567,AMB0003,2,2026-08-07 05:44:34,14,REJECTED,FALLBACK_TRIGGERED
ASG00721,REQ00567,AMB0065,3,2026-08-07 05:44:50,6,TIMEOUT,FALLBACK_TRIGGERED
ASG00722,REQ00568,AMB0037,1,2026-08-04 20:41:11,8,ACCEPTED,ASSIGNMENT_CONFIRMED
ASG00723,REQ00569,AMB0035,1,2026-08-11 07:33:45,17,TIMEOUT,FALLBACK_TRIGGERED
ASG00724,REQ00570,AMB0120,1,2026-08-31 23:08:16,5,REJECTED,FALLBACK_TRIGGERED
ASG00725,REQ00570,AMB0045,2,2026-08-31 23:08:23,10,ACCEPTED,ASSIGNMENT_CONFIRMED
ASG00726,REQ00571,AMB0029,1,2026-08-25 18:14:01,8,ACCEPTED,ASSIGNMENT_CONFIRMED
ASG00727,REQ00572,AMB0113,1,2026-08-11 01:25:39,6,ACCEPTED,ASSIGNMENT_CONFIRMED
ASG00728,REQ00573,AMB0059,1,2026-08-30 21:31:07,15,TIMEOUT,FALLBACK_TRIGGERED
ASG00729,REQ00573,AMB0114,2,2026-08-30 21:31:24,27,TIMEOUT,FALLBACK_TRIGGERED
ASG00730,REQ00574,AMB0031,1,2026-08-09 13:54:13,6,REJECTED,FALLBACK_TRIGGERED
ASG00731,REQ00574,AMB0113,2,2026-08-09 13:54:21,27,ACCEPTED,ASSIGNMENT_CONFIRMED
ASG00732,REQ00575,AMB0109,1,2026-08-02 09:16:15,11,ACCEPTED,ASSIGNMENT_CONFIRMED
ASG00733,REQ00576,AMB0128,1,2026-08-21 22:25:43,30,REJECTED,FALLBACK_TRIGGERED
ASG00734,REQ00576,AMB0019,2,2026-08-21 22:26:15,6,ACCEPTED,ASSIGNMENT_CONFIRMED
ASG00735,REQ00577,AMB0053,1,2026-08-22 07:30:58,11,REJECTED,FALLBACK_TRIGGERED
ASG00736,REQ00578,AMB0129,1,2026-08-25 09:25:42,16,REJECTED,FALLBACK_TRIGGERED
ASG00737,REQ00578,AMB0062,2,2026-08-25 09:26:00,5,ACCEPTED,ASSIGNMENT_CONFIRMED
ASG00738,REQ00579,AMB0086,1,2026-08-22 14:08:05,29,TIMEOUT,FALLBACK_TRIGGERED
ASG00739,REQ00579,AMB0007,2,2026-08-22 14:08:36,4,ACCEPTED,ASSIGNMENT_CONFIRMED
ASG00740,REQ00580,AMB0025,1,2026-08-18 23:23:59,20,REJECTED,FALLBACK_TRIGGERED
ASG00741,REQ00581,AMB0107,1,2026-08-11 10:47:31,13,ACCEPTED,ASSIGNMENT_CONFIRMED
ASG00742,REQ00583,AMB0096,1,2026-09-05 15:29:31,26,ACCEPTED,ASSIGNMENT_CONFIRMED
ASG00743,REQ00584,AMB0010,1,2026-08-11 23:32:52,5,ACCEPTED,ASSIGNMENT_CONFIRMED
ASG00744,REQ00585,AMB0129,1,2026-08-27 02:15:49,8,ACCEPTED,ASSIGNMENT_CONFIRMED
ASG00745,REQ00586,AMB0065,1,2026-08-07 10:09:01,4,ACCEPTED,ASSIGNMENT_CONFIRMED
ASG00746,REQ00588,AMB0115,1,2026-08-19 10:51:03,5,ACCEPTED,ASSIGNMENT_CONFIRMED
ASG00747,REQ00589,AMB0068,1,2026-08-26 02:01:54,17,ACCEPTED,ASSIGNMENT_CONFIRMED
ASG00748,REQ00590,AMB0121,1,2026-08-28 23:51:58,21,ACCEPTED,ASSIGNMENT_CONFIRMED
ASG00749,REQ00591,AMB0050,1,2026-08-25 15:17:36,9,ACCEPTED,ASSIGNMENT_CONFIRMED
ASG00750,REQ00593,AMB0073,1,2026-08-19 14:27:05,22,TIMEOUT,FALLBACK_TRIGGERED
ASG00751,REQ00593,AMB0003,2,2026-08-19 14:27:29,10,ACCEPTED,ASSIGNMENT_CONFIRMED
ASG00752,REQ00594,AMB0006,1,2026-08-19 18:03:35,12,ACCEPTED,ASSIGNMENT_CONFIRMED
ASG00753,REQ00595,AMB0080,1,2026-08-17 11:16:37,25,ACCEPTED,ASSIGNMENT_CONFIRMED
ASG00754,REQ00596,AMB0055,1,2026-08-03 02:26:56,27,ACCEPTED,ASSIGNMENT_CONFIRMED
ASG00755,REQ00597,AMB0079,1,2026-08-12 06:11:05,8,ACCEPTED,ASSIGNMENT_CONFIRMED
ASG00756,REQ00598,AMB0106,1,2026-08-01 05:41:30,15,ACCEPTED,ASSIGNMENT_CONFIRMED
ASG00757,REQ00599,AMB0012,1,2026-08-24 22:43:44,29,ACCEPTED,ASSIGNMENT_CONFIRMED
ASG00758,REQ00600,AMB0102,1,2026-08-13 00:13:30,4,ACCEPTED,ASSIGNMENT_CONFIRMED
ASG00759,REQ00601,AMB0075,1,2026-08-30 04:30:27,7,ACCEPTED,ASSIGNMENT_CONFIRMED
ASG00760,REQ00602,AMB0061,1,2026-09-07 07:12:18,14,ACCEPTED,ASSIGNMENT_CONFIRMED
ASG00761,REQ00603,AMB0117,1,2026-09-07 19:46:35,22,ACCEPTED,ASSIGNMENT_CONFIRMED
ASG00762,REQ00604,AMB0013,1,2026-08-02 13:36:20,27,TIMEOUT,FALLBACK_TRIGGERED
ASG00763,REQ00605,AMB0038,1,2026-08-23 14:44:27,25,REJECTED,FALLBACK_TRIGGERED
ASG00764,REQ00605,AMB0060,2,2026-08-23 14:44:54,23,ACCEPTED,ASSIGNMENT_CONFIRMED
ASG00765,REQ00606,AMB0109,1,2026-08-22 19:54:53,28,TIMEOUT,FALLBACK_TRIGGERED
ASG00766,REQ00606,AMB0034,2,2026-08-22 19:55:23,25,REJECTED,FALLBACK_TRIGGERED
ASG00767,REQ00606,AMB0126,3,2026-08-22 19:55:50,16,ACCEPTED,ASSIGNMENT_CONFIRMED
ASG00768,REQ00607,AMB0020,1,2026-08-24 15:51:54,26,TIMEOUT,FALLBACK_TRIGGERED
ASG00769,REQ00607,AMB0117,2,2026-08-24 15:52:22,19,ACCEPTED,ASSIGNMENT_CONFIRMED
ASG00770,REQ00608,AMB0113,1,2026-09-08 15:06:50,15,ACCEPTED,ASSIGNMENT_CONFIRMED
ASG00771,REQ00609,AMB0056,1,2026-08-17 11:43:10,20,TIMEOUT,FALLBACK_TRIGGERED
ASG00772,REQ00609,AMB0119,2,2026-08-17 11:43:32,25,REJECTED,FALLBACK_TRIGGERED
ASG00773,REQ00610,AMB0055,1,2026-08-08 17:14:31,23,ACCEPTED,ASSIGNMENT_CONFIRMED
ASG00774,REQ00611,AMB0058,1,2026-09-02 19:42:06,23,ACCEPTED,ASSIGNMENT_CONFIRMED
ASG00775,REQ00613,AMB0042,1,2026-09-02 15:46:55,5,ACCEPTED,ASSIGNMENT_CONFIRMED
ASG00776,REQ00614,AMB0122,1,2026-08-01 07:53:51,11,ACCEPTED,ASSIGNMENT_CONFIRMED
ASG00777,REQ00615,AMB0093,1,2026-08-10 16:26:50,7,ACCEPTED,ASSIGNMENT_CONFIRMED
ASG00778,REQ00616,AMB0082,1,2026-08-24 00:28:09,14,ACCEPTED,ASSIGNMENT_CONFIRMED
ASG00779,REQ00618,AMB0105,1,2026-09-03 09:26:25,20,REJECTED,FALLBACK_TRIGGERED
ASG00780,REQ00618,AMB0117,2,2026-09-03 09:26:47,30,ACCEPTED,ASSIGNMENT_CONFIRMED
ASG00781,REQ00619,AMB0072,1,2026-08-18 16:39:58,7,REJECTED,FALLBACK_TRIGGERED
ASG00782,REQ00619,AMB0128,2,2026-08-18 16:40:07,22,TIMEOUT,FALLBACK_TRIGGERED
ASG00783,REQ00620,AMB0011,1,2026-08-26 06:56:19,11,REJECTED,FALLBACK_TRIGGERED
ASG00784,REQ00620,AMB0090,2,2026-08-26 06:56:32,19,ACCEPTED,ASSIGNMENT_CONFIRMED
ASG00785,REQ00621,AMB0131,1,2026-08-14 02:32:35,14,REJECTED,FALLBACK_TRIGGERED
ASG00786,REQ00621,AMB0028,2,2026-08-14 02:32:51,28,ACCEPTED,ASSIGNMENT_CONFIRMED
ASG00787,REQ00622,AMB0084,1,2026-08-20 23:27:32,11,TIMEOUT,FALLBACK_TRIGGERED
ASG00788,REQ00622,AMB0036,2,2026-08-20 23:27:45,5,TIMEOUT,FALLBACK_TRIGGERED
ASG00789,REQ00622,AMB0072,3,2026-08-20 23:27:52,30,ACCEPTED,ASSIGNMENT_CONFIRMED
ASG00790,REQ00623,AMB0049,1,2026-08-08 14:19:36,28,REJECTED,FALLBACK_TRIGGERED
ASG00791,REQ00624,AMB0115,1,2026-08-20 09:42:50,6,ACCEPTED,ASSIGNMENT_CONFIRMED
ASG00792,REQ00625,AMB0081,1,2026-08-13 11:29:06,12,ACCEPTED,ASSIGNMENT_CONFIRMED
ASG00793,REQ00626,AMB0106,1,2026-08-29 02:23:43,11,ACCEPTED,ASSIGNMENT_CONFIRMED
ASG00794,REQ00627,AMB0108,1,2026-08-29 22:59:31,18,ACCEPTED,ASSIGNMENT_CONFIRMED
ASG00795,REQ00629,AMB0014,1,2026-08-27 03:07:23,27,ACCEPTED,ASSIGNMENT_CONFIRMED
ASG00796,REQ00630,AMB0020,1,2026-08-10 04:50:37,28,ACCEPTED,ASSIGNMENT_CONFIRMED
ASG00797,REQ00631,AMB0118,1,2026-08-08 17:22:04,21,ACCEPTED,ASSIGNMENT_CONFIRMED
ASG00798,REQ00632,AMB0048,1,2026-09-08 04:48:08,5,ACCEPTED,ASSIGNMENT_CONFIRMED
ASG00799,REQ00633,AMB0089,1,2026-08-27 12:14:57,15,TIMEOUT,FALLBACK_TRIGGERED
ASG00800,REQ00634,AMB0057,1,2026-08-02 18:40:50,25,TIMEOUT,FALLBACK_TRIGGERED
ASG00801,REQ00634,AMB0069,2,2026-08-02 18:41:17,13,ACCEPTED,ASSIGNMENT_CONFIRMED
ASG00802,REQ00635,AMB0010,1,2026-09-06 01:36:33,18,TIMEOUT,FALLBACK_TRIGGERED
ASG00803,REQ00635,AMB0117,2,2026-09-06 01:36:53,18,REJECTED,FALLBACK_TRIGGERED
ASG00804,REQ00635,AMB0035,3,2026-09-06 01:37:13,29,ACCEPTED,ASSIGNMENT_CONFIRMED
ASG00805,REQ00636,AMB0009,1,2026-08-14 07:53:45,27,ACCEPTED,ASSIGNMENT_CONFIRMED
ASG00806,REQ00637,AMB0036,1,2026-08-02 10:27:11,25,ACCEPTED,ASSIGNMENT_CONFIRMED
ASG00807,REQ00638,AMB0071,1,2026-08-19 04:11:16,4,ACCEPTED,ASSIGNMENT_CONFIRMED
ASG00808,REQ00639,AMB0080,1,2026-08-02 22:03:19,19,REJECTED,FALLBACK_TRIGGERED
ASG00809,REQ00639,AMB0032,2,2026-08-02 22:03:40,29,ACCEPTED,ASSIGNMENT_CONFIRMED
ASG00810,REQ00640,AMB0104,1,2026-08-04 06:15:48,7,ACCEPTED,ASSIGNMENT_CONFIRMED
ASG00811,REQ00641,AMB0094,1,2026-09-05 13:04:30,25,ACCEPTED,ASSIGNMENT_CONFIRMED
ASG00812,REQ00642,AMB0004,1,2026-08-09 09:36:26,12,ACCEPTED,ASSIGNMENT_CONFIRMED
ASG00813,REQ00644,AMB0006,1,2026-08-04 15:17:38,26,TIMEOUT,FALLBACK_TRIGGERED
ASG00814,REQ00645,AMB0105,1,2026-08-03 05:47:34,19,ACCEPTED,ASSIGNMENT_CONFIRMED
ASG00815,REQ00646,AMB0108,1,2026-08-28 06:39:32,12,ACCEPTED,ASSIGNMENT_CONFIRMED
ASG00816,REQ00647,AMB0039,1,2026-08-18 07:42:20,17,REJECTED,FALLBACK_TRIGGERED
ASG00817,REQ00647,AMB0075,2,2026-08-18 07:42:39,13,TIMEOUT,FALLBACK_TRIGGERED
ASG00818,REQ00647,AMB0016,3,2026-08-18 07:42:54,26,ACCEPTED,ASSIGNMENT_CONFIRMED
ASG00819,REQ00648,AMB0107,1,2026-08-31 00:57:00,19,ACCEPTED,ASSIGNMENT_CONFIRMED
ASG00820,REQ00649,AMB0005,1,2026-08-05 17:01:57,7,ACCEPTED,ASSIGNMENT_CONFIRMED
ASG00821,REQ00650,AMB0120,1,2026-08-12 22:00:07,28,ACCEPTED,ASSIGNMENT_CONFIRMED
ASG00822,REQ00651,AMB0063,1,2026-08-23 06:05:52,9,ACCEPTED,ASSIGNMENT_CONFIRMED
ASG00823,REQ00652,AMB0013,1,2026-09-01 22:45:38,26,ACCEPTED,ASSIGNMENT_CONFIRMED
ASG00824,REQ00653,AMB0076,1,2026-09-05 06:42:47,11,ACCEPTED,ASSIGNMENT_CONFIRMED
ASG00825,REQ00654,AMB0008,1,2026-09-06 07:56:33,18,REJECTED,FALLBACK_TRIGGERED
ASG00826,REQ00654,AMB0035,2,2026-09-06 07:56:53,13,ACCEPTED,ASSIGNMENT_CONFIRMED
ASG00827,REQ00655,AMB0109,1,2026-08-30 00:27:41,28,TIMEOUT,FALLBACK_TRIGGERED
ASG00828,REQ00655,AMB0066,2,2026-08-30 00:28:11,23,ACCEPTED,ASSIGNMENT_CONFIRMED
ASG00829,REQ00656,AMB0016,1,2026-08-30 15:23:33,28,REJECTED,FALLBACK_TRIGGERED
ASG00830,REQ00656,AMB0015,2,2026-08-30 15:24:03,12,ACCEPTED,ASSIGNMENT_CONFIRMED
ASG00831,REQ00657,AMB0059,1,2026-08-26 06:21:05,20,REJECTED,FALLBACK_TRIGGERED
ASG00832,REQ00657,AMB0119,2,2026-08-26 06:21:27,18,ACCEPTED,ASSIGNMENT_CONFIRMED
ASG00833,REQ00658,AMB0129,1,2026-08-13 05:21:19,22,ACCEPTED,ASSIGNMENT_CONFIRMED
ASG00834,REQ00659,AMB0067,1,2026-08-22 08:15:06,16,REJECTED,FALLBACK_TRIGGERED
ASG00835,REQ00661,AMB0006,1,2026-08-05 04:03:58,13,ACCEPTED,ASSIGNMENT_CONFIRMED
ASG00836,REQ00662,AMB0032,1,2026-08-19 12:25:06,7,REJECTED,FALLBACK_TRIGGERED
ASG00837,REQ00662,AMB0016,2,2026-08-19 12:25:15,6,ACCEPTED,ASSIGNMENT_CONFIRMED
ASG00838,REQ00663,AMB0074,1,2026-08-28 19:39:06,11,ACCEPTED,ASSIGNMENT_CONFIRMED
ASG00839,REQ00664,AMB0022,1,2026-08-01 19:45:04,30,ACCEPTED,ASSIGNMENT_CONFIRMED
ASG00840,REQ00665,AMB0092,1,2026-08-29 05:15:08,26,ACCEPTED,ASSIGNMENT_CONFIRMED
ASG00841,REQ00666,AMB0096,1,2026-08-10 04:30:19,7,ACCEPTED,ASSIGNMENT_CONFIRMED
ASG00842,REQ00667,AMB0032,1,2026-09-05 01:27:22,9,ACCEPTED,ASSIGNMENT_CONFIRMED
ASG00843,REQ00668,AMB0021,1,2026-08-30 19:44:21,30,ACCEPTED,ASSIGNMENT_CONFIRMED
ASG00844,REQ00669,AMB0006,1,2026-08-03 15:14:58,11,ACCEPTED,ASSIGNMENT_CONFIRMED
ASG00845,REQ00670,AMB0118,1,2026-08-22 23:24:13,12,ACCEPTED,ASSIGNMENT_CONFIRMED
ASG00846,REQ00671,AMB0040,1,2026-08-19 14:12:40,15,ACCEPTED,ASSIGNMENT_CONFIRMED
ASG00847,REQ00672,AMB0121,1,2026-08-17 23:11:21,13,REJECTED,FALLBACK_TRIGGERED
ASG00848,REQ00672,AMB0085,2,2026-08-17 23:11:36,10,ACCEPTED,ASSIGNMENT_CONFIRMED
ASG00849,REQ00673,AMB0081,1,2026-08-09 12:41:50,6,ACCEPTED,ASSIGNMENT_CONFIRMED
ASG00850,REQ00675,AMB0040,1,2026-08-24 10:38:27,10,REJECTED,FALLBACK_TRIGGERED
ASG00851,REQ00675,AMB0019,2,2026-08-24 10:38:39,30,ACCEPTED,ASSIGNMENT_CONFIRMED
ASG00852,REQ00676,AMB0028,1,2026-08-10 10:15:03,24,ACCEPTED,ASSIGNMENT_CONFIRMED
ASG00853,REQ00677,AMB0007,1,2026-08-31 21:39:04,24,ACCEPTED,ASSIGNMENT_CONFIRMED
ASG00854,REQ00678,AMB0098,1,2026-08-21 22:23:33,4,ACCEPTED,ASSIGNMENT_CONFIRMED
ASG00855,REQ00679,AMB0064,1,2026-08-03 06:14:57,27,ACCEPTED,ASSIGNMENT_CONFIRMED
ASG00856,REQ00680,AMB0053,1,2026-08-24 08:35:05,5,ACCEPTED,ASSIGNMENT_CONFIRMED
ASG00857,REQ00681,AMB0093,1,2026-08-28 14:29:27,8,REJECTED,FALLBACK_TRIGGERED
ASG00858,REQ00681,AMB0020,2,2026-08-28 14:29:37,25,ACCEPTED,ASSIGNMENT_CONFIRMED
ASG00859,REQ00682,AMB0042,1,2026-08-05 11:57:05,24,ACCEPTED,ASSIGNMENT_CONFIRMED
ASG00860,REQ00683,AMB0113,1,2026-08-05 11:02:34,24,REJECTED,FALLBACK_TRIGGERED
ASG00861,REQ00683,AMB0094,2,2026-08-05 11:03:00,30,ACCEPTED,ASSIGNMENT_CONFIRMED
ASG00862,REQ00684,AMB0068,1,2026-08-09 22:47:34,25,REJECTED,FALLBACK_TRIGGERED
ASG00863,REQ00685,AMB0109,1,2026-08-01 15:41:32,7,ACCEPTED,ASSIGNMENT_CONFIRMED
ASG00864,REQ00686,AMB0105,1,2026-09-05 14:46:52,7,ACCEPTED,ASSIGNMENT_CONFIRMED
ASG00865,REQ00687,AMB0081,1,2026-09-05 00:23:08,25,TIMEOUT,FALLBACK_TRIGGERED
ASG00866,REQ00687,AMB0070,2,2026-09-05 00:23:35,27,REJECTED,FALLBACK_TRIGGERED
ASG00867,REQ00687,AMB0106,3,2026-09-05 00:24:04,29,ACCEPTED,ASSIGNMENT_CONFIRMED
ASG00868,REQ00689,AMB0071,1,2026-09-06 20:51:38,30,TIMEOUT,FALLBACK_TRIGGERED
ASG00869,REQ00689,AMB0081,2,2026-09-06 20:52:10,10,ACCEPTED,ASSIGNMENT_CONFIRMED
ASG00870,REQ00690,AMB0082,1,2026-08-31 03:21:36,21,ACCEPTED,ASSIGNMENT_CONFIRMED
ASG00871,REQ00691,AMB0103,1,2026-09-01 00:11:12,20,REJECTED,FALLBACK_TRIGGERED
ASG00872,REQ00691,AMB0095,2,2026-09-01 00:11:34,5,REJECTED,FALLBACK_TRIGGERED
ASG00873,REQ00691,AMB0070,3,2026-09-01 00:11:41,23,ACCEPTED,ASSIGNMENT_CONFIRMED
ASG00874,REQ00692,AMB0080,1,2026-09-03 00:10:20,5,ACCEPTED,ASSIGNMENT_CONFIRMED
ASG00875,REQ00693,AMB0050,1,2026-08-25 06:08:55,8,ACCEPTED,ASSIGNMENT_CONFIRMED
ASG00876,REQ00694,AMB0095,1,2026-08-30 08:12:00,22,ACCEPTED,ASSIGNMENT_CONFIRMED
ASG00877,REQ00696,AMB0090,1,2026-08-20 12:39:52,20,REJECTED,FALLBACK_TRIGGERED
ASG00878,REQ00697,AMB0086,1,2026-08-12 22:36:06,24,REJECTED,FALLBACK_TRIGGERED
ASG00879,REQ00698,AMB0008,1,2026-08-05 22:46:46,14,ACCEPTED,ASSIGNMENT_CONFIRMED
ASG00880,REQ00699,AMB0127,1,2026-08-07 16:49:49,14,ACCEPTED,ASSIGNMENT_CONFIRMED
ASG00881,REQ00700,AMB0128,1,2026-08-30 12:21:47,26,ACCEPTED,ASSIGNMENT_CONFIRMED
ASG00882,REQ00701,AMB0023,1,2026-09-01 14:04:05,22,ACCEPTED,ASSIGNMENT_CONFIRMED
ASG00883,REQ00702,AMB0116,1,2026-08-02 19:06:11,29,ACCEPTED,ASSIGNMENT_CONFIRMED
ASG00884,REQ00703,AMB0067,1,2026-08-23 05:13:45,29,ACCEPTED,ASSIGNMENT_CONFIRMED
ASG00885,REQ00704,AMB0076,1,2026-08-07 12:44:19,8,TIMEOUT,FALLBACK_TRIGGERED
ASG00886,REQ00704,AMB0047,2,2026-08-07 12:44:29,12,ACCEPTED,ASSIGNMENT_CONFIRMED
ASG00887,REQ00705,AMB0122,1,2026-08-16 06:05:01,19,TIMEOUT,FALLBACK_TRIGGERED
ASG00888,REQ00705,AMB0124,2,2026-08-16 06:05:22,12,ACCEPTED,ASSIGNMENT_CONFIRMED
ASG00889,REQ00706,AMB0071,1,2026-08-11 23:10:02,22,ACCEPTED,ASSIGNMENT_CONFIRMED
ASG00890,REQ00707,AMB0063,1,2026-08-26 13:07:14,5,ACCEPTED,ASSIGNMENT_CONFIRMED
ASG00891,REQ00708,AMB0073,1,2026-08-15 02:42:52,29,REJECTED,FALLBACK_TRIGGERED
ASG00892,REQ00710,AMB0003,1,2026-08-09 10:11:40,16,ACCEPTED,ASSIGNMENT_CONFIRMED
ASG00893,REQ00712,AMB0131,1,2026-08-08 09:15:47,8,ACCEPTED,ASSIGNMENT_CONFIRMED
ASG00894,REQ00713,AMB0112,1,2026-08-14 20:02:15,8,ACCEPTED,ASSIGNMENT_CONFIRMED
ASG00895,REQ00714,AMB0118,1,2026-08-03 16:50:26,15,TIMEOUT,FALLBACK_TRIGGERED
ASG00896,REQ00714,AMB0054,2,2026-08-03 16:50:43,19,TIMEOUT,FALLBACK_TRIGGERED
ASG00897,REQ00714,AMB0059,3,2026-08-03 16:51:04,29,TIMEOUT,FALLBACK_TRIGGERED
ASG00898,REQ00715,AMB0075,1,2026-08-04 21:15:51,24,TIMEOUT,FALLBACK_TRIGGERED
ASG00899,REQ00715,AMB0006,2,2026-08-04 21:16:17,22,ACCEPTED,ASSIGNMENT_CONFIRMED
ASG00900,REQ00716,AMB0032,1,2026-08-05 15:04:12,4,ACCEPTED,ASSIGNMENT_CONFIRMED
ASG00901,REQ00717,AMB0066,1,2026-08-14 07:32:05,4,TIMEOUT,FALLBACK_TRIGGERED
ASG00902,REQ00717,AMB0041,2,2026-08-14 07:32:11,15,ACCEPTED,ASSIGNMENT_CONFIRMED
ASG00903,REQ00719,AMB0091,1,2026-08-29 13:32:39,27,ACCEPTED,ASSIGNMENT_CONFIRMED
ASG00904,REQ00720,AMB0112,1,2026-08-06 09:38:34,5,ACCEPTED,ASSIGNMENT_CONFIRMED
ASG00905,REQ00721,AMB0112,1,2026-08-31 02:21:08,5,ACCEPTED,ASSIGNMENT_CONFIRMED
ASG00906,REQ00722,AMB0057,1,2026-08-26 13:25:47,8,ACCEPTED,ASSIGNMENT_CONFIRMED
ASG00907,REQ00723,AMB0065,1,2026-08-08 12:59:36,18,REJECTED,FALLBACK_TRIGGERED
ASG00908,REQ00723,AMB0113,2,2026-08-08 12:59:56,22,ACCEPTED,ASSIGNMENT_CONFIRMED
ASG00909,REQ00724,AMB0035,1,2026-08-24 22:03:41,15,ACCEPTED,ASSIGNMENT_CONFIRMED
ASG00910,REQ00725,AMB0027,1,2026-08-10 08:38:29,26,ACCEPTED,ASSIGNMENT_CONFIRMED
ASG00911,REQ00726,AMB0052,1,2026-08-25 12:45:37,7,TIMEOUT,FALLBACK_TRIGGERED
ASG00912,REQ00727,AMB0056,1,2026-08-20 16:34:42,8,TIMEOUT,FALLBACK_TRIGGERED
ASG00913,REQ00727,AMB0016,2,2026-08-20 16:34:52,24,ACCEPTED,ASSIGNMENT_CONFIRMED
ASG00914,REQ00728,AMB0077,1,2026-08-23 04:17:47,11,TIMEOUT,FALLBACK_TRIGGERED
ASG00915,REQ00728,AMB0069,2,2026-08-23 04:18:00,8,ACCEPTED,ASSIGNMENT_CONFIRMED
ASG00916,REQ00729,AMB0092,1,2026-08-05 22:26:33,8,ACCEPTED,ASSIGNMENT_CONFIRMED
ASG00917,REQ00730,AMB0063,1,2026-08-12 16:07:28,17,ACCEPTED,ASSIGNMENT_CONFIRMED
ASG00918,REQ00731,AMB0128,1,2026-08-27 14:40:58,22,ACCEPTED,ASSIGNMENT_CONFIRMED
ASG00919,REQ00732,AMB0107,1,2026-08-02 18:15:30,27,TIMEOUT,FALLBACK_TRIGGERED
ASG00920,REQ00732,AMB0087,2,2026-08-02 18:15:59,29,ACCEPTED,ASSIGNMENT_CONFIRMED
ASG00921,REQ00734,AMB0091,1,2026-08-22 19:27:21,26,TIMEOUT,FALLBACK_TRIGGERED
ASG00922,REQ00735,AMB0130,1,2026-08-04 11:55:21,7,REJECTED,FALLBACK_TRIGGERED
ASG00923,REQ00735,AMB0115,2,2026-08-04 11:55:30,27,ACCEPTED,ASSIGNMENT_CONFIRMED
ASG00924,REQ00736,AMB0028,1,2026-09-03 08:44:48,19,ACCEPTED,ASSIGNMENT_CONFIRMED
ASG00925,REQ00737,AMB0074,1,2026-08-01 20:52:20,25,REJECTED,FALLBACK_TRIGGERED
ASG00926,REQ00737,AMB0113,2,2026-08-01 20:52:47,27,REJECTED,FALLBACK_TRIGGERED
ASG00927,REQ00739,AMB0034,1,2026-08-07 23:24:18,8,TIMEOUT,FALLBACK_TRIGGERED
ASG00928,REQ00740,AMB0042,1,2026-08-06 09:53:43,10,REJECTED,FALLBACK_TRIGGERED
ASG00929,REQ00740,AMB0101,2,2026-08-06 09:53:55,25,REJECTED,FALLBACK_TRIGGERED
ASG00930,REQ00742,AMB0027,1,2026-08-25 08:14:46,18,ACCEPTED,ASSIGNMENT_CONFIRMED
ASG00931,REQ00744,AMB0070,1,2026-08-25 20:41:50,26,ACCEPTED,ASSIGNMENT_CONFIRMED
ASG00932,REQ00745,AMB0071,1,2026-08-22 23:37:59,5,ACCEPTED,ASSIGNMENT_CONFIRMED
ASG00933,REQ00746,AMB0100,1,2026-08-01 09:03:37,14,ACCEPTED,ASSIGNMENT_CONFIRMED
ASG00934,REQ00747,AMB0026,1,2026-08-09 16:42:38,6,REJECTED,FALLBACK_TRIGGERED
ASG00935,REQ00748,AMB0060,1,2026-08-15 15:43:29,20,REJECTED,FALLBACK_TRIGGERED
ASG00936,REQ00749,AMB0005,1,2026-08-08 08:54:45,15,REJECTED,FALLBACK_TRIGGERED
ASG00937,REQ00749,AMB0035,2,2026-08-08 08:55:02,26,REJECTED,FALLBACK_TRIGGERED
ASG00938,REQ00749,AMB0042,3,2026-08-08 08:55:30,5,ACCEPTED,ASSIGNMENT_CONFIRMED
ASG00939,REQ00750,AMB0075,1,2026-08-10 22:13:54,25,ACCEPTED,ASSIGNMENT_CONFIRMED
ASG00940,REQ00751,AMB0092,1,2026-08-20 21:58:54,9,ACCEPTED,ASSIGNMENT_CONFIRMED
ASG00941,REQ00752,AMB0035,1,2026-08-26 02:33:46,18,TIMEOUT,FALLBACK_TRIGGERED
ASG00942,REQ00752,AMB0126,2,2026-08-26 02:34:06,19,TIMEOUT,FALLBACK_TRIGGERED
ASG00943,REQ00753,AMB0054,1,2026-09-07 01:54:59,14,ACCEPTED,ASSIGNMENT_CONFIRMED
ASG00944,REQ00754,AMB0056,1,2026-08-14 23:12:47,28,ACCEPTED,ASSIGNMENT_CONFIRMED
ASG00945,REQ00757,AMB0117,1,2026-08-06 14:55:52,10,ACCEPTED,ASSIGNMENT_CONFIRMED
ASG00946,REQ00758,AMB0035,1,2026-09-02 07:01:37,26,TIMEOUT,FALLBACK_TRIGGERED
ASG00947,REQ00758,AMB0056,2,2026-09-02 07:02:05,23,ACCEPTED,ASSIGNMENT_CONFIRMED
ASG00948,REQ00759,AMB0048,1,2026-08-28 09:36:08,6,ACCEPTED,ASSIGNMENT_CONFIRMED
ASG00949,REQ00760,AMB0089,1,2026-08-26 17:52:34,7,REJECTED,FALLBACK_TRIGGERED
ASG00950,REQ00760,AMB0004,2,2026-08-26 17:52:43,8,TIMEOUT,FALLBACK_TRIGGERED
ASG00951,REQ00761,AMB0113,1,2026-08-08 06:42:57,28,ACCEPTED,ASSIGNMENT_CONFIRMED
ASG00952,REQ00762,AMB0066,1,2026-08-09 18:13:41,10,ACCEPTED,ASSIGNMENT_CONFIRMED
ASG00953,REQ00763,AMB0065,1,2026-09-04 05:27:42,26,TIMEOUT,FALLBACK_TRIGGERED
ASG00954,REQ00763,AMB0098,2,2026-09-04 05:28:10,29,ACCEPTED,ASSIGNMENT_CONFIRMED
ASG00955,REQ00764,AMB0088,1,2026-09-06 15:44:20,10,TIMEOUT,FALLBACK_TRIGGERED
ASG00956,REQ00764,AMB0018,2,2026-09-06 15:44:32,15,TIMEOUT,FALLBACK_TRIGGERED
ASG00957,REQ00764,AMB0122,3,2026-09-06 15:44:49,11,ACCEPTED,ASSIGNMENT_CONFIRMED
ASG00958,REQ00765,AMB0007,1,2026-08-03 07:02:12,15,ACCEPTED,ASSIGNMENT_CONFIRMED
ASG00959,REQ00766,AMB0050,1,2026-08-28 02:35:16,6,ACCEPTED,ASSIGNMENT_CONFIRMED
ASG00960,REQ00767,AMB0057,1,2026-08-10 17:13:04,4,ACCEPTED,ASSIGNMENT_CONFIRMED
ASG00961,REQ00768,AMB0093,1,2026-09-02 19:10:26,5,ACCEPTED,ASSIGNMENT_CONFIRMED
ASG00962,REQ00769,AMB0054,1,2026-08-08 21:35:26,30,ACCEPTED,ASSIGNMENT_CONFIRMED
ASG00963,REQ00770,AMB0116,1,2026-08-18 00:06:24,30,ACCEPTED,ASSIGNMENT_CONFIRMED
ASG00964,REQ00771,AMB0027,1,2026-08-20 18:52:51,8,TIMEOUT,FALLBACK_TRIGGERED
ASG00965,REQ00771,AMB0050,2,2026-08-20 18:53:01,12,REJECTED,FALLBACK_TRIGGERED
ASG00966,REQ00772,AMB0088,1,2026-08-11 10:48:24,5,REJECTED,FALLBACK_TRIGGERED
ASG00967,REQ00772,AMB0117,2,2026-08-11 10:48:31,25,ACCEPTED,ASSIGNMENT_CONFIRMED
ASG00968,REQ00773,AMB0096,1,2026-08-01 21:32:45,23,REJECTED,FALLBACK_TRIGGERED
ASG00969,REQ00773,AMB0039,2,2026-08-01 21:33:10,17,ACCEPTED,ASSIGNMENT_CONFIRMED
ASG00970,REQ00774,AMB0005,1,2026-08-24 22:49:15,4,ACCEPTED,ASSIGNMENT_CONFIRMED
ASG00971,REQ00775,AMB0121,1,2026-08-18 13:33:45,8,REJECTED,FALLBACK_TRIGGERED
ASG00972,REQ00776,AMB0123,1,2026-08-06 20:05:04,6,ACCEPTED,ASSIGNMENT_CONFIRMED
ASG00973,REQ00777,AMB0032,1,2026-08-01 13:43:32,20,TIMEOUT,FALLBACK_TRIGGERED
ASG00974,REQ00777,AMB0089,2,2026-08-01 13:43:54,9,ACCEPTED,ASSIGNMENT_CONFIRMED
ASG00975,REQ00779,AMB0083,1,2026-08-29 05:43:59,22,ACCEPTED,ASSIGNMENT_CONFIRMED
ASG00976,REQ00780,AMB0010,1,2026-08-28 15:24:10,8,ACCEPTED,ASSIGNMENT_CONFIRMED
ASG00977,REQ00781,AMB0020,1,2026-08-19 09:30:18,30,ACCEPTED,ASSIGNMENT_CONFIRMED
ASG00978,REQ00782,AMB0119,1,2026-09-02 01:59:29,15,ACCEPTED,ASSIGNMENT_CONFIRMED
ASG00979,REQ00783,AMB0093,1,2026-08-01 11:56:46,18,ACCEPTED,ASSIGNMENT_CONFIRMED
ASG00980,REQ00784,AMB0008,1,2026-08-27 03:58:31,10,REJECTED,FALLBACK_TRIGGERED
ASG00981,REQ00784,AMB0051,2,2026-08-27 03:58:43,4,ACCEPTED,ASSIGNMENT_CONFIRMED
ASG00982,REQ00785,AMB0015,1,2026-08-12 17:51:17,29,TIMEOUT,FALLBACK_TRIGGERED
ASG00983,REQ00785,AMB0001,2,2026-08-12 17:51:48,23,ACCEPTED,ASSIGNMENT_CONFIRMED
ASG00984,REQ00787,AMB0018,1,2026-08-18 03:26:31,18,ACCEPTED,ASSIGNMENT_CONFIRMED
ASG00985,REQ00788,AMB0044,1,2026-08-25 04:07:06,29,ACCEPTED,ASSIGNMENT_CONFIRMED
ASG00986,REQ00789,AMB0032,1,2026-08-28 19:47:00,11,REJECTED,FALLBACK_TRIGGERED
ASG00987,REQ00789,AMB0013,2,2026-08-28 19:47:13,18,ACCEPTED,ASSIGNMENT_CONFIRMED
ASG00988,REQ00790,AMB0109,1,2026-08-12 07:17:49,19,ACCEPTED,ASSIGNMENT_CONFIRMED
ASG00989,REQ00791,AMB0125,1,2026-08-07 22:46:32,14,ACCEPTED,ASSIGNMENT_CONFIRMED
ASG00990,REQ00792,AMB0087,1,2026-08-03 08:12:59,4,TIMEOUT,FALLBACK_TRIGGERED
ASG00991,REQ00793,AMB0025,1,2026-08-15 07:21:27,13,ACCEPTED,ASSIGNMENT_CONFIRMED
ASG00992,REQ00794,AMB0076,1,2026-08-27 07:20:57,23,ACCEPTED,ASSIGNMENT_CONFIRMED
ASG00993,REQ00795,AMB0113,1,2026-09-08 03:27:11,9,REJECTED,FALLBACK_TRIGGERED
ASG00994,REQ00795,AMB0101,2,2026-09-08 03:27:22,17,ACCEPTED,ASSIGNMENT_CONFIRMED
ASG00995,REQ00796,AMB0101,1,2026-08-09 10:23:47,8,ACCEPTED,ASSIGNMENT_CONFIRMED
ASG00996,REQ00797,AMB0129,1,2026-08-25 02:56:06,17,ACCEPTED,ASSIGNMENT_CONFIRMED
ASG00997,REQ00798,AMB0027,1,2026-08-07 02:34:39,21,REJECTED,FALLBACK_TRIGGERED
ASG00998,REQ00798,AMB0074,2,2026-08-07 02:35:02,28,REJECTED,FALLBACK_TRIGGERED
ASG00999,REQ00798,AMB0011,3,2026-08-07 02:35:32,13,ACCEPTED,ASSIGNMENT_CONFIRMED
ASG01000,REQ00800,AMB0058,1,2026-08-28 02:30:26,24,TIMEOUT,FALLBACK_TRIGGERED
ASG01001,REQ00800,AMB0083,2,2026-08-28 02:30:52,5,ACCEPTED,ASSIGNMENT_CONFIRMED
ASG01002,REQ00801,AMB0067,1,2026-08-03 18:03:50,16,ACCEPTED,ASSIGNMENT_CONFIRMED
ASG01003,REQ00802,AMB0125,1,2026-08-11 14:48:32,16,ACCEPTED,ASSIGNMENT_CONFIRMED
ASG01004,REQ00803,AMB0050,1,2026-09-07 22:00:56,13,ACCEPTED,ASSIGNMENT_CONFIRMED
ASG01005,REQ00804,AMB0052,1,2026-08-18 17:07:10,22,ACCEPTED,ASSIGNMENT_CONFIRMED
ASG01006,REQ00805,AMB0028,1,2026-08-04 20:15:52,17,TIMEOUT,FALLBACK_TRIGGERED
ASG01007,REQ00805,AMB0115,2,2026-08-04 20:16:11,12,ACCEPTED,ASSIGNMENT_CONFIRMED
ASG01008,REQ00806,AMB0114,1,2026-09-05 08:46:08,21,TIMEOUT,FALLBACK_TRIGGERED
ASG01009,REQ00806,AMB0131,2,2026-09-05 08:46:31,27,TIMEOUT,FALLBACK_TRIGGERED
ASG01010,REQ00806,AMB0081,3,2026-09-05 08:47:00,18,ACCEPTED,ASSIGNMENT_CONFIRMED
ASG01011,REQ00807,AMB0020,1,2026-08-18 05:16:01,28,ACCEPTED,ASSIGNMENT_CONFIRMED
ASG01012,REQ00808,AMB0102,1,2026-08-17 20:40:38,24,ACCEPTED,ASSIGNMENT_CONFIRMED
ASG01013,REQ00809,AMB0112,1,2026-08-28 11:09:57,18,REJECTED,FALLBACK_TRIGGERED
ASG01014,REQ00809,AMB0110,2,2026-08-28 11:10:17,13,REJECTED,FALLBACK_TRIGGERED
ASG01015,REQ00810,AMB0061,1,2026-08-12 20:18:01,24,ACCEPTED,ASSIGNMENT_CONFIRMED
ASG01016,REQ00811,AMB0082,1,2026-08-16 14:58:41,10,ACCEPTED,ASSIGNMENT_CONFIRMED
ASG01017,REQ00812,AMB0014,1,2026-08-02 03:52:00,6,ACCEPTED,ASSIGNMENT_CONFIRMED
ASG01018,REQ00813,AMB0072,1,2026-09-08 00:50:00,22,REJECTED,FALLBACK_TRIGGERED
ASG01019,REQ00813,AMB0029,2,2026-09-08 00:50:24,17,TIMEOUT,FALLBACK_TRIGGERED
ASG01020,REQ00813,AMB0092,3,2026-09-08 00:50:43,25,ACCEPTED,ASSIGNMENT_CONFIRMED
ASG01021,REQ00814,AMB0038,1,2026-09-06 14:52:10,12,ACCEPTED,ASSIGNMENT_CONFIRMED
ASG01022,REQ00815,AMB0113,1,2026-08-03 03:34:18,21,REJECTED,FALLBACK_TRIGGERED
ASG01023,REQ00815,AMB0070,2,2026-08-03 03:34:41,18,REJECTED,FALLBACK_TRIGGERED
ASG01024,REQ00815,AMB0075,3,2026-08-03 03:35:01,5,ACCEPTED,ASSIGNMENT_CONFIRMED
ASG01025,REQ00816,AMB0052,1,2026-08-10 11:41:18,16,TIMEOUT,FALLBACK_TRIGGERED
ASG01026,REQ00818,AMB0131,1,2026-08-12 13:33:21,30,ACCEPTED,ASSIGNMENT_CONFIRMED
ASG01027,REQ00819,AMB0101,1,2026-08-07 08:58:31,29,ACCEPTED,ASSIGNMENT_CONFIRMED
ASG01028,REQ00821,AMB0111,1,2026-08-18 04:05:20,26,ACCEPTED,ASSIGNMENT_CONFIRMED
ASG01029,REQ00822,AMB0036,1,2026-09-08 20:21:08,28,REJECTED,FALLBACK_TRIGGERED
ASG01030,REQ00822,AMB0057,2,2026-09-08 20:21:38,25,ACCEPTED,ASSIGNMENT_CONFIRMED
ASG01031,REQ00823,AMB0041,1,2026-09-04 07:24:05,19,REJECTED,FALLBACK_TRIGGERED
ASG01032,REQ00823,AMB0088,2,2026-09-04 07:24:26,28,TIMEOUT,FALLBACK_TRIGGERED
ASG01033,REQ00823,AMB0031,3,2026-09-04 07:24:56,8,ACCEPTED,ASSIGNMENT_CONFIRMED
ASG01034,REQ00824,AMB0124,1,2026-08-01 06:54:01,9,ACCEPTED,ASSIGNMENT_CONFIRMED
ASG01035,REQ00825,AMB0040,1,2026-08-09 09:29:09,11,REJECTED,FALLBACK_TRIGGERED
ASG01036,REQ00825,AMB0007,2,2026-08-09 09:29:22,21,TIMEOUT,FALLBACK_TRIGGERED
ASG01037,REQ00825,AMB0118,3,2026-08-09 09:29:45,25,ACCEPTED,ASSIGNMENT_CONFIRMED
ASG01038,REQ00826,AMB0090,1,2026-08-09 03:44:45,29,ACCEPTED,ASSIGNMENT_CONFIRMED
ASG01039,REQ00827,AMB0095,1,2026-08-05 15:53:38,11,ACCEPTED,ASSIGNMENT_CONFIRMED
ASG01040,REQ00829,AMB0079,1,2026-08-01 09:07:09,9,ACCEPTED,ASSIGNMENT_CONFIRMED
ASG01041,REQ00830,AMB0100,1,2026-08-30 17:45:53,16,ACCEPTED,ASSIGNMENT_CONFIRMED
ASG01042,REQ00831,AMB0001,1,2026-08-25 04:47:13,14,TIMEOUT,FALLBACK_TRIGGERED
ASG01043,REQ00832,AMB0055,1,2026-08-21 20:41:25,17,REJECTED,FALLBACK_TRIGGERED
ASG01044,REQ00832,AMB0053,2,2026-08-21 20:41:44,4,ACCEPTED,ASSIGNMENT_CONFIRMED
ASG01045,REQ00833,AMB0069,1,2026-08-24 19:49:54,6,ACCEPTED,ASSIGNMENT_CONFIRMED
ASG01046,REQ00835,AMB0063,1,2026-08-03 01:20:05,30,TIMEOUT,FALLBACK_TRIGGERED
ASG01047,REQ00835,AMB0087,2,2026-08-03 01:20:37,24,ACCEPTED,ASSIGNMENT_CONFIRMED
ASG01048,REQ00836,AMB0083,1,2026-08-26 23:22:08,17,ACCEPTED,ASSIGNMENT_CONFIRMED
ASG01049,REQ00837,AMB0069,1,2026-08-02 18:50:24,23,TIMEOUT,FALLBACK_TRIGGERED
ASG01050,REQ00837,AMB0113,2,2026-08-02 18:50:49,30,ACCEPTED,ASSIGNMENT_CONFIRMED
ASG01051,REQ00841,AMB0128,1,2026-08-20 17:55:51,29,REJECTED,FALLBACK_TRIGGERED
ASG01052,REQ00841,AMB0110,2,2026-08-20 17:56:22,5,REJECTED,FALLBACK_TRIGGERED
ASG01053,REQ00841,AMB0070,3,2026-08-20 17:56:29,16,ACCEPTED,ASSIGNMENT_CONFIRMED
ASG01054,REQ00842,AMB0072,1,2026-08-24 11:05:04,29,ACCEPTED,ASSIGNMENT_CONFIRMED
ASG01055,REQ00843,AMB0114,1,2026-08-09 03:36:31,5,REJECTED,FALLBACK_TRIGGERED
ASG01056,REQ00845,AMB0021,1,2026-08-16 22:52:35,27,TIMEOUT,FALLBACK_TRIGGERED
ASG01057,REQ00845,AMB0080,2,2026-08-16 22:53:04,13,ACCEPTED,ASSIGNMENT_CONFIRMED
ASG01058,REQ00846,AMB0113,1,2026-08-30 21:05:22,6,ACCEPTED,ASSIGNMENT_CONFIRMED
ASG01059,REQ00847,AMB0098,1,2026-08-26 13:12:25,11,ACCEPTED,ASSIGNMENT_CONFIRMED
ASG01060,REQ00848,AMB0118,1,2026-09-04 04:30:09,17,ACCEPTED,ASSIGNMENT_CONFIRMED
ASG01061,REQ00849,AMB0021,1,2026-08-28 15:13:03,15,ACCEPTED,ASSIGNMENT_CONFIRMED
ASG01062,REQ00850,AMB0126,1,2026-08-05 08:25:05,29,TIMEOUT,FALLBACK_TRIGGERED
ASG01063,REQ00850,AMB0002,2,2026-08-05 08:25:36,27,ACCEPTED,ASSIGNMENT_CONFIRMED
ASG01064,REQ00851,AMB0096,1,2026-08-28 10:48:19,30,ACCEPTED,ASSIGNMENT_CONFIRMED
ASG01065,REQ00852,AMB0110,1,2026-09-06 12:52:00,7,ACCEPTED,ASSIGNMENT_CONFIRMED
ASG01066,REQ00853,AMB0075,1,2026-08-21 00:09:57,28,ACCEPTED,ASSIGNMENT_CONFIRMED
ASG01067,REQ00854,AMB0128,1,2026-08-29 04:40:28,13,ACCEPTED,ASSIGNMENT_CONFIRMED
ASG01068,REQ00855,AMB0044,1,2026-08-11 19:24:13,19,ACCEPTED,ASSIGNMENT_CONFIRMED
ASG01069,REQ00856,AMB0060,1,2026-08-20 09:32:52,24,ACCEPTED,ASSIGNMENT_CONFIRMED
ASG01070,REQ00857,AMB0028,1,2026-08-28 16:48:21,27,ACCEPTED,ASSIGNMENT_CONFIRMED
ASG01071,REQ00859,AMB0129,1,2026-08-27 03:31:47,20,TIMEOUT,FALLBACK_TRIGGERED
ASG01072,REQ00859,AMB0045,2,2026-08-27 03:32:09,17,ACCEPTED,ASSIGNMENT_CONFIRMED
ASG01073,REQ00861,AMB0067,1,2026-08-27 20:45:50,25,ACCEPTED,ASSIGNMENT_CONFIRMED
ASG01074,REQ00862,AMB0022,1,2026-08-20 13:43:15,24,ACCEPTED,ASSIGNMENT_CONFIRMED
ASG01075,REQ00864,AMB0053,1,2026-08-04 18:27:08,26,ACCEPTED,ASSIGNMENT_CONFIRMED
ASG01076,REQ00865,AMB0041,1,2026-08-07 22:51:08,7,TIMEOUT,FALLBACK_TRIGGERED
ASG01077,REQ00866,AMB0007,1,2026-08-21 06:05:05,4,ACCEPTED,ASSIGNMENT_CONFIRMED
ASG01078,REQ00867,AMB0032,1,2026-08-25 00:47:46,10,ACCEPTED,ASSIGNMENT_CONFIRMED
ASG01079,REQ00868,AMB0036,1,2026-08-13 17:53:15,25,REJECTED,FALLBACK_TRIGGERED
ASG01080,REQ00868,AMB0075,2,2026-08-13 17:53:42,26,ACCEPTED,ASSIGNMENT_CONFIRMED
ASG01081,REQ00869,AMB0131,1,2026-08-02 20:37:55,12,ACCEPTED,ASSIGNMENT_CONFIRMED
ASG01082,REQ00870,AMB0090,1,2026-08-05 15:54:23,17,TIMEOUT,FALLBACK_TRIGGERED
ASG01083,REQ00870,AMB0124,2,2026-08-05 15:54:42,6,TIMEOUT,FALLBACK_TRIGGERED
ASG01084,REQ00870,AMB0069,3,2026-08-05 15:54:50,7,ACCEPTED,ASSIGNMENT_CONFIRMED
ASG01085,REQ00871,AMB0119,1,2026-08-05 06:43:26,24,TIMEOUT,FALLBACK_TRIGGERED
ASG01086,REQ00871,AMB0100,2,2026-08-05 06:43:52,4,TIMEOUT,FALLBACK_TRIGGERED
ASG01087,REQ00872,AMB0060,1,2026-09-06 20:38:54,22,ACCEPTED,ASSIGNMENT_CONFIRMED
ASG01088,REQ00873,AMB0026,1,2026-08-17 03:12:38,16,ACCEPTED,ASSIGNMENT_CONFIRMED
ASG01089,REQ00874,AMB0080,1,2026-08-21 04:14:05,15,ACCEPTED,ASSIGNMENT_CONFIRMED
ASG01090,REQ00875,AMB0103,1,2026-08-19 14:47:51,19,ACCEPTED,ASSIGNMENT_CONFIRMED
ASG01091,REQ00876,AMB0116,1,2026-08-18 12:06:37,28,TIMEOUT,FALLBACK_TRIGGERED
ASG01092,REQ00876,AMB0096,2,2026-08-18 12:07:07,30,TIMEOUT,FALLBACK_TRIGGERED
ASG01093,REQ00876,AMB0111,3,2026-08-18 12:07:39,16,ACCEPTED,ASSIGNMENT_CONFIRMED
ASG01094,REQ00877,AMB0065,1,2026-09-08 23:17:52,19,ACCEPTED,ASSIGNMENT_CONFIRMED
ASG01095,REQ00878,AMB0012,1,2026-08-05 14:10:56,21,TIMEOUT,FALLBACK_TRIGGERED
ASG01096,REQ00878,AMB0033,2,2026-08-05 14:11:19,4,TIMEOUT,FALLBACK_TRIGGERED
ASG01097,REQ00878,AMB0036,3,2026-08-05 14:11:25,22,ACCEPTED,ASSIGNMENT_CONFIRMED
ASG01098,REQ00879,AMB0085,1,2026-08-12 10:27:50,14,ACCEPTED,ASSIGNMENT_CONFIRMED
ASG01099,REQ00880,AMB0019,1,2026-08-21 22:00:45,19,TIMEOUT,FALLBACK_TRIGGERED
ASG01100,REQ00880,AMB0016,2,2026-08-21 22:01:06,13,TIMEOUT,FALLBACK_TRIGGERED
ASG01101,REQ00880,AMB0035,3,2026-08-21 22:01:21,22,TIMEOUT,FALLBACK_TRIGGERED
ASG01102,REQ00881,AMB0120,1,2026-09-03 06:06:35,15,TIMEOUT,FALLBACK_TRIGGERED
ASG01103,REQ00881,AMB0071,2,2026-09-03 06:06:52,8,REJECTED,FALLBACK_TRIGGERED
ASG01104,REQ00881,AMB0002,3,2026-09-03 06:07:02,17,REJECTED,FALLBACK_TRIGGERED
ASG01105,REQ00882,AMB0093,1,2026-08-28 10:52:20,26,ACCEPTED,ASSIGNMENT_CONFIRMED
ASG01106,REQ00883,AMB0044,1,2026-08-11 19:20:37,23,ACCEPTED,ASSIGNMENT_CONFIRMED
ASG01107,REQ00884,AMB0120,1,2026-08-26 01:57:34,29,REJECTED,FALLBACK_TRIGGERED
ASG01108,REQ00884,AMB0111,2,2026-08-26 01:58:05,29,ACCEPTED,ASSIGNMENT_CONFIRMED
ASG01109,REQ00885,AMB0009,1,2026-08-20 08:20:48,5,ACCEPTED,ASSIGNMENT_CONFIRMED
ASG01110,REQ00886,AMB0123,1,2026-08-30 15:54:41,8,ACCEPTED,ASSIGNMENT_CONFIRMED
ASG01111,REQ00887,AMB0111,1,2026-08-09 03:20:55,10,ACCEPTED,ASSIGNMENT_CONFIRMED
ASG01112,REQ00889,AMB0063,1,2026-08-25 08:44:10,9,ACCEPTED,ASSIGNMENT_CONFIRMED
ASG01113,REQ00890,AMB0023,1,2026-08-27 20:28:42,12,REJECTED,FALLBACK_TRIGGERED
ASG01114,REQ00890,AMB0015,2,2026-08-27 20:28:56,10,ACCEPTED,ASSIGNMENT_CONFIRMED
ASG01115,REQ00891,AMB0049,1,2026-08-15 02:16:49,22,REJECTED,FALLBACK_TRIGGERED
ASG01116,REQ00892,AMB0006,1,2026-09-01 01:13:00,6,ACCEPTED,ASSIGNMENT_CONFIRMED
ASG01117,REQ00893,AMB0029,1,2026-09-03 16:54:20,29,ACCEPTED,ASSIGNMENT_CONFIRMED
ASG01118,REQ00894,AMB0068,1,2026-08-24 12:28:55,25,REJECTED,FALLBACK_TRIGGERED
ASG01119,REQ00894,AMB0103,2,2026-08-24 12:29:22,15,ACCEPTED,ASSIGNMENT_CONFIRMED
ASG01120,REQ00895,AMB0083,1,2026-09-06 20:06:09,14,ACCEPTED,ASSIGNMENT_CONFIRMED
ASG01121,REQ00896,AMB0082,1,2026-09-03 14:22:16,15,ACCEPTED,ASSIGNMENT_CONFIRMED
ASG01122,REQ00897,AMB0075,1,2026-08-04 14:17:23,15,ACCEPTED,ASSIGNMENT_CONFIRMED
ASG01123,REQ00898,AMB0101,1,2026-08-18 16:38:31,7,ACCEPTED,ASSIGNMENT_CONFIRMED
ASG01124,REQ00899,AMB0071,1,2026-08-03 18:17:15,10,ACCEPTED,ASSIGNMENT_CONFIRMED
ASG01125,REQ00900,AMB0118,1,2026-08-18 15:13:10,12,ACCEPTED,ASSIGNMENT_CONFIRMED
ASG01126,REQ00901,AMB0055,1,2026-08-31 23:19:54,14,ACCEPTED,ASSIGNMENT_CONFIRMED
ASG01127,REQ00902,AMB0116,1,2026-08-01 21:30:27,22,ACCEPTED,ASSIGNMENT_CONFIRMED
ASG01128,REQ00903,AMB0052,1,2026-09-07 00:31:55,24,TIMEOUT,FALLBACK_TRIGGERED
ASG01129,REQ00903,AMB0023,2,2026-09-07 00:32:21,25,ACCEPTED,ASSIGNMENT_CONFIRMED
ASG01130,REQ00904,AMB0090,1,2026-08-11 04:49:06,16,ACCEPTED,ASSIGNMENT_CONFIRMED
ASG01131,REQ00905,AMB0111,1,2026-09-01 08:23:29,11,REJECTED,FALLBACK_TRIGGERED
ASG01132,REQ00905,AMB0091,2,2026-09-01 08:23:42,26,TIMEOUT,FALLBACK_TRIGGERED
ASG01133,REQ00905,AMB0065,3,2026-09-01 08:24:10,6,TIMEOUT,FALLBACK_TRIGGERED
ASG01134,REQ00906,AMB0037,1,2026-08-02 04:26:54,14,ACCEPTED,ASSIGNMENT_CONFIRMED
ASG01135,REQ00907,AMB0100,1,2026-08-13 12:40:06,5,REJECTED,FALLBACK_TRIGGERED
ASG01136,REQ00907,AMB0029,2,2026-08-13 12:40:13,28,TIMEOUT,FALLBACK_TRIGGERED
ASG01137,REQ00907,AMB0034,3,2026-08-13 12:40:43,12,TIMEOUT,FALLBACK_TRIGGERED
ASG01138,REQ00910,AMB0079,1,2026-09-01 21:09:29,24,TIMEOUT,FALLBACK_TRIGGERED
ASG01139,REQ00910,AMB0108,2,2026-09-01 21:09:55,26,REJECTED,FALLBACK_TRIGGERED
ASG01140,REQ00910,AMB0051,3,2026-09-01 21:10:23,16,ACCEPTED,ASSIGNMENT_CONFIRMED
ASG01141,REQ00911,AMB0073,1,2026-08-19 00:29:02,8,TIMEOUT,FALLBACK_TRIGGERED
ASG01142,REQ00911,AMB0093,2,2026-08-19 00:29:12,30,ACCEPTED,ASSIGNMENT_CONFIRMED
ASG01143,REQ00912,AMB0118,1,2026-08-01 01:16:08,10,ACCEPTED,ASSIGNMENT_CONFIRMED
ASG01144,REQ00913,AMB0013,1,2026-08-10 23:12:27,6,ACCEPTED,ASSIGNMENT_CONFIRMED
ASG01145,REQ00914,AMB0002,1,2026-08-25 13:25:57,8,TIMEOUT,FALLBACK_TRIGGERED
ASG01146,REQ00914,AMB0020,2,2026-08-25 13:26:07,23,ACCEPTED,ASSIGNMENT_CONFIRMED
ASG01147,REQ00915,AMB0081,1,2026-09-07 04:43:49,27,REJECTED,FALLBACK_TRIGGERED
ASG01148,REQ00915,AMB0003,2,2026-09-07 04:44:18,10,ACCEPTED,ASSIGNMENT_CONFIRMED
ASG01149,REQ00916,AMB0117,1,2026-08-30 17:11:24,9,ACCEPTED,ASSIGNMENT_CONFIRMED
ASG01150,REQ00918,AMB0033,1,2026-08-09 19:58:19,7,ACCEPTED,ASSIGNMENT_CONFIRMED
ASG01151,REQ00919,AMB0094,1,2026-08-09 12:42:00,24,REJECTED,FALLBACK_TRIGGERED
ASG01152,REQ00919,AMB0011,2,2026-08-09 12:42:26,24,TIMEOUT,FALLBACK_TRIGGERED
ASG01153,REQ00920,AMB0098,1,2026-08-07 10:38:06,9,TIMEOUT,FALLBACK_TRIGGERED
ASG01154,REQ00920,AMB0070,2,2026-08-07 10:38:17,17,REJECTED,FALLBACK_TRIGGERED
ASG01155,REQ00921,AMB0025,1,2026-08-04 22:13:33,16,ACCEPTED,ASSIGNMENT_CONFIRMED
ASG01156,REQ00922,AMB0105,1,2026-08-01 15:39:44,10,REJECTED,FALLBACK_TRIGGERED
ASG01157,REQ00923,AMB0091,1,2026-08-31 00:53:32,5,ACCEPTED,ASSIGNMENT_CONFIRMED
ASG01158,REQ00924,AMB0074,1,2026-09-04 08:52:39,10,ACCEPTED,ASSIGNMENT_CONFIRMED
ASG01159,REQ00925,AMB0099,1,2026-08-16 05:32:47,8,TIMEOUT,FALLBACK_TRIGGERED
ASG01160,REQ00925,AMB0062,2,2026-08-16 05:32:57,25,ACCEPTED,ASSIGNMENT_CONFIRMED
ASG01161,REQ00926,AMB0071,1,2026-08-18 12:24:44,4,ACCEPTED,ASSIGNMENT_CONFIRMED
ASG01162,REQ00927,AMB0127,1,2026-08-01 18:19:02,14,ACCEPTED,ASSIGNMENT_CONFIRMED
ASG01163,REQ00928,AMB0073,1,2026-08-30 08:00:10,6,ACCEPTED,ASSIGNMENT_CONFIRMED
ASG01164,REQ00929,AMB0041,1,2026-08-10 11:41:46,5,ACCEPTED,ASSIGNMENT_CONFIRMED
ASG01165,REQ00930,AMB0073,1,2026-08-31 12:30:38,20,ACCEPTED,ASSIGNMENT_CONFIRMED
ASG01166,REQ00931,AMB0089,1,2026-09-07 18:22:37,5,TIMEOUT,FALLBACK_TRIGGERED
ASG01167,REQ00932,AMB0004,1,2026-09-01 21:30:20,28,ACCEPTED,ASSIGNMENT_CONFIRMED
ASG01168,REQ00933,AMB0055,1,2026-08-25 13:59:04,27,REJECTED,FALLBACK_TRIGGERED
ASG01169,REQ00933,AMB0048,2,2026-08-25 13:59:33,20,REJECTED,FALLBACK_TRIGGERED
ASG01170,REQ00933,AMB0120,3,2026-08-25 13:59:55,4,ACCEPTED,ASSIGNMENT_CONFIRMED
ASG01171,REQ00934,AMB0070,1,2026-08-02 05:20:06,4,ACCEPTED,ASSIGNMENT_CONFIRMED
ASG01172,REQ00935,AMB0052,1,2026-08-19 07:12:47,6,ACCEPTED,ASSIGNMENT_CONFIRMED
ASG01173,REQ00936,AMB0004,1,2026-08-14 01:51:08,18,ACCEPTED,ASSIGNMENT_CONFIRMED
ASG01174,REQ00937,AMB0045,1,2026-09-03 15:12:53,11,ACCEPTED,ASSIGNMENT_CONFIRMED
ASG01175,REQ00938,AMB0062,1,2026-08-25 02:36:05,8,ACCEPTED,ASSIGNMENT_CONFIRMED
ASG01176,REQ00939,AMB0126,1,2026-08-15 09:59:53,19,REJECTED,FALLBACK_TRIGGERED
ASG01177,REQ00939,AMB0112,2,2026-08-15 10:00:14,15,TIMEOUT,FALLBACK_TRIGGERED
ASG01178,REQ00940,AMB0102,1,2026-09-03 19:32:19,6,ACCEPTED,ASSIGNMENT_CONFIRMED
ASG01179,REQ00941,AMB0114,1,2026-08-02 01:21:26,15,ACCEPTED,ASSIGNMENT_CONFIRMED
ASG01180,REQ00942,AMB0058,1,2026-08-04 07:31:04,14,TIMEOUT,FALLBACK_TRIGGERED
ASG01181,REQ00943,AMB0028,1,2026-08-27 19:47:39,13,ACCEPTED,ASSIGNMENT_CONFIRMED
ASG01182,REQ00944,AMB0025,1,2026-08-15 20:22:27,9,ACCEPTED,ASSIGNMENT_CONFIRMED
ASG01183,REQ00945,AMB0105,1,2026-08-13 17:38:55,17,REJECTED,FALLBACK_TRIGGERED
ASG01184,REQ00945,AMB0087,2,2026-08-13 17:39:14,25,ACCEPTED,ASSIGNMENT_CONFIRMED
ASG01185,REQ00947,AMB0056,1,2026-08-04 07:14:05,29,REJECTED,FALLBACK_TRIGGERED
ASG01186,REQ00948,AMB0046,1,2026-08-01 23:15:52,18,ACCEPTED,ASSIGNMENT_CONFIRMED
ASG01187,REQ00949,AMB0036,1,2026-08-16 09:08:38,6,TIMEOUT,FALLBACK_TRIGGERED
ASG01188,REQ00949,AMB0016,2,2026-08-16 09:08:46,24,ACCEPTED,ASSIGNMENT_CONFIRMED
ASG01189,REQ00950,AMB0066,1,2026-08-23 07:28:45,30,REJECTED,FALLBACK_TRIGGERED
ASG01190,REQ00951,AMB0013,1,2026-09-04 16:06:03,17,ACCEPTED,ASSIGNMENT_CONFIRMED
ASG01191,REQ00952,AMB0085,1,2026-09-03 07:19:47,20,ACCEPTED,ASSIGNMENT_CONFIRMED
ASG01192,REQ00953,AMB0074,1,2026-08-30 03:01:31,29,ACCEPTED,ASSIGNMENT_CONFIRMED
ASG01193,REQ00954,AMB0049,1,2026-08-25 15:01:55,10,ACCEPTED,ASSIGNMENT_CONFIRMED
ASG01194,REQ00955,AMB0018,1,2026-08-03 17:48:22,30,REJECTED,FALLBACK_TRIGGERED
ASG01195,REQ00955,AMB0012,2,2026-08-03 17:48:54,11,ACCEPTED,ASSIGNMENT_CONFIRMED
ASG01196,REQ00957,AMB0029,1,2026-08-19 17:29:27,26,ACCEPTED,ASSIGNMENT_CONFIRMED
ASG01197,REQ00959,AMB0038,1,2026-08-03 19:17:23,18,ACCEPTED,ASSIGNMENT_CONFIRMED
ASG01198,REQ00960,AMB0063,1,2026-08-21 08:54:11,22,ACCEPTED,ASSIGNMENT_CONFIRMED
ASG01199,REQ00961,AMB0093,1,2026-08-14 13:03:37,14,ACCEPTED,ASSIGNMENT_CONFIRMED
ASG01200,REQ00962,AMB0023,1,2026-08-18 08:55:31,13,ACCEPTED,ASSIGNMENT_CONFIRMED
ASG01201,REQ00963,AMB0022,1,2026-08-12 21:32:55,29,REJECTED,FALLBACK_TRIGGERED
ASG01202,REQ00963,AMB0108,2,2026-08-12 21:33:26,25,ACCEPTED,ASSIGNMENT_CONFIRMED
ASG01203,REQ00964,AMB0046,1,2026-08-23 17:45:02,5,ACCEPTED,ASSIGNMENT_CONFIRMED
ASG01204,REQ00965,AMB0101,1,2026-09-06 11:53:52,24,TIMEOUT,FALLBACK_TRIGGERED
ASG01205,REQ00965,AMB0023,2,2026-09-06 11:54:18,5,ACCEPTED,ASSIGNMENT_CONFIRMED
ASG01206,REQ00966,AMB0071,1,2026-08-22 13:57:41,30,ACCEPTED,ASSIGNMENT_CONFIRMED
ASG01207,REQ00967,AMB0101,1,2026-09-07 00:06:38,12,ACCEPTED,ASSIGNMENT_CONFIRMED
ASG01208,REQ00969,AMB0101,1,2026-09-05 23:26:34,12,TIMEOUT,FALLBACK_TRIGGERED
ASG01209,REQ00969,AMB0065,2,2026-09-05 23:26:48,10,ACCEPTED,ASSIGNMENT_CONFIRMED
ASG01210,REQ00970,AMB0108,1,2026-08-21 08:12:53,22,REJECTED,FALLBACK_TRIGGERED
ASG01211,REQ00970,AMB0065,2,2026-08-21 08:13:17,8,ACCEPTED,ASSIGNMENT_CONFIRMED
ASG01212,REQ00971,AMB0002,1,2026-08-08 22:15:28,24,ACCEPTED,ASSIGNMENT_CONFIRMED
ASG01213,REQ00973,AMB0039,1,2026-09-07 21:08:38,9,ACCEPTED,ASSIGNMENT_CONFIRMED
ASG01214,REQ00974,AMB0114,1,2026-09-01 20:56:49,16,REJECTED,FALLBACK_TRIGGERED
ASG01215,REQ00974,AMB0082,2,2026-09-01 20:57:07,9,ACCEPTED,ASSIGNMENT_CONFIRMED
ASG01216,REQ00975,AMB0013,1,2026-08-31 23:06:08,24,ACCEPTED,ASSIGNMENT_CONFIRMED
ASG01217,REQ00976,AMB0115,1,2026-08-25 13:22:08,21,ACCEPTED,ASSIGNMENT_CONFIRMED
ASG01218,REQ00977,AMB0124,1,2026-08-03 02:47:58,7,ACCEPTED,ASSIGNMENT_CONFIRMED
ASG01219,REQ00978,AMB0056,1,2026-08-09 23:11:46,10,ACCEPTED,ASSIGNMENT_CONFIRMED
ASG01220,REQ00979,AMB0096,1,2026-08-30 12:20:28,10,ACCEPTED,ASSIGNMENT_CONFIRMED
ASG01221,REQ00980,AMB0012,1,2026-09-06 16:57:33,22,ACCEPTED,ASSIGNMENT_CONFIRMED
ASG01222,REQ00981,AMB0016,1,2026-08-03 23:56:46,25,ACCEPTED,ASSIGNMENT_CONFIRMED
ASG01223,REQ00982,AMB0036,1,2026-08-19 08:31:28,14,ACCEPTED,ASSIGNMENT_CONFIRMED
ASG01224,REQ00984,AMB0109,1,2026-09-01 00:23:13,24,ACCEPTED,ASSIGNMENT_CONFIRMED
ASG01225,REQ00985,AMB0115,1,2026-08-08 22:45:58,14,TIMEOUT,FALLBACK_TRIGGERED
ASG01226,REQ00985,AMB0104,2,2026-08-08 22:46:14,15,TIMEOUT,FALLBACK_TRIGGERED
ASG01227,REQ00985,AMB0031,3,2026-08-08 22:46:31,19,ACCEPTED,ASSIGNMENT_CONFIRMED
ASG01228,REQ00986,AMB0080,1,2026-08-08 11:51:05,18,ACCEPTED,ASSIGNMENT_CONFIRMED
ASG01229,REQ00987,AMB0062,1,2026-09-02 21:49:04,13,ACCEPTED,ASSIGNMENT_CONFIRMED
ASG01230,REQ00988,AMB0108,1,2026-08-03 20:40:00,24,ACCEPTED,ASSIGNMENT_CONFIRMED
ASG01231,REQ00989,AMB0048,1,2026-08-12 23:31:18,26,ACCEPTED,ASSIGNMENT_CONFIRMED
ASG01232,REQ00990,AMB0097,1,2026-09-05 19:13:45,15,ACCEPTED,ASSIGNMENT_CONFIRMED
ASG01233,REQ00991,AMB0106,1,2026-08-12 09:53:14,20,ACCEPTED,ASSIGNMENT_CONFIRMED
ASG01234,REQ00992,AMB0017,1,2026-08-15 03:56:57,14,ACCEPTED,ASSIGNMENT_CONFIRMED
ASG01235,REQ00993,AMB0106,1,2026-08-21 21:07:22,27,ACCEPTED,ASSIGNMENT_CONFIRMED
ASG01236,REQ00994,AMB0031,1,2026-08-02 09:17:32,18,ACCEPTED,ASSIGNMENT_CONFIRMED
ASG01237,REQ00995,AMB0053,1,2026-08-26 14:27:25,14,ACCEPTED,ASSIGNMENT_CONFIRMED
ASG01238,REQ00996,AMB0018,1,2026-09-06 05:34:13,30,TIMEOUT,FALLBACK_TRIGGERED
ASG01239,REQ00996,AMB0028,2,2026-09-06 05:34:45,29,TIMEOUT,FALLBACK_TRIGGERED
ASG01240,REQ00996,AMB0102,3,2026-09-06 05:35:16,22,ACCEPTED,ASSIGNMENT_CONFIRMED
ASG01241,REQ00997,AMB0092,1,2026-08-02 12:05:49,26,ACCEPTED,ASSIGNMENT_CONFIRMED
ASG01242,REQ00998,AMB0093,1,2026-08-13 05:53:34,22,TIMEOUT,FALLBACK_TRIGGERED
ASG01243,REQ00998,AMB0084,2,2026-08-13 05:53:58,29,ACCEPTED,ASSIGNMENT_CONFIRMED
ASG01244,REQ00999,AMB0011,1,2026-08-16 00:02:54,29,ACCEPTED,ASSIGNMENT_CONFIRMED
ASG01245,REQ01000,AMB0059,1,2026-08-02 07:40:49,26,REJECTED,FALLBACK_TRIGGERED
ASG01246,REQ01000,AMB0115,2,2026-08-02 07:41:17,27,TIMEOUT,FALLBACK_TRIGGERED
ASG01247,REQ01000,AMB0040,3,2026-08-02 07:41:46,9,TIMEOUT,FALLBACK_TRIGGERED
ASG01248,REQ01001,AMB0066,1,2026-08-18 02:04:04,24,REJECTED,FALLBACK_TRIGGERED
ASG01249,REQ01001,AMB0023,2,2026-08-18 02:04:30,4,ACCEPTED,ASSIGNMENT_CONFIRMED
ASG01250,REQ01002,AMB0048,1,2026-09-07 12:12:53,8,ACCEPTED,ASSIGNMENT_CONFIRMED
ASG01251,REQ01004,AMB0068,1,2026-09-04 16:15:24,14,ACCEPTED,ASSIGNMENT_CONFIRMED
ASG01252,REQ01005,AMB0095,1,2026-09-06 00:25:49,30,ACCEPTED,ASSIGNMENT_CONFIRMED
ASG01253,REQ01006,AMB0117,1,2026-08-06 03:35:10,24,REJECTED,FALLBACK_TRIGGERED
ASG01254,REQ01006,AMB0059,2,2026-08-06 03:35:36,19,ACCEPTED,ASSIGNMENT_CONFIRMED
ASG01255,REQ01007,AMB0012,1,2026-09-06 07:03:49,12,REJECTED,FALLBACK_TRIGGERED
ASG01256,REQ01008,AMB0110,1,2026-08-27 00:17:44,13,ACCEPTED,ASSIGNMENT_CONFIRMED
ASG01257,REQ01009,AMB0048,1,2026-09-02 17:54:47,23,ACCEPTED,ASSIGNMENT_CONFIRMED
ASG01258,REQ01010,AMB0012,1,2026-09-03 23:07:10,21,REJECTED,FALLBACK_TRIGGERED
ASG01259,REQ01010,AMB0057,2,2026-09-03 23:07:33,29,TIMEOUT,FALLBACK_TRIGGERED
ASG01260,REQ01011,AMB0037,1,2026-09-01 04:47:55,7,ACCEPTED,ASSIGNMENT_CONFIRMED
ASG01261,REQ01012,AMB0052,1,2026-08-18 16:20:39,15,ACCEPTED,ASSIGNMENT_CONFIRMED
ASG01262,REQ01013,AMB0039,1,2026-08-24 16:38:16,13,ACCEPTED,ASSIGNMENT_CONFIRMED
ASG01263,REQ01014,AMB0049,1,2026-08-31 00:20:26,23,REJECTED,FALLBACK_TRIGGERED
ASG01264,REQ01014,AMB0043,2,2026-08-31 00:20:51,23,ACCEPTED,ASSIGNMENT_CONFIRMED
ASG01265,REQ01015,AMB0009,1,2026-08-30 10:06:03,6,ACCEPTED,ASSIGNMENT_CONFIRMED
ASG01266,REQ01016,AMB0079,1,2026-08-13 08:18:52,22,TIMEOUT,FALLBACK_TRIGGERED
ASG01267,REQ01016,AMB0035,2,2026-08-13 08:19:16,21,ACCEPTED,ASSIGNMENT_CONFIRMED
ASG01268,REQ01017,AMB0118,1,2026-08-13 02:37:09,29,ACCEPTED,ASSIGNMENT_CONFIRMED
ASG01269,REQ01018,AMB0085,1,2026-08-25 10:36:49,10,ACCEPTED,ASSIGNMENT_CONFIRMED
ASG01270,REQ01019,AMB0120,1,2026-08-15 06:05:59,21,REJECTED,FALLBACK_TRIGGERED
ASG01271,REQ01020,AMB0076,1,2026-08-09 16:51:28,28,ACCEPTED,ASSIGNMENT_CONFIRMED
ASG01272,REQ01021,AMB0118,1,2026-08-25 22:30:22,25,REJECTED,FALLBACK_TRIGGERED
ASG01273,REQ01022,AMB0113,1,2026-08-18 22:09:53,20,ACCEPTED,ASSIGNMENT_CONFIRMED
ASG01274,REQ01023,AMB0078,1,2026-08-23 05:01:55,16,ACCEPTED,ASSIGNMENT_CONFIRMED
ASG01275,REQ01024,AMB0101,1,2026-08-13 12:23:11,16,ACCEPTED,ASSIGNMENT_CONFIRMED
ASG01276,REQ01025,AMB0057,1,2026-08-07 11:58:16,17,ACCEPTED,ASSIGNMENT_CONFIRMED
ASG01277,REQ01027,AMB0002,1,2026-09-04 03:02:23,25,TIMEOUT,FALLBACK_TRIGGERED
ASG01278,REQ01027,AMB0054,2,2026-09-04 03:02:50,20,TIMEOUT,FALLBACK_TRIGGERED
ASG01279,REQ01027,AMB0130,3,2026-09-04 03:03:12,9,ACCEPTED,ASSIGNMENT_CONFIRMED
ASG01280,REQ01028,AMB0092,1,2026-08-08 01:28:40,27,REJECTED,FALLBACK_TRIGGERED
ASG01281,REQ01028,AMB0084,2,2026-08-08 01:29:09,14,ACCEPTED,ASSIGNMENT_CONFIRMED
ASG01282,REQ01029,AMB0086,1,2026-08-22 21:54:57,29,ACCEPTED,ASSIGNMENT_CONFIRMED
ASG01283,REQ01030,AMB0043,1,2026-08-26 13:53:42,22,ACCEPTED,ASSIGNMENT_CONFIRMED
ASG01284,REQ01031,AMB0048,1,2026-08-18 19:12:44,16,TIMEOUT,FALLBACK_TRIGGERED
ASG01285,REQ01032,AMB0038,1,2026-08-08 10:29:36,10,ACCEPTED,ASSIGNMENT_CONFIRMED
ASG01286,REQ01033,AMB0037,1,2026-08-21 18:40:01,14,TIMEOUT,FALLBACK_TRIGGERED
ASG01287,REQ01033,AMB0041,2,2026-08-21 18:40:17,19,ACCEPTED,ASSIGNMENT_CONFIRMED
ASG01288,REQ01034,AMB0078,1,2026-08-20 21:41:57,26,ACCEPTED,ASSIGNMENT_CONFIRMED
ASG01289,REQ01035,AMB0106,1,2026-08-09 18:20:26,21,REJECTED,FALLBACK_TRIGGERED
ASG01290,REQ01035,AMB0122,2,2026-08-09 18:20:49,5,ACCEPTED,ASSIGNMENT_CONFIRMED
ASG01291,REQ01036,AMB0070,1,2026-08-06 15:22:37,18,REJECTED,FALLBACK_TRIGGERED
ASG01292,REQ01036,AMB0050,2,2026-08-06 15:22:57,28,REJECTED,FALLBACK_TRIGGERED
ASG01293,REQ01037,AMB0065,1,2026-08-25 04:34:36,17,TIMEOUT,FALLBACK_TRIGGERED
ASG01294,REQ01038,AMB0012,1,2026-09-02 17:53:47,15,ACCEPTED,ASSIGNMENT_CONFIRMED
ASG01295,REQ01039,AMB0077,1,2026-09-03 21:40:11,23,ACCEPTED,ASSIGNMENT_CONFIRMED
ASG01296,REQ01040,AMB0099,1,2026-08-23 00:10:26,6,REJECTED,FALLBACK_TRIGGERED
ASG01297,REQ01040,AMB0097,2,2026-08-23 00:10:34,20,ACCEPTED,ASSIGNMENT_CONFIRMED
ASG01298,REQ01041,AMB0129,1,2026-08-12 00:28:51,30,ACCEPTED,ASSIGNMENT_CONFIRMED
ASG01299,REQ01042,AMB0121,1,2026-08-24 19:21:30,23,REJECTED,FALLBACK_TRIGGERED
ASG01300,REQ01043,AMB0065,1,2026-08-18 18:25:37,23,TIMEOUT,FALLBACK_TRIGGERED
ASG01301,REQ01044,AMB0063,1,2026-08-09 04:42:21,25,TIMEOUT,FALLBACK_TRIGGERED
ASG01302,REQ01044,AMB0022,2,2026-08-09 04:42:48,20,ACCEPTED,ASSIGNMENT_CONFIRMED
ASG01303,REQ01045,AMB0083,1,2026-08-11 14:00:42,17,REJECTED,FALLBACK_TRIGGERED
ASG01304,REQ01045,AMB0059,2,2026-08-11 14:01:01,25,TIMEOUT,FALLBACK_TRIGGERED
ASG01305,REQ01045,AMB0070,3,2026-08-11 14:01:28,5,ACCEPTED,ASSIGNMENT_CONFIRMED
ASG01306,REQ01046,AMB0059,1,2026-08-16 04:43:35,26,REJECTED,FALLBACK_TRIGGERED
ASG01307,REQ01046,AMB0026,2,2026-08-16 04:44:03,21,ACCEPTED,ASSIGNMENT_CONFIRMED
ASG01308,REQ01047,AMB0008,1,2026-08-14 15:42:24,7,ACCEPTED,ASSIGNMENT_CONFIRMED
ASG01309,REQ01048,AMB0049,1,2026-08-26 10:57:18,12,ACCEPTED,ASSIGNMENT_CONFIRMED
ASG01310,REQ01049,AMB0018,1,2026-09-07 00:14:56,29,ACCEPTED,ASSIGNMENT_CONFIRMED
ASG01311,REQ01050,AMB0053,1,2026-08-05 20:14:08,19,ACCEPTED,ASSIGNMENT_CONFIRMED
ASG01312,REQ01051,AMB0064,1,2026-08-19 09:24:43,24,REJECTED,FALLBACK_TRIGGERED
ASG01313,REQ01051,AMB0024,2,2026-08-19 09:25:09,28,REJECTED,FALLBACK_TRIGGERED
ASG01314,REQ01051,AMB0041,3,2026-08-19 09:25:39,29,ACCEPTED,ASSIGNMENT_CONFIRMED
ASG01315,REQ01052,AMB0099,1,2026-08-07 14:51:05,10,ACCEPTED,ASSIGNMENT_CONFIRMED
ASG01316,REQ01053,AMB0094,1,2026-09-02 12:43:29,9,ACCEPTED,ASSIGNMENT_CONFIRMED
ASG01317,REQ01054,AMB0040,1,2026-08-08 19:51:51,11,ACCEPTED,ASSIGNMENT_CONFIRMED
ASG01318,REQ01055,AMB0094,1,2026-08-12 13:34:48,8,ACCEPTED,ASSIGNMENT_CONFIRMED
ASG01319,REQ01056,AMB0050,1,2026-08-30 13:03:29,11,ACCEPTED,ASSIGNMENT_CONFIRMED
ASG01320,REQ01057,AMB0102,1,2026-08-19 00:34:17,24,REJECTED,FALLBACK_TRIGGERED
ASG01321,REQ01057,AMB0018,2,2026-08-19 00:34:43,13,ACCEPTED,ASSIGNMENT_CONFIRMED
ASG01322,REQ01058,AMB0046,1,2026-08-03 17:47:25,6,REJECTED,FALLBACK_TRIGGERED
ASG01323,REQ01058,AMB0125,2,2026-08-03 17:47:33,5,ACCEPTED,ASSIGNMENT_CONFIRMED
ASG01324,REQ01059,AMB0032,1,2026-08-30 22:39:15,21,TIMEOUT,FALLBACK_TRIGGERED
ASG01325,REQ01061,AMB0009,1,2026-08-20 13:25:01,30,ACCEPTED,ASSIGNMENT_CONFIRMED
ASG01326,REQ01062,AMB0090,1,2026-08-08 06:36:16,23,ACCEPTED,ASSIGNMENT_CONFIRMED
ASG01327,REQ01063,AMB0063,1,2026-08-28 08:47:44,7,ACCEPTED,ASSIGNMENT_CONFIRMED
ASG01328,REQ01064,AMB0117,1,2026-08-27 06:01:50,19,ACCEPTED,ASSIGNMENT_CONFIRMED
ASG01329,REQ01065,AMB0103,1,2026-08-21 07:04:39,22,ACCEPTED,ASSIGNMENT_CONFIRMED
ASG01330,REQ01066,AMB0004,1,2026-09-05 00:21:21,4,REJECTED,FALLBACK_TRIGGERED
ASG01331,REQ01067,AMB0021,1,2026-08-25 08:25:02,18,ACCEPTED,ASSIGNMENT_CONFIRMED
ASG01332,REQ01068,AMB0088,1,2026-09-03 11:19:18,30,ACCEPTED,ASSIGNMENT_CONFIRMED
ASG01333,REQ01070,AMB0055,1,2026-08-08 03:25:13,30,REJECTED,FALLBACK_TRIGGERED
ASG01334,REQ01070,AMB0076,2,2026-08-08 03:25:45,13,REJECTED,FALLBACK_TRIGGERED
ASG01335,REQ01070,AMB0066,3,2026-08-08 03:26:00,10,TIMEOUT,FALLBACK_TRIGGERED
ASG01336,REQ01071,AMB0019,1,2026-08-14 13:57:38,14,ACCEPTED,ASSIGNMENT_CONFIRMED
ASG01337,REQ01073,AMB0127,1,2026-08-22 14:41:11,13,ACCEPTED,ASSIGNMENT_CONFIRMED
ASG01338,REQ01074,AMB0030,1,2026-08-15 04:39:39,7,ACCEPTED,ASSIGNMENT_CONFIRMED
ASG01339,REQ01075,AMB0015,1,2026-09-06 20:30:43,26,TIMEOUT,FALLBACK_TRIGGERED
ASG01340,REQ01077,AMB0124,1,2026-08-02 06:36:29,8,ACCEPTED,ASSIGNMENT_CONFIRMED
ASG01341,REQ01078,AMB0048,1,2026-08-08 19:53:21,5,ACCEPTED,ASSIGNMENT_CONFIRMED
ASG01342,REQ01079,AMB0014,1,2026-08-27 16:30:55,5,REJECTED,FALLBACK_TRIGGERED
ASG01343,REQ01079,AMB0003,2,2026-08-27 16:31:02,21,REJECTED,FALLBACK_TRIGGERED
ASG01344,REQ01080,AMB0030,1,2026-09-04 22:01:28,9,ACCEPTED,ASSIGNMENT_CONFIRMED
ASG01345,REQ01081,AMB0043,1,2026-09-02 20:41:28,7,TIMEOUT,FALLBACK_TRIGGERED
ASG01346,REQ01081,AMB0004,2,2026-09-02 20:41:37,4,ACCEPTED,ASSIGNMENT_CONFIRMED
ASG01347,REQ01082,AMB0055,1,2026-08-22 04:58:15,9,ACCEPTED,ASSIGNMENT_CONFIRMED
ASG01348,REQ01083,AMB0020,1,2026-08-16 08:21:18,21,ACCEPTED,ASSIGNMENT_CONFIRMED
ASG01349,REQ01084,AMB0090,1,2026-08-10 16:18:01,9,ACCEPTED,ASSIGNMENT_CONFIRMED
ASG01350,REQ01085,AMB0099,1,2026-08-29 21:18:09,9,TIMEOUT,FALLBACK_TRIGGERED
ASG01351,REQ01085,AMB0038,2,2026-08-29 21:18:20,24,ACCEPTED,ASSIGNMENT_CONFIRMED
ASG01352,REQ01086,AMB0042,1,2026-08-14 18:19:09,6,REJECTED,FALLBACK_TRIGGERED
ASG01353,REQ01086,AMB0029,2,2026-08-14 18:19:17,7,ACCEPTED,ASSIGNMENT_CONFIRMED
ASG01354,REQ01087,AMB0089,1,2026-08-11 11:41:09,27,ACCEPTED,ASSIGNMENT_CONFIRMED
ASG01355,REQ01088,AMB0056,1,2026-08-31 05:30:57,9,ACCEPTED,ASSIGNMENT_CONFIRMED
ASG01356,REQ01089,AMB0127,1,2026-08-08 20:12:22,25,REJECTED,FALLBACK_TRIGGERED
ASG01357,REQ01089,AMB0026,2,2026-08-08 20:12:49,27,ACCEPTED,ASSIGNMENT_CONFIRMED
ASG01358,REQ01090,AMB0103,1,2026-08-24 21:02:25,18,REJECTED,FALLBACK_TRIGGERED
ASG01359,REQ01090,AMB0029,2,2026-08-24 21:02:45,29,ACCEPTED,ASSIGNMENT_CONFIRMED
ASG01360,REQ01091,AMB0120,1,2026-08-06 01:28:36,29,ACCEPTED,ASSIGNMENT_CONFIRMED
ASG01361,REQ01092,AMB0106,1,2026-08-12 01:38:17,27,REJECTED,FALLBACK_TRIGGERED
ASG01362,REQ01092,AMB0002,2,2026-08-12 01:38:46,9,TIMEOUT,FALLBACK_TRIGGERED
ASG01363,REQ01093,AMB0049,1,2026-08-20 01:13:14,20,ACCEPTED,ASSIGNMENT_CONFIRMED
ASG01364,REQ01094,AMB0066,1,2026-08-13 15:07:28,28,ACCEPTED,ASSIGNMENT_CONFIRMED
ASG01365,REQ01095,AMB0114,1,2026-08-28 03:46:56,11,ACCEPTED,ASSIGNMENT_CONFIRMED
ASG01366,REQ01096,AMB0044,1,2026-08-27 19:17:31,9,REJECTED,FALLBACK_TRIGGERED
ASG01367,REQ01096,AMB0077,2,2026-08-27 19:17:42,6,ACCEPTED,ASSIGNMENT_CONFIRMED
ASG01368,REQ01097,AMB0087,1,2026-08-22 08:43:35,10,ACCEPTED,ASSIGNMENT_CONFIRMED
ASG01369,REQ01098,AMB0006,1,2026-09-02 15:31:10,13,ACCEPTED,ASSIGNMENT_CONFIRMED
ASG01370,REQ01099,AMB0004,1,2026-08-12 06:49:06,15,REJECTED,FALLBACK_TRIGGERED
ASG01371,REQ01099,AMB0020,2,2026-08-12 06:49:23,23,TIMEOUT,FALLBACK_TRIGGERED
ASG01372,REQ01099,AMB0016,3,2026-08-12 06:49:48,25,ACCEPTED,ASSIGNMENT_CONFIRMED
ASG01373,REQ01100,AMB0115,1,2026-08-14 18:43:09,14,ACCEPTED,ASSIGNMENT_CONFIRMED
ASG01374,REQ01102,AMB0001,1,2026-08-24 04:19:21,20,TIMEOUT,FALLBACK_TRIGGERED
ASG01375,REQ01102,AMB0129,2,2026-08-24 04:19:43,14,ACCEPTED,ASSIGNMENT_CONFIRMED
ASG01376,REQ01103,AMB0075,1,2026-08-26 01:26:22,17,ACCEPTED,ASSIGNMENT_CONFIRMED
ASG01377,REQ01104,AMB0115,1,2026-08-19 11:01:20,5,REJECTED,FALLBACK_TRIGGERED
ASG01378,REQ01104,AMB0128,2,2026-08-19 11:01:27,20,TIMEOUT,FALLBACK_TRIGGERED
ASG01379,REQ01104,AMB0112,3,2026-08-19 11:01:49,18,ACCEPTED,ASSIGNMENT_CONFIRMED
ASG01380,REQ01105,AMB0013,1,2026-08-18 03:04:15,27,ACCEPTED,ASSIGNMENT_CONFIRMED
ASG01381,REQ01106,AMB0059,1,2026-09-01 07:17:38,4,ACCEPTED,ASSIGNMENT_CONFIRMED
ASG01382,REQ01107,AMB0101,1,2026-08-08 15:08:56,12,ACCEPTED,ASSIGNMENT_CONFIRMED
ASG01383,REQ01108,AMB0011,1,2026-09-06 06:35:05,14,ACCEPTED,ASSIGNMENT_CONFIRMED
ASG01384,REQ01109,AMB0060,1,2026-08-09 02:55:50,14,TIMEOUT,FALLBACK_TRIGGERED
ASG01385,REQ01109,AMB0002,2,2026-08-09 02:56:06,6,TIMEOUT,FALLBACK_TRIGGERED
ASG01386,REQ01109,AMB0042,3,2026-08-09 02:56:14,18,ACCEPTED,ASSIGNMENT_CONFIRMED
ASG01387,REQ01110,AMB0114,1,2026-08-21 14:14:29,11,ACCEPTED,ASSIGNMENT_CONFIRMED
ASG01388,REQ01112,AMB0036,1,2026-08-03 16:55:51,21,REJECTED,FALLBACK_TRIGGERED
ASG01389,REQ01112,AMB0007,2,2026-08-03 16:56:14,7,REJECTED,FALLBACK_TRIGGERED
ASG01390,REQ01112,AMB0034,3,2026-08-03 16:56:23,4,ACCEPTED,ASSIGNMENT_CONFIRMED
ASG01391,REQ01114,AMB0024,1,2026-08-28 08:29:28,28,ACCEPTED,ASSIGNMENT_CONFIRMED
ASG01392,REQ01115,AMB0050,1,2026-09-03 22:47:52,12,ACCEPTED,ASSIGNMENT_CONFIRMED
ASG01393,REQ01116,AMB0051,1,2026-08-28 04:16:54,16,ACCEPTED,ASSIGNMENT_CONFIRMED
ASG01394,REQ01117,AMB0019,1,2026-08-23 22:55:36,23,ACCEPTED,ASSIGNMENT_CONFIRMED
ASG01395,REQ01118,AMB0094,1,2026-08-03 04:34:22,4,ACCEPTED,ASSIGNMENT_CONFIRMED
ASG01396,REQ01119,AMB0011,1,2026-08-18 07:59:58,16,TIMEOUT,FALLBACK_TRIGGERED
ASG01397,REQ01120,AMB0121,1,2026-08-02 14:55:47,24,ACCEPTED,ASSIGNMENT_CONFIRMED
ASG01398,REQ01121,AMB0070,1,2026-08-08 02:11:32,19,REJECTED,FALLBACK_TRIGGERED
ASG01399,REQ01121,AMB0023,2,2026-08-08 02:11:53,18,ACCEPTED,ASSIGNMENT_CONFIRMED
ASG01400,REQ01122,AMB0101,1,2026-08-23 23:20:26,12,ACCEPTED,ASSIGNMENT_CONFIRMED
ASG01401,REQ01123,AMB0113,1,2026-08-02 00:24:51,22,ACCEPTED,ASSIGNMENT_CONFIRMED
ASG01402,REQ01124,AMB0131,1,2026-08-20 07:44:05,21,ACCEPTED,ASSIGNMENT_CONFIRMED
ASG01403,REQ01125,AMB0050,1,2026-08-03 04:54:15,24,ACCEPTED,ASSIGNMENT_CONFIRMED
ASG01404,REQ01126,AMB0042,1,2026-08-14 23:42:18,29,ACCEPTED,ASSIGNMENT_CONFIRMED
ASG01405,REQ01127,AMB0015,1,2026-08-12 11:56:59,18,REJECTED,FALLBACK_TRIGGERED
ASG01406,REQ01127,AMB0079,2,2026-08-12 11:57:19,24,ACCEPTED,ASSIGNMENT_CONFIRMED
ASG01407,REQ01128,AMB0021,1,2026-08-21 00:50:01,11,REJECTED,FALLBACK_TRIGGERED
ASG01408,REQ01129,AMB0032,1,2026-09-08 23:33:10,7,ACCEPTED,ASSIGNMENT_CONFIRMED
ASG01409,REQ01130,AMB0071,1,2026-08-27 17:28:08,30,TIMEOUT,FALLBACK_TRIGGERED
ASG01410,REQ01130,AMB0105,2,2026-08-27 17:28:40,19,TIMEOUT,FALLBACK_TRIGGERED
ASG01411,REQ01130,AMB0119,3,2026-08-27 17:29:01,18,ACCEPTED,ASSIGNMENT_CONFIRMED
ASG01412,REQ01131,AMB0019,1,2026-08-24 19:42:45,22,ACCEPTED,ASSIGNMENT_CONFIRMED
ASG01413,REQ01132,AMB0034,1,2026-08-10 07:42:05,12,TIMEOUT,FALLBACK_TRIGGERED
ASG01414,REQ01132,AMB0008,2,2026-08-10 07:42:19,7,ACCEPTED,ASSIGNMENT_CONFIRMED
ASG01415,REQ01133,AMB0040,1,2026-08-20 10:45:29,29,REJECTED,FALLBACK_TRIGGERED
ASG01416,REQ01134,AMB0079,1,2026-08-10 18:47:59,14,ACCEPTED,ASSIGNMENT_CONFIRMED
ASG01417,REQ01135,AMB0124,1,2026-08-03 07:10:25,18,ACCEPTED,ASSIGNMENT_CONFIRMED
ASG01418,REQ01136,AMB0011,1,2026-08-17 17:28:07,8,REJECTED,FALLBACK_TRIGGERED
ASG01419,REQ01136,AMB0053,2,2026-08-17 17:28:17,21,ACCEPTED,ASSIGNMENT_CONFIRMED
ASG01420,REQ01137,AMB0090,1,2026-09-01 17:29:42,11,ACCEPTED,ASSIGNMENT_CONFIRMED
ASG01421,REQ01138,AMB0130,1,2026-09-04 04:06:14,9,ACCEPTED,ASSIGNMENT_CONFIRMED
ASG01422,REQ01139,AMB0035,1,2026-08-28 17:05:55,14,REJECTED,FALLBACK_TRIGGERED
ASG01423,REQ01140,AMB0016,1,2026-08-15 00:12:46,23,TIMEOUT,FALLBACK_TRIGGERED
ASG01424,REQ01140,AMB0047,2,2026-08-15 00:13:11,21,ACCEPTED,ASSIGNMENT_CONFIRMED
ASG01425,REQ01141,AMB0122,1,2026-08-24 17:14:44,29,ACCEPTED,ASSIGNMENT_CONFIRMED
ASG01426,REQ01142,AMB0129,1,2026-08-15 22:09:34,19,ACCEPTED,ASSIGNMENT_CONFIRMED
ASG01427,REQ01143,AMB0118,1,2026-08-27 15:29:20,9,ACCEPTED,ASSIGNMENT_CONFIRMED
ASG01428,REQ01144,AMB0049,1,2026-09-08 02:03:48,10,ACCEPTED,ASSIGNMENT_CONFIRMED
ASG01429,REQ01146,AMB0087,1,2026-09-07 21:09:13,26,ACCEPTED,ASSIGNMENT_CONFIRMED
ASG01430,REQ01147,AMB0005,1,2026-09-08 15:14:42,9,ACCEPTED,ASSIGNMENT_CONFIRMED
ASG01431,REQ01148,AMB0066,1,2026-08-22 08:02:24,4,REJECTED,FALLBACK_TRIGGERED
ASG01432,REQ01148,AMB0129,2,2026-08-22 08:02:30,16,ACCEPTED,ASSIGNMENT_CONFIRMED
ASG01433,REQ01149,AMB0051,1,2026-09-01 09:14:33,26,ACCEPTED,ASSIGNMENT_CONFIRMED
ASG01434,REQ01150,AMB0079,1,2026-09-01 22:27:26,28,TIMEOUT,FALLBACK_TRIGGERED
ASG01435,REQ01151,AMB0074,1,2026-08-22 13:42:53,12,ACCEPTED,ASSIGNMENT_CONFIRMED
ASG01436,REQ01152,AMB0117,1,2026-09-07 13:42:17,11,ACCEPTED,ASSIGNMENT_CONFIRMED
ASG01437,REQ01153,AMB0060,1,2026-08-25 01:38:06,14,ACCEPTED,ASSIGNMENT_CONFIRMED
ASG01438,REQ01154,AMB0101,1,2026-09-07 21:45:57,29,TIMEOUT,FALLBACK_TRIGGERED
ASG01439,REQ01154,AMB0034,2,2026-09-07 21:46:28,26,ACCEPTED,ASSIGNMENT_CONFIRMED
ASG01440,REQ01156,AMB0020,1,2026-08-22 03:18:58,21,TIMEOUT,FALLBACK_TRIGGERED
ASG01441,REQ01157,AMB0104,1,2026-08-16 08:28:50,9,ACCEPTED,ASSIGNMENT_CONFIRMED
ASG01442,REQ01158,AMB0040,1,2026-09-05 20:20:47,19,REJECTED,FALLBACK_TRIGGERED
ASG01443,REQ01158,AMB0086,2,2026-09-05 20:21:08,11,REJECTED,FALLBACK_TRIGGERED
ASG01444,REQ01159,AMB0001,1,2026-08-15 10:53:19,16,REJECTED,FALLBACK_TRIGGERED
ASG01445,REQ01159,AMB0015,2,2026-08-15 10:53:37,7,ACCEPTED,ASSIGNMENT_CONFIRMED
ASG01446,REQ01160,AMB0050,1,2026-08-13 08:54:45,11,ACCEPTED,ASSIGNMENT_CONFIRMED
ASG01447,REQ01161,AMB0016,1,2026-08-08 06:37:19,7,ACCEPTED,ASSIGNMENT_CONFIRMED
ASG01448,REQ01162,AMB0035,1,2026-08-05 06:05:05,6,TIMEOUT,FALLBACK_TRIGGERED
ASG01449,REQ01163,AMB0051,1,2026-08-26 04:58:24,12,TIMEOUT,FALLBACK_TRIGGERED
ASG01450,REQ01164,AMB0107,1,2026-08-21 07:28:52,10,ACCEPTED,ASSIGNMENT_CONFIRMED
ASG01451,REQ01165,AMB0108,1,2026-08-15 07:56:14,9,ACCEPTED,ASSIGNMENT_CONFIRMED
ASG01452,REQ01166,AMB0050,1,2026-08-29 13:35:35,15,TIMEOUT,FALLBACK_TRIGGERED
ASG01453,REQ01166,AMB0009,2,2026-08-29 13:35:52,13,ACCEPTED,ASSIGNMENT_CONFIRMED
ASG01454,REQ01167,AMB0094,1,2026-08-25 23:16:45,15,ACCEPTED,ASSIGNMENT_CONFIRMED
ASG01455,REQ01169,AMB0031,1,2026-08-07 16:45:30,27,TIMEOUT,FALLBACK_TRIGGERED
ASG01456,REQ01169,AMB0053,2,2026-08-07 16:45:59,12,ACCEPTED,ASSIGNMENT_CONFIRMED
ASG01457,REQ01170,AMB0038,1,2026-09-05 07:29:17,6,REJECTED,FALLBACK_TRIGGERED
ASG01458,REQ01170,AMB0027,2,2026-09-05 07:29:25,18,ACCEPTED,ASSIGNMENT_CONFIRMED
ASG01459,REQ01171,AMB0068,1,2026-08-02 17:28:35,13,ACCEPTED,ASSIGNMENT_CONFIRMED
ASG01460,REQ01172,AMB0086,1,2026-08-18 18:16:57,19,TIMEOUT,FALLBACK_TRIGGERED
ASG01461,REQ01172,AMB0043,2,2026-08-18 18:17:18,28,REJECTED,FALLBACK_TRIGGERED
ASG01462,REQ01172,AMB0077,3,2026-08-18 18:17:48,9,ACCEPTED,ASSIGNMENT_CONFIRMED
ASG01463,REQ01173,AMB0077,1,2026-08-29 09:34:44,16,REJECTED,FALLBACK_TRIGGERED
ASG01464,REQ01173,AMB0130,2,2026-08-29 09:35:02,7,TIMEOUT,FALLBACK_TRIGGERED
ASG01465,REQ01174,AMB0029,1,2026-09-07 10:55:00,7,ACCEPTED,ASSIGNMENT_CONFIRMED
ASG01466,REQ01175,AMB0105,1,2026-08-11 23:12:15,12,TIMEOUT,FALLBACK_TRIGGERED
ASG01467,REQ01175,AMB0045,2,2026-08-11 23:12:29,12,TIMEOUT,FALLBACK_TRIGGERED
ASG01468,REQ01175,AMB0074,3,2026-08-11 23:12:43,9,TIMEOUT,FALLBACK_TRIGGERED
ASG01469,REQ01176,AMB0113,1,2026-08-08 10:05:06,27,ACCEPTED,ASSIGNMENT_CONFIRMED
ASG01470,REQ01177,AMB0055,1,2026-08-22 05:06:19,24,ACCEPTED,ASSIGNMENT_CONFIRMED
ASG01471,REQ01178,AMB0127,1,2026-08-23 20:40:05,15,REJECTED,FALLBACK_TRIGGERED
ASG01472,REQ01178,AMB0093,2,2026-08-23 20:40:22,11,ACCEPTED,ASSIGNMENT_CONFIRMED
ASG01473,REQ01179,AMB0016,1,2026-08-24 03:10:00,18,TIMEOUT,FALLBACK_TRIGGERED
ASG01474,REQ01179,AMB0031,2,2026-08-24 03:10:20,12,ACCEPTED,ASSIGNMENT_CONFIRMED
ASG01475,REQ01181,AMB0020,1,2026-09-08 11:36:11,29,ACCEPTED,ASSIGNMENT_CONFIRMED
ASG01476,REQ01182,AMB0072,1,2026-08-03 17:56:50,19,ACCEPTED,ASSIGNMENT_CONFIRMED
ASG01477,REQ01184,AMB0046,1,2026-09-05 02:21:15,25,REJECTED,FALLBACK_TRIGGERED
ASG01478,REQ01184,AMB0013,2,2026-09-05 02:21:42,14,ACCEPTED,ASSIGNMENT_CONFIRMED
ASG01479,REQ01185,AMB0044,1,2026-08-31 21:45:48,12,TIMEOUT,FALLBACK_TRIGGERED
ASG01480,REQ01185,AMB0051,2,2026-08-31 21:46:02,6,REJECTED,FALLBACK_TRIGGERED
ASG01481,REQ01185,AMB0129,3,2026-08-31 21:46:10,6,ACCEPTED,ASSIGNMENT_CONFIRMED
ASG01482,REQ01186,AMB0104,1,2026-09-04 16:25:48,13,ACCEPTED,ASSIGNMENT_CONFIRMED
ASG01483,REQ01187,AMB0062,1,2026-08-26 13:24:05,27,TIMEOUT,FALLBACK_TRIGGERED
ASG01484,REQ01187,AMB0099,2,2026-08-26 13:24:34,9,ACCEPTED,ASSIGNMENT_CONFIRMED
ASG01485,REQ01188,AMB0013,1,2026-08-19 21:44:03,30,ACCEPTED,ASSIGNMENT_CONFIRMED
ASG01486,REQ01189,AMB0069,1,2026-08-04 17:01:03,24,ACCEPTED,ASSIGNMENT_CONFIRMED
ASG01487,REQ01191,AMB0109,1,2026-08-14 15:13:36,17,ACCEPTED,ASSIGNMENT_CONFIRMED
ASG01488,REQ01192,AMB0100,1,2026-08-16 21:52:58,7,REJECTED,FALLBACK_TRIGGERED
ASG01489,REQ01192,AMB0097,2,2026-08-16 21:53:07,29,TIMEOUT,FALLBACK_TRIGGERED
ASG01490,REQ01193,AMB0115,1,2026-08-10 04:38:15,13,ACCEPTED,ASSIGNMENT_CONFIRMED
ASG01491,REQ01195,AMB0038,1,2026-08-26 01:44:49,29,ACCEPTED,ASSIGNMENT_CONFIRMED
ASG01492,REQ01196,AMB0017,1,2026-08-05 05:34:20,20,TIMEOUT,FALLBACK_TRIGGERED
ASG01493,REQ01196,AMB0010,2,2026-08-05 05:34:42,16,ACCEPTED,ASSIGNMENT_CONFIRMED
ASG01494,REQ01198,AMB0109,1,2026-08-03 15:30:06,6,ACCEPTED,ASSIGNMENT_CONFIRMED
ASG01495,REQ01199,AMB0069,1,2026-08-29 23:09:28,18,REJECTED,FALLBACK_TRIGGERED
ASG01496,REQ01199,AMB0090,2,2026-08-29 23:09:48,22,ACCEPTED,ASSIGNMENT_CONFIRMED
ASG01497,REQ01200,AMB0028,1,2026-08-03 18:00:09,9,ACCEPTED,ASSIGNMENT_CONFIRMED
ASG01498,REQ01201,AMB0036,1,2026-08-25 04:18:32,27,ACCEPTED,ASSIGNMENT_CONFIRMED
ASG01499,REQ01202,AMB0021,1,2026-08-16 19:33:18,17,REJECTED,FALLBACK_TRIGGERED
ASG01500,REQ01202,AMB0001,2,2026-08-16 19:33:37,12,REJECTED,FALLBACK_TRIGGERED
ASG01501,REQ01202,AMB0048,3,2026-08-16 19:33:51,19,ACCEPTED,ASSIGNMENT_CONFIRMED
ASG01502,REQ01203,AMB0107,1,2026-08-11 23:59:20,29,ACCEPTED,ASSIGNMENT_CONFIRMED
ASG01503,REQ01204,AMB0131,1,2026-08-25 18:07:54,11,REJECTED,FALLBACK_TRIGGERED
ASG01504,REQ01204,AMB0029,2,2026-08-25 18:08:07,9,REJECTED,FALLBACK_TRIGGERED
ASG01505,REQ01204,AMB0101,3,2026-08-25 18:08:18,6,ACCEPTED,ASSIGNMENT_CONFIRMED
ASG01506,REQ01205,AMB0076,1,2026-08-19 21:39:24,8,ACCEPTED,ASSIGNMENT_CONFIRMED
ASG01507,REQ01206,AMB0119,1,2026-08-31 04:29:34,23,ACCEPTED,ASSIGNMENT_CONFIRMED
ASG01508,REQ01207,AMB0098,1,2026-08-24 23:01:27,23,ACCEPTED,ASSIGNMENT_CONFIRMED
ASG01509,REQ01208,AMB0116,1,2026-08-09 20:22:13,20,ACCEPTED,ASSIGNMENT_CONFIRMED
ASG01510,REQ01209,AMB0042,1,2026-08-22 10:42:25,5,REJECTED,FALLBACK_TRIGGERED
ASG01511,REQ01209,AMB0018,2,2026-08-22 10:42:32,13,ACCEPTED,ASSIGNMENT_CONFIRMED
ASG01512,REQ01210,AMB0070,1,2026-08-24 14:35:55,8,ACCEPTED,ASSIGNMENT_CONFIRMED
ASG01513,REQ01211,AMB0004,1,2026-08-29 09:57:53,24,ACCEPTED,ASSIGNMENT_CONFIRMED
ASG01514,REQ01212,AMB0126,1,2026-08-25 16:27:11,9,ACCEPTED,ASSIGNMENT_CONFIRMED
ASG01515,REQ01213,AMB0109,1,2026-09-06 04:41:25,6,ACCEPTED,ASSIGNMENT_CONFIRMED
ASG01516,REQ01214,AMB0091,1,2026-09-01 10:39:59,22,TIMEOUT,FALLBACK_TRIGGERED
ASG01517,REQ01214,AMB0044,2,2026-09-01 10:40:23,20,ACCEPTED,ASSIGNMENT_CONFIRMED
ASG01518,REQ01215,AMB0083,1,2026-08-01 01:21:54,27,TIMEOUT,FALLBACK_TRIGGERED
ASG01519,REQ01215,AMB0117,2,2026-08-01 01:22:23,14,ACCEPTED,ASSIGNMENT_CONFIRMED
ASG01520,REQ01216,AMB0112,1,2026-08-21 18:57:53,10,ACCEPTED,ASSIGNMENT_CONFIRMED
ASG01521,REQ01217,AMB0126,1,2026-08-27 03:34:58,26,REJECTED,FALLBACK_TRIGGERED
ASG01522,REQ01217,AMB0059,2,2026-08-27 03:35:26,4,ACCEPTED,ASSIGNMENT_CONFIRMED
ASG01523,REQ01218,AMB0128,1,2026-08-08 21:09:58,19,ACCEPTED,ASSIGNMENT_CONFIRMED
ASG01524,REQ01219,AMB0054,1,2026-09-07 22:52:23,16,TIMEOUT,FALLBACK_TRIGGERED
ASG01525,REQ01220,AMB0121,1,2026-08-22 02:56:23,13,ACCEPTED,ASSIGNMENT_CONFIRMED
ASG01526,REQ01221,AMB0026,1,2026-08-13 20:20:18,5,TIMEOUT,FALLBACK_TRIGGERED
ASG01527,REQ01221,AMB0056,2,2026-08-13 20:20:25,23,ACCEPTED,ASSIGNMENT_CONFIRMED
ASG01528,REQ01223,AMB0027,1,2026-08-04 20:15:44,14,ACCEPTED,ASSIGNMENT_CONFIRMED
ASG01529,REQ01224,AMB0072,1,2026-08-03 04:55:59,30,ACCEPTED,ASSIGNMENT_CONFIRMED
ASG01530,REQ01225,AMB0015,1,2026-08-18 22:24:21,11,TIMEOUT,FALLBACK_TRIGGERED
ASG01531,REQ01225,AMB0112,2,2026-08-18 22:24:34,27,ACCEPTED,ASSIGNMENT_CONFIRMED
ASG01532,REQ01226,AMB0035,1,2026-08-17 17:12:31,20,ACCEPTED,ASSIGNMENT_CONFIRMED
ASG01533,REQ01227,AMB0105,1,2026-08-02 04:51:48,23,ACCEPTED,ASSIGNMENT_CONFIRMED
ASG01534,REQ01228,AMB0099,1,2026-08-01 23:00:47,17,ACCEPTED,ASSIGNMENT_CONFIRMED
ASG01535,REQ01229,AMB0108,1,2026-08-07 19:07:03,10,TIMEOUT,FALLBACK_TRIGGERED
ASG01536,REQ01229,AMB0079,2,2026-08-07 19:07:15,25,ACCEPTED,ASSIGNMENT_CONFIRMED
ASG01537,REQ01230,AMB0101,1,2026-08-28 21:14:13,4,ACCEPTED,ASSIGNMENT_CONFIRMED
ASG01538,REQ01231,AMB0084,1,2026-09-01 19:45:11,6,REJECTED,FALLBACK_TRIGGERED
ASG01539,REQ01231,AMB0023,2,2026-09-01 19:45:19,5,REJECTED,FALLBACK_TRIGGERED
ASG01540,REQ01232,AMB0034,1,2026-08-12 06:16:09,16,ACCEPTED,ASSIGNMENT_CONFIRMED
ASG01541,REQ01233,AMB0036,1,2026-08-15 05:25:40,16,ACCEPTED,ASSIGNMENT_CONFIRMED
ASG01542,REQ01234,AMB0074,1,2026-08-16 16:00:41,7,ACCEPTED,ASSIGNMENT_CONFIRMED
ASG01543,REQ01235,AMB0034,1,2026-08-04 19:48:52,12,ACCEPTED,ASSIGNMENT_CONFIRMED
ASG01544,REQ01236,AMB0076,1,2026-08-24 22:43:38,5,TIMEOUT,FALLBACK_TRIGGERED
ASG01545,REQ01237,AMB0060,1,2026-08-24 15:19:48,14,TIMEOUT,FALLBACK_TRIGGERED
ASG01546,REQ01237,AMB0096,2,2026-08-24 15:20:04,11,TIMEOUT,FALLBACK_TRIGGERED
ASG01547,REQ01237,AMB0041,3,2026-08-24 15:20:17,29,ACCEPTED,ASSIGNMENT_CONFIRMED
ASG01548,REQ01238,AMB0063,1,2026-08-30 14:20:59,19,TIMEOUT,FALLBACK_TRIGGERED
ASG01549,REQ01239,AMB0085,1,2026-08-25 13:01:55,5,TIMEOUT,FALLBACK_TRIGGERED
ASG01550,REQ01239,AMB0107,2,2026-08-25 13:02:02,25,ACCEPTED,ASSIGNMENT_CONFIRMED
ASG01551,REQ01240,AMB0083,1,2026-08-12 04:37:11,18,REJECTED,FALLBACK_TRIGGERED
ASG01552,REQ01240,AMB0125,2,2026-08-12 04:37:31,12,TIMEOUT,FALLBACK_TRIGGERED
ASG01553,REQ01240,AMB0040,3,2026-08-12 04:37:45,14,ACCEPTED,ASSIGNMENT_CONFIRMED
ASG01554,REQ01241,AMB0044,1,2026-08-20 17:17:14,14,ACCEPTED,ASSIGNMENT_CONFIRMED
ASG01555,REQ01242,AMB0075,1,2026-08-23 03:04:20,17,TIMEOUT,FALLBACK_TRIGGERED
ASG01556,REQ01242,AMB0014,2,2026-08-23 03:04:39,6,TIMEOUT,FALLBACK_TRIGGERED
ASG01557,REQ01242,AMB0084,3,2026-08-23 03:04:47,28,ACCEPTED,ASSIGNMENT_CONFIRMED
ASG01558,REQ01243,AMB0041,1,2026-08-01 09:40:10,19,ACCEPTED,ASSIGNMENT_CONFIRMED
ASG01559,REQ01244,AMB0045,1,2026-08-24 22:55:08,23,ACCEPTED,ASSIGNMENT_CONFIRMED
ASG01560,REQ01245,AMB0110,1,2026-08-15 10:40:58,14,ACCEPTED,ASSIGNMENT_CONFIRMED
ASG01561,REQ01246,AMB0054,1,2026-08-21 20:36:58,29,TIMEOUT,FALLBACK_TRIGGERED
ASG01562,REQ01246,AMB0128,2,2026-08-21 20:37:29,12,REJECTED,FALLBACK_TRIGGERED
ASG01563,REQ01247,AMB0058,1,2026-08-21 16:56:06,25,ACCEPTED,ASSIGNMENT_CONFIRMED
ASG01564,REQ01248,AMB0069,1,2026-08-18 02:28:24,5,ACCEPTED,ASSIGNMENT_CONFIRMED
ASG01565,REQ01250,AMB0016,1,2026-09-04 06:52:51,21,ACCEPTED,ASSIGNMENT_CONFIRMED
ASG01566,REQ01251,AMB0023,1,2026-09-02 09:15:50,14,ACCEPTED,ASSIGNMENT_CONFIRMED
ASG01567,REQ01252,AMB0022,1,2026-08-27 02:23:29,8,ACCEPTED,ASSIGNMENT_CONFIRMED
ASG01568,REQ01253,AMB0107,1,2026-08-07 08:29:17,22,ACCEPTED,ASSIGNMENT_CONFIRMED
ASG01569,REQ01254,AMB0121,1,2026-08-21 17:30:23,14,REJECTED,FALLBACK_TRIGGERED
ASG01570,REQ01254,AMB0088,2,2026-08-21 17:30:39,6,ACCEPTED,ASSIGNMENT_CONFIRMED
ASG01571,REQ01255,AMB0052,1,2026-08-21 19:53:48,25,TIMEOUT,FALLBACK_TRIGGERED
ASG01572,REQ01255,AMB0097,2,2026-08-21 19:54:15,26,ACCEPTED,ASSIGNMENT_CONFIRMED
ASG01573,REQ01257,AMB0042,1,2026-08-23 10:05:26,23,ACCEPTED,ASSIGNMENT_CONFIRMED
ASG01574,REQ01259,AMB0019,1,2026-09-05 00:03:41,13,ACCEPTED,ASSIGNMENT_CONFIRMED
ASG01575,REQ01260,AMB0112,1,2026-08-09 16:20:20,27,ACCEPTED,ASSIGNMENT_CONFIRMED
ASG01576,REQ01261,AMB0070,1,2026-08-27 17:04:02,5,ACCEPTED,ASSIGNMENT_CONFIRMED
ASG01577,REQ01263,AMB0037,1,2026-08-25 05:53:12,4,TIMEOUT,FALLBACK_TRIGGERED
ASG01578,REQ01264,AMB0053,1,2026-08-02 14:38:41,12,TIMEOUT,FALLBACK_TRIGGERED
ASG01579,REQ01264,AMB0020,2,2026-08-02 14:38:55,6,ACCEPTED,ASSIGNMENT_CONFIRMED
ASG01580,REQ01265,AMB0128,1,2026-08-14 06:48:36,20,ACCEPTED,ASSIGNMENT_CONFIRMED
ASG01581,REQ01266,AMB0115,1,2026-08-15 18:56:56,8,ACCEPTED,ASSIGNMENT_CONFIRMED
ASG01582,REQ01267,AMB0098,1,2026-08-25 23:20:29,15,ACCEPTED,ASSIGNMENT_CONFIRMED
ASG01583,REQ01268,AMB0049,1,2026-08-16 02:39:06,25,REJECTED,FALLBACK_TRIGGERED
ASG01584,REQ01268,AMB0130,2,2026-08-16 02:39:33,5,TIMEOUT,FALLBACK_TRIGGERED
ASG01585,REQ01268,AMB0027,3,2026-08-16 02:39:40,26,REJECTED,FALLBACK_TRIGGERED
ASG01586,REQ01271,AMB0099,1,2026-08-02 15:11:00,5,REJECTED,FALLBACK_TRIGGERED
ASG01587,REQ01272,AMB0060,1,2026-08-31 02:46:44,5,ACCEPTED,ASSIGNMENT_CONFIRMED
ASG01588,REQ01273,AMB0096,1,2026-08-12 00:36:57,13,ACCEPTED,ASSIGNMENT_CONFIRMED
ASG01589,REQ01274,AMB0078,1,2026-08-18 00:42:17,11,TIMEOUT,FALLBACK_TRIGGERED
ASG01590,REQ01275,AMB0111,1,2026-08-28 17:44:31,5,ACCEPTED,ASSIGNMENT_CONFIRMED
ASG01591,REQ01276,AMB0005,1,2026-08-31 17:10:23,24,ACCEPTED,ASSIGNMENT_CONFIRMED
ASG01592,REQ01277,AMB0051,1,2026-08-24 14:22:49,6,ACCEPTED,ASSIGNMENT_CONFIRMED
ASG01593,REQ01278,AMB0013,1,2026-08-06 19:16:56,27,ACCEPTED,ASSIGNMENT_CONFIRMED
ASG01594,REQ01279,AMB0018,1,2026-08-03 10:32:58,5,ACCEPTED,ASSIGNMENT_CONFIRMED
ASG01595,REQ01280,AMB0107,1,2026-08-14 22:25:05,19,ACCEPTED,ASSIGNMENT_CONFIRMED
ASG01596,REQ01281,AMB0106,1,2026-09-05 21:10:47,19,TIMEOUT,FALLBACK_TRIGGERED
ASG01597,REQ01281,AMB0119,2,2026-09-05 21:11:08,18,ACCEPTED,ASSIGNMENT_CONFIRMED
ASG01598,REQ01282,AMB0107,1,2026-08-26 07:36:22,14,ACCEPTED,ASSIGNMENT_CONFIRMED
ASG01599,REQ01283,AMB0117,1,2026-08-13 22:00:57,16,TIMEOUT,FALLBACK_TRIGGERED
ASG01600,REQ01283,AMB0092,2,2026-08-13 22:01:15,15,ACCEPTED,ASSIGNMENT_CONFIRMED
ASG01601,REQ01284,AMB0015,1,2026-08-26 09:52:13,10,ACCEPTED,ASSIGNMENT_CONFIRMED
ASG01602,REQ01285,AMB0130,1,2026-08-05 02:16:28,7,ACCEPTED,ASSIGNMENT_CONFIRMED
ASG01603,REQ01286,AMB0065,1,2026-08-20 13:39:37,10,ACCEPTED,ASSIGNMENT_CONFIRMED
ASG01604,REQ01287,AMB0029,1,2026-08-17 22:30:55,7,ACCEPTED,ASSIGNMENT_CONFIRMED
ASG01605,REQ01288,AMB0036,1,2026-08-02 12:02:31,16,REJECTED,FALLBACK_TRIGGERED
ASG01606,REQ01288,AMB0081,2,2026-08-02 12:02:49,15,ACCEPTED,ASSIGNMENT_CONFIRMED
ASG01607,REQ01289,AMB0013,1,2026-08-07 14:24:47,21,ACCEPTED,ASSIGNMENT_CONFIRMED
ASG01608,REQ01290,AMB0035,1,2026-08-01 21:08:37,10,ACCEPTED,ASSIGNMENT_CONFIRMED
ASG01609,REQ01291,AMB0049,1,2026-09-06 12:51:59,24,ACCEPTED,ASSIGNMENT_CONFIRMED
ASG01610,REQ01293,AMB0022,1,2026-08-01 12:49:47,10,TIMEOUT,FALLBACK_TRIGGERED
ASG01611,REQ01293,AMB0018,2,2026-08-01 12:49:59,13,TIMEOUT,FALLBACK_TRIGGERED
ASG01612,REQ01293,AMB0087,3,2026-08-01 12:50:14,27,ACCEPTED,ASSIGNMENT_CONFIRMED
ASG01613,REQ01294,AMB0119,1,2026-09-07 15:14:45,4,REJECTED,FALLBACK_TRIGGERED
ASG01614,REQ01294,AMB0097,2,2026-09-07 15:14:51,12,ACCEPTED,ASSIGNMENT_CONFIRMED
ASG01615,REQ01295,AMB0036,1,2026-09-08 18:01:28,29,ACCEPTED,ASSIGNMENT_CONFIRMED
ASG01616,REQ01296,AMB0004,1,2026-08-31 01:17:27,16,TIMEOUT,FALLBACK_TRIGGERED
ASG01617,REQ01296,AMB0073,2,2026-08-31 01:17:45,26,ACCEPTED,ASSIGNMENT_CONFIRMED
ASG01618,REQ01297,AMB0032,1,2026-08-16 04:07:01,27,ACCEPTED,ASSIGNMENT_CONFIRMED
ASG01619,REQ01298,AMB0079,1,2026-08-05 21:11:37,30,TIMEOUT,FALLBACK_TRIGGERED
ASG01620,REQ01298,AMB0112,2,2026-08-05 21:12:09,9,ACCEPTED,ASSIGNMENT_CONFIRMED
ASG01621,REQ01299,AMB0108,1,2026-08-24 01:32:50,13,ACCEPTED,ASSIGNMENT_CONFIRMED
ASG01622,REQ01300,AMB0063,1,2026-08-16 15:51:13,27,ACCEPTED,ASSIGNMENT_CONFIRMED
ASG01623,REQ01301,AMB0035,1,2026-08-05 04:42:08,18,TIMEOUT,FALLBACK_TRIGGERED
ASG01624,REQ01301,AMB0064,2,2026-08-05 04:42:28,5,REJECTED,FALLBACK_TRIGGERED
ASG01625,REQ01301,AMB0073,3,2026-08-05 04:42:35,5,ACCEPTED,ASSIGNMENT_CONFIRMED
ASG01626,REQ01302,AMB0084,1,2026-08-27 20:23:14,30,ACCEPTED,ASSIGNMENT_CONFIRMED
ASG01627,REQ01303,AMB0044,1,2026-08-24 12:28:38,15,ACCEPTED,ASSIGNMENT_CONFIRMED
ASG01628,REQ01304,AMB0009,1,2026-08-11 07:38:33,9,ACCEPTED,ASSIGNMENT_CONFIRMED
ASG01629,REQ01306,AMB0093,1,2026-08-21 09:54:30,20,ACCEPTED,ASSIGNMENT_CONFIRMED
ASG01630,REQ01308,AMB0117,1,2026-08-21 07:36:12,18,ACCEPTED,ASSIGNMENT_CONFIRMED
ASG01631,REQ01309,AMB0042,1,2026-08-13 19:56:50,15,REJECTED,FALLBACK_TRIGGERED
ASG01632,REQ01309,AMB0068,2,2026-08-13 19:57:07,20,ACCEPTED,ASSIGNMENT_CONFIRMED
ASG01633,REQ01310,AMB0022,1,2026-08-14 14:37:33,22,TIMEOUT,FALLBACK_TRIGGERED
ASG01634,REQ01310,AMB0092,2,2026-08-14 14:37:57,6,TIMEOUT,FALLBACK_TRIGGERED
ASG01635,REQ01310,AMB0086,3,2026-08-14 14:38:05,23,ACCEPTED,ASSIGNMENT_CONFIRMED
ASG01636,REQ01311,AMB0071,1,2026-08-22 05:56:41,14,ACCEPTED,ASSIGNMENT_CONFIRMED
ASG01637,REQ01312,AMB0101,1,2026-09-08 02:16:07,25,TIMEOUT,FALLBACK_TRIGGERED
ASG01638,REQ01312,AMB0077,2,2026-09-08 02:16:34,17,ACCEPTED,ASSIGNMENT_CONFIRMED
ASG01639,REQ01313,AMB0083,1,2026-09-01 14:59:35,8,ACCEPTED,ASSIGNMENT_CONFIRMED
ASG01640,REQ01314,AMB0002,1,2026-09-01 19:06:30,4,ACCEPTED,ASSIGNMENT_CONFIRMED
ASG01641,REQ01315,AMB0095,1,2026-08-07 17:34:17,9,ACCEPTED,ASSIGNMENT_CONFIRMED
ASG01642,REQ01316,AMB0040,1,2026-08-01 03:21:39,27,ACCEPTED,ASSIGNMENT_CONFIRMED
ASG01643,REQ01318,AMB0127,1,2026-08-11 02:36:47,21,ACCEPTED,ASSIGNMENT_CONFIRMED
ASG01644,REQ01319,AMB0066,1,2026-08-30 19:10:57,19,ACCEPTED,ASSIGNMENT_CONFIRMED
ASG01645,REQ01320,AMB0018,1,2026-08-25 14:13:14,20,TIMEOUT,FALLBACK_TRIGGERED
ASG01646,REQ01320,AMB0125,2,2026-08-25 14:13:36,23,ACCEPTED,ASSIGNMENT_CONFIRMED
ASG01647,REQ01321,AMB0012,1,2026-08-02 17:48:17,7,TIMEOUT,FALLBACK_TRIGGERED
ASG01648,REQ01322,AMB0012,1,2026-08-25 14:38:13,27,ACCEPTED,ASSIGNMENT_CONFIRMED
ASG01649,REQ01323,AMB0059,1,2026-08-14 10:22:25,17,TIMEOUT,FALLBACK_TRIGGERED
ASG01650,REQ01323,AMB0037,2,2026-08-14 10:22:44,28,TIMEOUT,FALLBACK_TRIGGERED
ASG01651,REQ01323,AMB0012,3,2026-08-14 10:23:14,27,ACCEPTED,ASSIGNMENT_CONFIRMED
ASG01652,REQ01324,AMB0129,1,2026-09-06 07:41:44,26,ACCEPTED,ASSIGNMENT_CONFIRMED
ASG01653,REQ01326,AMB0080,1,2026-09-07 20:33:38,25,ACCEPTED,ASSIGNMENT_CONFIRMED
ASG01654,REQ01327,AMB0124,1,2026-08-11 02:39:44,26,ACCEPTED,ASSIGNMENT_CONFIRMED
ASG01655,REQ01328,AMB0127,1,2026-08-18 05:14:26,11,ACCEPTED,ASSIGNMENT_CONFIRMED
ASG01656,REQ01329,AMB0109,1,2026-08-12 09:35:30,5,REJECTED,FALLBACK_TRIGGERED
ASG01657,REQ01330,AMB0026,1,2026-08-07 08:52:50,11,ACCEPTED,ASSIGNMENT_CONFIRMED
ASG01658,REQ01331,AMB0004,1,2026-08-16 00:20:54,27,ACCEPTED,ASSIGNMENT_CONFIRMED
ASG01659,REQ01332,AMB0033,1,2026-08-31 04:54:08,29,ACCEPTED,ASSIGNMENT_CONFIRMED
ASG01660,REQ01333,AMB0023,1,2026-08-08 22:15:10,16,ACCEPTED,ASSIGNMENT_CONFIRMED
ASG01661,REQ01334,AMB0090,1,2026-09-01 21:48:25,19,TIMEOUT,FALLBACK_TRIGGERED
ASG01662,REQ01334,AMB0046,2,2026-09-01 21:48:46,19,ACCEPTED,ASSIGNMENT_CONFIRMED
ASG01663,REQ01335,AMB0046,1,2026-08-26 08:33:59,26,REJECTED,FALLBACK_TRIGGERED
ASG01664,REQ01336,AMB0103,1,2026-08-20 03:38:57,19,TIMEOUT,FALLBACK_TRIGGERED
ASG01665,REQ01336,AMB0024,2,2026-08-20 03:39:18,15,ACCEPTED,ASSIGNMENT_CONFIRMED
ASG01666,REQ01337,AMB0109,1,2026-08-10 14:55:37,16,ACCEPTED,ASSIGNMENT_CONFIRMED
ASG01667,REQ01338,AMB0131,1,2026-08-29 08:31:25,6,ACCEPTED,ASSIGNMENT_CONFIRMED
ASG01668,REQ01339,AMB0120,1,2026-08-10 20:59:06,7,ACCEPTED,ASSIGNMENT_CONFIRMED
ASG01669,REQ01340,AMB0094,1,2026-09-02 17:30:02,30,ACCEPTED,ASSIGNMENT_CONFIRMED
ASG01670,REQ01341,AMB0107,1,2026-08-01 03:09:47,6,ACCEPTED,ASSIGNMENT_CONFIRMED
ASG01671,REQ01342,AMB0107,1,2026-08-22 19:29:22,21,TIMEOUT,FALLBACK_TRIGGERED
ASG01672,REQ01342,AMB0012,2,2026-08-22 19:29:45,22,ACCEPTED,ASSIGNMENT_CONFIRMED
ASG01673,REQ01343,AMB0062,1,2026-08-28 16:02:42,16,ACCEPTED,ASSIGNMENT_CONFIRMED
ASG01674,REQ01344,AMB0004,1,2026-08-29 23:46:40,14,ACCEPTED,ASSIGNMENT_CONFIRMED
ASG01675,REQ01345,AMB0095,1,2026-08-03 09:00:08,14,REJECTED,FALLBACK_TRIGGERED
ASG01676,REQ01346,AMB0030,1,2026-08-14 00:04:10,6,ACCEPTED,ASSIGNMENT_CONFIRMED
ASG01677,REQ01348,AMB0086,1,2026-09-05 17:56:57,17,ACCEPTED,ASSIGNMENT_CONFIRMED
ASG01678,REQ01349,AMB0048,1,2026-08-16 07:52:01,8,TIMEOUT,FALLBACK_TRIGGERED
ASG01679,REQ01349,AMB0096,2,2026-08-16 07:52:11,6,REJECTED,FALLBACK_TRIGGERED
ASG01680,REQ01349,AMB0102,3,2026-08-16 07:52:19,23,ACCEPTED,ASSIGNMENT_CONFIRMED
ASG01681,REQ01351,AMB0033,1,2026-09-04 16:23:26,6,ACCEPTED,ASSIGNMENT_CONFIRMED
ASG01682,REQ01352,AMB0110,1,2026-08-05 10:59:56,22,TIMEOUT,FALLBACK_TRIGGERED
ASG01683,REQ01352,AMB0080,2,2026-08-05 11:00:20,21,TIMEOUT,FALLBACK_TRIGGERED
ASG01684,REQ01352,AMB0125,3,2026-08-05 11:00:43,21,ACCEPTED,ASSIGNMENT_CONFIRMED
ASG01685,REQ01353,AMB0124,1,2026-08-20 07:31:56,22,ACCEPTED,ASSIGNMENT_CONFIRMED
ASG01686,REQ01354,AMB0130,1,2026-08-11 10:10:38,24,TIMEOUT,FALLBACK_TRIGGERED
ASG01687,REQ01354,AMB0051,2,2026-08-11 10:11:04,6,ACCEPTED,ASSIGNMENT_CONFIRMED
ASG01688,REQ01355,AMB0058,1,2026-08-06 22:41:09,5,ACCEPTED,ASSIGNMENT_CONFIRMED
ASG01689,REQ01356,AMB0127,1,2026-08-23 21:36:05,24,ACCEPTED,ASSIGNMENT_CONFIRMED
ASG01690,REQ01357,AMB0053,1,2026-08-13 05:57:25,16,ACCEPTED,ASSIGNMENT_CONFIRMED
ASG01691,REQ01358,AMB0047,1,2026-08-09 02:29:38,9,ACCEPTED,ASSIGNMENT_CONFIRMED
ASG01692,REQ01359,AMB0021,1,2026-08-03 12:54:21,17,TIMEOUT,FALLBACK_TRIGGERED
ASG01693,REQ01359,AMB0035,2,2026-08-03 12:54:40,11,ACCEPTED,ASSIGNMENT_CONFIRMED
ASG01694,REQ01360,AMB0031,1,2026-08-26 13:51:59,8,ACCEPTED,ASSIGNMENT_CONFIRMED
ASG01695,REQ01361,AMB0104,1,2026-08-03 02:03:37,22,ACCEPTED,ASSIGNMENT_CONFIRMED
ASG01696,REQ01362,AMB0003,1,2026-08-21 18:15:45,7,TIMEOUT,FALLBACK_TRIGGERED
ASG01697,REQ01362,AMB0100,2,2026-08-21 18:15:54,10,ACCEPTED,ASSIGNMENT_CONFIRMED
ASG01698,REQ01363,AMB0024,1,2026-08-31 20:02:23,22,TIMEOUT,FALLBACK_TRIGGERED
ASG01699,REQ01363,AMB0063,2,2026-08-31 20:02:47,18,REJECTED,FALLBACK_TRIGGERED
ASG01700,REQ01363,AMB0093,3,2026-08-31 20:03:07,25,ACCEPTED,ASSIGNMENT_CONFIRMED
ASG01701,REQ01364,AMB0100,1,2026-08-30 21:25:50,4,ACCEPTED,ASSIGNMENT_CONFIRMED
ASG01702,REQ01365,AMB0039,1,2026-09-06 22:11:00,9,ACCEPTED,ASSIGNMENT_CONFIRMED
ASG01703,REQ01366,AMB0106,1,2026-08-16 16:38:31,10,ACCEPTED,ASSIGNMENT_CONFIRMED
ASG01704,REQ01367,AMB0121,1,2026-08-24 10:00:06,10,ACCEPTED,ASSIGNMENT_CONFIRMED
ASG01705,REQ01368,AMB0091,1,2026-09-02 08:33:25,19,ACCEPTED,ASSIGNMENT_CONFIRMED
ASG01706,REQ01369,AMB0101,1,2026-08-03 14:46:37,23,ACCEPTED,ASSIGNMENT_CONFIRMED
ASG01707,REQ01370,AMB0043,1,2026-08-05 15:53:56,28,TIMEOUT,FALLBACK_TRIGGERED
ASG01708,REQ01370,AMB0017,2,2026-08-05 15:54:26,4,ACCEPTED,ASSIGNMENT_CONFIRMED
ASG01709,REQ01371,AMB0003,1,2026-08-17 09:57:41,30,REJECTED,FALLBACK_TRIGGERED
ASG01710,REQ01371,AMB0056,2,2026-08-17 09:58:13,27,ACCEPTED,ASSIGNMENT_CONFIRMED
ASG01711,REQ01372,AMB0053,1,2026-08-03 07:52:28,4,ACCEPTED,ASSIGNMENT_CONFIRMED
ASG01712,REQ01373,AMB0033,1,2026-08-27 00:32:55,13,ACCEPTED,ASSIGNMENT_CONFIRMED
ASG01713,REQ01374,AMB0045,1,2026-09-04 21:35:18,26,TIMEOUT,FALLBACK_TRIGGERED
ASG01714,REQ01374,AMB0078,2,2026-09-04 21:35:46,26,ACCEPTED,ASSIGNMENT_CONFIRMED
ASG01715,REQ01375,AMB0053,1,2026-08-01 21:27:05,27,TIMEOUT,FALLBACK_TRIGGERED
ASG01716,REQ01375,AMB0033,2,2026-08-01 21:27:34,25,REJECTED,FALLBACK_TRIGGERED
ASG01717,REQ01375,AMB0088,3,2026-08-01 21:28:01,30,ACCEPTED,ASSIGNMENT_CONFIRMED
ASG01718,REQ01376,AMB0030,1,2026-08-17 13:10:57,21,ACCEPTED,ASSIGNMENT_CONFIRMED
ASG01719,REQ01377,AMB0039,1,2026-09-05 20:04:04,4,ACCEPTED,ASSIGNMENT_CONFIRMED
ASG01720,REQ01378,AMB0001,1,2026-08-18 05:07:48,25,TIMEOUT,FALLBACK_TRIGGERED
ASG01721,REQ01378,AMB0085,2,2026-08-18 05:08:15,20,TIMEOUT,FALLBACK_TRIGGERED
ASG01722,REQ01378,AMB0036,3,2026-08-18 05:08:37,25,ACCEPTED,ASSIGNMENT_CONFIRMED
ASG01723,REQ01379,AMB0086,1,2026-08-18 02:22:50,10,ACCEPTED,ASSIGNMENT_CONFIRMED
ASG01724,REQ01380,AMB0017,1,2026-08-06 02:10:09,26,REJECTED,FALLBACK_TRIGGERED
ASG01725,REQ01380,AMB0025,2,2026-08-06 02:10:37,24,ACCEPTED,ASSIGNMENT_CONFIRMED
ASG01726,REQ01381,AMB0129,1,2026-08-28 03:51:32,28,REJECTED,FALLBACK_TRIGGERED
ASG01727,REQ01381,AMB0120,2,2026-08-28 03:52:02,19,REJECTED,FALLBACK_TRIGGERED
ASG01728,REQ01381,AMB0054,3,2026-08-28 03:52:23,24,ACCEPTED,ASSIGNMENT_CONFIRMED
ASG01729,REQ01382,AMB0099,1,2026-08-05 23:14:53,16,ACCEPTED,ASSIGNMENT_CONFIRMED
ASG01730,REQ01384,AMB0078,1,2026-08-21 14:05:08,19,ACCEPTED,ASSIGNMENT_CONFIRMED
ASG01731,REQ01385,AMB0019,1,2026-09-05 23:48:21,24,ACCEPTED,ASSIGNMENT_CONFIRMED
ASG01732,REQ01386,AMB0107,1,2026-08-19 01:54:06,14,ACCEPTED,ASSIGNMENT_CONFIRMED
ASG01733,REQ01387,AMB0072,1,2026-08-18 10:54:26,14,ACCEPTED,ASSIGNMENT_CONFIRMED
ASG01734,REQ01388,AMB0052,1,2026-08-19 10:11:45,25,ACCEPTED,ASSIGNMENT_CONFIRMED
ASG01735,REQ01389,AMB0013,1,2026-08-17 10:20:56,26,ACCEPTED,ASSIGNMENT_CONFIRMED
ASG01736,REQ01390,AMB0072,1,2026-09-05 17:58:54,4,REJECTED,FALLBACK_TRIGGERED
ASG01737,REQ01391,AMB0056,1,2026-08-20 03:57:25,15,ACCEPTED,ASSIGNMENT_CONFIRMED
ASG01738,REQ01392,AMB0051,1,2026-08-05 03:37:00,25,ACCEPTED,ASSIGNMENT_CONFIRMED
ASG01739,REQ01393,AMB0052,1,2026-09-05 07:05:21,8,TIMEOUT,FALLBACK_TRIGGERED
ASG01740,REQ01393,AMB0088,2,2026-09-05 07:05:31,8,TIMEOUT,FALLBACK_TRIGGERED
ASG01741,REQ01394,AMB0085,1,2026-08-09 05:47:52,17,TIMEOUT,FALLBACK_TRIGGERED
ASG01742,REQ01394,AMB0026,2,2026-08-09 05:48:11,22,TIMEOUT,FALLBACK_TRIGGERED
ASG01743,REQ01394,AMB0013,3,2026-08-09 05:48:35,30,ACCEPTED,ASSIGNMENT_CONFIRMED
ASG01744,REQ01395,AMB0064,1,2026-08-13 15:35:15,5,TIMEOUT,FALLBACK_TRIGGERED
ASG01745,REQ01395,AMB0104,2,2026-08-13 15:35:22,20,ACCEPTED,ASSIGNMENT_CONFIRMED
ASG01746,REQ01396,AMB0016,1,2026-09-07 13:58:37,18,ACCEPTED,ASSIGNMENT_CONFIRMED
ASG01747,REQ01397,AMB0033,1,2026-08-01 03:25:37,26,TIMEOUT,FALLBACK_TRIGGERED
ASG01748,REQ01397,AMB0085,2,2026-08-01 03:26:05,8,ACCEPTED,ASSIGNMENT_CONFIRMED
ASG01749,REQ01399,AMB0075,1,2026-08-14 22:07:53,29,ACCEPTED,ASSIGNMENT_CONFIRMED
ASG01750,REQ01400,AMB0019,1,2026-08-24 10:26:24,20,ACCEPTED,ASSIGNMENT_CONFIRMED
ASG01751,REQ01401,AMB0130,1,2026-08-16 15:31:17,11,ACCEPTED,ASSIGNMENT_CONFIRMED
ASG01752,REQ01402,AMB0044,1,2026-08-14 13:07:56,4,ACCEPTED,ASSIGNMENT_CONFIRMED
ASG01753,REQ01403,AMB0019,1,2026-09-07 14:22:19,14,REJECTED,FALLBACK_TRIGGERED
ASG01754,REQ01403,AMB0071,2,2026-09-07 14:22:35,22,ACCEPTED,ASSIGNMENT_CONFIRMED
ASG01755,REQ01404,AMB0128,1,2026-08-31 07:28:57,17,ACCEPTED,ASSIGNMENT_CONFIRMED
ASG01756,REQ01405,AMB0023,1,2026-08-18 23:23:33,11,ACCEPTED,ASSIGNMENT_CONFIRMED
ASG01757,REQ01406,AMB0022,1,2026-09-06 03:15:57,17,ACCEPTED,ASSIGNMENT_CONFIRMED
ASG01758,REQ01407,AMB0113,1,2026-09-03 00:09:01,17,TIMEOUT,FALLBACK_TRIGGERED
ASG01759,REQ01407,AMB0036,2,2026-09-03 00:09:20,20,ACCEPTED,ASSIGNMENT_CONFIRMED
ASG01760,REQ01408,AMB0043,1,2026-08-20 23:48:27,8,TIMEOUT,FALLBACK_TRIGGERED
ASG01761,REQ01408,AMB0028,2,2026-08-20 23:48:37,30,ACCEPTED,ASSIGNMENT_CONFIRMED
ASG01762,REQ01409,AMB0084,1,2026-08-13 07:20:02,25,ACCEPTED,ASSIGNMENT_CONFIRMED
ASG01763,REQ01410,AMB0007,1,2026-08-02 22:04:06,8,ACCEPTED,ASSIGNMENT_CONFIRMED
ASG01764,REQ01411,AMB0068,1,2026-08-05 03:43:35,22,ACCEPTED,ASSIGNMENT_CONFIRMED
ASG01765,REQ01412,AMB0049,1,2026-09-07 13:07:17,25,TIMEOUT,FALLBACK_TRIGGERED
ASG01766,REQ01412,AMB0082,2,2026-09-07 13:07:44,18,ACCEPTED,ASSIGNMENT_CONFIRMED
ASG01767,REQ01413,AMB0105,1,2026-08-17 19:34:47,16,ACCEPTED,ASSIGNMENT_CONFIRMED
ASG01768,REQ01414,AMB0061,1,2026-08-01 15:52:13,21,ACCEPTED,ASSIGNMENT_CONFIRMED
ASG01769,REQ01415,AMB0112,1,2026-08-28 22:22:59,14,ACCEPTED,ASSIGNMENT_CONFIRMED
ASG01770,REQ01416,AMB0005,1,2026-08-18 06:11:52,28,ACCEPTED,ASSIGNMENT_CONFIRMED
ASG01771,REQ01417,AMB0009,1,2026-08-04 21:28:14,26,REJECTED,FALLBACK_TRIGGERED
ASG01772,REQ01417,AMB0095,2,2026-08-04 21:28:42,23,ACCEPTED,ASSIGNMENT_CONFIRMED
ASG01773,REQ01418,AMB0103,1,2026-08-20 21:27:09,27,ACCEPTED,ASSIGNMENT_CONFIRMED
ASG01774,REQ01419,AMB0049,1,2026-08-27 03:05:48,8,ACCEPTED,ASSIGNMENT_CONFIRMED
ASG01775,REQ01421,AMB0094,1,2026-09-04 21:36:13,28,REJECTED,FALLBACK_TRIGGERED
ASG01776,REQ01421,AMB0099,2,2026-09-04 21:36:43,29,REJECTED,FALLBACK_TRIGGERED
ASG01777,REQ01421,AMB0030,3,2026-09-04 21:37:14,22,ACCEPTED,ASSIGNMENT_CONFIRMED
ASG01778,REQ01422,AMB0023,1,2026-08-02 06:25:18,8,TIMEOUT,FALLBACK_TRIGGERED
ASG01779,REQ01422,AMB0008,2,2026-08-02 06:25:28,17,TIMEOUT,FALLBACK_TRIGGERED
ASG01780,REQ01423,AMB0084,1,2026-08-04 07:47:44,25,ACCEPTED,ASSIGNMENT_CONFIRMED
ASG01781,REQ01424,AMB0009,1,2026-08-15 04:15:58,26,ACCEPTED,ASSIGNMENT_CONFIRMED
ASG01782,REQ01425,AMB0011,1,2026-09-04 02:16:16,18,ACCEPTED,ASSIGNMENT_CONFIRMED
ASG01783,REQ01426,AMB0036,1,2026-08-06 16:09:39,4,ACCEPTED,ASSIGNMENT_CONFIRMED
ASG01784,REQ01427,AMB0058,1,2026-08-22 00:02:48,24,REJECTED,FALLBACK_TRIGGERED
ASG01785,REQ01427,AMB0026,2,2026-08-22 00:03:14,6,ACCEPTED,ASSIGNMENT_CONFIRMED
ASG01786,REQ01428,AMB0110,1,2026-09-07 02:05:44,16,ACCEPTED,ASSIGNMENT_CONFIRMED
ASG01787,REQ01429,AMB0110,1,2026-09-08 00:46:09,11,TIMEOUT,FALLBACK_TRIGGERED
ASG01788,REQ01429,AMB0042,2,2026-09-08 00:46:22,4,ACCEPTED,ASSIGNMENT_CONFIRMED
ASG01789,REQ01430,AMB0114,1,2026-08-17 05:05:34,11,ACCEPTED,ASSIGNMENT_CONFIRMED
ASG01790,REQ01431,AMB0065,1,2026-08-10 05:52:48,20,ACCEPTED,ASSIGNMENT_CONFIRMED
ASG01791,REQ01432,AMB0097,1,2026-08-03 19:03:00,15,ACCEPTED,ASSIGNMENT_CONFIRMED
ASG01792,REQ01433,AMB0001,1,2026-09-03 04:25:24,18,ACCEPTED,ASSIGNMENT_CONFIRMED
ASG01793,REQ01434,AMB0001,1,2026-08-04 11:19:52,15,ACCEPTED,ASSIGNMENT_CONFIRMED
ASG01794,REQ01435,AMB0084,1,2026-08-14 07:26:38,19,ACCEPTED,ASSIGNMENT_CONFIRMED
ASG01795,REQ01436,AMB0050,1,2026-09-03 05:08:04,22,TIMEOUT,FALLBACK_TRIGGERED
ASG01796,REQ01436,AMB0126,2,2026-09-03 05:08:28,19,REJECTED,FALLBACK_TRIGGERED
ASG01797,REQ01437,AMB0101,1,2026-09-05 16:47:00,30,ACCEPTED,ASSIGNMENT_CONFIRMED
ASG01798,REQ01438,AMB0063,1,2026-09-03 06:24:45,6,ACCEPTED,ASSIGNMENT_CONFIRMED
ASG01799,REQ01439,AMB0002,1,2026-08-26 19:43:18,22,ACCEPTED,ASSIGNMENT_CONFIRMED
ASG01800,REQ01440,AMB0088,1,2026-08-16 13:48:45,12,TIMEOUT,FALLBACK_TRIGGERED
ASG01801,REQ01440,AMB0127,2,2026-08-16 13:48:59,27,REJECTED,FALLBACK_TRIGGERED
ASG01802,REQ01440,AMB0013,3,2026-08-16 13:49:28,28,ACCEPTED,ASSIGNMENT_CONFIRMED
ASG01803,REQ01441,AMB0129,1,2026-08-06 14:55:02,17,ACCEPTED,ASSIGNMENT_CONFIRMED
ASG01804,REQ01442,AMB0015,1,2026-08-19 01:11:25,9,ACCEPTED,ASSIGNMENT_CONFIRMED
ASG01805,REQ01443,AMB0025,1,2026-08-02 21:05:30,8,ACCEPTED,ASSIGNMENT_CONFIRMED
ASG01806,REQ01444,AMB0046,1,2026-08-15 23:06:23,17,TIMEOUT,FALLBACK_TRIGGERED
ASG01807,REQ01444,AMB0033,2,2026-08-15 23:06:42,14,TIMEOUT,FALLBACK_TRIGGERED
ASG01808,REQ01444,AMB0127,3,2026-08-15 23:06:58,28,REJECTED,FALLBACK_TRIGGERED
ASG01809,REQ01445,AMB0084,1,2026-08-30 19:53:44,20,ACCEPTED,ASSIGNMENT_CONFIRMED
ASG01810,REQ01446,AMB0004,1,2026-08-14 06:13:48,6,ACCEPTED,ASSIGNMENT_CONFIRMED
ASG01811,REQ01447,AMB0099,1,2026-08-10 03:05:06,7,TIMEOUT,FALLBACK_TRIGGERED
ASG01812,REQ01447,AMB0120,2,2026-08-10 03:05:15,28,REJECTED,FALLBACK_TRIGGERED
ASG01813,REQ01448,AMB0019,1,2026-08-13 07:37:05,22,ACCEPTED,ASSIGNMENT_CONFIRMED
ASG01814,REQ01449,AMB0009,1,2026-08-27 01:46:04,18,ACCEPTED,ASSIGNMENT_CONFIRMED
ASG01815,REQ01451,AMB0130,1,2026-08-02 18:06:21,14,ACCEPTED,ASSIGNMENT_CONFIRMED
ASG01816,REQ01452,AMB0113,1,2026-08-31 20:44:31,28,ACCEPTED,ASSIGNMENT_CONFIRMED
ASG01817,REQ01453,AMB0080,1,2026-08-14 12:23:39,27,TIMEOUT,FALLBACK_TRIGGERED
ASG01818,REQ01453,AMB0073,2,2026-08-14 12:24:08,11,ACCEPTED,ASSIGNMENT_CONFIRMED
ASG01819,REQ01454,AMB0060,1,2026-09-06 09:06:34,30,REJECTED,FALLBACK_TRIGGERED
ASG01820,REQ01454,AMB0071,2,2026-09-06 09:07:06,7,ACCEPTED,ASSIGNMENT_CONFIRMED
ASG01821,REQ01455,AMB0082,1,2026-08-27 06:10:52,22,ACCEPTED,ASSIGNMENT_CONFIRMED
ASG01822,REQ01456,AMB0018,1,2026-08-22 13:04:05,20,ACCEPTED,ASSIGNMENT_CONFIRMED
ASG01823,REQ01457,AMB0028,1,2026-08-03 11:40:01,10,ACCEPTED,ASSIGNMENT_CONFIRMED
ASG01824,REQ01459,AMB0090,1,2026-08-14 11:24:25,13,REJECTED,FALLBACK_TRIGGERED
ASG01825,REQ01459,AMB0065,2,2026-08-14 11:24:40,24,REJECTED,FALLBACK_TRIGGERED
ASG01826,REQ01459,AMB0092,3,2026-08-14 11:25:06,24,ACCEPTED,ASSIGNMENT_CONFIRMED
ASG01827,REQ01460,AMB0023,1,2026-08-14 03:11:49,22,REJECTED,FALLBACK_TRIGGERED
ASG01828,REQ01461,AMB0091,1,2026-08-07 15:40:54,23,ACCEPTED,ASSIGNMENT_CONFIRMED
ASG01829,REQ01462,AMB0004,1,2026-08-19 23:02:07,22,ACCEPTED,ASSIGNMENT_CONFIRMED
ASG01830,REQ01463,AMB0073,1,2026-08-16 15:55:42,6,ACCEPTED,ASSIGNMENT_CONFIRMED
ASG01831,REQ01464,AMB0081,1,2026-08-08 01:06:42,22,TIMEOUT,FALLBACK_TRIGGERED
ASG01832,REQ01464,AMB0010,2,2026-08-08 01:07:06,27,REJECTED,FALLBACK_TRIGGERED
ASG01833,REQ01466,AMB0036,1,2026-09-06 19:40:26,11,TIMEOUT,FALLBACK_TRIGGERED
ASG01834,REQ01466,AMB0108,2,2026-09-06 19:40:39,18,ACCEPTED,ASSIGNMENT_CONFIRMED
ASG01835,REQ01467,AMB0111,1,2026-09-08 23:46:43,5,TIMEOUT,FALLBACK_TRIGGERED
ASG01836,REQ01468,AMB0082,1,2026-09-07 12:40:36,30,REJECTED,FALLBACK_TRIGGERED
ASG01837,REQ01468,AMB0052,2,2026-09-07 12:41:08,28,ACCEPTED,ASSIGNMENT_CONFIRMED
ASG01838,REQ01469,AMB0080,1,2026-08-13 05:56:12,4,REJECTED,FALLBACK_TRIGGERED
ASG01839,REQ01469,AMB0121,2,2026-08-13 05:56:18,21,REJECTED,FALLBACK_TRIGGERED
ASG01840,REQ01469,AMB0119,3,2026-08-13 05:56:41,13,ACCEPTED,ASSIGNMENT_CONFIRMED
ASG01841,REQ01470,AMB0050,1,2026-09-06 17:03:26,4,ACCEPTED,ASSIGNMENT_CONFIRMED
ASG01842,REQ01471,AMB0131,1,2026-08-02 20:28:11,10,ACCEPTED,ASSIGNMENT_CONFIRMED
ASG01843,REQ01472,AMB0042,1,2026-09-08 11:41:15,26,ACCEPTED,ASSIGNMENT_CONFIRMED
ASG01844,REQ01473,AMB0053,1,2026-08-01 11:26:56,24,TIMEOUT,FALLBACK_TRIGGERED
ASG01845,REQ01473,AMB0003,2,2026-08-01 11:27:22,9,ACCEPTED,ASSIGNMENT_CONFIRMED
ASG01846,REQ01474,AMB0098,1,2026-08-10 12:37:48,11,ACCEPTED,ASSIGNMENT_CONFIRMED
ASG01847,REQ01475,AMB0002,1,2026-08-05 06:00:35,19,ACCEPTED,ASSIGNMENT_CONFIRMED
ASG01848,REQ01476,AMB0080,1,2026-08-21 18:21:59,21,ACCEPTED,ASSIGNMENT_CONFIRMED
ASG01849,REQ01477,AMB0084,1,2026-08-20 16:17:40,7,ACCEPTED,ASSIGNMENT_CONFIRMED
ASG01850,REQ01478,AMB0027,1,2026-09-02 13:38:25,6,ACCEPTED,ASSIGNMENT_CONFIRMED
ASG01851,REQ01479,AMB0131,1,2026-08-13 19:21:52,17,REJECTED,FALLBACK_TRIGGERED
ASG01852,REQ01479,AMB0088,2,2026-08-13 19:22:11,18,ACCEPTED,ASSIGNMENT_CONFIRMED
ASG01853,REQ01480,AMB0104,1,2026-08-06 09:40:38,30,TIMEOUT,FALLBACK_TRIGGERED
ASG01854,REQ01480,AMB0127,2,2026-08-06 09:41:10,6,ACCEPTED,ASSIGNMENT_CONFIRMED
ASG01855,REQ01481,AMB0035,1,2026-09-07 14:41:26,28,ACCEPTED,ASSIGNMENT_CONFIRMED
ASG01856,REQ01482,AMB0059,1,2026-08-29 19:18:25,5,ACCEPTED,ASSIGNMENT_CONFIRMED
ASG01857,REQ01483,AMB0114,1,2026-08-09 19:08:22,14,TIMEOUT,FALLBACK_TRIGGERED
ASG01858,REQ01483,AMB0070,2,2026-08-09 19:08:38,5,TIMEOUT,FALLBACK_TRIGGERED
ASG01859,REQ01483,AMB0129,3,2026-08-09 19:08:45,23,ACCEPTED,ASSIGNMENT_CONFIRMED
ASG01860,REQ01484,AMB0048,1,2026-08-11 18:44:59,11,REJECTED,FALLBACK_TRIGGERED
ASG01861,REQ01484,AMB0054,2,2026-08-11 18:45:12,17,ACCEPTED,ASSIGNMENT_CONFIRMED
ASG01862,REQ01485,AMB0113,1,2026-08-13 06:12:29,19,ACCEPTED,ASSIGNMENT_CONFIRMED
ASG01863,REQ01488,AMB0029,1,2026-09-06 11:24:07,23,ACCEPTED,ASSIGNMENT_CONFIRMED
ASG01864,REQ01490,AMB0044,1,2026-08-04 07:28:13,12,TIMEOUT,FALLBACK_TRIGGERED
ASG01865,REQ01490,AMB0045,2,2026-08-04 07:28:27,16,ACCEPTED,ASSIGNMENT_CONFIRMED
ASG01866,REQ01491,AMB0120,1,2026-09-01 21:32:10,6,ACCEPTED,ASSIGNMENT_CONFIRMED
ASG01867,REQ01492,AMB0104,1,2026-08-12 03:40:12,13,ACCEPTED,ASSIGNMENT_CONFIRMED
ASG01868,REQ01493,AMB0107,1,2026-09-08 14:14:48,19,ACCEPTED,ASSIGNMENT_CONFIRMED
ASG01869,REQ01494,AMB0094,1,2026-08-21 13:01:21,7,TIMEOUT,FALLBACK_TRIGGERED
ASG01870,REQ01494,AMB0081,2,2026-08-21 13:01:30,11,TIMEOUT,FALLBACK_TRIGGERED
ASG01871,REQ01494,AMB0092,3,2026-08-21 13:01:43,28,ACCEPTED,ASSIGNMENT_CONFIRMED
ASG01872,REQ01496,AMB0114,1,2026-08-01 11:48:00,27,ACCEPTED,ASSIGNMENT_CONFIRMED
ASG01873,REQ01497,AMB0077,1,2026-08-11 02:25:43,25,ACCEPTED,ASSIGNMENT_CONFIRMED
ASG01874,REQ01498,AMB0038,1,2026-08-26 18:09:46,14,REJECTED,FALLBACK_TRIGGERED
ASG01875,REQ01498,AMB0108,2,2026-08-26 18:10:02,24,ACCEPTED,ASSIGNMENT_CONFIRMED
ASG01876,REQ01499,AMB0013,1,2026-08-30 19:02:35,26,REJECTED,FALLBACK_TRIGGERED
ASG01877,REQ01499,AMB0094,2,2026-08-30 19:03:03,7,ACCEPTED,ASSIGNMENT_CONFIRMED
ASG01878,REQ01501,AMB0027,1,2026-09-08 22:44:16,30,REJECTED,FALLBACK_TRIGGERED
ASG01879,REQ01501,AMB0081,2,2026-09-08 22:44:48,27,TIMEOUT,FALLBACK_TRIGGERED
ASG01880,REQ01502,AMB0064,1,2026-09-05 20:04:41,29,ACCEPTED,ASSIGNMENT_CONFIRMED
ASG01881,REQ01503,AMB0089,1,2026-08-23 05:15:57,6,ACCEPTED,ASSIGNMENT_CONFIRMED
ASG01882,REQ01505,AMB0110,1,2026-09-04 04:54:39,13,TIMEOUT,FALLBACK_TRIGGERED
ASG01883,REQ01506,AMB0010,1,2026-09-01 23:02:50,24,ACCEPTED,ASSIGNMENT_CONFIRMED
ASG01884,REQ01507,AMB0106,1,2026-08-24 01:44:17,28,ACCEPTED,ASSIGNMENT_CONFIRMED
ASG01885,REQ01508,AMB0003,1,2026-08-30 18:02:01,23,REJECTED,FALLBACK_TRIGGERED
ASG01886,REQ01508,AMB0130,2,2026-08-30 18:02:26,27,ACCEPTED,ASSIGNMENT_CONFIRMED
ASG01887,REQ01509,AMB0018,1,2026-08-12 16:25:29,22,REJECTED,FALLBACK_TRIGGERED
ASG01888,REQ01510,AMB0083,1,2026-08-09 21:34:47,26,REJECTED,FALLBACK_TRIGGERED
ASG01889,REQ01511,AMB0125,1,2026-09-06 03:21:25,14,ACCEPTED,ASSIGNMENT_CONFIRMED
ASG01890,REQ01513,AMB0110,1,2026-09-03 19:50:43,5,ACCEPTED,ASSIGNMENT_CONFIRMED
ASG01891,REQ01514,AMB0077,1,2026-09-01 16:16:24,27,ACCEPTED,ASSIGNMENT_CONFIRMED
ASG01892,REQ01515,AMB0089,1,2026-08-17 07:00:12,16,REJECTED,FALLBACK_TRIGGERED
ASG01893,REQ01515,AMB0062,2,2026-08-17 07:00:30,10,REJECTED,FALLBACK_TRIGGERED
ASG01894,REQ01516,AMB0093,1,2026-08-31 19:30:10,8,ACCEPTED,ASSIGNMENT_CONFIRMED
ASG01895,REQ01517,AMB0083,1,2026-08-24 06:25:19,18,REJECTED,FALLBACK_TRIGGERED
ASG01896,REQ01518,AMB0082,1,2026-08-24 19:56:13,14,ACCEPTED,ASSIGNMENT_CONFIRMED
ASG01897,REQ01519,AMB0035,1,2026-08-21 01:01:39,16,REJECTED,FALLBACK_TRIGGERED
ASG01898,REQ01519,AMB0002,2,2026-08-21 01:01:57,30,ACCEPTED,ASSIGNMENT_CONFIRMED
ASG01899,REQ01521,AMB0043,1,2026-08-09 15:00:17,12,ACCEPTED,ASSIGNMENT_CONFIRMED
ASG01900,REQ01522,AMB0038,1,2026-08-22 17:51:58,18,REJECTED,FALLBACK_TRIGGERED
ASG01901,REQ01522,AMB0097,2,2026-08-22 17:52:18,7,TIMEOUT,FALLBACK_TRIGGERED
ASG01902,REQ01522,AMB0042,3,2026-08-22 17:52:27,26,ACCEPTED,ASSIGNMENT_CONFIRMED
ASG01903,REQ01523,AMB0131,1,2026-09-04 14:17:19,24,TIMEOUT,FALLBACK_TRIGGERED
ASG01904,REQ01523,AMB0119,2,2026-09-04 14:17:45,27,TIMEOUT,FALLBACK_TRIGGERED
ASG01905,REQ01523,AMB0124,3,2026-09-04 14:18:14,17,ACCEPTED,ASSIGNMENT_CONFIRMED
ASG01906,REQ01524,AMB0047,1,2026-09-07 13:23:50,10,TIMEOUT,FALLBACK_TRIGGERED
ASG01907,REQ01524,AMB0007,2,2026-09-07 13:24:02,10,ACCEPTED,ASSIGNMENT_CONFIRMED
ASG01908,REQ01525,AMB0089,1,2026-08-08 02:51:44,24,TIMEOUT,FALLBACK_TRIGGERED
ASG01909,REQ01526,AMB0114,1,2026-08-24 20:14:37,28,ACCEPTED,ASSIGNMENT_CONFIRMED
ASG01910,REQ01527,AMB0048,1,2026-08-05 06:00:20,17,REJECTED,FALLBACK_TRIGGERED
ASG01911,REQ01527,AMB0049,2,2026-08-05 06:00:39,7,ACCEPTED,ASSIGNMENT_CONFIRMED
ASG01912,REQ01528,AMB0040,1,2026-08-19 16:33:39,9,TIMEOUT,FALLBACK_TRIGGERED
ASG01913,REQ01528,AMB0024,2,2026-08-19 16:33:50,28,ACCEPTED,ASSIGNMENT_CONFIRMED
ASG01914,REQ01529,AMB0045,1,2026-08-15 13:28:57,26,REJECTED,FALLBACK_TRIGGERED
ASG01915,REQ01529,AMB0036,2,2026-08-15 13:29:25,20,ACCEPTED,ASSIGNMENT_CONFIRMED
ASG01916,REQ01530,AMB0001,1,2026-09-02 23:45:10,28,TIMEOUT,FALLBACK_TRIGGERED
ASG01917,REQ01530,AMB0048,2,2026-09-02 23:45:40,15,ACCEPTED,ASSIGNMENT_CONFIRMED
ASG01918,REQ01531,AMB0065,1,2026-09-04 03:47:08,27,ACCEPTED,ASSIGNMENT_CONFIRMED
ASG01919,REQ01532,AMB0129,1,2026-08-04 12:47:00,15,ACCEPTED,ASSIGNMENT_CONFIRMED
ASG01920,REQ01533,AMB0095,1,2026-08-02 17:10:49,12,ACCEPTED,ASSIGNMENT_CONFIRMED
ASG01921,REQ01534,AMB0043,1,2026-08-21 08:47:23,14,ACCEPTED,ASSIGNMENT_CONFIRMED
ASG01922,REQ01535,AMB0062,1,2026-09-02 21:47:29,6,ACCEPTED,ASSIGNMENT_CONFIRMED
ASG01923,REQ01536,AMB0001,1,2026-08-29 03:41:30,5,ACCEPTED,ASSIGNMENT_CONFIRMED
ASG01924,REQ01537,AMB0089,1,2026-08-12 00:20:11,16,REJECTED,FALLBACK_TRIGGERED
ASG01925,REQ01537,AMB0008,2,2026-08-12 00:20:29,10,ACCEPTED,ASSIGNMENT_CONFIRMED
ASG01926,REQ01538,AMB0041,1,2026-08-28 10:42:54,20,REJECTED,FALLBACK_TRIGGERED
ASG01927,REQ01538,AMB0111,2,2026-08-28 10:43:16,19,ACCEPTED,ASSIGNMENT_CONFIRMED
ASG01928,REQ01539,AMB0078,1,2026-08-24 22:15:50,23,ACCEPTED,ASSIGNMENT_CONFIRMED
ASG01929,REQ01540,AMB0115,1,2026-08-30 23:47:56,22,ACCEPTED,ASSIGNMENT_CONFIRMED
ASG01930,REQ01541,AMB0098,1,2026-08-17 18:51:49,15,TIMEOUT,FALLBACK_TRIGGERED
ASG01931,REQ01541,AMB0026,2,2026-08-17 18:52:06,17,TIMEOUT,FALLBACK_TRIGGERED
ASG01932,REQ01542,AMB0024,1,2026-08-29 02:10:03,10,ACCEPTED,ASSIGNMENT_CONFIRMED
ASG01933,REQ01543,AMB0094,1,2026-08-21 04:37:35,5,ACCEPTED,ASSIGNMENT_CONFIRMED
ASG01934,REQ01544,AMB0045,1,2026-08-04 17:12:11,21,ACCEPTED,ASSIGNMENT_CONFIRMED
ASG01935,REQ01545,AMB0081,1,2026-09-06 14:22:43,16,ACCEPTED,ASSIGNMENT_CONFIRMED
ASG01936,REQ01546,AMB0054,1,2026-09-04 12:59:03,13,TIMEOUT,FALLBACK_TRIGGERED
ASG01937,REQ01547,AMB0045,1,2026-08-20 07:59:24,10,ACCEPTED,ASSIGNMENT_CONFIRMED
ASG01938,REQ01548,AMB0044,1,2026-08-11 06:55:46,15,ACCEPTED,ASSIGNMENT_CONFIRMED
ASG01939,REQ01549,AMB0046,1,2026-09-07 23:22:42,20,ACCEPTED,ASSIGNMENT_CONFIRMED
ASG01940,REQ01550,AMB0075,1,2026-08-13 00:36:26,16,ACCEPTED,ASSIGNMENT_CONFIRMED
ASG01941,REQ01551,AMB0055,1,2026-08-10 23:09:07,16,ACCEPTED,ASSIGNMENT_CONFIRMED
ASG01942,REQ01552,AMB0102,1,2026-08-09 01:07:38,10,ACCEPTED,ASSIGNMENT_CONFIRMED
ASG01943,REQ01554,AMB0076,1,2026-08-14 01:18:36,16,ACCEPTED,ASSIGNMENT_CONFIRMED
ASG01944,REQ01555,AMB0121,1,2026-08-20 16:06:09,9,ACCEPTED,ASSIGNMENT_CONFIRMED
ASG01945,REQ01556,AMB0039,1,2026-08-22 00:36:42,20,REJECTED,FALLBACK_TRIGGERED
ASG01946,REQ01556,AMB0061,2,2026-08-22 00:37:04,10,ACCEPTED,ASSIGNMENT_CONFIRMED
ASG01947,REQ01557,AMB0104,1,2026-08-24 11:46:24,13,REJECTED,FALLBACK_TRIGGERED
ASG01948,REQ01557,AMB0073,2,2026-08-24 11:46:39,29,ACCEPTED,ASSIGNMENT_CONFIRMED
ASG01949,REQ01558,AMB0128,1,2026-08-23 04:49:44,13,REJECTED,FALLBACK_TRIGGERED
ASG01950,REQ01558,AMB0024,2,2026-08-23 04:49:59,17,ACCEPTED,ASSIGNMENT_CONFIRMED
ASG01951,REQ01559,AMB0062,1,2026-08-28 11:35:20,12,REJECTED,FALLBACK_TRIGGERED
ASG01952,REQ01559,AMB0009,2,2026-08-28 11:35:34,11,ACCEPTED,ASSIGNMENT_CONFIRMED
ASG01953,REQ01560,AMB0016,1,2026-08-10 00:09:30,26,REJECTED,FALLBACK_TRIGGERED
ASG01954,REQ01560,AMB0100,2,2026-08-10 00:09:58,17,REJECTED,FALLBACK_TRIGGERED
ASG01955,REQ01560,AMB0097,3,2026-08-10 00:10:17,17,ACCEPTED,ASSIGNMENT_CONFIRMED
ASG01956,REQ01561,AMB0037,1,2026-08-11 19:39:03,20,ACCEPTED,ASSIGNMENT_CONFIRMED
ASG01957,REQ01562,AMB0082,1,2026-08-19 16:41:57,13,ACCEPTED,ASSIGNMENT_CONFIRMED
ASG01958,REQ01563,AMB0001,1,2026-08-19 01:15:03,21,ACCEPTED,ASSIGNMENT_CONFIRMED
ASG01959,REQ01564,AMB0117,1,2026-08-29 11:27:57,23,ACCEPTED,ASSIGNMENT_CONFIRMED
ASG01960,REQ01565,AMB0097,1,2026-08-12 07:16:30,8,REJECTED,FALLBACK_TRIGGERED
ASG01961,REQ01565,AMB0091,2,2026-08-12 07:16:40,6,ACCEPTED,ASSIGNMENT_CONFIRMED
ASG01962,REQ01566,AMB0027,1,2026-08-08 16:07:02,24,REJECTED,FALLBACK_TRIGGERED
ASG01963,REQ01566,AMB0131,2,2026-08-08 16:07:28,13,ACCEPTED,ASSIGNMENT_CONFIRMED
ASG01964,REQ01567,AMB0021,1,2026-08-06 15:10:27,5,TIMEOUT,FALLBACK_TRIGGERED
ASG01965,REQ01568,AMB0107,1,2026-08-02 23:06:21,27,REJECTED,FALLBACK_TRIGGERED
ASG01966,REQ01568,AMB0016,2,2026-08-02 23:06:50,9,ACCEPTED,ASSIGNMENT_CONFIRMED
ASG01967,REQ01570,AMB0002,1,2026-08-12 03:45:12,13,TIMEOUT,FALLBACK_TRIGGERED
ASG01968,REQ01570,AMB0005,2,2026-08-12 03:45:27,24,ACCEPTED,ASSIGNMENT_CONFIRMED
ASG01969,REQ01571,AMB0068,1,2026-08-28 19:16:31,23,ACCEPTED,ASSIGNMENT_CONFIRMED
ASG01970,REQ01572,AMB0052,1,2026-08-29 08:53:27,20,ACCEPTED,ASSIGNMENT_CONFIRMED
ASG01971,REQ01573,AMB0028,1,2026-08-31 00:02:03,30,TIMEOUT,FALLBACK_TRIGGERED
ASG01972,REQ01573,AMB0035,2,2026-08-31 00:02:35,13,ACCEPTED,ASSIGNMENT_CONFIRMED
ASG01973,REQ01574,AMB0007,1,2026-08-05 03:03:28,17,ACCEPTED,ASSIGNMENT_CONFIRMED
ASG01974,REQ01575,AMB0126,1,2026-08-16 17:49:35,21,TIMEOUT,FALLBACK_TRIGGERED
ASG01975,REQ01576,AMB0121,1,2026-08-05 10:50:11,11,REJECTED,FALLBACK_TRIGGERED
ASG01976,REQ01577,AMB0111,1,2026-09-01 12:50:38,15,REJECTED,FALLBACK_TRIGGERED
ASG01977,REQ01577,AMB0046,2,2026-09-01 12:50:55,25,ACCEPTED,ASSIGNMENT_CONFIRMED
ASG01978,REQ01579,AMB0055,1,2026-08-04 15:30:36,28,ACCEPTED,ASSIGNMENT_CONFIRMED
ASG01979,REQ01580,AMB0050,1,2026-09-02 21:37:38,15,ACCEPTED,ASSIGNMENT_CONFIRMED
ASG01980,REQ01581,AMB0066,1,2026-08-17 05:56:27,30,ACCEPTED,ASSIGNMENT_CONFIRMED
ASG01981,REQ01582,AMB0020,1,2026-09-04 05:06:05,29,ACCEPTED,ASSIGNMENT_CONFIRMED
ASG01982,REQ01583,AMB0004,1,2026-09-04 02:15:23,25,ACCEPTED,ASSIGNMENT_CONFIRMED
ASG01983,REQ01584,AMB0044,1,2026-08-06 14:01:46,23,ACCEPTED,ASSIGNMENT_CONFIRMED
ASG01984,REQ01585,AMB0007,1,2026-08-05 17:59:25,9,ACCEPTED,ASSIGNMENT_CONFIRMED
ASG01985,REQ01586,AMB0007,1,2026-09-03 16:47:59,15,ACCEPTED,ASSIGNMENT_CONFIRMED
ASG01986,REQ01587,AMB0008,1,2026-08-02 08:34:02,30,TIMEOUT,FALLBACK_TRIGGERED
ASG01987,REQ01588,AMB0025,1,2026-08-06 09:38:25,12,ACCEPTED,ASSIGNMENT_CONFIRMED
ASG01988,REQ01589,AMB0060,1,2026-08-11 19:42:27,11,ACCEPTED,ASSIGNMENT_CONFIRMED
ASG01989,REQ01590,AMB0032,1,2026-08-03 18:22:14,19,ACCEPTED,ASSIGNMENT_CONFIRMED
ASG01990,REQ01591,AMB0066,1,2026-09-01 17:41:15,18,TIMEOUT,FALLBACK_TRIGGERED
ASG01991,REQ01591,AMB0092,2,2026-09-01 17:41:35,12,ACCEPTED,ASSIGNMENT_CONFIRMED
ASG01992,REQ01592,AMB0017,1,2026-08-07 14:37:51,9,REJECTED,FALLBACK_TRIGGERED
ASG01993,REQ01592,AMB0075,2,2026-08-07 14:38:02,28,ACCEPTED,ASSIGNMENT_CONFIRMED
ASG01994,REQ01593,AMB0046,1,2026-08-19 19:24:24,9,REJECTED,FALLBACK_TRIGGERED
ASG01995,REQ01593,AMB0047,2,2026-08-19 19:24:35,20,ACCEPTED,ASSIGNMENT_CONFIRMED
ASG01996,REQ01595,AMB0019,1,2026-08-27 08:34:34,15,REJECTED,FALLBACK_TRIGGERED
ASG01997,REQ01595,AMB0013,2,2026-08-27 08:34:51,20,TIMEOUT,FALLBACK_TRIGGERED
ASG01998,REQ01595,AMB0036,3,2026-08-27 08:35:13,7,ACCEPTED,ASSIGNMENT_CONFIRMED
ASG01999,REQ01596,AMB0101,1,2026-09-02 07:39:02,21,REJECTED,FALLBACK_TRIGGERED
ASG02000,REQ01596,AMB0031,2,2026-09-02 07:39:25,30,ACCEPTED,ASSIGNMENT_CONFIRMED
ASG02001,REQ01597,AMB0111,1,2026-08-28 00:39:53,9,TIMEOUT,FALLBACK_TRIGGERED
ASG02002,REQ01598,AMB0084,1,2026-09-08 20:52:10,28,REJECTED,FALLBACK_TRIGGERED
ASG02003,REQ01598,AMB0123,2,2026-09-08 20:52:40,27,REJECTED,FALLBACK_TRIGGERED
ASG02004,REQ01598,AMB0035,3,2026-09-08 20:53:09,12,ACCEPTED,ASSIGNMENT_CONFIRMED
ASG02005,REQ01599,AMB0017,1,2026-08-01 10:11:15,11,TIMEOUT,FALLBACK_TRIGGERED
ASG02006,REQ01599,AMB0062,2,2026-08-01 10:11:28,5,ACCEPTED,ASSIGNMENT_CONFIRMED
ASG02007,REQ01600,AMB0044,1,2026-08-11 11:58:17,15,ACCEPTED,ASSIGNMENT_CONFIRMED
ASG02008,REQ01601,AMB0044,1,2026-08-13 22:18:17,19,ACCEPTED,ASSIGNMENT_CONFIRMED
ASG02009,REQ01602,AMB0102,1,2026-08-05 16:08:44,30,ACCEPTED,ASSIGNMENT_CONFIRMED
ASG02010,REQ01603,AMB0062,1,2026-08-01 12:29:53,21,ACCEPTED,ASSIGNMENT_CONFIRMED
ASG02011,REQ01604,AMB0073,1,2026-08-15 10:39:11,13,ACCEPTED,ASSIGNMENT_CONFIRMED
ASG02012,REQ01605,AMB0060,1,2026-09-07 12:44:39,19,ACCEPTED,ASSIGNMENT_CONFIRMED
ASG02013,REQ01606,AMB0091,1,2026-08-21 21:03:07,12,ACCEPTED,ASSIGNMENT_CONFIRMED
ASG02014,REQ01607,AMB0069,1,2026-08-25 22:02:22,8,ACCEPTED,ASSIGNMENT_CONFIRMED
ASG02015,REQ01608,AMB0092,1,2026-09-05 12:13:26,27,REJECTED,FALLBACK_TRIGGERED
ASG02016,REQ01608,AMB0049,2,2026-09-05 12:13:55,11,ACCEPTED,ASSIGNMENT_CONFIRMED
ASG02017,REQ01609,AMB0106,1,2026-09-08 01:24:31,24,TIMEOUT,FALLBACK_TRIGGERED
ASG02018,REQ01609,AMB0025,2,2026-09-08 01:24:57,13,TIMEOUT,FALLBACK_TRIGGERED
ASG02019,REQ01609,AMB0063,3,2026-09-08 01:25:12,30,ACCEPTED,ASSIGNMENT_CONFIRMED
ASG02020,REQ01610,AMB0012,1,2026-08-17 05:03:18,20,ACCEPTED,ASSIGNMENT_CONFIRMED
ASG02021,REQ01611,AMB0006,1,2026-08-21 13:16:10,14,ACCEPTED,ASSIGNMENT_CONFIRMED
ASG02022,REQ01612,AMB0070,1,2026-09-04 00:36:28,25,TIMEOUT,FALLBACK_TRIGGERED
ASG02023,REQ01612,AMB0028,2,2026-09-04 00:36:55,14,REJECTED,FALLBACK_TRIGGERED
ASG02024,REQ01612,AMB0081,3,2026-09-04 00:37:11,7,ACCEPTED,ASSIGNMENT_CONFIRMED
ASG02025,REQ01613,AMB0055,1,2026-08-09 07:54:50,18,ACCEPTED,ASSIGNMENT_CONFIRMED
ASG02026,REQ01615,AMB0027,1,2026-08-11 05:07:11,5,ACCEPTED,ASSIGNMENT_CONFIRMED
ASG02027,REQ01616,AMB0124,1,2026-08-26 04:48:20,12,ACCEPTED,ASSIGNMENT_CONFIRMED
ASG02028,REQ01617,AMB0121,1,2026-09-02 08:34:51,22,ACCEPTED,ASSIGNMENT_CONFIRMED
ASG02029,REQ01618,AMB0028,1,2026-09-03 12:30:45,26,ACCEPTED,ASSIGNMENT_CONFIRMED
ASG02030,REQ01619,AMB0032,1,2026-08-01 08:28:08,19,ACCEPTED,ASSIGNMENT_CONFIRMED
ASG02031,REQ01620,AMB0003,1,2026-08-11 01:13:33,4,REJECTED,FALLBACK_TRIGGERED
ASG02032,REQ01620,AMB0066,2,2026-08-11 01:13:39,15,TIMEOUT,FALLBACK_TRIGGERED
ASG02033,REQ01620,AMB0130,3,2026-08-11 01:13:56,26,ACCEPTED,ASSIGNMENT_CONFIRMED
ASG02034,REQ01621,AMB0102,1,2026-08-25 17:03:29,14,ACCEPTED,ASSIGNMENT_CONFIRMED
ASG02035,REQ01622,AMB0125,1,2026-08-09 03:42:35,28,ACCEPTED,ASSIGNMENT_CONFIRMED
ASG02036,REQ01623,AMB0076,1,2026-08-28 08:19:41,28,ACCEPTED,ASSIGNMENT_CONFIRMED
ASG02037,REQ01624,AMB0097,1,2026-08-09 06:09:59,16,ACCEPTED,ASSIGNMENT_CONFIRMED
ASG02038,REQ01625,AMB0002,1,2026-08-06 14:28:57,18,ACCEPTED,ASSIGNMENT_CONFIRMED
ASG02039,REQ01626,AMB0101,1,2026-09-05 17:24:43,16,ACCEPTED,ASSIGNMENT_CONFIRMED
ASG02040,REQ01627,AMB0075,1,2026-09-08 12:15:52,29,TIMEOUT,FALLBACK_TRIGGERED
ASG02041,REQ01627,AMB0068,2,2026-09-08 12:16:23,7,ACCEPTED,ASSIGNMENT_CONFIRMED
ASG02042,REQ01628,AMB0028,1,2026-08-10 08:39:57,21,ACCEPTED,ASSIGNMENT_CONFIRMED
ASG02043,REQ01629,AMB0112,1,2026-08-26 14:30:32,20,ACCEPTED,ASSIGNMENT_CONFIRMED
ASG02044,REQ01630,AMB0129,1,2026-08-24 08:16:27,24,REJECTED,FALLBACK_TRIGGERED
ASG02045,REQ01632,AMB0034,1,2026-08-10 17:29:32,29,ACCEPTED,ASSIGNMENT_CONFIRMED
ASG02046,REQ01633,AMB0073,1,2026-08-10 22:38:03,4,ACCEPTED,ASSIGNMENT_CONFIRMED
ASG02047,REQ01634,AMB0064,1,2026-08-09 08:24:14,28,ACCEPTED,ASSIGNMENT_CONFIRMED
ASG02048,REQ01635,AMB0103,1,2026-08-09 06:53:35,4,ACCEPTED,ASSIGNMENT_CONFIRMED
ASG02049,REQ01636,AMB0085,1,2026-09-05 15:01:25,19,ACCEPTED,ASSIGNMENT_CONFIRMED
ASG02050,REQ01637,AMB0096,1,2026-08-04 22:36:35,8,TIMEOUT,FALLBACK_TRIGGERED
ASG02051,REQ01637,AMB0108,2,2026-08-04 22:36:45,21,TIMEOUT,FALLBACK_TRIGGERED
ASG02052,REQ01637,AMB0014,3,2026-08-04 22:37:08,10,REJECTED,FALLBACK_TRIGGERED
ASG02053,REQ01638,AMB0103,1,2026-08-01 00:04:44,19,ACCEPTED,ASSIGNMENT_CONFIRMED
ASG02054,REQ01639,AMB0118,1,2026-09-05 21:30:45,14,ACCEPTED,ASSIGNMENT_CONFIRMED
ASG02055,REQ01640,AMB0018,1,2026-08-04 23:15:57,11,ACCEPTED,ASSIGNMENT_CONFIRMED
ASG02056,REQ01641,AMB0125,1,2026-08-31 08:26:50,16,ACCEPTED,ASSIGNMENT_CONFIRMED
ASG02057,REQ01642,AMB0041,1,2026-08-21 21:50:06,23,REJECTED,FALLBACK_TRIGGERED
ASG02058,REQ01642,AMB0057,2,2026-08-21 21:50:31,4,ACCEPTED,ASSIGNMENT_CONFIRMED
ASG02059,REQ01644,AMB0092,1,2026-08-25 13:17:05,11,ACCEPTED,ASSIGNMENT_CONFIRMED
ASG02060,REQ01645,AMB0035,1,2026-08-15 09:00:51,27,TIMEOUT,FALLBACK_TRIGGERED
ASG02061,REQ01646,AMB0089,1,2026-09-03 19:00:23,10,ACCEPTED,ASSIGNMENT_CONFIRMED
ASG02062,REQ01647,AMB0120,1,2026-09-06 18:39:25,11,ACCEPTED,ASSIGNMENT_CONFIRMED
ASG02063,REQ01648,AMB0008,1,2026-09-06 03:30:33,6,ACCEPTED,ASSIGNMENT_CONFIRMED
ASG02064,REQ01649,AMB0126,1,2026-08-28 05:23:29,30,ACCEPTED,ASSIGNMENT_CONFIRMED
ASG02065,REQ01650,AMB0117,1,2026-08-09 13:56:44,14,TIMEOUT,FALLBACK_TRIGGERED
ASG02066,REQ01650,AMB0126,2,2026-08-09 13:57:00,10,ACCEPTED,ASSIGNMENT_CONFIRMED
ASG02067,REQ01652,AMB0116,1,2026-09-02 10:07:29,18,ACCEPTED,ASSIGNMENT_CONFIRMED
ASG02068,REQ01653,AMB0011,1,2026-08-05 03:34:43,22,ACCEPTED,ASSIGNMENT_CONFIRMED
ASG02069,REQ01654,AMB0118,1,2026-08-12 05:09:38,21,REJECTED,FALLBACK_TRIGGERED
ASG02070,REQ01654,AMB0080,2,2026-08-12 05:10:01,15,TIMEOUT,FALLBACK_TRIGGERED
ASG02071,REQ01654,AMB0087,3,2026-08-12 05:10:18,22,ACCEPTED,ASSIGNMENT_CONFIRMED
ASG02072,REQ01655,AMB0116,1,2026-08-09 03:52:35,11,TIMEOUT,FALLBACK_TRIGGERED
ASG02073,REQ01656,AMB0009,1,2026-08-01 18:09:08,25,ACCEPTED,ASSIGNMENT_CONFIRMED
ASG02074,REQ01657,AMB0065,1,2026-08-26 07:59:45,4,ACCEPTED,ASSIGNMENT_CONFIRMED
ASG02075,REQ01658,AMB0053,1,2026-08-31 05:32:10,16,REJECTED,FALLBACK_TRIGGERED
ASG02076,REQ01659,AMB0006,1,2026-09-03 20:58:52,13,REJECTED,FALLBACK_TRIGGERED
ASG02077,REQ01659,AMB0128,2,2026-09-03 20:59:07,14,TIMEOUT,FALLBACK_TRIGGERED
ASG02078,REQ01659,AMB0072,3,2026-09-03 20:59:23,10,ACCEPTED,ASSIGNMENT_CONFIRMED
ASG02079,REQ01660,AMB0042,1,2026-08-25 17:59:59,29,ACCEPTED,ASSIGNMENT_CONFIRMED
ASG02080,REQ01661,AMB0129,1,2026-08-04 02:07:36,25,ACCEPTED,ASSIGNMENT_CONFIRMED
ASG02081,REQ01663,AMB0117,1,2026-08-13 01:02:29,25,TIMEOUT,FALLBACK_TRIGGERED
ASG02082,REQ01663,AMB0018,2,2026-08-13 01:02:56,25,ACCEPTED,ASSIGNMENT_CONFIRMED
ASG02083,REQ01664,AMB0026,1,2026-08-06 16:36:50,16,TIMEOUT,FALLBACK_TRIGGERED
ASG02084,REQ01664,AMB0130,2,2026-08-06 16:37:08,18,ACCEPTED,ASSIGNMENT_CONFIRMED
ASG02085,REQ01665,AMB0106,1,2026-08-27 18:35:36,11,ACCEPTED,ASSIGNMENT_CONFIRMED
ASG02086,REQ01666,AMB0018,1,2026-08-27 23:05:39,7,ACCEPTED,ASSIGNMENT_CONFIRMED
ASG02087,REQ01667,AMB0085,1,2026-08-05 01:16:21,18,ACCEPTED,ASSIGNMENT_CONFIRMED
ASG02088,REQ01668,AMB0108,1,2026-08-19 06:56:50,18,REJECTED,FALLBACK_TRIGGERED
ASG02089,REQ01668,AMB0038,2,2026-08-19 06:57:10,16,TIMEOUT,FALLBACK_TRIGGERED
ASG02090,REQ01668,AMB0123,3,2026-08-19 06:57:28,26,ACCEPTED,ASSIGNMENT_CONFIRMED
ASG02091,REQ01669,AMB0018,1,2026-08-27 16:03:25,21,ACCEPTED,ASSIGNMENT_CONFIRMED
ASG02092,REQ01670,AMB0031,1,2026-08-17 09:59:34,9,TIMEOUT,FALLBACK_TRIGGERED
ASG02093,REQ01670,AMB0131,2,2026-08-17 09:59:45,15,REJECTED,FALLBACK_TRIGGERED
ASG02094,REQ01670,AMB0067,3,2026-08-17 10:00:02,22,ACCEPTED,ASSIGNMENT_CONFIRMED
ASG02095,REQ01671,AMB0017,1,2026-08-20 12:58:08,23,TIMEOUT,FALLBACK_TRIGGERED
ASG02096,REQ01671,AMB0007,2,2026-08-20 12:58:33,24,TIMEOUT,FALLBACK_TRIGGERED
ASG02097,REQ01671,AMB0026,3,2026-08-20 12:58:59,27,TIMEOUT,FALLBACK_TRIGGERED
ASG02098,REQ01672,AMB0086,1,2026-08-29 19:21:22,15,ACCEPTED,ASSIGNMENT_CONFIRMED
ASG02099,REQ01673,AMB0059,1,2026-08-22 10:06:02,5,ACCEPTED,ASSIGNMENT_CONFIRMED
ASG02100,REQ01674,AMB0072,1,2026-08-06 03:29:49,10,TIMEOUT,FALLBACK_TRIGGERED
ASG02101,REQ01674,AMB0107,2,2026-08-06 03:30:01,10,ACCEPTED,ASSIGNMENT_CONFIRMED
ASG02102,REQ01675,AMB0083,1,2026-08-29 21:24:03,15,ACCEPTED,ASSIGNMENT_CONFIRMED
ASG02103,REQ01676,AMB0127,1,2026-08-18 22:05:43,4,ACCEPTED,ASSIGNMENT_CONFIRMED
ASG02104,REQ01677,AMB0032,1,2026-09-06 11:55:03,17,ACCEPTED,ASSIGNMENT_CONFIRMED
ASG02105,REQ01678,AMB0066,1,2026-08-14 23:59:11,12,REJECTED,FALLBACK_TRIGGERED
ASG02106,REQ01678,AMB0070,2,2026-08-14 23:59:25,27,ACCEPTED,ASSIGNMENT_CONFIRMED
ASG02107,REQ01679,AMB0002,1,2026-08-22 01:28:18,5,ACCEPTED,ASSIGNMENT_CONFIRMED
ASG02108,REQ01680,AMB0070,1,2026-09-05 01:59:22,5,TIMEOUT,FALLBACK_TRIGGERED
ASG02109,REQ01680,AMB0095,2,2026-09-05 01:59:29,17,ACCEPTED,ASSIGNMENT_CONFIRMED
ASG02110,REQ01681,AMB0062,1,2026-08-04 00:25:18,28,ACCEPTED,ASSIGNMENT_CONFIRMED
ASG02111,REQ01682,AMB0032,1,2026-08-08 00:17:22,5,TIMEOUT,FALLBACK_TRIGGERED
ASG02112,REQ01682,AMB0080,2,2026-08-08 00:17:29,28,ACCEPTED,ASSIGNMENT_CONFIRMED
ASG02113,REQ01683,AMB0125,1,2026-08-07 07:41:21,9,ACCEPTED,ASSIGNMENT_CONFIRMED
ASG02114,REQ01684,AMB0042,1,2026-08-24 21:36:21,9,ACCEPTED,ASSIGNMENT_CONFIRMED
ASG02115,REQ01685,AMB0129,1,2026-08-02 12:36:27,25,TIMEOUT,FALLBACK_TRIGGERED
ASG02116,REQ01685,AMB0079,2,2026-08-02 12:36:54,8,ACCEPTED,ASSIGNMENT_CONFIRMED
ASG02117,REQ01686,AMB0053,1,2026-08-03 22:57:15,27,ACCEPTED,ASSIGNMENT_CONFIRMED
ASG02118,REQ01687,AMB0125,1,2026-08-19 09:37:44,22,ACCEPTED,ASSIGNMENT_CONFIRMED
ASG02119,REQ01688,AMB0039,1,2026-08-11 10:20:00,15,REJECTED,FALLBACK_TRIGGERED
ASG02120,REQ01688,AMB0123,2,2026-08-11 10:20:17,26,ACCEPTED,ASSIGNMENT_CONFIRMED
ASG02121,REQ01689,AMB0106,1,2026-08-09 12:11:18,17,ACCEPTED,ASSIGNMENT_CONFIRMED
ASG02122,REQ01690,AMB0083,1,2026-08-10 07:50:14,12,ACCEPTED,ASSIGNMENT_CONFIRMED
ASG02123,REQ01691,AMB0094,1,2026-08-27 21:02:22,20,ACCEPTED,ASSIGNMENT_CONFIRMED
ASG02124,REQ01693,AMB0119,1,2026-08-30 10:48:56,30,REJECTED,FALLBACK_TRIGGERED
ASG02125,REQ01693,AMB0124,2,2026-08-30 10:49:28,6,ACCEPTED,ASSIGNMENT_CONFIRMED
ASG02126,REQ01694,AMB0083,1,2026-09-07 13:19:10,10,REJECTED,FALLBACK_TRIGGERED
ASG02127,REQ01694,AMB0091,2,2026-09-07 13:19:22,24,ACCEPTED,ASSIGNMENT_CONFIRMED
ASG02128,REQ01695,AMB0015,1,2026-08-10 14:23:22,29,TIMEOUT,FALLBACK_TRIGGERED
ASG02129,REQ01695,AMB0127,2,2026-08-10 14:23:53,18,ACCEPTED,ASSIGNMENT_CONFIRMED
ASG02130,REQ01696,AMB0083,1,2026-08-29 03:05:51,10,ACCEPTED,ASSIGNMENT_CONFIRMED
ASG02131,REQ01698,AMB0001,1,2026-09-01 23:00:43,28,REJECTED,FALLBACK_TRIGGERED
ASG02132,REQ01698,AMB0122,2,2026-09-01 23:01:13,13,ACCEPTED,ASSIGNMENT_CONFIRMED
ASG02133,REQ01699,AMB0006,1,2026-09-05 17:05:46,12,REJECTED,FALLBACK_TRIGGERED
ASG02134,REQ01699,AMB0041,2,2026-09-05 17:06:00,15,TIMEOUT,FALLBACK_TRIGGERED
ASG02135,REQ01699,AMB0016,3,2026-09-05 17:06:17,5,ACCEPTED,ASSIGNMENT_CONFIRMED
ASG02136,REQ01702,AMB0052,1,2026-08-18 10:56:19,7,ACCEPTED,ASSIGNMENT_CONFIRMED
ASG02137,REQ01703,AMB0102,1,2026-09-05 06:39:18,19,ACCEPTED,ASSIGNMENT_CONFIRMED
ASG02138,REQ01704,AMB0038,1,2026-08-18 15:17:41,19,ACCEPTED,ASSIGNMENT_CONFIRMED
ASG02139,REQ01705,AMB0001,1,2026-08-24 18:38:45,18,REJECTED,FALLBACK_TRIGGERED
ASG02140,REQ01705,AMB0040,2,2026-08-24 18:39:05,18,ACCEPTED,ASSIGNMENT_CONFIRMED
ASG02141,REQ01706,AMB0120,1,2026-08-04 08:59:45,7,ACCEPTED,ASSIGNMENT_CONFIRMED
ASG02142,REQ01707,AMB0055,1,2026-08-07 07:23:45,27,ACCEPTED,ASSIGNMENT_CONFIRMED
ASG02143,REQ01708,AMB0003,1,2026-08-17 12:12:00,17,TIMEOUT,FALLBACK_TRIGGERED
ASG02144,REQ01708,AMB0046,2,2026-08-17 12:12:19,26,TIMEOUT,FALLBACK_TRIGGERED
ASG02145,REQ01708,AMB0041,3,2026-08-17 12:12:47,22,ACCEPTED,ASSIGNMENT_CONFIRMED
ASG02146,REQ01709,AMB0007,1,2026-08-30 11:25:57,26,TIMEOUT,FALLBACK_TRIGGERED
ASG02147,REQ01709,AMB0054,2,2026-08-30 11:26:25,20,ACCEPTED,ASSIGNMENT_CONFIRMED
ASG02148,REQ01710,AMB0026,1,2026-08-06 13:43:56,19,ACCEPTED,ASSIGNMENT_CONFIRMED
ASG02149,REQ01711,AMB0105,1,2026-09-03 06:07:50,18,TIMEOUT,FALLBACK_TRIGGERED
ASG02150,REQ01711,AMB0035,2,2026-09-03 06:08:10,9,ACCEPTED,ASSIGNMENT_CONFIRMED
ASG02151,REQ01712,AMB0113,1,2026-08-11 04:36:05,5,REJECTED,FALLBACK_TRIGGERED
ASG02152,REQ01712,AMB0090,2,2026-08-11 04:36:12,13,ACCEPTED,ASSIGNMENT_CONFIRMED
ASG02153,REQ01713,AMB0019,1,2026-08-24 13:53:58,16,ACCEPTED,ASSIGNMENT_CONFIRMED
ASG02154,REQ01714,AMB0060,1,2026-08-06 18:32:51,22,ACCEPTED,ASSIGNMENT_CONFIRMED
ASG02155,REQ01715,AMB0131,1,2026-08-28 12:12:43,13,ACCEPTED,ASSIGNMENT_CONFIRMED
ASG02156,REQ01716,AMB0070,1,2026-08-25 05:29:12,19,REJECTED,FALLBACK_TRIGGERED
ASG02157,REQ01716,AMB0086,2,2026-08-25 05:29:33,17,REJECTED,FALLBACK_TRIGGERED
ASG02158,REQ01716,AMB0073,3,2026-08-25 05:29:52,16,TIMEOUT,FALLBACK_TRIGGERED
ASG02159,REQ01719,AMB0041,1,2026-08-10 20:15:46,24,REJECTED,FALLBACK_TRIGGERED
ASG02160,REQ01719,AMB0053,2,2026-08-10 20:16:12,17,REJECTED,FALLBACK_TRIGGERED
ASG02161,REQ01719,AMB0101,3,2026-08-10 20:16:31,26,ACCEPTED,ASSIGNMENT_CONFIRMED
ASG02162,REQ01720,AMB0082,1,2026-08-22 07:56:08,26,TIMEOUT,FALLBACK_TRIGGERED
ASG02163,REQ01720,AMB0009,2,2026-08-22 07:56:36,25,ACCEPTED,ASSIGNMENT_CONFIRMED
ASG02164,REQ01721,AMB0101,1,2026-08-24 17:15:14,6,REJECTED,FALLBACK_TRIGGERED
ASG02165,REQ01721,AMB0066,2,2026-08-24 17:15:22,4,ACCEPTED,ASSIGNMENT_CONFIRMED
ASG02166,REQ01722,AMB0121,1,2026-08-24 21:33:31,11,REJECTED,FALLBACK_TRIGGERED
ASG02167,REQ01722,AMB0035,2,2026-08-24 21:33:44,8,ACCEPTED,ASSIGNMENT_CONFIRMED
ASG02168,REQ01723,AMB0015,1,2026-09-06 21:17:31,30,TIMEOUT,FALLBACK_TRIGGERED
ASG02169,REQ01723,AMB0099,2,2026-09-06 21:18:03,18,TIMEOUT,FALLBACK_TRIGGERED
ASG02170,REQ01724,AMB0083,1,2026-08-22 06:23:15,13,ACCEPTED,ASSIGNMENT_CONFIRMED
ASG02171,REQ01725,AMB0084,1,2026-09-02 12:51:04,11,ACCEPTED,ASSIGNMENT_CONFIRMED
ASG02172,REQ01726,AMB0046,1,2026-08-01 18:21:59,12,REJECTED,FALLBACK_TRIGGERED
ASG02173,REQ01726,AMB0030,2,2026-08-01 18:22:13,26,ACCEPTED,ASSIGNMENT_CONFIRMED
ASG02174,REQ01727,AMB0072,1,2026-08-10 10:50:23,11,TIMEOUT,FALLBACK_TRIGGERED
ASG02175,REQ01727,AMB0058,2,2026-08-10 10:50:36,26,ACCEPTED,ASSIGNMENT_CONFIRMED
ASG02176,REQ01728,AMB0129,1,2026-08-18 04:15:23,27,ACCEPTED,ASSIGNMENT_CONFIRMED
ASG02177,REQ01729,AMB0019,1,2026-08-17 20:34:37,18,ACCEPTED,ASSIGNMENT_CONFIRMED
ASG02178,REQ01730,AMB0004,1,2026-08-20 06:45:51,15,ACCEPTED,ASSIGNMENT_CONFIRMED
ASG02179,REQ01731,AMB0018,1,2026-08-02 00:34:41,11,REJECTED,FALLBACK_TRIGGERED
ASG02180,REQ01732,AMB0116,1,2026-08-24 23:35:28,11,REJECTED,FALLBACK_TRIGGERED
ASG02181,REQ01732,AMB0030,2,2026-08-24 23:35:41,11,TIMEOUT,FALLBACK_TRIGGERED
ASG02182,REQ01732,AMB0114,3,2026-08-24 23:35:54,21,ACCEPTED,ASSIGNMENT_CONFIRMED
ASG02183,REQ01733,AMB0099,1,2026-08-12 13:56:57,13,TIMEOUT,FALLBACK_TRIGGERED
ASG02184,REQ01733,AMB0086,2,2026-08-12 13:57:12,30,ACCEPTED,ASSIGNMENT_CONFIRMED
ASG02185,REQ01734,AMB0105,1,2026-08-11 20:59:52,7,ACCEPTED,ASSIGNMENT_CONFIRMED
ASG02186,REQ01735,AMB0008,1,2026-08-29 04:36:27,18,ACCEPTED,ASSIGNMENT_CONFIRMED
ASG02187,REQ01736,AMB0090,1,2026-08-03 20:44:22,25,ACCEPTED,ASSIGNMENT_CONFIRMED
ASG02188,REQ01737,AMB0128,1,2026-08-03 01:01:58,4,ACCEPTED,ASSIGNMENT_CONFIRMED
ASG02189,REQ01738,AMB0041,1,2026-08-13 03:27:01,23,ACCEPTED,ASSIGNMENT_CONFIRMED
ASG02190,REQ01739,AMB0010,1,2026-08-06 15:10:58,21,TIMEOUT,FALLBACK_TRIGGERED
ASG02191,REQ01739,AMB0127,2,2026-08-06 15:11:21,29,TIMEOUT,FALLBACK_TRIGGERED
ASG02192,REQ01739,AMB0075,3,2026-08-06 15:11:52,6,ACCEPTED,ASSIGNMENT_CONFIRMED
ASG02193,REQ01740,AMB0049,1,2026-08-02 19:41:11,14,ACCEPTED,ASSIGNMENT_CONFIRMED
ASG02194,REQ01741,AMB0112,1,2026-08-23 21:43:13,24,REJECTED,FALLBACK_TRIGGERED
ASG02195,REQ01741,AMB0082,2,2026-08-23 21:43:39,21,TIMEOUT,FALLBACK_TRIGGERED
ASG02196,REQ01741,AMB0039,3,2026-08-23 21:44:02,16,ACCEPTED,ASSIGNMENT_CONFIRMED
ASG02197,REQ01742,AMB0111,1,2026-09-03 19:38:11,4,ACCEPTED,ASSIGNMENT_CONFIRMED
ASG02198,REQ01743,AMB0048,1,2026-08-15 13:27:05,14,ACCEPTED,ASSIGNMENT_CONFIRMED
ASG02199,REQ01744,AMB0017,1,2026-09-02 05:24:38,15,REJECTED,FALLBACK_TRIGGERED
ASG02200,REQ01746,AMB0115,1,2026-09-05 20:11:45,26,TIMEOUT,FALLBACK_TRIGGERED
ASG02201,REQ01747,AMB0052,1,2026-09-04 08:49:25,19,ACCEPTED,ASSIGNMENT_CONFIRMED
ASG02202,REQ01748,AMB0065,1,2026-08-10 04:10:58,22,TIMEOUT,FALLBACK_TRIGGERED
ASG02203,REQ01748,AMB0056,2,2026-08-10 04:11:22,6,ACCEPTED,ASSIGNMENT_CONFIRMED
ASG02204,REQ01749,AMB0045,1,2026-09-06 04:45:52,18,REJECTED,FALLBACK_TRIGGERED
ASG02205,REQ01749,AMB0069,2,2026-09-06 04:46:12,28,ACCEPTED,ASSIGNMENT_CONFIRMED
ASG02206,REQ01750,AMB0086,1,2026-08-22 06:23:41,20,REJECTED,FALLBACK_TRIGGERED
ASG02207,REQ01750,AMB0017,2,2026-08-22 06:24:03,23,ACCEPTED,ASSIGNMENT_CONFIRMED
ASG02208,REQ01751,AMB0109,1,2026-08-08 17:03:17,26,REJECTED,FALLBACK_TRIGGERED
ASG02209,REQ01751,AMB0029,2,2026-08-08 17:03:45,10,TIMEOUT,FALLBACK_TRIGGERED
ASG02210,REQ01751,AMB0107,3,2026-08-08 17:03:57,28,REJECTED,FALLBACK_TRIGGERED
ASG02211,REQ01752,AMB0097,1,2026-09-05 09:49:07,6,ACCEPTED,ASSIGNMENT_CONFIRMED
ASG02212,REQ01753,AMB0111,1,2026-08-04 16:50:18,28,ACCEPTED,ASSIGNMENT_CONFIRMED
ASG02213,REQ01755,AMB0039,1,2026-08-18 02:04:36,29,ACCEPTED,ASSIGNMENT_CONFIRMED
ASG02214,REQ01756,AMB0067,1,2026-08-14 18:20:28,28,ACCEPTED,ASSIGNMENT_CONFIRMED
ASG02215,REQ01757,AMB0131,1,2026-08-11 13:10:42,7,ACCEPTED,ASSIGNMENT_CONFIRMED
ASG02216,REQ01758,AMB0001,1,2026-08-13 18:15:48,7,TIMEOUT,FALLBACK_TRIGGERED
ASG02217,REQ01758,AMB0028,2,2026-08-13 18:15:57,9,TIMEOUT,FALLBACK_TRIGGERED
ASG02218,REQ01758,AMB0019,3,2026-08-13 18:16:08,23,ACCEPTED,ASSIGNMENT_CONFIRMED
ASG02219,REQ01759,AMB0070,1,2026-09-03 15:13:04,5,ACCEPTED,ASSIGNMENT_CONFIRMED
ASG02220,REQ01760,AMB0065,1,2026-08-02 14:21:44,11,TIMEOUT,FALLBACK_TRIGGERED
ASG02221,REQ01760,AMB0078,2,2026-08-02 14:21:57,21,ACCEPTED,ASSIGNMENT_CONFIRMED
ASG02222,REQ01761,AMB0031,1,2026-08-14 20:43:36,29,ACCEPTED,ASSIGNMENT_CONFIRMED
ASG02223,REQ01762,AMB0103,1,2026-08-20 06:01:32,20,ACCEPTED,ASSIGNMENT_CONFIRMED
ASG02224,REQ01763,AMB0064,1,2026-09-07 02:22:53,4,ACCEPTED,ASSIGNMENT_CONFIRMED
ASG02225,REQ01764,AMB0005,1,2026-08-19 15:00:45,14,REJECTED,FALLBACK_TRIGGERED
ASG02226,REQ01764,AMB0085,2,2026-08-19 15:01:01,24,ACCEPTED,ASSIGNMENT_CONFIRMED
ASG02227,REQ01765,AMB0131,1,2026-08-28 15:25:19,5,REJECTED,FALLBACK_TRIGGERED
ASG02228,REQ01765,AMB0069,2,2026-08-28 15:25:26,4,REJECTED,FALLBACK_TRIGGERED
ASG02229,REQ01766,AMB0007,1,2026-08-23 13:44:02,14,ACCEPTED,ASSIGNMENT_CONFIRMED
ASG02230,REQ01768,AMB0029,1,2026-09-06 20:22:08,26,REJECTED,FALLBACK_TRIGGERED
ASG02231,REQ01768,AMB0087,2,2026-09-06 20:22:36,16,REJECTED,FALLBACK_TRIGGERED
ASG02232,REQ01768,AMB0088,3,2026-09-06 20:22:54,24,ACCEPTED,ASSIGNMENT_CONFIRMED
ASG02233,REQ01769,AMB0111,1,2026-08-12 11:22:07,29,ACCEPTED,ASSIGNMENT_CONFIRMED
ASG02234,REQ01770,AMB0010,1,2026-08-21 19:18:58,24,REJECTED,FALLBACK_TRIGGERED
ASG02235,REQ01770,AMB0028,2,2026-08-21 19:19:24,28,ACCEPTED,ASSIGNMENT_CONFIRMED
ASG02236,REQ01771,AMB0018,1,2026-08-28 07:19:21,7,ACCEPTED,ASSIGNMENT_CONFIRMED
ASG02237,REQ01772,AMB0107,1,2026-08-05 09:39:07,22,ACCEPTED,ASSIGNMENT_CONFIRMED
ASG02238,REQ01773,AMB0006,1,2026-08-17 08:37:28,8,ACCEPTED,ASSIGNMENT_CONFIRMED
ASG02239,REQ01774,AMB0020,1,2026-09-05 05:09:14,9,TIMEOUT,FALLBACK_TRIGGERED
ASG02240,REQ01774,AMB0111,2,2026-09-05 05:09:25,18,TIMEOUT,FALLBACK_TRIGGERED
ASG02241,REQ01774,AMB0067,3,2026-09-05 05:09:45,8,ACCEPTED,ASSIGNMENT_CONFIRMED
ASG02242,REQ01776,AMB0039,1,2026-08-01 18:28:08,26,ACCEPTED,ASSIGNMENT_CONFIRMED
ASG02243,REQ01777,AMB0089,1,2026-09-03 11:12:18,22,ACCEPTED,ASSIGNMENT_CONFIRMED
ASG02244,REQ01779,AMB0049,1,2026-08-04 00:09:57,16,ACCEPTED,ASSIGNMENT_CONFIRMED
ASG02245,REQ01780,AMB0014,1,2026-08-23 16:45:38,18,TIMEOUT,FALLBACK_TRIGGERED
ASG02246,REQ01780,AMB0131,2,2026-08-23 16:45:58,30,ACCEPTED,ASSIGNMENT_CONFIRMED
ASG02247,REQ01781,AMB0068,1,2026-08-28 02:59:36,22,ACCEPTED,ASSIGNMENT_CONFIRMED
ASG02248,REQ01782,AMB0083,1,2026-08-26 12:14:05,23,REJECTED,FALLBACK_TRIGGERED
ASG02249,REQ01782,AMB0045,2,2026-08-26 12:14:30,16,ACCEPTED,ASSIGNMENT_CONFIRMED
ASG02250,REQ01783,AMB0039,1,2026-08-27 05:59:42,4,ACCEPTED,ASSIGNMENT_CONFIRMED
ASG02251,REQ01784,AMB0021,1,2026-08-07 00:19:14,27,ACCEPTED,ASSIGNMENT_CONFIRMED
ASG02252,REQ01785,AMB0111,1,2026-08-02 01:35:50,15,TIMEOUT,FALLBACK_TRIGGERED
ASG02253,REQ01785,AMB0091,2,2026-08-02 01:36:07,19,ACCEPTED,ASSIGNMENT_CONFIRMED
ASG02254,REQ01786,AMB0031,1,2026-09-07 01:09:56,28,TIMEOUT,FALLBACK_TRIGGERED
ASG02255,REQ01786,AMB0101,2,2026-09-07 01:10:26,15,ACCEPTED,ASSIGNMENT_CONFIRMED
ASG02256,REQ01787,AMB0025,1,2026-08-03 09:13:53,10,ACCEPTED,ASSIGNMENT_CONFIRMED
ASG02257,REQ01788,AMB0089,1,2026-09-05 19:17:27,5,ACCEPTED,ASSIGNMENT_CONFIRMED
ASG02258,REQ01789,AMB0129,1,2026-08-10 19:50:14,22,ACCEPTED,ASSIGNMENT_CONFIRMED
ASG02259,REQ01790,AMB0102,1,2026-08-15 00:14:12,13,ACCEPTED,ASSIGNMENT_CONFIRMED
ASG02260,REQ01791,AMB0102,1,2026-08-01 14:54:27,12,ACCEPTED,ASSIGNMENT_CONFIRMED
ASG02261,REQ01793,AMB0099,1,2026-08-02 06:17:45,8,ACCEPTED,ASSIGNMENT_CONFIRMED
ASG02262,REQ01795,AMB0083,1,2026-08-04 14:52:56,10,REJECTED,FALLBACK_TRIGGERED
ASG02263,REQ01795,AMB0033,2,2026-08-04 14:53:08,11,REJECTED,FALLBACK_TRIGGERED
ASG02264,REQ01796,AMB0038,1,2026-08-31 20:40:44,12,ACCEPTED,ASSIGNMENT_CONFIRMED
ASG02265,REQ01797,AMB0126,1,2026-08-24 20:34:14,16,TIMEOUT,FALLBACK_TRIGGERED
ASG02266,REQ01797,AMB0025,2,2026-08-24 20:34:32,9,ACCEPTED,ASSIGNMENT_CONFIRMED
ASG02267,REQ01798,AMB0056,1,2026-08-05 05:09:20,25,ACCEPTED,ASSIGNMENT_CONFIRMED
ASG02268,REQ01799,AMB0094,1,2026-08-17 16:46:47,30,TIMEOUT,FALLBACK_TRIGGERED
ASG02269,REQ01799,AMB0126,2,2026-08-17 16:47:19,12,ACCEPTED,ASSIGNMENT_CONFIRMED
ASG02270,REQ01800,AMB0102,1,2026-08-06 02:03:07,7,ACCEPTED,ASSIGNMENT_CONFIRMED
ASG02271,REQ01801,AMB0004,1,2026-08-04 21:58:57,26,TIMEOUT,FALLBACK_TRIGGERED
ASG02272,REQ01802,AMB0052,1,2026-08-15 19:09:22,22,REJECTED,FALLBACK_TRIGGERED
ASG02273,REQ01802,AMB0080,2,2026-08-15 19:09:46,5,ACCEPTED,ASSIGNMENT_CONFIRMED
ASG02274,REQ01803,AMB0095,1,2026-08-08 15:06:11,12,ACCEPTED,ASSIGNMENT_CONFIRMED
ASG02275,REQ01804,AMB0072,1,2026-08-11 00:23:54,30,ACCEPTED,ASSIGNMENT_CONFIRMED
ASG02276,REQ01805,AMB0122,1,2026-08-25 06:58:12,20,ACCEPTED,ASSIGNMENT_CONFIRMED
ASG02277,REQ01806,AMB0131,1,2026-08-02 09:32:53,7,ACCEPTED,ASSIGNMENT_CONFIRMED
ASG02278,REQ01807,AMB0004,1,2026-08-01 11:39:43,17,ACCEPTED,ASSIGNMENT_CONFIRMED
ASG02279,REQ01808,AMB0096,1,2026-09-01 08:39:44,16,ACCEPTED,ASSIGNMENT_CONFIRMED
ASG02280,REQ01809,AMB0046,1,2026-08-29 15:30:20,15,ACCEPTED,ASSIGNMENT_CONFIRMED
ASG02281,REQ01810,AMB0107,1,2026-09-04 02:09:51,29,ACCEPTED,ASSIGNMENT_CONFIRMED
ASG02282,REQ01811,AMB0118,1,2026-08-05 10:59:55,17,ACCEPTED,ASSIGNMENT_CONFIRMED
ASG02283,REQ01812,AMB0036,1,2026-09-07 12:14:27,11,ACCEPTED,ASSIGNMENT_CONFIRMED
ASG02284,REQ01813,AMB0061,1,2026-08-12 01:27:24,6,ACCEPTED,ASSIGNMENT_CONFIRMED
ASG02285,REQ01814,AMB0121,1,2026-08-07 07:41:34,14,REJECTED,FALLBACK_TRIGGERED
ASG02286,REQ01814,AMB0066,2,2026-08-07 07:41:50,7,ACCEPTED,ASSIGNMENT_CONFIRMED
ASG02287,REQ01815,AMB0089,1,2026-08-06 05:54:09,14,ACCEPTED,ASSIGNMENT_CONFIRMED
ASG02288,REQ01816,AMB0121,1,2026-08-08 22:23:34,30,ACCEPTED,ASSIGNMENT_CONFIRMED
ASG02289,REQ01818,AMB0009,1,2026-08-03 12:11:36,9,ACCEPTED,ASSIGNMENT_CONFIRMED
ASG02290,REQ01819,AMB0035,1,2026-08-21 23:24:40,20,REJECTED,FALLBACK_TRIGGERED
ASG02291,REQ01819,AMB0023,2,2026-08-21 23:25:02,18,ACCEPTED,ASSIGNMENT_CONFIRMED
ASG02292,REQ01820,AMB0007,1,2026-08-14 09:42:11,17,REJECTED,FALLBACK_TRIGGERED
ASG02293,REQ01821,AMB0093,1,2026-08-20 22:04:02,4,ACCEPTED,ASSIGNMENT_CONFIRMED
ASG02294,REQ01822,AMB0099,1,2026-09-02 18:49:55,25,ACCEPTED,ASSIGNMENT_CONFIRMED
ASG02295,REQ01823,AMB0074,1,2026-09-08 19:17:36,12,TIMEOUT,FALLBACK_TRIGGERED
ASG02296,REQ01823,AMB0058,2,2026-09-08 19:17:50,28,ACCEPTED,ASSIGNMENT_CONFIRMED
ASG02297,REQ01824,AMB0055,1,2026-08-15 13:27:26,12,ACCEPTED,ASSIGNMENT_CONFIRMED
ASG02298,REQ01825,AMB0073,1,2026-08-11 17:21:12,26,ACCEPTED,ASSIGNMENT_CONFIRMED
ASG02299,REQ01826,AMB0019,1,2026-08-16 16:57:15,4,ACCEPTED,ASSIGNMENT_CONFIRMED
ASG02300,REQ01827,AMB0048,1,2026-09-06 19:03:03,11,REJECTED,FALLBACK_TRIGGERED
ASG02301,REQ01827,AMB0111,2,2026-09-06 19:03:16,30,TIMEOUT,FALLBACK_TRIGGERED
ASG02302,REQ01828,AMB0013,1,2026-08-12 17:56:13,17,TIMEOUT,FALLBACK_TRIGGERED
ASG02303,REQ01828,AMB0125,2,2026-08-12 17:56:32,27,TIMEOUT,FALLBACK_TRIGGERED
ASG02304,REQ01828,AMB0121,3,2026-08-12 17:57:01,19,ACCEPTED,ASSIGNMENT_CONFIRMED
ASG02305,REQ01829,AMB0035,1,2026-08-06 16:21:40,28,REJECTED,FALLBACK_TRIGGERED
ASG02306,REQ01830,AMB0025,1,2026-08-16 13:35:19,6,REJECTED,FALLBACK_TRIGGERED
ASG02307,REQ01830,AMB0076,2,2026-08-16 13:35:27,4,ACCEPTED,ASSIGNMENT_CONFIRMED
ASG02308,REQ01832,AMB0131,1,2026-09-08 23:54:04,12,ACCEPTED,ASSIGNMENT_CONFIRMED
ASG02309,REQ01833,AMB0120,1,2026-09-01 12:06:41,21,REJECTED,FALLBACK_TRIGGERED
ASG02310,REQ01834,AMB0022,1,2026-09-04 16:06:54,24,ACCEPTED,ASSIGNMENT_CONFIRMED
ASG02311,REQ01835,AMB0121,1,2026-08-08 14:58:32,26,ACCEPTED,ASSIGNMENT_CONFIRMED
ASG02312,REQ01836,AMB0089,1,2026-08-20 11:42:31,24,REJECTED,FALLBACK_TRIGGERED
ASG02313,REQ01837,AMB0073,1,2026-08-26 17:24:48,8,ACCEPTED,ASSIGNMENT_CONFIRMED
ASG02314,REQ01838,AMB0055,1,2026-09-02 18:36:57,22,ACCEPTED,ASSIGNMENT_CONFIRMED
ASG02315,REQ01839,AMB0034,1,2026-08-29 23:19:56,8,ACCEPTED,ASSIGNMENT_CONFIRMED
ASG02316,REQ01840,AMB0093,1,2026-08-28 18:19:04,28,ACCEPTED,ASSIGNMENT_CONFIRMED
ASG02317,REQ01841,AMB0116,1,2026-08-20 21:43:31,28,ACCEPTED,ASSIGNMENT_CONFIRMED
ASG02318,REQ01842,AMB0117,1,2026-08-13 19:51:32,12,ACCEPTED,ASSIGNMENT_CONFIRMED
ASG02319,REQ01843,AMB0087,1,2026-08-14 12:46:37,5,ACCEPTED,ASSIGNMENT_CONFIRMED
ASG02320,REQ01844,AMB0028,1,2026-08-01 19:10:42,25,ACCEPTED,ASSIGNMENT_CONFIRMED
ASG02321,REQ01845,AMB0089,1,2026-08-03 05:25:08,9,REJECTED,FALLBACK_TRIGGERED
ASG02322,REQ01845,AMB0026,2,2026-08-03 05:25:19,13,ACCEPTED,ASSIGNMENT_CONFIRMED
ASG02323,REQ01846,AMB0111,1,2026-08-18 17:53:16,5,ACCEPTED,ASSIGNMENT_CONFIRMED
ASG02324,REQ01847,AMB0097,1,2026-08-03 10:30:19,10,ACCEPTED,ASSIGNMENT_CONFIRMED
ASG02325,REQ01849,AMB0102,1,2026-08-14 01:43:22,26,ACCEPTED,ASSIGNMENT_CONFIRMED
ASG02326,REQ01850,AMB0126,1,2026-08-23 12:18:06,21,TIMEOUT,FALLBACK_TRIGGERED
ASG02327,REQ01850,AMB0046,2,2026-08-23 12:18:29,29,ACCEPTED,ASSIGNMENT_CONFIRMED
ASG02328,REQ01852,AMB0074,1,2026-08-03 00:07:40,18,TIMEOUT,FALLBACK_TRIGGERED
ASG02329,REQ01852,AMB0064,2,2026-08-03 00:08:00,15,ACCEPTED,ASSIGNMENT_CONFIRMED
ASG02330,REQ01853,AMB0080,1,2026-08-17 04:38:38,18,ACCEPTED,ASSIGNMENT_CONFIRMED
ASG02331,REQ01854,AMB0015,1,2026-08-24 05:19:02,16,REJECTED,FALLBACK_TRIGGERED
ASG02332,REQ01854,AMB0046,2,2026-08-24 05:19:20,20,ACCEPTED,ASSIGNMENT_CONFIRMED
ASG02333,REQ01855,AMB0034,1,2026-08-31 04:20:59,24,ACCEPTED,ASSIGNMENT_CONFIRMED
ASG02334,REQ01856,AMB0039,1,2026-08-19 14:50:01,14,ACCEPTED,ASSIGNMENT_CONFIRMED
ASG02335,REQ01857,AMB0021,1,2026-09-08 07:38:27,17,ACCEPTED,ASSIGNMENT_CONFIRMED
ASG02336,REQ01858,AMB0122,1,2026-08-06 04:18:21,22,TIMEOUT,FALLBACK_TRIGGERED
ASG02337,REQ01858,AMB0106,2,2026-08-06 04:18:45,27,TIMEOUT,FALLBACK_TRIGGERED
ASG02338,REQ01859,AMB0018,1,2026-08-09 21:11:05,20,ACCEPTED,ASSIGNMENT_CONFIRMED
ASG02339,REQ01860,AMB0112,1,2026-08-11 13:49:17,10,TIMEOUT,FALLBACK_TRIGGERED
ASG02340,REQ01860,AMB0021,2,2026-08-11 13:49:29,11,TIMEOUT,FALLBACK_TRIGGERED
ASG02341,REQ01860,AMB0075,3,2026-08-11 13:49:42,28,ACCEPTED,ASSIGNMENT_CONFIRMED
ASG02342,REQ01861,AMB0035,1,2026-08-21 05:11:37,26,ACCEPTED,ASSIGNMENT_CONFIRMED
ASG02343,REQ01863,AMB0030,1,2026-08-20 19:05:16,26,TIMEOUT,FALLBACK_TRIGGERED
ASG02344,REQ01863,AMB0113,2,2026-08-20 19:05:44,9,REJECTED,FALLBACK_TRIGGERED
ASG02345,REQ01863,AMB0086,3,2026-08-20 19:05:55,24,ACCEPTED,ASSIGNMENT_CONFIRMED
ASG02346,REQ01864,AMB0072,1,2026-08-29 16:46:47,18,REJECTED,FALLBACK_TRIGGERED
ASG02347,REQ01865,AMB0109,1,2026-09-06 14:12:16,8,ACCEPTED,ASSIGNMENT_CONFIRMED
ASG02348,REQ01866,AMB0051,1,2026-08-13 03:33:13,20,ACCEPTED,ASSIGNMENT_CONFIRMED
ASG02349,REQ01867,AMB0098,1,2026-08-28 01:32:30,30,TIMEOUT,FALLBACK_TRIGGERED
ASG02350,REQ01867,AMB0075,2,2026-08-28 01:33:02,28,ACCEPTED,ASSIGNMENT_CONFIRMED
ASG02351,REQ01868,AMB0127,1,2026-08-31 06:00:18,25,TIMEOUT,FALLBACK_TRIGGERED
ASG02352,REQ01868,AMB0022,2,2026-08-31 06:00:45,26,TIMEOUT,FALLBACK_TRIGGERED
ASG02353,REQ01868,AMB0040,3,2026-08-31 06:01:13,29,ACCEPTED,ASSIGNMENT_CONFIRMED
ASG02354,REQ01869,AMB0035,1,2026-08-27 10:53:42,4,REJECTED,FALLBACK_TRIGGERED
ASG02355,REQ01869,AMB0032,2,2026-08-27 10:53:48,4,REJECTED,FALLBACK_TRIGGERED
ASG02356,REQ01870,AMB0066,1,2026-08-07 11:27:43,9,ACCEPTED,ASSIGNMENT_CONFIRMED
ASG02357,REQ01871,AMB0105,1,2026-08-11 18:51:25,25,ACCEPTED,ASSIGNMENT_CONFIRMED
ASG02358,REQ01872,AMB0015,1,2026-08-17 12:40:50,16,ACCEPTED,ASSIGNMENT_CONFIRMED
ASG02359,REQ01873,AMB0022,1,2026-09-04 19:35:21,14,ACCEPTED,ASSIGNMENT_CONFIRMED
ASG02360,REQ01874,AMB0088,1,2026-09-04 19:26:42,7,ACCEPTED,ASSIGNMENT_CONFIRMED
ASG02361,REQ01875,AMB0011,1,2026-09-03 09:39:48,22,ACCEPTED,ASSIGNMENT_CONFIRMED
ASG02362,REQ01877,AMB0114,1,2026-08-10 02:28:47,7,REJECTED,FALLBACK_TRIGGERED
ASG02363,REQ01878,AMB0003,1,2026-09-04 06:40:38,4,ACCEPTED,ASSIGNMENT_CONFIRMED
ASG02364,REQ01879,AMB0091,1,2026-08-17 10:51:06,20,TIMEOUT,FALLBACK_TRIGGERED
ASG02365,REQ01879,AMB0047,2,2026-08-17 10:51:28,12,ACCEPTED,ASSIGNMENT_CONFIRMED
ASG02366,REQ01880,AMB0045,1,2026-09-03 03:05:11,19,ACCEPTED,ASSIGNMENT_CONFIRMED
ASG02367,REQ01881,AMB0076,1,2026-08-06 18:15:39,27,TIMEOUT,FALLBACK_TRIGGERED
ASG02368,REQ01881,AMB0109,2,2026-08-06 18:16:08,15,ACCEPTED,ASSIGNMENT_CONFIRMED
ASG02369,REQ01882,AMB0033,1,2026-08-02 23:50:39,23,TIMEOUT,FALLBACK_TRIGGERED
ASG02370,REQ01882,AMB0051,2,2026-08-02 23:51:04,5,ACCEPTED,ASSIGNMENT_CONFIRMED
ASG02371,REQ01883,AMB0089,1,2026-09-06 01:23:20,7,TIMEOUT,FALLBACK_TRIGGERED
ASG02372,REQ01883,AMB0032,2,2026-09-06 01:23:29,22,TIMEOUT,FALLBACK_TRIGGERED
ASG02373,REQ01883,AMB0040,3,2026-09-06 01:23:53,27,ACCEPTED,ASSIGNMENT_CONFIRMED
ASG02374,REQ01884,AMB0047,1,2026-08-21 23:32:34,24,ACCEPTED,ASSIGNMENT_CONFIRMED
ASG02375,REQ01885,AMB0066,1,2026-08-02 23:47:07,10,ACCEPTED,ASSIGNMENT_CONFIRMED
ASG02376,REQ01886,AMB0061,1,2026-08-31 09:08:41,14,REJECTED,FALLBACK_TRIGGERED
ASG02377,REQ01886,AMB0111,2,2026-08-31 09:08:57,18,ACCEPTED,ASSIGNMENT_CONFIRMED
ASG02378,REQ01887,AMB0115,1,2026-09-04 03:54:32,25,TIMEOUT,FALLBACK_TRIGGERED
ASG02379,REQ01888,AMB0055,1,2026-08-26 02:57:21,12,ACCEPTED,ASSIGNMENT_CONFIRMED
ASG02380,REQ01889,AMB0034,1,2026-08-14 22:22:32,16,TIMEOUT,FALLBACK_TRIGGERED
ASG02381,REQ01889,AMB0124,2,2026-08-14 22:22:50,14,ACCEPTED,ASSIGNMENT_CONFIRMED
ASG02382,REQ01891,AMB0018,1,2026-08-22 12:52:24,4,ACCEPTED,ASSIGNMENT_CONFIRMED
ASG02383,REQ01892,AMB0113,1,2026-08-26 21:39:02,23,ACCEPTED,ASSIGNMENT_CONFIRMED
ASG02384,REQ01893,AMB0001,1,2026-09-04 19:26:49,19,ACCEPTED,ASSIGNMENT_CONFIRMED
ASG02385,REQ01894,AMB0020,1,2026-08-17 08:04:52,24,REJECTED,FALLBACK_TRIGGERED
ASG02386,REQ01894,AMB0131,2,2026-08-17 08:05:18,4,ACCEPTED,ASSIGNMENT_CONFIRMED
ASG02387,REQ01895,AMB0106,1,2026-08-14 10:34:55,6,REJECTED,FALLBACK_TRIGGERED
ASG02388,REQ01895,AMB0124,2,2026-08-14 10:35:03,30,TIMEOUT,FALLBACK_TRIGGERED
ASG02389,REQ01895,AMB0101,3,2026-08-14 10:35:35,16,ACCEPTED,ASSIGNMENT_CONFIRMED
ASG02390,REQ01896,AMB0106,1,2026-09-05 17:00:08,23,TIMEOUT,FALLBACK_TRIGGERED
ASG02391,REQ01896,AMB0070,2,2026-09-05 17:00:33,19,ACCEPTED,ASSIGNMENT_CONFIRMED
ASG02392,REQ01897,AMB0024,1,2026-09-02 03:16:40,18,ACCEPTED,ASSIGNMENT_CONFIRMED
ASG02393,REQ01898,AMB0044,1,2026-08-02 18:26:36,13,ACCEPTED,ASSIGNMENT_CONFIRMED
ASG02394,REQ01900,AMB0095,1,2026-08-22 17:47:57,16,TIMEOUT,FALLBACK_TRIGGERED
ASG02395,REQ01900,AMB0129,2,2026-08-22 17:48:15,25,ACCEPTED,ASSIGNMENT_CONFIRMED
ASG02396,REQ01901,AMB0013,1,2026-09-05 17:07:50,10,REJECTED,FALLBACK_TRIGGERED
ASG02397,REQ01901,AMB0090,2,2026-09-05 17:08:02,28,ACCEPTED,ASSIGNMENT_CONFIRMED
ASG02398,REQ01902,AMB0096,1,2026-09-07 16:48:33,26,ACCEPTED,ASSIGNMENT_CONFIRMED
ASG02399,REQ01903,AMB0093,1,2026-08-15 06:25:18,14,ACCEPTED,ASSIGNMENT_CONFIRMED
ASG02400,REQ01904,AMB0098,1,2026-08-08 11:12:32,19,ACCEPTED,ASSIGNMENT_CONFIRMED
ASG02401,REQ01905,AMB0003,1,2026-08-11 01:59:16,19,ACCEPTED,ASSIGNMENT_CONFIRMED
ASG02402,REQ01906,AMB0024,1,2026-08-23 14:29:08,27,REJECTED,FALLBACK_TRIGGERED
ASG02403,REQ01906,AMB0128,2,2026-08-23 14:29:37,9,REJECTED,FALLBACK_TRIGGERED
ASG02404,REQ01906,AMB0077,3,2026-08-23 14:29:48,29,ACCEPTED,ASSIGNMENT_CONFIRMED
ASG02405,REQ01907,AMB0099,1,2026-08-18 03:36:13,12,TIMEOUT,FALLBACK_TRIGGERED
ASG02406,REQ01908,AMB0019,1,2026-08-20 03:40:59,9,TIMEOUT,FALLBACK_TRIGGERED
ASG02407,REQ01908,AMB0023,2,2026-08-20 03:41:10,12,ACCEPTED,ASSIGNMENT_CONFIRMED
ASG02408,REQ01909,AMB0053,1,2026-08-17 18:26:13,25,TIMEOUT,FALLBACK_TRIGGERED
ASG02409,REQ01910,AMB0061,1,2026-08-14 05:26:06,7,ACCEPTED,ASSIGNMENT_CONFIRMED
ASG02410,REQ01911,AMB0102,1,2026-08-25 06:03:30,9,TIMEOUT,FALLBACK_TRIGGERED
ASG02411,REQ01911,AMB0086,2,2026-08-25 06:03:41,16,ACCEPTED,ASSIGNMENT_CONFIRMED
ASG02412,REQ01912,AMB0066,1,2026-08-03 01:38:21,11,ACCEPTED,ASSIGNMENT_CONFIRMED
ASG02413,REQ01913,AMB0010,1,2026-08-27 17:37:01,22,ACCEPTED,ASSIGNMENT_CONFIRMED
ASG02414,REQ01914,AMB0087,1,2026-09-06 00:01:51,16,ACCEPTED,ASSIGNMENT_CONFIRMED
ASG02415,REQ01915,AMB0103,1,2026-08-06 03:13:34,10,REJECTED,FALLBACK_TRIGGERED
ASG02416,REQ01915,AMB0016,2,2026-08-06 03:13:46,24,ACCEPTED,ASSIGNMENT_CONFIRMED
ASG02417,REQ01916,AMB0100,1,2026-08-12 03:01:51,8,ACCEPTED,ASSIGNMENT_CONFIRMED
ASG02418,REQ01917,AMB0031,1,2026-08-08 18:10:35,29,REJECTED,FALLBACK_TRIGGERED
ASG02419,REQ01917,AMB0092,2,2026-08-08 18:11:06,25,ACCEPTED,ASSIGNMENT_CONFIRMED
ASG02420,REQ01918,AMB0067,1,2026-08-10 07:48:19,5,ACCEPTED,ASSIGNMENT_CONFIRMED
ASG02421,REQ01920,AMB0119,1,2026-08-29 15:56:11,27,ACCEPTED,ASSIGNMENT_CONFIRMED
ASG02422,REQ01921,AMB0015,1,2026-08-09 15:26:05,13,REJECTED,FALLBACK_TRIGGERED
ASG02423,REQ01921,AMB0024,2,2026-08-09 15:26:20,10,TIMEOUT,FALLBACK_TRIGGERED
ASG02424,REQ01921,AMB0051,3,2026-08-09 15:26:32,26,ACCEPTED,ASSIGNMENT_CONFIRMED
ASG02425,REQ01922,AMB0064,1,2026-08-23 18:34:22,23,TIMEOUT,FALLBACK_TRIGGERED
ASG02426,REQ01922,AMB0094,2,2026-08-23 18:34:47,9,ACCEPTED,ASSIGNMENT_CONFIRMED
ASG02427,REQ01923,AMB0042,1,2026-09-07 02:10:51,28,ACCEPTED,ASSIGNMENT_CONFIRMED
ASG02428,REQ01924,AMB0082,1,2026-09-05 13:50:56,22,TIMEOUT,FALLBACK_TRIGGERED
ASG02429,REQ01924,AMB0113,2,2026-09-05 13:51:20,18,ACCEPTED,ASSIGNMENT_CONFIRMED
ASG02430,REQ01925,AMB0016,1,2026-09-02 16:17:19,14,ACCEPTED,ASSIGNMENT_CONFIRMED
ASG02431,REQ01926,AMB0010,1,2026-08-03 15:18:39,19,ACCEPTED,ASSIGNMENT_CONFIRMED
ASG02432,REQ01927,AMB0047,1,2026-09-03 06:25:38,26,ACCEPTED,ASSIGNMENT_CONFIRMED
ASG02433,REQ01928,AMB0099,1,2026-08-28 08:28:02,23,ACCEPTED,ASSIGNMENT_CONFIRMED
ASG02434,REQ01929,AMB0025,1,2026-08-01 05:04:10,14,TIMEOUT,FALLBACK_TRIGGERED
ASG02435,REQ01929,AMB0047,2,2026-08-01 05:04:26,30,ACCEPTED,ASSIGNMENT_CONFIRMED
ASG02436,REQ01930,AMB0003,1,2026-08-14 06:00:03,5,REJECTED,FALLBACK_TRIGGERED
ASG02437,REQ01930,AMB0064,2,2026-08-14 06:00:10,10,REJECTED,FALLBACK_TRIGGERED
ASG02438,REQ01930,AMB0055,3,2026-08-14 06:00:22,8,ACCEPTED,ASSIGNMENT_CONFIRMED
ASG02439,REQ01931,AMB0050,1,2026-08-01 00:33:33,19,ACCEPTED,ASSIGNMENT_CONFIRMED
ASG02440,REQ01932,AMB0108,1,2026-09-07 02:24:36,4,REJECTED,FALLBACK_TRIGGERED
ASG02441,REQ01932,AMB0017,2,2026-09-07 02:24:42,11,ACCEPTED,ASSIGNMENT_CONFIRMED
ASG02442,REQ01933,AMB0074,1,2026-09-07 21:34:49,6,ACCEPTED,ASSIGNMENT_CONFIRMED
ASG02443,REQ01934,AMB0124,1,2026-08-20 17:53:05,6,ACCEPTED,ASSIGNMENT_CONFIRMED
ASG02444,REQ01935,AMB0018,1,2026-08-02 19:52:53,20,ACCEPTED,ASSIGNMENT_CONFIRMED
ASG02445,REQ01936,AMB0096,1,2026-08-16 14:05:59,6,ACCEPTED,ASSIGNMENT_CONFIRMED
ASG02446,REQ01937,AMB0091,1,2026-08-10 18:51:19,29,TIMEOUT,FALLBACK_TRIGGERED
ASG02447,REQ01937,AMB0022,2,2026-08-10 18:51:50,19,TIMEOUT,FALLBACK_TRIGGERED
ASG02448,REQ01938,AMB0094,1,2026-08-16 08:26:26,14,ACCEPTED,ASSIGNMENT_CONFIRMED
ASG02449,REQ01939,AMB0041,1,2026-08-18 12:27:28,8,ACCEPTED,ASSIGNMENT_CONFIRMED
ASG02450,REQ01940,AMB0095,1,2026-09-04 02:44:32,15,ACCEPTED,ASSIGNMENT_CONFIRMED
ASG02451,REQ01941,AMB0083,1,2026-08-26 04:02:33,21,TIMEOUT,FALLBACK_TRIGGERED
ASG02452,REQ01941,AMB0007,2,2026-08-26 04:02:56,17,ACCEPTED,ASSIGNMENT_CONFIRMED
ASG02453,REQ01943,AMB0039,1,2026-08-07 17:08:35,28,ACCEPTED,ASSIGNMENT_CONFIRMED
ASG02454,REQ01944,AMB0046,1,2026-08-21 11:36:01,23,REJECTED,FALLBACK_TRIGGERED
ASG02455,REQ01945,AMB0092,1,2026-08-04 08:27:26,8,TIMEOUT,FALLBACK_TRIGGERED
ASG02456,REQ01945,AMB0128,2,2026-08-04 08:27:36,7,ACCEPTED,ASSIGNMENT_CONFIRMED
ASG02457,REQ01946,AMB0050,1,2026-08-12 06:57:08,15,ACCEPTED,ASSIGNMENT_CONFIRMED
ASG02458,REQ01947,AMB0105,1,2026-08-17 17:45:23,13,TIMEOUT,FALLBACK_TRIGGERED
ASG02459,REQ01947,AMB0041,2,2026-08-17 17:45:38,17,ACCEPTED,ASSIGNMENT_CONFIRMED
ASG02460,REQ01948,AMB0080,1,2026-08-20 20:11:57,27,TIMEOUT,FALLBACK_TRIGGERED
ASG02461,REQ01949,AMB0071,1,2026-08-07 19:05:21,25,ACCEPTED,ASSIGNMENT_CONFIRMED
ASG02462,REQ01950,AMB0009,1,2026-08-10 08:15:22,18,ACCEPTED,ASSIGNMENT_CONFIRMED
ASG02463,REQ01951,AMB0063,1,2026-08-07 23:43:08,7,ACCEPTED,ASSIGNMENT_CONFIRMED
ASG02464,REQ01952,AMB0032,1,2026-08-25 11:59:44,21,TIMEOUT,FALLBACK_TRIGGERED
ASG02465,REQ01952,AMB0013,2,2026-08-25 12:00:07,20,ACCEPTED,ASSIGNMENT_CONFIRMED
ASG02466,REQ01953,AMB0123,1,2026-08-29 13:54:34,14,ACCEPTED,ASSIGNMENT_CONFIRMED
ASG02467,REQ01955,AMB0080,1,2026-08-20 04:08:15,30,ACCEPTED,ASSIGNMENT_CONFIRMED
ASG02468,REQ01956,AMB0090,1,2026-09-05 04:07:09,28,REJECTED,FALLBACK_TRIGGERED
ASG02469,REQ01956,AMB0087,2,2026-09-05 04:07:39,21,REJECTED,FALLBACK_TRIGGERED
ASG02470,REQ01956,AMB0004,3,2026-09-05 04:08:02,14,ACCEPTED,ASSIGNMENT_CONFIRMED
ASG02471,REQ01957,AMB0028,1,2026-08-12 00:25:42,4,ACCEPTED,ASSIGNMENT_CONFIRMED
ASG02472,REQ01958,AMB0108,1,2026-09-01 06:34:35,19,TIMEOUT,FALLBACK_TRIGGERED
ASG02473,REQ01959,AMB0067,1,2026-09-07 09:32:55,12,TIMEOUT,FALLBACK_TRIGGERED
ASG02474,REQ01959,AMB0112,2,2026-09-07 09:33:09,6,ACCEPTED,ASSIGNMENT_CONFIRMED
ASG02475,REQ01960,AMB0115,1,2026-08-02 12:25:16,21,TIMEOUT,FALLBACK_TRIGGERED
ASG02476,REQ01961,AMB0099,1,2026-08-24 09:12:42,29,ACCEPTED,ASSIGNMENT_CONFIRMED
ASG02477,REQ01962,AMB0100,1,2026-08-20 19:47:33,28,ACCEPTED,ASSIGNMENT_CONFIRMED
ASG02478,REQ01963,AMB0057,1,2026-08-13 05:03:44,11,ACCEPTED,ASSIGNMENT_CONFIRMED
ASG02479,REQ01964,AMB0114,1,2026-08-03 00:13:19,18,ACCEPTED,ASSIGNMENT_CONFIRMED
ASG02480,REQ01965,AMB0105,1,2026-08-30 20:35:26,11,ACCEPTED,ASSIGNMENT_CONFIRMED
ASG02481,REQ01966,AMB0123,1,2026-08-04 23:32:16,22,ACCEPTED,ASSIGNMENT_CONFIRMED
ASG02482,REQ01967,AMB0038,1,2026-08-01 20:07:04,8,TIMEOUT,FALLBACK_TRIGGERED
ASG02483,REQ01967,AMB0044,2,2026-08-01 20:07:14,20,ACCEPTED,ASSIGNMENT_CONFIRMED
ASG02484,REQ01968,AMB0020,1,2026-09-05 16:43:55,15,ACCEPTED,ASSIGNMENT_CONFIRMED
ASG02485,REQ01969,AMB0056,1,2026-08-15 14:07:26,19,ACCEPTED,ASSIGNMENT_CONFIRMED
ASG02486,REQ01970,AMB0128,1,2026-08-13 21:38:56,11,ACCEPTED,ASSIGNMENT_CONFIRMED
ASG02487,REQ01971,AMB0081,1,2026-08-15 01:28:56,5,ACCEPTED,ASSIGNMENT_CONFIRMED
ASG02488,REQ01972,AMB0043,1,2026-09-05 11:50:22,7,ACCEPTED,ASSIGNMENT_CONFIRMED
ASG02489,REQ01973,AMB0003,1,2026-08-09 06:56:25,14,ACCEPTED,ASSIGNMENT_CONFIRMED
ASG02490,REQ01974,AMB0001,1,2026-08-25 17:22:54,12,TIMEOUT,FALLBACK_TRIGGERED
ASG02491,REQ01974,AMB0034,2,2026-08-25 17:23:08,28,ACCEPTED,ASSIGNMENT_CONFIRMED
ASG02492,REQ01975,AMB0123,1,2026-08-28 19:44:07,24,ACCEPTED,ASSIGNMENT_CONFIRMED
ASG02493,REQ01977,AMB0042,1,2026-09-03 08:57:50,23,ACCEPTED,ASSIGNMENT_CONFIRMED
ASG02494,REQ01979,AMB0091,1,2026-08-01 10:54:14,22,ACCEPTED,ASSIGNMENT_CONFIRMED
ASG02495,REQ01981,AMB0061,1,2026-08-06 00:20:01,17,ACCEPTED,ASSIGNMENT_CONFIRMED
ASG02496,REQ01982,AMB0082,1,2026-09-02 18:50:27,22,ACCEPTED,ASSIGNMENT_CONFIRMED
ASG02497,REQ01983,AMB0024,1,2026-08-08 04:34:49,18,TIMEOUT,FALLBACK_TRIGGERED
ASG02498,REQ01985,AMB0060,1,2026-08-30 05:14:46,16,ACCEPTED,ASSIGNMENT_CONFIRMED
ASG02499,REQ01986,AMB0053,1,2026-08-30 14:09:02,23,ACCEPTED,ASSIGNMENT_CONFIRMED
ASG02500,REQ01987,AMB0090,1,2026-08-17 20:30:34,20,ACCEPTED,ASSIGNMENT_CONFIRMED
ASG02501,REQ01988,AMB0077,1,2026-08-15 16:01:49,20,TIMEOUT,FALLBACK_TRIGGERED
ASG02502,REQ01989,AMB0093,1,2026-08-12 12:03:10,18,REJECTED,FALLBACK_TRIGGERED
ASG02503,REQ01989,AMB0063,2,2026-08-12 12:03:30,7,ACCEPTED,ASSIGNMENT_CONFIRMED
ASG02504,REQ01990,AMB0065,1,2026-08-29 05:35:33,12,TIMEOUT,FALLBACK_TRIGGERED
ASG02505,REQ01990,AMB0100,2,2026-08-29 05:35:47,6,ACCEPTED,ASSIGNMENT_CONFIRMED
ASG02506,REQ01991,AMB0063,1,2026-08-25 21:13:09,22,TIMEOUT,FALLBACK_TRIGGERED
ASG02507,REQ01991,AMB0047,2,2026-08-25 21:13:33,14,ACCEPTED,ASSIGNMENT_CONFIRMED
ASG02508,REQ01992,AMB0123,1,2026-08-26 15:26:44,19,ACCEPTED,ASSIGNMENT_CONFIRMED
ASG02509,REQ01994,AMB0061,1,2026-08-24 07:16:00,18,REJECTED,FALLBACK_TRIGGERED
ASG02510,REQ01995,AMB0057,1,2026-08-06 10:38:54,20,ACCEPTED,ASSIGNMENT_CONFIRMED
ASG02511,REQ01996,AMB0117,1,2026-08-31 16:38:56,18,ACCEPTED,ASSIGNMENT_CONFIRMED
ASG02512,REQ01997,AMB0019,1,2026-08-16 16:16:09,29,ACCEPTED,ASSIGNMENT_CONFIRMED
ASG02513,REQ01998,AMB0021,1,2026-08-04 22:11:11,21,TIMEOUT,FALLBACK_TRIGGERED
ASG02514,REQ01998,AMB0086,2,2026-08-04 22:11:34,15,ACCEPTED,ASSIGNMENT_CONFIRMED
ASG02515,REQ01999,AMB0057,1,2026-09-01 13:38:07,8,ACCEPTED,ASSIGNMENT_CONFIRMED
ASG02516,REQ02000,AMB0011,1,2026-08-08 09:17:53,24,REJECTED,FALLBACK_TRIGGERED
ASG02517,REQ02000,AMB0016,2,2026-08-08 09:18:19,14,ACCEPTED,ASSIGNMENT_CONFIRMED
ASG02518,REQ02001,AMB0082,1,2026-08-01 06:37:54,13,ACCEPTED,ASSIGNMENT_CONFIRMED
ASG02519,REQ02002,AMB0030,1,2026-08-18 05:43:25,18,ACCEPTED,ASSIGNMENT_CONFIRMED
ASG02520,REQ02003,AMB0083,1,2026-08-02 06:51:05,21,ACCEPTED,ASSIGNMENT_CONFIRMED
ASG02521,REQ02005,AMB0009,1,2026-08-29 05:36:17,14,ACCEPTED,ASSIGNMENT_CONFIRMED
ASG02522,REQ02006,AMB0018,1,2026-08-26 10:16:03,22,REJECTED,FALLBACK_TRIGGERED
ASG02523,REQ02006,AMB0071,2,2026-08-26 10:16:27,13,REJECTED,FALLBACK_TRIGGERED
ASG02524,REQ02007,AMB0033,1,2026-09-08 07:08:29,25,ACCEPTED,ASSIGNMENT_CONFIRMED
ASG02525,REQ02008,AMB0121,1,2026-08-25 07:22:41,7,REJECTED,FALLBACK_TRIGGERED
ASG02526,REQ02008,AMB0049,2,2026-08-25 07:22:50,23,ACCEPTED,ASSIGNMENT_CONFIRMED
ASG02527,REQ02009,AMB0015,1,2026-08-29 12:41:21,28,ACCEPTED,ASSIGNMENT_CONFIRMED
ASG02528,REQ02010,AMB0105,1,2026-08-17 19:47:40,14,REJECTED,FALLBACK_TRIGGERED
ASG02529,REQ02010,AMB0052,2,2026-08-17 19:47:56,15,REJECTED,FALLBACK_TRIGGERED
ASG02530,REQ02010,AMB0095,3,2026-08-17 19:48:13,23,ACCEPTED,ASSIGNMENT_CONFIRMED
ASG02531,REQ02011,AMB0081,1,2026-08-27 23:31:23,30,REJECTED,FALLBACK_TRIGGERED
ASG02532,REQ02011,AMB0102,2,2026-08-27 23:31:55,29,REJECTED,FALLBACK_TRIGGERED
ASG02533,REQ02011,AMB0129,3,2026-08-27 23:32:26,9,ACCEPTED,ASSIGNMENT_CONFIRMED
ASG02534,REQ02012,AMB0031,1,2026-09-06 05:38:02,23,TIMEOUT,FALLBACK_TRIGGERED
ASG02535,REQ02012,AMB0001,2,2026-09-06 05:38:27,20,ACCEPTED,ASSIGNMENT_CONFIRMED
ASG02536,REQ02013,AMB0126,1,2026-08-03 08:16:34,28,TIMEOUT,FALLBACK_TRIGGERED
ASG02537,REQ02015,AMB0130,1,2026-08-08 19:56:46,24,ACCEPTED,ASSIGNMENT_CONFIRMED
ASG02538,REQ02016,AMB0038,1,2026-09-02 17:51:35,28,TIMEOUT,FALLBACK_TRIGGERED
ASG02539,REQ02016,AMB0049,2,2026-09-02 17:52:05,18,ACCEPTED,ASSIGNMENT_CONFIRMED
ASG02540,REQ02017,AMB0109,1,2026-08-16 12:58:10,11,REJECTED,FALLBACK_TRIGGERED
ASG02541,REQ02017,AMB0121,2,2026-08-16 12:58:23,18,ACCEPTED,ASSIGNMENT_CONFIRMED
ASG02542,REQ02018,AMB0064,1,2026-08-09 08:48:17,17,ACCEPTED,ASSIGNMENT_CONFIRMED
ASG02543,REQ02019,AMB0106,1,2026-09-08 19:08:03,4,TIMEOUT,FALLBACK_TRIGGERED
ASG02544,REQ02019,AMB0128,2,2026-09-08 19:08:09,20,ACCEPTED,ASSIGNMENT_CONFIRMED
ASG02545,REQ02020,AMB0086,1,2026-08-18 05:04:58,4,REJECTED,FALLBACK_TRIGGERED
ASG02546,REQ02020,AMB0075,2,2026-08-18 05:05:04,12,ACCEPTED,ASSIGNMENT_CONFIRMED
ASG02547,REQ02021,AMB0012,1,2026-08-22 19:50:06,18,REJECTED,FALLBACK_TRIGGERED
ASG02548,REQ02021,AMB0103,2,2026-08-22 19:50:26,9,REJECTED,FALLBACK_TRIGGERED
ASG02549,REQ02021,AMB0021,3,2026-08-22 19:50:37,4,ACCEPTED,ASSIGNMENT_CONFIRMED
ASG02550,REQ02022,AMB0060,1,2026-08-26 04:27:54,26,REJECTED,FALLBACK_TRIGGERED
ASG02551,REQ02022,AMB0038,2,2026-08-26 04:28:22,16,TIMEOUT,FALLBACK_TRIGGERED
ASG02552,REQ02022,AMB0115,3,2026-08-26 04:28:40,20,REJECTED,FALLBACK_TRIGGERED
ASG02553,REQ02023,AMB0099,1,2026-08-10 22:01:56,11,ACCEPTED,ASSIGNMENT_CONFIRMED
ASG02554,REQ02024,AMB0078,1,2026-09-04 08:20:55,25,ACCEPTED,ASSIGNMENT_CONFIRMED
ASG02555,REQ02025,AMB0090,1,2026-08-23 00:20:06,17,ACCEPTED,ASSIGNMENT_CONFIRMED
ASG02556,REQ02026,AMB0018,1,2026-08-04 16:54:28,18,ACCEPTED,ASSIGNMENT_CONFIRMED
ASG02557,REQ02027,AMB0053,1,2026-08-09 04:05:32,22,ACCEPTED,ASSIGNMENT_CONFIRMED
ASG02558,REQ02028,AMB0114,1,2026-08-08 18:11:47,9,ACCEPTED,ASSIGNMENT_CONFIRMED
ASG02559,REQ02029,AMB0081,1,2026-09-06 06:13:56,21,ACCEPTED,ASSIGNMENT_CONFIRMED
ASG02560,REQ02030,AMB0118,1,2026-08-04 05:21:29,25,ACCEPTED,ASSIGNMENT_CONFIRMED
ASG02561,REQ02031,AMB0130,1,2026-08-23 23:33:33,25,ACCEPTED,ASSIGNMENT_CONFIRMED
ASG02562,REQ02032,AMB0002,1,2026-08-26 05:01:47,19,ACCEPTED,ASSIGNMENT_CONFIRMED
ASG02563,REQ02033,AMB0081,1,2026-08-21 23:23:05,28,ACCEPTED,ASSIGNMENT_CONFIRMED
ASG02564,REQ02034,AMB0001,1,2026-08-12 11:46:50,15,REJECTED,FALLBACK_TRIGGERED
ASG02565,REQ02036,AMB0087,1,2026-08-19 18:36:11,23,TIMEOUT,FALLBACK_TRIGGERED
ASG02566,REQ02036,AMB0037,2,2026-08-19 18:36:36,17,ACCEPTED,ASSIGNMENT_CONFIRMED
ASG02567,REQ02037,AMB0095,1,2026-08-03 04:26:25,5,TIMEOUT,FALLBACK_TRIGGERED
ASG02568,REQ02038,AMB0007,1,2026-08-13 05:04:30,15,REJECTED,FALLBACK_TRIGGERED
ASG02569,REQ02038,AMB0049,2,2026-08-13 05:04:47,5,ACCEPTED,ASSIGNMENT_CONFIRMED
ASG02570,REQ02039,AMB0107,1,2026-09-06 07:15:23,18,ACCEPTED,ASSIGNMENT_CONFIRMED
ASG02571,REQ02040,AMB0033,1,2026-08-15 12:54:00,21,ACCEPTED,ASSIGNMENT_CONFIRMED
ASG02572,REQ02041,AMB0100,1,2026-08-26 08:25:07,21,ACCEPTED,ASSIGNMENT_CONFIRMED
ASG02573,REQ02042,AMB0116,1,2026-08-14 22:33:45,29,ACCEPTED,ASSIGNMENT_CONFIRMED
ASG02574,REQ02043,AMB0047,1,2026-08-29 13:42:09,19,TIMEOUT,FALLBACK_TRIGGERED
ASG02575,REQ02044,AMB0040,1,2026-08-17 09:45:05,7,ACCEPTED,ASSIGNMENT_CONFIRMED
ASG02576,REQ02045,AMB0044,1,2026-08-19 03:58:47,13,REJECTED,FALLBACK_TRIGGERED
ASG02577,REQ02046,AMB0027,1,2026-08-03 13:54:44,19,ACCEPTED,ASSIGNMENT_CONFIRMED
ASG02578,REQ02048,AMB0110,1,2026-08-12 09:44:11,26,ACCEPTED,ASSIGNMENT_CONFIRMED
ASG02579,REQ02049,AMB0010,1,2026-09-01 05:14:17,30,ACCEPTED,ASSIGNMENT_CONFIRMED
ASG02580,REQ02050,AMB0096,1,2026-08-01 05:22:55,20,REJECTED,FALLBACK_TRIGGERED
ASG02581,REQ02050,AMB0009,2,2026-08-01 05:23:17,17,TIMEOUT,FALLBACK_TRIGGERED
ASG02582,REQ02050,AMB0129,3,2026-08-01 05:23:36,10,ACCEPTED,ASSIGNMENT_CONFIRMED
ASG02583,REQ02051,AMB0109,1,2026-08-18 22:29:11,28,REJECTED,FALLBACK_TRIGGERED
ASG02584,REQ02051,AMB0114,2,2026-08-18 22:29:41,9,REJECTED,FALLBACK_TRIGGERED
ASG02585,REQ02051,AMB0102,3,2026-08-18 22:29:52,17,ACCEPTED,ASSIGNMENT_CONFIRMED
ASG02586,REQ02053,AMB0106,1,2026-08-16 10:49:37,5,ACCEPTED,ASSIGNMENT_CONFIRMED
ASG02587,REQ02054,AMB0122,1,2026-08-28 01:19:31,19,TIMEOUT,FALLBACK_TRIGGERED
ASG02588,REQ02054,AMB0090,2,2026-08-28 01:19:52,22,TIMEOUT,FALLBACK_TRIGGERED
ASG02589,REQ02054,AMB0115,3,2026-08-28 01:20:16,29,ACCEPTED,ASSIGNMENT_CONFIRMED
ASG02590,REQ02055,AMB0084,1,2026-08-17 08:13:29,13,ACCEPTED,ASSIGNMENT_CONFIRMED
ASG02591,REQ02057,AMB0001,1,2026-08-06 16:23:52,14,ACCEPTED,ASSIGNMENT_CONFIRMED
ASG02592,REQ02058,AMB0114,1,2026-09-06 03:00:49,19,REJECTED,FALLBACK_TRIGGERED
ASG02593,REQ02058,AMB0091,2,2026-09-06 03:01:10,4,TIMEOUT,FALLBACK_TRIGGERED
ASG02594,REQ02058,AMB0011,3,2026-09-06 03:01:16,9,ACCEPTED,ASSIGNMENT_CONFIRMED
ASG02595,REQ02059,AMB0129,1,2026-08-24 13:48:56,21,ACCEPTED,ASSIGNMENT_CONFIRMED
ASG02596,REQ02060,AMB0082,1,2026-09-02 07:13:01,29,ACCEPTED,ASSIGNMENT_CONFIRMED
ASG02597,REQ02061,AMB0115,1,2026-08-08 17:59:08,8,REJECTED,FALLBACK_TRIGGERED
ASG02598,REQ02062,AMB0129,1,2026-09-02 14:32:41,13,ACCEPTED,ASSIGNMENT_CONFIRMED
ASG02599,REQ02063,AMB0121,1,2026-09-06 13:13:19,24,REJECTED,FALLBACK_TRIGGERED
ASG02600,REQ02063,AMB0012,2,2026-09-06 13:13:45,20,ACCEPTED,ASSIGNMENT_CONFIRMED
ASG02601,REQ02064,AMB0074,1,2026-08-02 23:54:20,7,REJECTED,FALLBACK_TRIGGERED
ASG02602,REQ02065,AMB0022,1,2026-08-08 22:29:03,15,REJECTED,FALLBACK_TRIGGERED
ASG02603,REQ02065,AMB0120,2,2026-08-08 22:29:20,27,ACCEPTED,ASSIGNMENT_CONFIRMED
ASG02604,REQ02066,AMB0078,1,2026-08-29 00:26:25,22,REJECTED,FALLBACK_TRIGGERED
ASG02605,REQ02066,AMB0030,2,2026-08-29 00:26:49,16,TIMEOUT,FALLBACK_TRIGGERED
ASG02606,REQ02066,AMB0004,3,2026-08-29 00:27:07,20,ACCEPTED,ASSIGNMENT_CONFIRMED
ASG02607,REQ02067,AMB0110,1,2026-08-01 15:12:51,28,REJECTED,FALLBACK_TRIGGERED
ASG02608,REQ02068,AMB0094,1,2026-09-04 05:31:07,24,TIMEOUT,FALLBACK_TRIGGERED
ASG02609,REQ02069,AMB0023,1,2026-08-06 14:47:58,11,TIMEOUT,FALLBACK_TRIGGERED
ASG02610,REQ02069,AMB0005,2,2026-08-06 14:48:11,26,TIMEOUT,FALLBACK_TRIGGERED
ASG02611,REQ02069,AMB0113,3,2026-08-06 14:48:39,25,ACCEPTED,ASSIGNMENT_CONFIRMED
ASG02612,REQ02070,AMB0012,1,2026-08-11 00:13:45,5,ACCEPTED,ASSIGNMENT_CONFIRMED
ASG02613,REQ02071,AMB0080,1,2026-08-21 09:43:40,14,ACCEPTED,ASSIGNMENT_CONFIRMED
ASG02614,REQ02072,AMB0009,1,2026-09-08 05:04:39,24,ACCEPTED,ASSIGNMENT_CONFIRMED
ASG02615,REQ02073,AMB0036,1,2026-08-15 17:58:32,8,TIMEOUT,FALLBACK_TRIGGERED
ASG02616,REQ02074,AMB0010,1,2026-08-05 14:46:34,24,ACCEPTED,ASSIGNMENT_CONFIRMED
ASG02617,REQ02075,AMB0079,1,2026-08-15 21:07:21,23,ACCEPTED,ASSIGNMENT_CONFIRMED
ASG02618,REQ02076,AMB0112,1,2026-08-17 18:58:46,24,ACCEPTED,ASSIGNMENT_CONFIRMED
ASG02619,REQ02077,AMB0130,1,2026-08-03 03:30:03,5,ACCEPTED,ASSIGNMENT_CONFIRMED
ASG02620,REQ02078,AMB0058,1,2026-09-02 20:34:02,29,TIMEOUT,FALLBACK_TRIGGERED
ASG02621,REQ02078,AMB0055,2,2026-09-02 20:34:33,21,REJECTED,FALLBACK_TRIGGERED
ASG02622,REQ02078,AMB0104,3,2026-09-02 20:34:56,13,ACCEPTED,ASSIGNMENT_CONFIRMED
ASG02623,REQ02079,AMB0043,1,2026-09-08 13:35:11,13,TIMEOUT,FALLBACK_TRIGGERED
ASG02624,REQ02080,AMB0131,1,2026-08-02 14:09:33,27,ACCEPTED,ASSIGNMENT_CONFIRMED
ASG02625,REQ02081,AMB0010,1,2026-08-27 17:00:27,20,REJECTED,FALLBACK_TRIGGERED
ASG02626,REQ02082,AMB0017,1,2026-08-31 12:25:08,29,ACCEPTED,ASSIGNMENT_CONFIRMED
ASG02627,REQ02083,AMB0076,1,2026-08-12 13:12:43,24,REJECTED,FALLBACK_TRIGGERED
ASG02628,REQ02083,AMB0067,2,2026-08-12 13:13:09,12,ACCEPTED,ASSIGNMENT_CONFIRMED
ASG02629,REQ02084,AMB0105,1,2026-08-17 10:33:43,16,ACCEPTED,ASSIGNMENT_CONFIRMED
ASG02630,REQ02085,AMB0010,1,2026-08-10 09:10:42,28,REJECTED,FALLBACK_TRIGGERED
ASG02631,REQ02085,AMB0009,2,2026-08-10 09:11:12,12,ACCEPTED,ASSIGNMENT_CONFIRMED
ASG02632,REQ02086,AMB0005,1,2026-08-16 00:11:35,12,TIMEOUT,FALLBACK_TRIGGERED
ASG02633,REQ02087,AMB0043,1,2026-08-29 00:08:58,30,TIMEOUT,FALLBACK_TRIGGERED
ASG02634,REQ02088,AMB0003,1,2026-08-28 08:32:48,25,ACCEPTED,ASSIGNMENT_CONFIRMED
ASG02635,REQ02089,AMB0029,1,2026-08-26 22:17:53,27,ACCEPTED,ASSIGNMENT_CONFIRMED
ASG02636,REQ02090,AMB0129,1,2026-08-24 08:45:25,18,ACCEPTED,ASSIGNMENT_CONFIRMED
ASG02637,REQ02091,AMB0128,1,2026-09-08 19:33:26,30,ACCEPTED,ASSIGNMENT_CONFIRMED
ASG02638,REQ02092,AMB0129,1,2026-08-12 04:47:03,7,ACCEPTED,ASSIGNMENT_CONFIRMED
ASG02639,REQ02093,AMB0105,1,2026-08-25 13:25:04,21,REJECTED,FALLBACK_TRIGGERED
ASG02640,REQ02093,AMB0058,2,2026-08-25 13:25:27,4,ACCEPTED,ASSIGNMENT_CONFIRMED
ASG02641,REQ02095,AMB0076,1,2026-08-31 12:35:32,16,ACCEPTED,ASSIGNMENT_CONFIRMED
ASG02642,REQ02096,AMB0047,1,2026-08-17 16:11:03,21,ACCEPTED,ASSIGNMENT_CONFIRMED
ASG02643,REQ02097,AMB0014,1,2026-09-03 23:12:48,7,ACCEPTED,ASSIGNMENT_CONFIRMED
ASG02644,REQ02098,AMB0084,1,2026-08-04 20:42:44,12,ACCEPTED,ASSIGNMENT_CONFIRMED
ASG02645,REQ02099,AMB0099,1,2026-08-15 01:55:18,8,TIMEOUT,FALLBACK_TRIGGERED
ASG02646,REQ02099,AMB0113,2,2026-08-15 01:55:28,11,REJECTED,FALLBACK_TRIGGERED
ASG02647,REQ02099,AMB0040,3,2026-08-15 01:55:41,15,ACCEPTED,ASSIGNMENT_CONFIRMED
ASG02648,REQ02100,AMB0028,1,2026-08-21 04:57:40,8,ACCEPTED,ASSIGNMENT_CONFIRMED
ASG02649,REQ02103,AMB0129,1,2026-08-07 19:16:35,18,ACCEPTED,ASSIGNMENT_CONFIRMED
ASG02650,REQ02104,AMB0042,1,2026-08-03 20:54:23,29,ACCEPTED,ASSIGNMENT_CONFIRMED
ASG02651,REQ02106,AMB0091,1,2026-08-19 00:19:15,19,TIMEOUT,FALLBACK_TRIGGERED
ASG02652,REQ02106,AMB0126,2,2026-08-19 00:19:36,12,ACCEPTED,ASSIGNMENT_CONFIRMED
ASG02653,REQ02107,AMB0016,1,2026-08-13 15:42:39,24,ACCEPTED,ASSIGNMENT_CONFIRMED
ASG02654,REQ02108,AMB0130,1,2026-09-01 11:03:14,23,ACCEPTED,ASSIGNMENT_CONFIRMED
ASG02655,REQ02109,AMB0031,1,2026-09-07 19:46:04,18,REJECTED,FALLBACK_TRIGGERED
ASG02656,REQ02109,AMB0057,2,2026-09-07 19:46:24,6,ACCEPTED,ASSIGNMENT_CONFIRMED
ASG02657,REQ02110,AMB0127,1,2026-08-19 09:17:54,7,TIMEOUT,FALLBACK_TRIGGERED
ASG02658,REQ02110,AMB0010,2,2026-08-19 09:18:03,12,ACCEPTED,ASSIGNMENT_CONFIRMED
ASG02659,REQ02113,AMB0022,1,2026-08-11 17:37:22,12,ACCEPTED,ASSIGNMENT_CONFIRMED
ASG02660,REQ02114,AMB0065,1,2026-08-01 11:22:34,18,REJECTED,FALLBACK_TRIGGERED
ASG02661,REQ02114,AMB0107,2,2026-08-01 11:22:54,14,ACCEPTED,ASSIGNMENT_CONFIRMED
ASG02662,REQ02115,AMB0068,1,2026-08-26 21:23:15,12,ACCEPTED,ASSIGNMENT_CONFIRMED
ASG02663,REQ02116,AMB0095,1,2026-09-07 07:57:53,9,TIMEOUT,FALLBACK_TRIGGERED
ASG02664,REQ02116,AMB0067,2,2026-09-07 07:58:04,13,ACCEPTED,ASSIGNMENT_CONFIRMED
ASG02665,REQ02117,AMB0129,1,2026-08-16 19:59:50,27,REJECTED,FALLBACK_TRIGGERED
ASG02666,REQ02117,AMB0107,2,2026-08-16 20:00:19,27,TIMEOUT,FALLBACK_TRIGGERED
ASG02667,REQ02117,AMB0095,3,2026-08-16 20:00:48,12,ACCEPTED,ASSIGNMENT_CONFIRMED
ASG02668,REQ02118,AMB0030,1,2026-08-11 23:46:02,30,ACCEPTED,ASSIGNMENT_CONFIRMED
ASG02669,REQ02119,AMB0119,1,2026-08-02 21:28:34,21,ACCEPTED,ASSIGNMENT_CONFIRMED
ASG02670,REQ02120,AMB0130,1,2026-08-19 22:27:45,19,ACCEPTED,ASSIGNMENT_CONFIRMED
ASG02671,REQ02122,AMB0035,1,2026-09-08 17:30:02,4,REJECTED,FALLBACK_TRIGGERED
ASG02672,REQ02122,AMB0050,2,2026-09-08 17:30:08,18,ACCEPTED,ASSIGNMENT_CONFIRMED
ASG02673,REQ02123,AMB0101,1,2026-08-19 07:05:05,14,ACCEPTED,ASSIGNMENT_CONFIRMED
ASG02674,REQ02124,AMB0080,1,2026-09-05 10:35:03,9,TIMEOUT,FALLBACK_TRIGGERED
ASG02675,REQ02124,AMB0107,2,2026-09-05 10:35:14,4,ACCEPTED,ASSIGNMENT_CONFIRMED
ASG02676,REQ02125,AMB0125,1,2026-08-19 14:51:43,13,REJECTED,FALLBACK_TRIGGERED
ASG02677,REQ02125,AMB0080,2,2026-08-19 14:51:58,17,ACCEPTED,ASSIGNMENT_CONFIRMED
ASG02678,REQ02126,AMB0070,1,2026-08-18 11:45:17,4,ACCEPTED,ASSIGNMENT_CONFIRMED
ASG02679,REQ02127,AMB0112,1,2026-08-09 20:57:12,26,REJECTED,FALLBACK_TRIGGERED
ASG02680,REQ02127,AMB0049,2,2026-08-09 20:57:40,15,ACCEPTED,ASSIGNMENT_CONFIRMED
ASG02681,REQ02128,AMB0040,1,2026-08-27 15:51:24,14,ACCEPTED,ASSIGNMENT_CONFIRMED
ASG02682,REQ02129,AMB0099,1,2026-08-01 04:47:24,6,ACCEPTED,ASSIGNMENT_CONFIRMED
ASG02683,REQ02130,AMB0037,1,2026-09-03 12:03:21,30,ACCEPTED,ASSIGNMENT_CONFIRMED
ASG02684,REQ02131,AMB0040,1,2026-08-03 04:46:33,30,REJECTED,FALLBACK_TRIGGERED
ASG02685,REQ02131,AMB0054,2,2026-08-03 04:47:05,21,TIMEOUT,FALLBACK_TRIGGERED
ASG02686,REQ02131,AMB0032,3,2026-08-03 04:47:28,26,ACCEPTED,ASSIGNMENT_CONFIRMED
ASG02687,REQ02132,AMB0019,1,2026-08-01 06:37:02,30,ACCEPTED,ASSIGNMENT_CONFIRMED
ASG02688,REQ02133,AMB0091,1,2026-09-08 08:21:10,12,ACCEPTED,ASSIGNMENT_CONFIRMED
ASG02689,REQ02134,AMB0093,1,2026-08-08 18:41:52,28,REJECTED,FALLBACK_TRIGGERED
ASG02690,REQ02134,AMB0124,2,2026-08-08 18:42:22,14,REJECTED,FALLBACK_TRIGGERED
ASG02691,REQ02134,AMB0095,3,2026-08-08 18:42:38,16,ACCEPTED,ASSIGNMENT_CONFIRMED
ASG02692,REQ02135,AMB0129,1,2026-08-30 11:58:52,24,REJECTED,FALLBACK_TRIGGERED
ASG02693,REQ02135,AMB0131,2,2026-08-30 11:59:18,12,ACCEPTED,ASSIGNMENT_CONFIRMED
ASG02694,REQ02136,AMB0045,1,2026-08-09 01:20:18,26,ACCEPTED,ASSIGNMENT_CONFIRMED
ASG02695,REQ02137,AMB0041,1,2026-09-05 00:40:35,19,ACCEPTED,ASSIGNMENT_CONFIRMED
ASG02696,REQ02138,AMB0101,1,2026-08-19 10:25:25,10,ACCEPTED,ASSIGNMENT_CONFIRMED
ASG02697,REQ02139,AMB0009,1,2026-08-21 22:26:24,26,REJECTED,FALLBACK_TRIGGERED
ASG02698,REQ02141,AMB0055,1,2026-08-05 11:32:23,19,ACCEPTED,ASSIGNMENT_CONFIRMED
ASG02699,REQ02142,AMB0027,1,2026-08-06 13:31:51,27,ACCEPTED,ASSIGNMENT_CONFIRMED
ASG02700,REQ02143,AMB0039,1,2026-08-20 02:13:15,17,TIMEOUT,FALLBACK_TRIGGERED
ASG02701,REQ02143,AMB0041,2,2026-08-20 02:13:34,18,ACCEPTED,ASSIGNMENT_CONFIRMED
ASG02702,REQ02144,AMB0040,1,2026-08-24 06:06:43,17,ACCEPTED,ASSIGNMENT_CONFIRMED
ASG02703,REQ02145,AMB0115,1,2026-09-06 23:05:48,27,ACCEPTED,ASSIGNMENT_CONFIRMED
ASG02704,REQ02146,AMB0075,1,2026-08-14 13:21:24,17,ACCEPTED,ASSIGNMENT_CONFIRMED
ASG02705,REQ02148,AMB0086,1,2026-08-06 17:16:15,20,REJECTED,FALLBACK_TRIGGERED
ASG02706,REQ02148,AMB0075,2,2026-08-06 17:16:37,28,ACCEPTED,ASSIGNMENT_CONFIRMED
ASG02707,REQ02149,AMB0115,1,2026-08-16 06:12:54,24,ACCEPTED,ASSIGNMENT_CONFIRMED
ASG02708,REQ02150,AMB0076,1,2026-08-26 09:16:02,22,REJECTED,FALLBACK_TRIGGERED
ASG02709,REQ02150,AMB0075,2,2026-08-26 09:16:26,12,ACCEPTED,ASSIGNMENT_CONFIRMED
ASG02710,REQ02151,AMB0050,1,2026-08-30 12:39:55,29,ACCEPTED,ASSIGNMENT_CONFIRMED
ASG02711,REQ02152,AMB0107,1,2026-08-15 23:34:55,19,ACCEPTED,ASSIGNMENT_CONFIRMED
ASG02712,REQ02153,AMB0127,1,2026-08-01 02:27:39,9,ACCEPTED,ASSIGNMENT_CONFIRMED
ASG02713,REQ02154,AMB0104,1,2026-08-05 19:37:33,17,TIMEOUT,FALLBACK_TRIGGERED
ASG02714,REQ02154,AMB0002,2,2026-08-05 19:37:52,25,TIMEOUT,FALLBACK_TRIGGERED
ASG02715,REQ02154,AMB0059,3,2026-08-05 19:38:19,16,ACCEPTED,ASSIGNMENT_CONFIRMED
ASG02716,REQ02155,AMB0113,1,2026-08-18 22:21:08,24,ACCEPTED,ASSIGNMENT_CONFIRMED
ASG02717,REQ02156,AMB0048,1,2026-08-08 00:00:45,5,ACCEPTED,ASSIGNMENT_CONFIRMED
ASG02718,REQ02157,AMB0102,1,2026-08-10 04:31:28,7,ACCEPTED,ASSIGNMENT_CONFIRMED
ASG02719,REQ02158,AMB0053,1,2026-08-26 12:59:19,7,TIMEOUT,FALLBACK_TRIGGERED
ASG02720,REQ02158,AMB0116,2,2026-08-26 12:59:28,23,ACCEPTED,ASSIGNMENT_CONFIRMED
ASG02721,REQ02159,AMB0063,1,2026-08-03 10:39:20,13,ACCEPTED,ASSIGNMENT_CONFIRMED
ASG02722,REQ02160,AMB0054,1,2026-08-31 22:19:46,21,ACCEPTED,ASSIGNMENT_CONFIRMED
ASG02723,REQ02161,AMB0057,1,2026-09-02 05:27:29,10,REJECTED,FALLBACK_TRIGGERED
ASG02724,REQ02162,AMB0082,1,2026-08-03 07:45:25,29,ACCEPTED,ASSIGNMENT_CONFIRMED
ASG02725,REQ02163,AMB0025,1,2026-08-27 23:04:18,20,REJECTED,FALLBACK_TRIGGERED
ASG02726,REQ02163,AMB0027,2,2026-08-27 23:04:40,16,TIMEOUT,FALLBACK_TRIGGERED
ASG02727,REQ02163,AMB0072,3,2026-08-27 23:04:58,21,ACCEPTED,ASSIGNMENT_CONFIRMED
ASG02728,REQ02164,AMB0041,1,2026-09-07 22:49:36,11,TIMEOUT,FALLBACK_TRIGGERED
ASG02729,REQ02164,AMB0035,2,2026-09-07 22:49:49,21,ACCEPTED,ASSIGNMENT_CONFIRMED
ASG02730,REQ02165,AMB0031,1,2026-09-02 13:02:37,23,ACCEPTED,ASSIGNMENT_CONFIRMED
ASG02731,REQ02166,AMB0094,1,2026-08-14 04:52:26,10,ACCEPTED,ASSIGNMENT_CONFIRMED
ASG02732,REQ02167,AMB0091,1,2026-08-25 03:08:06,12,REJECTED,FALLBACK_TRIGGERED
ASG02733,REQ02168,AMB0025,1,2026-08-22 19:18:35,15,ACCEPTED,ASSIGNMENT_CONFIRMED
ASG02734,REQ02169,AMB0067,1,2026-08-11 04:58:12,29,ACCEPTED,ASSIGNMENT_CONFIRMED
ASG02735,REQ02170,AMB0082,1,2026-08-11 10:25:45,22,REJECTED,FALLBACK_TRIGGERED
ASG02736,REQ02171,AMB0097,1,2026-08-09 06:28:33,28,ACCEPTED,ASSIGNMENT_CONFIRMED
ASG02737,REQ02172,AMB0129,1,2026-08-25 22:04:46,17,ACCEPTED,ASSIGNMENT_CONFIRMED
ASG02738,REQ02173,AMB0061,1,2026-09-08 17:55:17,26,TIMEOUT,FALLBACK_TRIGGERED
ASG02739,REQ02173,AMB0091,2,2026-09-08 17:55:45,5,ACCEPTED,ASSIGNMENT_CONFIRMED
ASG02740,REQ02174,AMB0010,1,2026-08-25 06:56:43,8,TIMEOUT,FALLBACK_TRIGGERED
ASG02741,REQ02175,AMB0045,1,2026-08-08 01:53:34,29,REJECTED,FALLBACK_TRIGGERED
ASG02742,REQ02175,AMB0080,2,2026-08-08 01:54:05,19,ACCEPTED,ASSIGNMENT_CONFIRMED
ASG02743,REQ02176,AMB0034,1,2026-08-23 10:46:28,8,ACCEPTED,ASSIGNMENT_CONFIRMED
ASG02744,REQ02177,AMB0087,1,2026-08-23 15:22:06,7,REJECTED,FALLBACK_TRIGGERED
ASG02745,REQ02177,AMB0110,2,2026-08-23 15:22:15,24,REJECTED,FALLBACK_TRIGGERED
ASG02746,REQ02177,AMB0063,3,2026-08-23 15:22:41,14,ACCEPTED,ASSIGNMENT_CONFIRMED
ASG02747,REQ02178,AMB0107,1,2026-08-22 16:50:51,8,ACCEPTED,ASSIGNMENT_CONFIRMED
ASG02748,REQ02179,AMB0075,1,2026-08-17 10:06:09,5,ACCEPTED,ASSIGNMENT_CONFIRMED
ASG02749,REQ02181,AMB0123,1,2026-08-21 15:55:02,23,ACCEPTED,ASSIGNMENT_CONFIRMED
ASG02750,REQ02182,AMB0128,1,2026-08-18 04:58:13,24,REJECTED,FALLBACK_TRIGGERED
ASG02751,REQ02182,AMB0102,2,2026-08-18 04:58:39,8,ACCEPTED,ASSIGNMENT_CONFIRMED
ASG02752,REQ02183,AMB0017,1,2026-09-04 07:01:38,5,TIMEOUT,FALLBACK_TRIGGERED
ASG02753,REQ02183,AMB0091,2,2026-09-04 07:01:45,9,ACCEPTED,ASSIGNMENT_CONFIRMED
ASG02754,REQ02184,AMB0109,1,2026-08-05 19:30:38,20,TIMEOUT,FALLBACK_TRIGGERED
ASG02755,REQ02184,AMB0108,2,2026-08-05 19:31:00,15,ACCEPTED,ASSIGNMENT_CONFIRMED
ASG02756,REQ02185,AMB0055,1,2026-08-10 17:17:07,17,ACCEPTED,ASSIGNMENT_CONFIRMED
ASG02757,REQ02186,AMB0101,1,2026-08-23 12:48:44,21,ACCEPTED,ASSIGNMENT_CONFIRMED
ASG02758,REQ02187,AMB0042,1,2026-08-15 18:16:43,7,TIMEOUT,FALLBACK_TRIGGERED
ASG02759,REQ02187,AMB0011,2,2026-08-15 18:16:52,18,REJECTED,FALLBACK_TRIGGERED
ASG02760,REQ02187,AMB0121,3,2026-08-15 18:17:12,10,ACCEPTED,ASSIGNMENT_CONFIRMED
ASG02761,REQ02188,AMB0117,1,2026-08-01 05:45:39,6,TIMEOUT,FALLBACK_TRIGGERED
ASG02762,REQ02189,AMB0005,1,2026-09-03 19:48:08,10,REJECTED,FALLBACK_TRIGGERED
ASG02763,REQ02189,AMB0040,2,2026-09-03 19:48:20,4,ACCEPTED,ASSIGNMENT_CONFIRMED
ASG02764,REQ02190,AMB0088,1,2026-08-15 03:36:47,29,TIMEOUT,FALLBACK_TRIGGERED
ASG02765,REQ02190,AMB0046,2,2026-08-15 03:37:18,16,ACCEPTED,ASSIGNMENT_CONFIRMED
ASG02766,REQ02192,AMB0124,1,2026-09-02 16:48:46,4,REJECTED,FALLBACK_TRIGGERED
ASG02767,REQ02192,AMB0073,2,2026-09-02 16:48:52,19,ACCEPTED,ASSIGNMENT_CONFIRMED
ASG02768,REQ02194,AMB0084,1,2026-09-05 12:45:39,24,ACCEPTED,ASSIGNMENT_CONFIRMED
ASG02769,REQ02195,AMB0044,1,2026-08-29 06:44:00,6,ACCEPTED,ASSIGNMENT_CONFIRMED
ASG02770,REQ02196,AMB0119,1,2026-09-03 02:29:34,11,ACCEPTED,ASSIGNMENT_CONFIRMED
ASG02771,REQ02197,AMB0085,1,2026-08-27 19:35:37,9,ACCEPTED,ASSIGNMENT_CONFIRMED
ASG02772,REQ02198,AMB0054,1,2026-08-31 03:28:39,9,REJECTED,FALLBACK_TRIGGERED
ASG02773,REQ02199,AMB0045,1,2026-08-04 01:45:52,28,ACCEPTED,ASSIGNMENT_CONFIRMED
ASG02774,REQ02200,AMB0010,1,2026-09-05 08:51:29,7,ACCEPTED,ASSIGNMENT_CONFIRMED
ASG02775,REQ02201,AMB0064,1,2026-08-13 18:33:04,21,ACCEPTED,ASSIGNMENT_CONFIRMED
ASG02776,REQ02202,AMB0076,1,2026-08-30 16:04:22,19,ACCEPTED,ASSIGNMENT_CONFIRMED
ASG02777,REQ02203,AMB0095,1,2026-08-25 05:25:52,13,REJECTED,FALLBACK_TRIGGERED
ASG02778,REQ02203,AMB0022,2,2026-08-25 05:26:07,20,ACCEPTED,ASSIGNMENT_CONFIRMED
ASG02779,REQ02204,AMB0080,1,2026-08-02 21:30:25,15,ACCEPTED,ASSIGNMENT_CONFIRMED
ASG02780,REQ02205,AMB0117,1,2026-09-08 00:40:54,21,ACCEPTED,ASSIGNMENT_CONFIRMED
ASG02781,REQ02206,AMB0122,1,2026-09-04 16:41:24,30,ACCEPTED,ASSIGNMENT_CONFIRMED
ASG02782,REQ02207,AMB0045,1,2026-08-26 12:45:48,27,ACCEPTED,ASSIGNMENT_CONFIRMED
ASG02783,REQ02209,AMB0110,1,2026-08-20 19:57:29,10,TIMEOUT,FALLBACK_TRIGGERED
ASG02784,REQ02209,AMB0106,2,2026-08-20 19:57:41,23,REJECTED,FALLBACK_TRIGGERED
ASG02785,REQ02209,AMB0123,3,2026-08-20 19:58:06,30,ACCEPTED,ASSIGNMENT_CONFIRMED
ASG02786,REQ02210,AMB0094,1,2026-09-03 23:55:14,24,ACCEPTED,ASSIGNMENT_CONFIRMED
ASG02787,REQ02211,AMB0087,1,2026-08-11 21:57:56,21,ACCEPTED,ASSIGNMENT_CONFIRMED
ASG02788,REQ02212,AMB0127,1,2026-08-23 04:41:05,15,ACCEPTED,ASSIGNMENT_CONFIRMED
ASG02789,REQ02213,AMB0128,1,2026-08-17 01:19:23,27,ACCEPTED,ASSIGNMENT_CONFIRMED
ASG02790,REQ02214,AMB0009,1,2026-08-04 20:58:44,23,ACCEPTED,ASSIGNMENT_CONFIRMED
ASG02791,REQ02215,AMB0049,1,2026-09-04 14:07:20,7,ACCEPTED,ASSIGNMENT_CONFIRMED
ASG02792,REQ02216,AMB0038,1,2026-08-29 14:39:28,7,ACCEPTED,ASSIGNMENT_CONFIRMED
ASG02793,REQ02217,AMB0020,1,2026-08-23 13:32:18,29,ACCEPTED,ASSIGNMENT_CONFIRMED
ASG02794,REQ02218,AMB0093,1,2026-08-28 09:52:01,22,ACCEPTED,ASSIGNMENT_CONFIRMED
ASG02795,REQ02219,AMB0001,1,2026-08-14 03:22:37,13,REJECTED,FALLBACK_TRIGGERED
ASG02796,REQ02219,AMB0054,2,2026-08-14 03:22:52,11,ACCEPTED,ASSIGNMENT_CONFIRMED
ASG02797,REQ02220,AMB0096,1,2026-09-02 12:35:49,25,TIMEOUT,FALLBACK_TRIGGERED
ASG02798,REQ02221,AMB0068,1,2026-08-20 20:10:52,4,REJECTED,FALLBACK_TRIGGERED
ASG02799,REQ02223,AMB0080,1,2026-08-31 22:16:24,16,ACCEPTED,ASSIGNMENT_CONFIRMED
ASG02800,REQ02224,AMB0052,1,2026-09-01 08:47:59,10,ACCEPTED,ASSIGNMENT_CONFIRMED
ASG02801,REQ02225,AMB0002,1,2026-08-11 02:32:42,17,REJECTED,FALLBACK_TRIGGERED
ASG02802,REQ02226,AMB0099,1,2026-08-20 08:42:30,5,REJECTED,FALLBACK_TRIGGERED
ASG02803,REQ02226,AMB0020,2,2026-08-20 08:42:37,16,TIMEOUT,FALLBACK_TRIGGERED
ASG02804,REQ02226,AMB0034,3,2026-08-20 08:42:55,28,ACCEPTED,ASSIGNMENT_CONFIRMED
ASG02805,REQ02227,AMB0059,1,2026-08-19 00:47:08,11,ACCEPTED,ASSIGNMENT_CONFIRMED
ASG02806,REQ02228,AMB0025,1,2026-08-02 04:27:54,13,ACCEPTED,ASSIGNMENT_CONFIRMED
ASG02807,REQ02231,AMB0040,1,2026-08-09 21:44:14,10,REJECTED,FALLBACK_TRIGGERED
ASG02808,REQ02232,AMB0122,1,2026-09-05 07:57:26,6,ACCEPTED,ASSIGNMENT_CONFIRMED
ASG02809,REQ02233,AMB0031,1,2026-08-20 08:52:25,23,ACCEPTED,ASSIGNMENT_CONFIRMED
ASG02810,REQ02234,AMB0076,1,2026-08-26 11:27:56,14,TIMEOUT,FALLBACK_TRIGGERED
ASG02811,REQ02234,AMB0065,2,2026-08-26 11:28:12,5,ACCEPTED,ASSIGNMENT_CONFIRMED
ASG02812,REQ02235,AMB0029,1,2026-08-25 06:04:36,23,ACCEPTED,ASSIGNMENT_CONFIRMED
ASG02813,REQ02236,AMB0093,1,2026-08-12 15:43:28,4,ACCEPTED,ASSIGNMENT_CONFIRMED
ASG02814,REQ02237,AMB0003,1,2026-09-05 10:00:11,4,ACCEPTED,ASSIGNMENT_CONFIRMED
ASG02815,REQ02238,AMB0086,1,2026-08-18 09:59:43,17,TIMEOUT,FALLBACK_TRIGGERED
ASG02816,REQ02238,AMB0060,2,2026-08-18 10:00:02,24,ACCEPTED,ASSIGNMENT_CONFIRMED
ASG02817,REQ02239,AMB0107,1,2026-08-31 07:14:04,11,ACCEPTED,ASSIGNMENT_CONFIRMED
ASG02818,REQ02240,AMB0095,1,2026-09-07 06:09:22,6,ACCEPTED,ASSIGNMENT_CONFIRMED
ASG02819,REQ02241,AMB0111,1,2026-08-14 02:08:55,11,ACCEPTED,ASSIGNMENT_CONFIRMED
ASG02820,REQ02242,AMB0068,1,2026-08-07 16:12:03,7,ACCEPTED,ASSIGNMENT_CONFIRMED
ASG02821,REQ02243,AMB0008,1,2026-08-20 06:37:05,8,ACCEPTED,ASSIGNMENT_CONFIRMED
ASG02822,REQ02244,AMB0097,1,2026-08-01 15:51:35,19,REJECTED,FALLBACK_TRIGGERED
ASG02823,REQ02244,AMB0014,2,2026-08-01 15:51:56,16,ACCEPTED,ASSIGNMENT_CONFIRMED
ASG02824,REQ02245,AMB0109,1,2026-08-22 14:53:03,4,ACCEPTED,ASSIGNMENT_CONFIRMED
ASG02825,REQ02246,AMB0043,1,2026-08-16 23:04:23,10,ACCEPTED,ASSIGNMENT_CONFIRMED
ASG02826,REQ02248,AMB0115,1,2026-08-09 05:18:47,18,ACCEPTED,ASSIGNMENT_CONFIRMED
ASG02827,REQ02249,AMB0021,1,2026-08-17 10:47:37,25,ACCEPTED,ASSIGNMENT_CONFIRMED
ASG02828,REQ02250,AMB0012,1,2026-08-10 04:08:54,15,ACCEPTED,ASSIGNMENT_CONFIRMED
ASG02829,REQ02251,AMB0128,1,2026-08-24 12:08:41,14,ACCEPTED,ASSIGNMENT_CONFIRMED
ASG02830,REQ02252,AMB0033,1,2026-09-04 09:13:14,26,ACCEPTED,ASSIGNMENT_CONFIRMED
ASG02831,REQ02253,AMB0127,1,2026-08-14 05:15:46,26,ACCEPTED,ASSIGNMENT_CONFIRMED
ASG02832,REQ02254,AMB0090,1,2026-09-02 12:19:49,9,TIMEOUT,FALLBACK_TRIGGERED
ASG02833,REQ02254,AMB0032,2,2026-09-02 12:20:00,14,ACCEPTED,ASSIGNMENT_CONFIRMED
ASG02834,REQ02255,AMB0030,1,2026-08-13 08:11:47,16,ACCEPTED,ASSIGNMENT_CONFIRMED
ASG02835,REQ02256,AMB0064,1,2026-08-16 08:42:36,7,TIMEOUT,FALLBACK_TRIGGERED
ASG02836,REQ02256,AMB0028,2,2026-08-16 08:42:45,14,ACCEPTED,ASSIGNMENT_CONFIRMED
ASG02837,REQ02257,AMB0030,1,2026-08-06 10:44:11,6,REJECTED,FALLBACK_TRIGGERED
ASG02838,REQ02257,AMB0067,2,2026-08-06 10:44:19,9,TIMEOUT,FALLBACK_TRIGGERED
ASG02839,REQ02259,AMB0075,1,2026-08-24 07:15:25,26,TIMEOUT,FALLBACK_TRIGGERED
ASG02840,REQ02262,AMB0079,1,2026-08-20 03:21:30,17,TIMEOUT,FALLBACK_TRIGGERED
ASG02841,REQ02262,AMB0056,2,2026-08-20 03:21:49,6,REJECTED,FALLBACK_TRIGGERED
ASG02842,REQ02262,AMB0114,3,2026-08-20 03:21:57,6,ACCEPTED,ASSIGNMENT_CONFIRMED
ASG02843,REQ02263,AMB0121,1,2026-09-05 07:20:17,30,TIMEOUT,FALLBACK_TRIGGERED
ASG02844,REQ02263,AMB0024,2,2026-09-05 07:20:49,22,REJECTED,FALLBACK_TRIGGERED
ASG02845,REQ02263,AMB0105,3,2026-09-05 07:21:13,16,ACCEPTED,ASSIGNMENT_CONFIRMED
ASG02846,REQ02264,AMB0080,1,2026-08-27 03:25:46,14,ACCEPTED,ASSIGNMENT_CONFIRMED
ASG02847,REQ02265,AMB0091,1,2026-08-07 11:55:14,19,REJECTED,FALLBACK_TRIGGERED
ASG02848,REQ02266,AMB0002,1,2026-08-06 00:15:01,7,ACCEPTED,ASSIGNMENT_CONFIRMED
ASG02849,REQ02267,AMB0024,1,2026-08-07 08:34:39,19,ACCEPTED,ASSIGNMENT_CONFIRMED
ASG02850,REQ02268,AMB0023,1,2026-08-14 03:08:07,18,ACCEPTED,ASSIGNMENT_CONFIRMED
ASG02851,REQ02269,AMB0027,1,2026-08-18 04:47:37,10,ACCEPTED,ASSIGNMENT_CONFIRMED
ASG02852,REQ02270,AMB0010,1,2026-08-13 19:06:29,7,ACCEPTED,ASSIGNMENT_CONFIRMED
ASG02853,REQ02271,AMB0033,1,2026-09-06 08:32:54,18,ACCEPTED,ASSIGNMENT_CONFIRMED
ASG02854,REQ02272,AMB0057,1,2026-08-06 19:26:28,6,ACCEPTED,ASSIGNMENT_CONFIRMED
ASG02855,REQ02273,AMB0023,1,2026-08-03 03:24:06,18,ACCEPTED,ASSIGNMENT_CONFIRMED
ASG02856,REQ02274,AMB0063,1,2026-09-07 01:48:48,14,ACCEPTED,ASSIGNMENT_CONFIRMED
ASG02857,REQ02275,AMB0098,1,2026-08-31 21:51:13,15,ACCEPTED,ASSIGNMENT_CONFIRMED
ASG02858,REQ02276,AMB0109,1,2026-08-04 02:55:27,12,REJECTED,FALLBACK_TRIGGERED
ASG02859,REQ02276,AMB0008,2,2026-08-04 02:55:41,6,REJECTED,FALLBACK_TRIGGERED
ASG02860,REQ02276,AMB0082,3,2026-08-04 02:55:49,13,ACCEPTED,ASSIGNMENT_CONFIRMED
ASG02861,REQ02277,AMB0103,1,2026-08-19 18:41:45,27,REJECTED,FALLBACK_TRIGGERED
ASG02862,REQ02277,AMB0113,2,2026-08-19 18:42:14,21,ACCEPTED,ASSIGNMENT_CONFIRMED
ASG02863,REQ02278,AMB0039,1,2026-08-03 04:33:35,13,REJECTED,FALLBACK_TRIGGERED
ASG02864,REQ02278,AMB0032,2,2026-08-03 04:33:50,17,ACCEPTED,ASSIGNMENT_CONFIRMED
ASG02865,REQ02279,AMB0053,1,2026-08-05 19:38:02,12,REJECTED,FALLBACK_TRIGGERED
ASG02866,REQ02279,AMB0078,2,2026-08-05 19:38:16,25,ACCEPTED,ASSIGNMENT_CONFIRMED
ASG02867,REQ02280,AMB0018,1,2026-08-22 09:35:16,30,REJECTED,FALLBACK_TRIGGERED
ASG02868,REQ02280,AMB0065,2,2026-08-22 09:35:48,19,ACCEPTED,ASSIGNMENT_CONFIRMED
ASG02869,REQ02281,AMB0075,1,2026-08-07 15:53:59,25,ACCEPTED,ASSIGNMENT_CONFIRMED
ASG02870,REQ02282,AMB0112,1,2026-08-06 15:07:13,8,ACCEPTED,ASSIGNMENT_CONFIRMED
ASG02871,REQ02283,AMB0038,1,2026-08-30 21:55:00,8,ACCEPTED,ASSIGNMENT_CONFIRMED
ASG02872,REQ02284,AMB0016,1,2026-09-04 14:54:40,24,ACCEPTED,ASSIGNMENT_CONFIRMED
ASG02873,REQ02285,AMB0076,1,2026-09-02 11:31:24,8,ACCEPTED,ASSIGNMENT_CONFIRMED
ASG02874,REQ02286,AMB0021,1,2026-08-20 19:07:42,17,TIMEOUT,FALLBACK_TRIGGERED
ASG02875,REQ02286,AMB0103,2,2026-08-20 19:08:01,5,ACCEPTED,ASSIGNMENT_CONFIRMED
ASG02876,REQ02287,AMB0090,1,2026-08-19 01:04:45,7,ACCEPTED,ASSIGNMENT_CONFIRMED
ASG02877,REQ02288,AMB0087,1,2026-08-05 13:35:16,23,ACCEPTED,ASSIGNMENT_CONFIRMED
ASG02878,REQ02289,AMB0072,1,2026-08-01 04:40:23,26,ACCEPTED,ASSIGNMENT_CONFIRMED
ASG02879,REQ02290,AMB0082,1,2026-09-03 16:58:58,8,ACCEPTED,ASSIGNMENT_CONFIRMED
ASG02880,REQ02291,AMB0127,1,2026-08-07 18:40:44,13,ACCEPTED,ASSIGNMENT_CONFIRMED
ASG02881,REQ02292,AMB0084,1,2026-09-02 09:56:09,10,ACCEPTED,ASSIGNMENT_CONFIRMED
ASG02882,REQ02293,AMB0060,1,2026-08-24 12:23:01,7,TIMEOUT,FALLBACK_TRIGGERED
ASG02883,REQ02293,AMB0070,2,2026-08-24 12:23:10,22,ACCEPTED,ASSIGNMENT_CONFIRMED
ASG02884,REQ02296,AMB0003,1,2026-08-18 03:31:08,17,REJECTED,FALLBACK_TRIGGERED
ASG02885,REQ02296,AMB0083,2,2026-08-18 03:31:27,24,ACCEPTED,ASSIGNMENT_CONFIRMED
ASG02886,REQ02297,AMB0027,1,2026-08-11 04:14:09,7,REJECTED,FALLBACK_TRIGGERED
ASG02887,REQ02297,AMB0122,2,2026-08-11 04:14:18,24,ACCEPTED,ASSIGNMENT_CONFIRMED
ASG02888,REQ02298,AMB0058,1,2026-08-10 16:12:22,24,ACCEPTED,ASSIGNMENT_CONFIRMED
ASG02889,REQ02299,AMB0109,1,2026-08-18 14:38:51,27,ACCEPTED,ASSIGNMENT_CONFIRMED
ASG02890,REQ02300,AMB0062,1,2026-08-21 06:20:49,24,REJECTED,FALLBACK_TRIGGERED
ASG02891,REQ02300,AMB0004,2,2026-08-21 06:21:15,19,ACCEPTED,ASSIGNMENT_CONFIRMED
ASG02892,REQ02301,AMB0012,1,2026-08-28 09:07:40,24,ACCEPTED,ASSIGNMENT_CONFIRMED
ASG02893,REQ02302,AMB0110,1,2026-08-16 00:08:59,22,ACCEPTED,ASSIGNMENT_CONFIRMED
ASG02894,REQ02303,AMB0083,1,2026-08-22 07:19:04,18,TIMEOUT,FALLBACK_TRIGGERED
ASG02895,REQ02303,AMB0014,2,2026-08-22 07:19:24,7,ACCEPTED,ASSIGNMENT_CONFIRMED
ASG02896,REQ02304,AMB0059,1,2026-08-31 17:26:51,4,ACCEPTED,ASSIGNMENT_CONFIRMED
ASG02897,REQ02306,AMB0083,1,2026-09-05 18:49:07,24,ACCEPTED,ASSIGNMENT_CONFIRMED
ASG02898,REQ02307,AMB0072,1,2026-08-16 23:25:38,24,TIMEOUT,FALLBACK_TRIGGERED
ASG02899,REQ02307,AMB0126,2,2026-08-16 23:26:04,13,ACCEPTED,ASSIGNMENT_CONFIRMED
ASG02900,REQ02308,AMB0062,1,2026-09-07 18:19:44,11,TIMEOUT,FALLBACK_TRIGGERED
ASG02901,REQ02308,AMB0058,2,2026-09-07 18:19:57,15,ACCEPTED,ASSIGNMENT_CONFIRMED
ASG02902,REQ02309,AMB0121,1,2026-08-28 18:40:03,11,TIMEOUT,FALLBACK_TRIGGERED
ASG02903,REQ02309,AMB0123,2,2026-08-28 18:40:16,5,REJECTED,FALLBACK_TRIGGERED
ASG02904,REQ02309,AMB0110,3,2026-08-28 18:40:23,20,ACCEPTED,ASSIGNMENT_CONFIRMED
ASG02905,REQ02310,AMB0040,1,2026-08-04 12:21:26,30,TIMEOUT,FALLBACK_TRIGGERED
ASG02906,REQ02310,AMB0062,2,2026-08-04 12:21:58,6,ACCEPTED,ASSIGNMENT_CONFIRMED
ASG02907,REQ02311,AMB0124,1,2026-08-29 13:05:59,29,ACCEPTED,ASSIGNMENT_CONFIRMED
ASG02908,REQ02312,AMB0013,1,2026-08-02 16:17:12,12,REJECTED,FALLBACK_TRIGGERED
ASG02909,REQ02312,AMB0055,2,2026-08-02 16:17:26,19,ACCEPTED,ASSIGNMENT_CONFIRMED
ASG02910,REQ02313,AMB0030,1,2026-09-01 05:20:51,20,ACCEPTED,ASSIGNMENT_CONFIRMED
ASG02911,REQ02314,AMB0102,1,2026-08-20 16:00:49,21,ACCEPTED,ASSIGNMENT_CONFIRMED
ASG02912,REQ02317,AMB0115,1,2026-08-22 21:38:18,12,ACCEPTED,ASSIGNMENT_CONFIRMED
ASG02913,REQ02318,AMB0092,1,2026-08-25 07:02:17,9,ACCEPTED,ASSIGNMENT_CONFIRMED
ASG02914,REQ02319,AMB0084,1,2026-08-19 05:38:08,27,ACCEPTED,ASSIGNMENT_CONFIRMED
ASG02915,REQ02321,AMB0091,1,2026-08-23 01:13:07,5,TIMEOUT,FALLBACK_TRIGGERED
ASG02916,REQ02321,AMB0124,2,2026-08-23 01:13:14,22,ACCEPTED,ASSIGNMENT_CONFIRMED
ASG02917,REQ02322,AMB0018,1,2026-08-27 03:42:37,20,ACCEPTED,ASSIGNMENT_CONFIRMED
ASG02918,REQ02323,AMB0040,1,2026-09-08 01:00:03,16,ACCEPTED,ASSIGNMENT_CONFIRMED
ASG02919,REQ02324,AMB0013,1,2026-08-22 12:45:45,16,ACCEPTED,ASSIGNMENT_CONFIRMED
ASG02920,REQ02325,AMB0045,1,2026-08-29 18:39:51,13,REJECTED,FALLBACK_TRIGGERED
ASG02921,REQ02325,AMB0110,2,2026-08-29 18:40:06,24,REJECTED,FALLBACK_TRIGGERED
ASG02922,REQ02325,AMB0024,3,2026-08-29 18:40:32,23,ACCEPTED,ASSIGNMENT_CONFIRMED
ASG02923,REQ02326,AMB0069,1,2026-08-25 20:40:29,5,ACCEPTED,ASSIGNMENT_CONFIRMED
ASG02924,REQ02327,AMB0098,1,2026-08-16 14:00:50,9,TIMEOUT,FALLBACK_TRIGGERED
ASG02925,REQ02327,AMB0007,2,2026-08-16 14:01:01,20,ACCEPTED,ASSIGNMENT_CONFIRMED
ASG02926,REQ02328,AMB0014,1,2026-09-01 13:26:45,16,REJECTED,FALLBACK_TRIGGERED
ASG02927,REQ02328,AMB0023,2,2026-09-01 13:27:03,28,REJECTED,FALLBACK_TRIGGERED
ASG02928,REQ02328,AMB0039,3,2026-09-01 13:27:33,25,ACCEPTED,ASSIGNMENT_CONFIRMED
ASG02929,REQ02329,AMB0118,1,2026-09-06 05:35:05,22,TIMEOUT,FALLBACK_TRIGGERED
ASG02930,REQ02329,AMB0036,2,2026-09-06 05:35:29,21,ACCEPTED,ASSIGNMENT_CONFIRMED
ASG02931,REQ02330,AMB0042,1,2026-08-10 04:15:04,10,ACCEPTED,ASSIGNMENT_CONFIRMED
ASG02932,REQ02331,AMB0021,1,2026-08-31 20:27:13,9,ACCEPTED,ASSIGNMENT_CONFIRMED
ASG02933,REQ02332,AMB0125,1,2026-08-09 12:52:40,19,ACCEPTED,ASSIGNMENT_CONFIRMED
ASG02934,REQ02333,AMB0001,1,2026-08-10 19:19:12,30,ACCEPTED,ASSIGNMENT_CONFIRMED
ASG02935,REQ02334,AMB0055,1,2026-09-04 18:58:44,20,ACCEPTED,ASSIGNMENT_CONFIRMED
ASG02936,REQ02335,AMB0110,1,2026-09-02 12:24:39,7,TIMEOUT,FALLBACK_TRIGGERED
ASG02937,REQ02335,AMB0045,2,2026-09-02 12:24:48,26,ACCEPTED,ASSIGNMENT_CONFIRMED
ASG02938,REQ02336,AMB0030,1,2026-08-13 21:31:26,12,REJECTED,FALLBACK_TRIGGERED
ASG02939,REQ02337,AMB0045,1,2026-08-18 21:55:01,19,ACCEPTED,ASSIGNMENT_CONFIRMED
ASG02940,REQ02340,AMB0127,1,2026-09-07 13:10:10,10,ACCEPTED,ASSIGNMENT_CONFIRMED
ASG02941,REQ02341,AMB0081,1,2026-08-09 10:00:26,24,ACCEPTED,ASSIGNMENT_CONFIRMED
ASG02942,REQ02342,AMB0126,1,2026-08-04 13:49:08,12,ACCEPTED,ASSIGNMENT_CONFIRMED
ASG02943,REQ02343,AMB0026,1,2026-08-29 18:49:13,25,ACCEPTED,ASSIGNMENT_CONFIRMED
ASG02944,REQ02344,AMB0039,1,2026-08-24 00:11:09,4,TIMEOUT,FALLBACK_TRIGGERED
ASG02945,REQ02344,AMB0048,2,2026-08-24 00:11:15,5,ACCEPTED,ASSIGNMENT_CONFIRMED
ASG02946,REQ02345,AMB0062,1,2026-09-01 23:36:29,19,ACCEPTED,ASSIGNMENT_CONFIRMED
ASG02947,REQ02347,AMB0095,1,2026-08-10 22:03:59,24,ACCEPTED,ASSIGNMENT_CONFIRMED
ASG02948,REQ02348,AMB0017,1,2026-08-29 00:25:12,23,TIMEOUT,FALLBACK_TRIGGERED
ASG02949,REQ02349,AMB0013,1,2026-08-05 04:56:50,25,ACCEPTED,ASSIGNMENT_CONFIRMED
ASG02950,REQ02351,AMB0035,1,2026-09-06 12:01:50,25,ACCEPTED,ASSIGNMENT_CONFIRMED
ASG02951,REQ02352,AMB0085,1,2026-08-14 12:00:54,11,REJECTED,FALLBACK_TRIGGERED
ASG02952,REQ02352,AMB0094,2,2026-08-14 12:01:07,15,TIMEOUT,FALLBACK_TRIGGERED
ASG02953,REQ02352,AMB0127,3,2026-08-14 12:01:24,23,ACCEPTED,ASSIGNMENT_CONFIRMED
ASG02954,REQ02353,AMB0058,1,2026-08-02 17:23:58,16,TIMEOUT,FALLBACK_TRIGGERED
ASG02955,REQ02353,AMB0047,2,2026-08-02 17:24:16,19,ACCEPTED,ASSIGNMENT_CONFIRMED
ASG02956,REQ02354,AMB0090,1,2026-08-06 18:59:13,18,REJECTED,FALLBACK_TRIGGERED
ASG02957,REQ02355,AMB0026,1,2026-08-26 03:30:22,17,ACCEPTED,ASSIGNMENT_CONFIRMED
ASG02958,REQ02356,AMB0019,1,2026-09-03 23:32:36,8,REJECTED,FALLBACK_TRIGGERED
ASG02959,REQ02356,AMB0022,2,2026-09-03 23:32:46,11,TIMEOUT,FALLBACK_TRIGGERED
ASG02960,REQ02356,AMB0027,3,2026-09-03 23:32:59,7,ACCEPTED,ASSIGNMENT_CONFIRMED
ASG02961,REQ02357,AMB0019,1,2026-08-16 02:22:25,11,ACCEPTED,ASSIGNMENT_CONFIRMED
ASG02962,REQ02358,AMB0013,1,2026-08-07 08:32:41,7,ACCEPTED,ASSIGNMENT_CONFIRMED
ASG02963,REQ02359,AMB0085,1,2026-08-07 12:33:59,10,TIMEOUT,FALLBACK_TRIGGERED
ASG02964,REQ02360,AMB0012,1,2026-09-08 01:09:56,9,TIMEOUT,FALLBACK_TRIGGERED
ASG02965,REQ02360,AMB0104,2,2026-09-08 01:10:07,22,TIMEOUT,FALLBACK_TRIGGERED
ASG02966,REQ02360,AMB0074,3,2026-09-08 01:10:31,26,REJECTED,FALLBACK_TRIGGERED
ASG02967,REQ02361,AMB0036,1,2026-08-14 15:44:06,30,ACCEPTED,ASSIGNMENT_CONFIRMED
ASG02968,REQ02362,AMB0047,1,2026-09-06 18:30:52,11,REJECTED,FALLBACK_TRIGGERED
ASG02969,REQ02362,AMB0009,2,2026-09-06 18:31:05,21,ACCEPTED,ASSIGNMENT_CONFIRMED
ASG02970,REQ02364,AMB0064,1,2026-09-04 02:37:22,20,ACCEPTED,ASSIGNMENT_CONFIRMED
ASG02971,REQ02365,AMB0122,1,2026-09-07 20:37:49,5,TIMEOUT,FALLBACK_TRIGGERED
ASG02972,REQ02365,AMB0054,2,2026-09-07 20:37:56,22,ACCEPTED,ASSIGNMENT_CONFIRMED
ASG02973,REQ02367,AMB0027,1,2026-08-14 00:52:55,11,TIMEOUT,FALLBACK_TRIGGERED
ASG02974,REQ02367,AMB0004,2,2026-08-14 00:53:08,20,ACCEPTED,ASSIGNMENT_CONFIRMED
ASG02975,REQ02368,AMB0113,1,2026-08-31 12:27:37,20,REJECTED,FALLBACK_TRIGGERED
ASG02976,REQ02368,AMB0123,2,2026-08-31 12:27:59,23,REJECTED,FALLBACK_TRIGGERED
ASG02977,REQ02368,AMB0032,3,2026-08-31 12:28:24,11,ACCEPTED,ASSIGNMENT_CONFIRMED
ASG02978,REQ02370,AMB0029,1,2026-08-13 00:34:58,17,REJECTED,FALLBACK_TRIGGERED
ASG02979,REQ02370,AMB0036,2,2026-08-13 00:35:17,16,REJECTED,FALLBACK_TRIGGERED
ASG02980,REQ02370,AMB0002,3,2026-08-13 00:35:35,23,REJECTED,FALLBACK_TRIGGERED
ASG02981,REQ02371,AMB0096,1,2026-08-11 15:50:30,7,ACCEPTED,ASSIGNMENT_CONFIRMED
ASG02982,REQ02372,AMB0020,1,2026-08-31 20:32:58,18,ACCEPTED,ASSIGNMENT_CONFIRMED
ASG02983,REQ02373,AMB0078,1,2026-08-10 22:54:17,12,REJECTED,FALLBACK_TRIGGERED
ASG02984,REQ02373,AMB0001,2,2026-08-10 22:54:31,10,ACCEPTED,ASSIGNMENT_CONFIRMED
ASG02985,REQ02374,AMB0072,1,2026-08-29 15:06:48,24,ACCEPTED,ASSIGNMENT_CONFIRMED
ASG02986,REQ02375,AMB0060,1,2026-08-31 03:24:23,21,ACCEPTED,ASSIGNMENT_CONFIRMED
ASG02987,REQ02376,AMB0058,1,2026-08-25 16:54:15,29,ACCEPTED,ASSIGNMENT_CONFIRMED
ASG02988,REQ02377,AMB0016,1,2026-08-19 04:43:24,25,ACCEPTED,ASSIGNMENT_CONFIRMED
ASG02989,REQ02378,AMB0069,1,2026-08-05 08:15:39,16,ACCEPTED,ASSIGNMENT_CONFIRMED
ASG02990,REQ02379,AMB0094,1,2026-08-22 15:50:40,14,ACCEPTED,ASSIGNMENT_CONFIRMED
ASG02991,REQ02380,AMB0113,1,2026-08-10 13:00:01,19,ACCEPTED,ASSIGNMENT_CONFIRMED
ASG02992,REQ02381,AMB0004,1,2026-08-22 19:29:55,4,TIMEOUT,FALLBACK_TRIGGERED
ASG02993,REQ02381,AMB0060,2,2026-08-22 19:30:01,15,ACCEPTED,ASSIGNMENT_CONFIRMED
ASG02994,REQ02382,AMB0130,1,2026-08-06 19:11:06,20,REJECTED,FALLBACK_TRIGGERED
ASG02995,REQ02383,AMB0068,1,2026-09-02 13:40:24,21,REJECTED,FALLBACK_TRIGGERED
ASG02996,REQ02383,AMB0032,2,2026-09-02 13:40:47,28,ACCEPTED,ASSIGNMENT_CONFIRMED
ASG02997,REQ02384,AMB0046,1,2026-09-01 22:08:52,22,ACCEPTED,ASSIGNMENT_CONFIRMED
ASG02998,REQ02385,AMB0060,1,2026-09-07 05:46:31,20,ACCEPTED,ASSIGNMENT_CONFIRMED
ASG02999,REQ02386,AMB0015,1,2026-08-04 02:19:42,29,REJECTED,FALLBACK_TRIGGERED
ASG03000,REQ02386,AMB0072,2,2026-08-04 02:20:13,19,TIMEOUT,FALLBACK_TRIGGERED
ASG03001,REQ02386,AMB0043,3,2026-08-04 02:20:34,14,ACCEPTED,ASSIGNMENT_CONFIRMED
ASG03002,REQ02387,AMB0091,1,2026-09-01 03:25:41,11,ACCEPTED,ASSIGNMENT_CONFIRMED
ASG03003,REQ02388,AMB0096,1,2026-08-14 12:38:45,17,ACCEPTED,ASSIGNMENT_CONFIRMED
ASG03004,REQ02389,AMB0026,1,2026-08-04 16:52:38,14,REJECTED,FALLBACK_TRIGGERED
ASG03005,REQ02389,AMB0056,2,2026-08-04 16:52:54,27,ACCEPTED,ASSIGNMENT_CONFIRMED
ASG03006,REQ02391,AMB0005,1,2026-09-08 05:39:43,16,ACCEPTED,ASSIGNMENT_CONFIRMED
ASG03007,REQ02392,AMB0127,1,2026-08-06 07:49:26,5,ACCEPTED,ASSIGNMENT_CONFIRMED
ASG03008,REQ02393,AMB0103,1,2026-08-28 16:04:22,10,ACCEPTED,ASSIGNMENT_CONFIRMED
ASG03009,REQ02395,AMB0060,1,2026-08-01 19:27:31,6,REJECTED,FALLBACK_TRIGGERED
ASG03010,REQ02395,AMB0018,2,2026-08-01 19:27:39,26,ACCEPTED,ASSIGNMENT_CONFIRMED
ASG03011,REQ02396,AMB0024,1,2026-08-08 23:19:08,7,ACCEPTED,ASSIGNMENT_CONFIRMED
ASG03012,REQ02397,AMB0086,1,2026-08-07 12:51:31,14,REJECTED,FALLBACK_TRIGGERED
ASG03013,REQ02397,AMB0007,2,2026-08-07 12:51:47,23,REJECTED,FALLBACK_TRIGGERED
ASG03014,REQ02397,AMB0126,3,2026-08-07 12:52:12,10,ACCEPTED,ASSIGNMENT_CONFIRMED
ASG03015,REQ02399,AMB0049,1,2026-08-26 20:10:29,12,REJECTED,FALLBACK_TRIGGERED
ASG03016,REQ02399,AMB0059,2,2026-08-26 20:10:43,19,ACCEPTED,ASSIGNMENT_CONFIRMED
ASG03017,REQ02401,AMB0020,1,2026-09-08 21:57:45,18,ACCEPTED,ASSIGNMENT_CONFIRMED
ASG03018,REQ02402,AMB0056,1,2026-08-07 04:20:21,19,ACCEPTED,ASSIGNMENT_CONFIRMED
ASG03019,REQ02404,AMB0055,1,2026-08-25 10:30:35,4,ACCEPTED,ASSIGNMENT_CONFIRMED
ASG03020,REQ02405,AMB0036,1,2026-08-06 17:34:28,5,ACCEPTED,ASSIGNMENT_CONFIRMED
ASG03021,REQ02406,AMB0074,1,2026-08-03 00:45:38,15,REJECTED,FALLBACK_TRIGGERED
ASG03022,REQ02406,AMB0012,2,2026-08-03 00:45:55,19,ACCEPTED,ASSIGNMENT_CONFIRMED
ASG03023,REQ02407,AMB0025,1,2026-08-23 20:29:03,16,ACCEPTED,ASSIGNMENT_CONFIRMED
ASG03024,REQ02408,AMB0070,1,2026-08-10 10:40:00,18,ACCEPTED,ASSIGNMENT_CONFIRMED
ASG03025,REQ02409,AMB0077,1,2026-08-02 12:42:41,8,TIMEOUT,FALLBACK_TRIGGERED
ASG03026,REQ02409,AMB0111,2,2026-08-02 12:42:51,21,TIMEOUT,FALLBACK_TRIGGERED
ASG03027,REQ02409,AMB0123,3,2026-08-02 12:43:14,11,ACCEPTED,ASSIGNMENT_CONFIRMED
ASG03028,REQ02411,AMB0083,1,2026-08-17 05:57:24,5,TIMEOUT,FALLBACK_TRIGGERED
ASG03029,REQ02412,AMB0035,1,2026-08-19 00:44:51,22,REJECTED,FALLBACK_TRIGGERED
ASG03030,REQ02412,AMB0086,2,2026-08-19 00:45:15,26,REJECTED,FALLBACK_TRIGGERED
ASG03031,REQ02412,AMB0099,3,2026-08-19 00:45:43,29,TIMEOUT,FALLBACK_TRIGGERED
ASG03032,REQ02413,AMB0031,1,2026-09-08 11:57:26,8,ACCEPTED,ASSIGNMENT_CONFIRMED
ASG03033,REQ02414,AMB0116,1,2026-08-24 20:19:16,9,ACCEPTED,ASSIGNMENT_CONFIRMED
ASG03034,REQ02415,AMB0009,1,2026-09-04 21:52:26,23,TIMEOUT,FALLBACK_TRIGGERED
ASG03035,REQ02415,AMB0123,2,2026-09-04 21:52:51,21,ACCEPTED,ASSIGNMENT_CONFIRMED
ASG03036,REQ02417,AMB0006,1,2026-08-14 13:25:53,11,TIMEOUT,FALLBACK_TRIGGERED
ASG03037,REQ02417,AMB0083,2,2026-08-14 13:26:06,4,REJECTED,FALLBACK_TRIGGERED
ASG03038,REQ02418,AMB0107,1,2026-08-01 16:57:38,21,ACCEPTED,ASSIGNMENT_CONFIRMED
ASG03039,REQ02419,AMB0068,1,2026-08-20 07:55:46,12,TIMEOUT,FALLBACK_TRIGGERED
ASG03040,REQ02419,AMB0112,2,2026-08-20 07:56:00,14,ACCEPTED,ASSIGNMENT_CONFIRMED
ASG03041,REQ02420,AMB0115,1,2026-08-20 10:51:03,27,REJECTED,FALLBACK_TRIGGERED
ASG03042,REQ02420,AMB0068,2,2026-08-20 10:51:32,13,REJECTED,FALLBACK_TRIGGERED
ASG03043,REQ02420,AMB0009,3,2026-08-20 10:51:47,14,ACCEPTED,ASSIGNMENT_CONFIRMED
ASG03044,REQ02421,AMB0093,1,2026-08-01 01:29:12,6,ACCEPTED,ASSIGNMENT_CONFIRMED
ASG03045,REQ02422,AMB0095,1,2026-09-01 04:54:37,26,TIMEOUT,FALLBACK_TRIGGERED
ASG03046,REQ02422,AMB0108,2,2026-09-01 04:55:05,19,TIMEOUT,FALLBACK_TRIGGERED
ASG03047,REQ02422,AMB0003,3,2026-09-01 04:55:26,22,ACCEPTED,ASSIGNMENT_CONFIRMED
ASG03048,REQ02423,AMB0013,1,2026-08-05 13:08:21,7,TIMEOUT,FALLBACK_TRIGGERED
ASG03049,REQ02423,AMB0128,2,2026-08-05 13:08:30,29,ACCEPTED,ASSIGNMENT_CONFIRMED
ASG03050,REQ02425,AMB0063,1,2026-08-15 07:48:31,5,ACCEPTED,ASSIGNMENT_CONFIRMED
ASG03051,REQ02426,AMB0007,1,2026-08-23 18:01:17,6,REJECTED,FALLBACK_TRIGGERED
ASG03052,REQ02426,AMB0066,2,2026-08-23 18:01:25,24,REJECTED,FALLBACK_TRIGGERED
ASG03053,REQ02426,AMB0078,3,2026-08-23 18:01:51,5,TIMEOUT,FALLBACK_TRIGGERED
ASG03054,REQ02427,AMB0014,1,2026-08-25 05:51:42,16,TIMEOUT,FALLBACK_TRIGGERED
ASG03055,REQ02427,AMB0005,2,2026-08-25 05:52:00,22,ACCEPTED,ASSIGNMENT_CONFIRMED
ASG03056,REQ02429,AMB0066,1,2026-08-06 15:42:57,29,ACCEPTED,ASSIGNMENT_CONFIRMED
ASG03057,REQ02430,AMB0111,1,2026-08-27 04:30:11,15,TIMEOUT,FALLBACK_TRIGGERED
ASG03058,REQ02430,AMB0066,2,2026-08-27 04:30:28,4,ACCEPTED,ASSIGNMENT_CONFIRMED
ASG03059,REQ02431,AMB0004,1,2026-08-09 02:42:20,5,TIMEOUT,FALLBACK_TRIGGERED
ASG03060,REQ02431,AMB0010,2,2026-08-09 02:42:27,4,TIMEOUT,FALLBACK_TRIGGERED
ASG03061,REQ02431,AMB0106,3,2026-08-09 02:42:33,12,ACCEPTED,ASSIGNMENT_CONFIRMED
ASG03062,REQ02433,AMB0065,1,2026-08-04 13:36:14,23,TIMEOUT,FALLBACK_TRIGGERED
ASG03063,REQ02433,AMB0099,2,2026-08-04 13:36:39,20,ACCEPTED,ASSIGNMENT_CONFIRMED
ASG03064,REQ02434,AMB0076,1,2026-08-05 13:47:31,27,TIMEOUT,FALLBACK_TRIGGERED
ASG03065,REQ02434,AMB0090,2,2026-08-05 13:48:00,9,ACCEPTED,ASSIGNMENT_CONFIRMED
ASG03066,REQ02435,AMB0005,1,2026-08-27 14:14:43,13,ACCEPTED,ASSIGNMENT_CONFIRMED
ASG03067,REQ02436,AMB0037,1,2026-09-05 16:02:19,13,TIMEOUT,FALLBACK_TRIGGERED
ASG03068,REQ02436,AMB0109,2,2026-09-05 16:02:34,8,TIMEOUT,FALLBACK_TRIGGERED
ASG03069,REQ02436,AMB0114,3,2026-09-05 16:02:44,17,ACCEPTED,ASSIGNMENT_CONFIRMED
ASG03070,REQ02437,AMB0050,1,2026-08-16 12:19:23,20,ACCEPTED,ASSIGNMENT_CONFIRMED
ASG03071,REQ02438,AMB0121,1,2026-08-31 11:49:23,23,ACCEPTED,ASSIGNMENT_CONFIRMED
ASG03072,REQ02439,AMB0021,1,2026-08-19 20:16:12,6,ACCEPTED,ASSIGNMENT_CONFIRMED
ASG03073,REQ02440,AMB0029,1,2026-08-15 02:56:02,9,REJECTED,FALLBACK_TRIGGERED
ASG03074,REQ02440,AMB0099,2,2026-08-15 02:56:13,15,REJECTED,FALLBACK_TRIGGERED
ASG03075,REQ02440,AMB0096,3,2026-08-15 02:56:30,5,ACCEPTED,ASSIGNMENT_CONFIRMED
ASG03076,REQ02441,AMB0031,1,2026-08-21 00:26:09,15,ACCEPTED,ASSIGNMENT_CONFIRMED
ASG03077,REQ02442,AMB0006,1,2026-08-22 02:58:28,13,ACCEPTED,ASSIGNMENT_CONFIRMED
ASG03078,REQ02443,AMB0087,1,2026-09-01 07:52:39,4,ACCEPTED,ASSIGNMENT_CONFIRMED
ASG03079,REQ02444,AMB0019,1,2026-08-30 13:49:30,28,ACCEPTED,ASSIGNMENT_CONFIRMED
ASG03080,REQ02445,AMB0019,1,2026-08-19 11:54:38,24,TIMEOUT,FALLBACK_TRIGGERED
ASG03081,REQ02446,AMB0124,1,2026-08-01 05:00:08,29,ACCEPTED,ASSIGNMENT_CONFIRMED
ASG03082,REQ02447,AMB0100,1,2026-08-14 23:19:40,10,ACCEPTED,ASSIGNMENT_CONFIRMED
ASG03083,REQ02448,AMB0026,1,2026-08-04 08:00:38,24,REJECTED,FALLBACK_TRIGGERED
ASG03084,REQ02448,AMB0059,2,2026-08-04 08:01:04,28,ACCEPTED,ASSIGNMENT_CONFIRMED
ASG03085,REQ02449,AMB0064,1,2026-08-05 17:45:46,7,TIMEOUT,FALLBACK_TRIGGERED
ASG03086,REQ02449,AMB0103,2,2026-08-05 17:45:55,19,ACCEPTED,ASSIGNMENT_CONFIRMED
ASG03087,REQ02450,AMB0093,1,2026-08-09 14:11:04,13,ACCEPTED,ASSIGNMENT_CONFIRMED
ASG03088,REQ02451,AMB0026,1,2026-08-11 04:00:06,17,TIMEOUT,FALLBACK_TRIGGERED
ASG03089,REQ02451,AMB0075,2,2026-08-11 04:00:25,12,TIMEOUT,FALLBACK_TRIGGERED
ASG03090,REQ02451,AMB0108,3,2026-08-11 04:00:39,13,ACCEPTED,ASSIGNMENT_CONFIRMED
ASG03091,REQ02452,AMB0130,1,2026-08-13 21:46:04,23,ACCEPTED,ASSIGNMENT_CONFIRMED
ASG03092,REQ02453,AMB0047,1,2026-08-16 17:36:43,12,TIMEOUT,FALLBACK_TRIGGERED
ASG03093,REQ02453,AMB0022,2,2026-08-16 17:36:57,25,ACCEPTED,ASSIGNMENT_CONFIRMED
ASG03094,REQ02454,AMB0048,1,2026-08-30 23:32:37,20,ACCEPTED,ASSIGNMENT_CONFIRMED
ASG03095,REQ02455,AMB0018,1,2026-08-17 22:45:06,6,REJECTED,FALLBACK_TRIGGERED
ASG03096,REQ02455,AMB0114,2,2026-08-17 22:45:14,24,ACCEPTED,ASSIGNMENT_CONFIRMED
ASG03097,REQ02456,AMB0072,1,2026-08-02 20:42:34,28,ACCEPTED,ASSIGNMENT_CONFIRMED
ASG03098,REQ02457,AMB0041,1,2026-09-07 02:39:16,28,ACCEPTED,ASSIGNMENT_CONFIRMED
ASG03099,REQ02458,AMB0084,1,2026-08-22 12:52:07,22,ACCEPTED,ASSIGNMENT_CONFIRMED
ASG03100,REQ02459,AMB0069,1,2026-09-02 16:26:48,30,ACCEPTED,ASSIGNMENT_CONFIRMED
ASG03101,REQ02460,AMB0079,1,2026-08-25 14:34:14,4,ACCEPTED,ASSIGNMENT_CONFIRMED
ASG03102,REQ02461,AMB0080,1,2026-08-31 23:18:52,16,TIMEOUT,FALLBACK_TRIGGERED
ASG03103,REQ02461,AMB0066,2,2026-08-31 23:19:10,16,ACCEPTED,ASSIGNMENT_CONFIRMED
ASG03104,REQ02462,AMB0040,1,2026-08-20 09:50:25,24,ACCEPTED,ASSIGNMENT_CONFIRMED
ASG03105,REQ02463,AMB0129,1,2026-08-05 14:26:49,19,REJECTED,FALLBACK_TRIGGERED
ASG03106,REQ02463,AMB0123,2,2026-08-05 14:27:10,28,ACCEPTED,ASSIGNMENT_CONFIRMED
ASG03107,REQ02464,AMB0102,1,2026-09-08 12:34:47,25,ACCEPTED,ASSIGNMENT_CONFIRMED
ASG03108,REQ02465,AMB0123,1,2026-09-06 12:37:32,17,ACCEPTED,ASSIGNMENT_CONFIRMED
ASG03109,REQ02466,AMB0121,1,2026-08-15 15:43:38,10,TIMEOUT,FALLBACK_TRIGGERED
ASG03110,REQ02466,AMB0012,2,2026-08-15 15:43:50,14,ACCEPTED,ASSIGNMENT_CONFIRMED
ASG03111,REQ02467,AMB0038,1,2026-08-12 23:09:49,15,ACCEPTED,ASSIGNMENT_CONFIRMED
ASG03112,REQ02468,AMB0026,1,2026-08-22 19:14:17,21,ACCEPTED,ASSIGNMENT_CONFIRMED
ASG03113,REQ02469,AMB0109,1,2026-08-29 05:08:32,8,ACCEPTED,ASSIGNMENT_CONFIRMED
ASG03114,REQ02470,AMB0115,1,2026-08-26 20:03:54,13,TIMEOUT,FALLBACK_TRIGGERED
ASG03115,REQ02470,AMB0112,2,2026-08-26 20:04:09,29,ACCEPTED,ASSIGNMENT_CONFIRMED
ASG03116,REQ02472,AMB0109,1,2026-08-18 17:54:26,26,ACCEPTED,ASSIGNMENT_CONFIRMED
ASG03117,REQ02473,AMB0015,1,2026-08-01 13:04:31,26,REJECTED,FALLBACK_TRIGGERED
ASG03118,REQ02473,AMB0031,2,2026-08-01 13:04:59,23,REJECTED,FALLBACK_TRIGGERED
ASG03119,REQ02473,AMB0094,3,2026-08-01 13:05:24,9,TIMEOUT,FALLBACK_TRIGGERED
ASG03120,REQ02474,AMB0033,1,2026-08-27 06:53:06,14,REJECTED,FALLBACK_TRIGGERED
ASG03121,REQ02474,AMB0029,2,2026-08-27 06:53:22,18,TIMEOUT,FALLBACK_TRIGGERED
ASG03122,REQ02475,AMB0128,1,2026-08-27 03:26:38,4,TIMEOUT,FALLBACK_TRIGGERED
ASG03123,REQ02475,AMB0108,2,2026-08-27 03:26:44,28,ACCEPTED,ASSIGNMENT_CONFIRMED
ASG03124,REQ02476,AMB0082,1,2026-08-14 16:54:44,22,REJECTED,FALLBACK_TRIGGERED
ASG03125,REQ02476,AMB0007,2,2026-08-14 16:55:08,24,ACCEPTED,ASSIGNMENT_CONFIRMED
ASG03126,REQ02478,AMB0112,1,2026-08-11 03:24:14,27,ACCEPTED,ASSIGNMENT_CONFIRMED
ASG03127,REQ02479,AMB0107,1,2026-09-03 10:17:37,19,REJECTED,FALLBACK_TRIGGERED
ASG03128,REQ02479,AMB0078,2,2026-09-03 10:17:58,12,ACCEPTED,ASSIGNMENT_CONFIRMED
ASG03129,REQ02480,AMB0123,1,2026-09-08 11:47:18,19,REJECTED,FALLBACK_TRIGGERED
ASG03130,REQ02480,AMB0070,2,2026-09-08 11:47:39,5,ACCEPTED,ASSIGNMENT_CONFIRMED
ASG03131,REQ02481,AMB0116,1,2026-08-16 21:38:58,18,ACCEPTED,ASSIGNMENT_CONFIRMED
ASG03132,REQ02482,AMB0015,1,2026-08-10 04:58:20,8,TIMEOUT,FALLBACK_TRIGGERED
ASG03133,REQ02482,AMB0005,2,2026-08-10 04:58:30,26,REJECTED,FALLBACK_TRIGGERED
ASG03134,REQ02482,AMB0093,3,2026-08-10 04:58:58,15,TIMEOUT,FALLBACK_TRIGGERED
ASG03135,REQ02484,AMB0073,1,2026-08-12 03:52:45,5,ACCEPTED,ASSIGNMENT_CONFIRMED
ASG03136,REQ02485,AMB0083,1,2026-08-17 11:16:06,18,ACCEPTED,ASSIGNMENT_CONFIRMED
ASG03137,REQ02486,AMB0034,1,2026-08-04 19:15:00,15,TIMEOUT,FALLBACK_TRIGGERED
ASG03138,REQ02486,AMB0056,2,2026-08-04 19:15:17,19,ACCEPTED,ASSIGNMENT_CONFIRMED
ASG03139,REQ02487,AMB0069,1,2026-09-07 13:44:42,27,ACCEPTED,ASSIGNMENT_CONFIRMED
ASG03140,REQ02488,AMB0092,1,2026-09-08 05:44:06,14,ACCEPTED,ASSIGNMENT_CONFIRMED
ASG03141,REQ02489,AMB0122,1,2026-08-05 06:13:39,16,TIMEOUT,FALLBACK_TRIGGERED
ASG03142,REQ02489,AMB0054,2,2026-08-05 06:13:57,11,ACCEPTED,ASSIGNMENT_CONFIRMED
ASG03143,REQ02490,AMB0070,1,2026-08-19 00:45:58,9,REJECTED,FALLBACK_TRIGGERED
ASG03144,REQ02490,AMB0086,2,2026-08-19 00:46:09,4,ACCEPTED,ASSIGNMENT_CONFIRMED
ASG03145,REQ02491,AMB0088,1,2026-08-15 01:26:43,10,REJECTED,FALLBACK_TRIGGERED
ASG03146,REQ02491,AMB0116,2,2026-08-15 01:26:55,9,TIMEOUT,FALLBACK_TRIGGERED
ASG03147,REQ02491,AMB0121,3,2026-08-15 01:27:06,8,ACCEPTED,ASSIGNMENT_CONFIRMED
ASG03148,REQ02492,AMB0037,1,2026-08-20 09:17:10,19,ACCEPTED,ASSIGNMENT_CONFIRMED
ASG03149,REQ02494,AMB0084,1,2026-08-05 10:26:17,25,ACCEPTED,ASSIGNMENT_CONFIRMED
ASG03150,REQ02495,AMB0128,1,2026-08-05 06:29:02,5,TIMEOUT,FALLBACK_TRIGGERED
ASG03151,REQ02496,AMB0041,1,2026-09-02 05:24:55,27,TIMEOUT,FALLBACK_TRIGGERED
ASG03152,REQ02496,AMB0104,2,2026-09-02 05:25:24,4,ACCEPTED,ASSIGNMENT_CONFIRMED
ASG03153,REQ02497,AMB0109,1,2026-08-18 05:47:36,29,ACCEPTED,ASSIGNMENT_CONFIRMED
ASG03154,REQ02498,AMB0008,1,2026-09-07 21:59:27,29,ACCEPTED,ASSIGNMENT_CONFIRMED
ASG03155,REQ02499,AMB0119,1,2026-08-06 02:40:52,17,ACCEPTED,ASSIGNMENT_CONFIRMED
ASG03156,REQ02500,AMB0079,1,2026-08-18 20:40:54,12,ACCEPTED,ASSIGNMENT_CONFIRMED
ASG03157,REQ02501,AMB0074,1,2026-08-20 21:33:34,10,ACCEPTED,ASSIGNMENT_CONFIRMED
ASG03158,REQ02502,AMB0012,1,2026-08-25 13:57:39,5,TIMEOUT,FALLBACK_TRIGGERED
ASG03159,REQ02503,AMB0102,1,2026-09-05 05:24:39,29,ACCEPTED,ASSIGNMENT_CONFIRMED
ASG03160,REQ02504,AMB0091,1,2026-09-06 11:10:48,11,TIMEOUT,FALLBACK_TRIGGERED
ASG03161,REQ02505,AMB0120,1,2026-08-31 20:55:00,25,TIMEOUT,FALLBACK_TRIGGERED
ASG03162,REQ02506,AMB0126,1,2026-09-08 03:53:55,7,ACCEPTED,ASSIGNMENT_CONFIRMED
ASG03163,REQ02508,AMB0074,1,2026-08-26 21:24:33,22,ACCEPTED,ASSIGNMENT_CONFIRMED
ASG03164,REQ02509,AMB0029,1,2026-08-07 14:44:54,16,REJECTED,FALLBACK_TRIGGERED
ASG03165,REQ02509,AMB0110,2,2026-08-07 14:45:12,22,TIMEOUT,FALLBACK_TRIGGERED
ASG03166,REQ02509,AMB0006,3,2026-08-07 14:45:36,30,TIMEOUT,FALLBACK_TRIGGERED
ASG03167,REQ02510,AMB0088,1,2026-08-29 02:05:01,23,REJECTED,FALLBACK_TRIGGERED
ASG03168,REQ02510,AMB0089,2,2026-08-29 02:05:26,5,ACCEPTED,ASSIGNMENT_CONFIRMED
ASG03169,REQ02511,AMB0019,1,2026-08-23 13:27:46,15,ACCEPTED,ASSIGNMENT_CONFIRMED
ASG03170,REQ02512,AMB0122,1,2026-08-25 15:42:18,20,ACCEPTED,ASSIGNMENT_CONFIRMED
ASG03171,REQ02513,AMB0131,1,2026-08-28 18:33:20,8,ACCEPTED,ASSIGNMENT_CONFIRMED
ASG03172,REQ02514,AMB0123,1,2026-08-27 22:36:50,25,ACCEPTED,ASSIGNMENT_CONFIRMED
ASG03173,REQ02515,AMB0017,1,2026-08-28 02:30:53,10,REJECTED,FALLBACK_TRIGGERED
ASG03174,REQ02516,AMB0079,1,2026-08-09 10:03:55,30,REJECTED,FALLBACK_TRIGGERED
ASG03175,REQ02516,AMB0037,2,2026-08-09 10:04:27,10,ACCEPTED,ASSIGNMENT_CONFIRMED
ASG03176,REQ02517,AMB0123,1,2026-08-25 09:32:50,13,REJECTED,FALLBACK_TRIGGERED
ASG03177,REQ02517,AMB0046,2,2026-08-25 09:33:05,30,TIMEOUT,FALLBACK_TRIGGERED
ASG03178,REQ02517,AMB0045,3,2026-08-25 09:33:37,28,ACCEPTED,ASSIGNMENT_CONFIRMED
ASG03179,REQ02518,AMB0073,1,2026-08-27 17:55:03,7,REJECTED,FALLBACK_TRIGGERED
ASG03180,REQ02518,AMB0024,2,2026-08-27 17:55:12,26,ACCEPTED,ASSIGNMENT_CONFIRMED
ASG03181,REQ02519,AMB0091,1,2026-08-10 14:35:36,23,ACCEPTED,ASSIGNMENT_CONFIRMED
ASG03182,REQ02520,AMB0031,1,2026-09-02 11:09:58,24,ACCEPTED,ASSIGNMENT_CONFIRMED
ASG03183,REQ02521,AMB0077,1,2026-08-21 13:09:03,17,ACCEPTED,ASSIGNMENT_CONFIRMED
ASG03184,REQ02522,AMB0011,1,2026-08-26 16:49:38,11,REJECTED,FALLBACK_TRIGGERED
ASG03185,REQ02522,AMB0028,2,2026-08-26 16:49:51,21,ACCEPTED,ASSIGNMENT_CONFIRMED
ASG03186,REQ02524,AMB0119,1,2026-08-29 09:17:55,23,ACCEPTED,ASSIGNMENT_CONFIRMED
ASG03187,REQ02526,AMB0068,1,2026-09-01 11:39:17,17,TIMEOUT,FALLBACK_TRIGGERED
ASG03188,REQ02526,AMB0090,2,2026-09-01 11:39:36,7,REJECTED,FALLBACK_TRIGGERED
ASG03189,REQ02528,AMB0008,1,2026-09-05 15:18:01,29,ACCEPTED,ASSIGNMENT_CONFIRMED
ASG03190,REQ02529,AMB0060,1,2026-08-29 11:12:19,22,ACCEPTED,ASSIGNMENT_CONFIRMED
ASG03191,REQ02530,AMB0016,1,2026-08-03 20:45:02,15,TIMEOUT,FALLBACK_TRIGGERED
ASG03192,REQ02530,AMB0111,2,2026-08-03 20:45:19,25,ACCEPTED,ASSIGNMENT_CONFIRMED
ASG03193,REQ02531,AMB0065,1,2026-08-16 23:18:46,8,REJECTED,FALLBACK_TRIGGERED
ASG03194,REQ02532,AMB0075,1,2026-08-12 06:55:43,30,ACCEPTED,ASSIGNMENT_CONFIRMED
ASG03195,REQ02533,AMB0054,1,2026-08-30 00:54:36,27,TIMEOUT,FALLBACK_TRIGGERED
ASG03196,REQ02534,AMB0074,1,2026-09-08 22:48:38,9,ACCEPTED,ASSIGNMENT_CONFIRMED
ASG03197,REQ02535,AMB0077,1,2026-08-21 16:13:47,16,ACCEPTED,ASSIGNMENT_CONFIRMED
ASG03198,REQ02536,AMB0123,1,2026-08-28 02:32:41,11,ACCEPTED,ASSIGNMENT_CONFIRMED
ASG03199,REQ02537,AMB0084,1,2026-08-25 17:56:09,5,ACCEPTED,ASSIGNMENT_CONFIRMED
ASG03200,REQ02538,AMB0003,1,2026-08-24 00:33:41,30,REJECTED,FALLBACK_TRIGGERED
ASG03201,REQ02538,AMB0115,2,2026-08-24 00:34:13,19,ACCEPTED,ASSIGNMENT_CONFIRMED
ASG03202,REQ02539,AMB0021,1,2026-08-12 15:27:58,18,REJECTED,FALLBACK_TRIGGERED
ASG03203,REQ02539,AMB0020,2,2026-08-12 15:28:18,16,ACCEPTED,ASSIGNMENT_CONFIRMED
ASG03204,REQ02540,AMB0012,1,2026-08-10 02:16:03,30,ACCEPTED,ASSIGNMENT_CONFIRMED
ASG03205,REQ02541,AMB0051,1,2026-08-16 06:35:37,9,ACCEPTED,ASSIGNMENT_CONFIRMED
ASG03206,REQ02543,AMB0038,1,2026-09-02 15:41:14,12,ACCEPTED,ASSIGNMENT_CONFIRMED
ASG03207,REQ02544,AMB0079,1,2026-09-01 15:19:06,25,REJECTED,FALLBACK_TRIGGERED
ASG03208,REQ02544,AMB0120,2,2026-09-01 15:19:33,8,ACCEPTED,ASSIGNMENT_CONFIRMED
ASG03209,REQ02545,AMB0119,1,2026-08-24 06:17:57,28,TIMEOUT,FALLBACK_TRIGGERED
ASG03210,REQ02546,AMB0062,1,2026-09-03 17:23:40,27,ACCEPTED,ASSIGNMENT_CONFIRMED
ASG03211,REQ02548,AMB0069,1,2026-08-12 06:34:13,23,ACCEPTED,ASSIGNMENT_CONFIRMED
ASG03212,REQ02549,AMB0044,1,2026-08-03 23:03:12,20,ACCEPTED,ASSIGNMENT_CONFIRMED
ASG03213,REQ02550,AMB0114,1,2026-08-12 09:58:10,9,TIMEOUT,FALLBACK_TRIGGERED
ASG03214,REQ02550,AMB0123,2,2026-08-12 09:58:21,12,TIMEOUT,FALLBACK_TRIGGERED
ASG03215,REQ02550,AMB0099,3,2026-08-12 09:58:35,23,ACCEPTED,ASSIGNMENT_CONFIRMED
ASG03216,REQ02552,AMB0076,1,2026-08-26 02:12:15,4,ACCEPTED,ASSIGNMENT_CONFIRMED
ASG03217,REQ02553,AMB0043,1,2026-08-03 06:03:51,23,ACCEPTED,ASSIGNMENT_CONFIRMED
ASG03218,REQ02554,AMB0098,1,2026-08-27 11:39:35,14,ACCEPTED,ASSIGNMENT_CONFIRMED
ASG03219,REQ02555,AMB0073,1,2026-08-21 09:07:50,7,ACCEPTED,ASSIGNMENT_CONFIRMED
ASG03220,REQ02556,AMB0125,1,2026-09-08 08:21:09,11,REJECTED,FALLBACK_TRIGGERED
ASG03221,REQ02556,AMB0013,2,2026-09-08 08:21:22,8,ACCEPTED,ASSIGNMENT_CONFIRMED
ASG03222,REQ02557,AMB0006,1,2026-08-25 20:24:44,12,REJECTED,FALLBACK_TRIGGERED
ASG03223,REQ02558,AMB0003,1,2026-08-17 04:51:47,18,REJECTED,FALLBACK_TRIGGERED
ASG03224,REQ02558,AMB0018,2,2026-08-17 04:52:07,8,ACCEPTED,ASSIGNMENT_CONFIRMED
ASG03225,REQ02559,AMB0072,1,2026-09-01 11:59:40,11,ACCEPTED,ASSIGNMENT_CONFIRMED
ASG03226,REQ02560,AMB0064,1,2026-08-13 20:17:31,18,REJECTED,FALLBACK_TRIGGERED
ASG03227,REQ02560,AMB0047,2,2026-08-13 20:17:51,17,ACCEPTED,ASSIGNMENT_CONFIRMED
ASG03228,REQ02561,AMB0026,1,2026-08-23 15:08:48,13,ACCEPTED,ASSIGNMENT_CONFIRMED
ASG03229,REQ02562,AMB0057,1,2026-08-30 08:35:21,29,ACCEPTED,ASSIGNMENT_CONFIRMED
ASG03230,REQ02563,AMB0008,1,2026-08-23 02:18:21,6,ACCEPTED,ASSIGNMENT_CONFIRMED
ASG03231,REQ02564,AMB0095,1,2026-08-02 22:59:09,10,REJECTED,FALLBACK_TRIGGERED
ASG03232,REQ02565,AMB0008,1,2026-08-12 08:00:26,7,ACCEPTED,ASSIGNMENT_CONFIRMED
ASG03233,REQ02567,AMB0131,1,2026-08-17 06:02:06,13,TIMEOUT,FALLBACK_TRIGGERED
ASG03234,REQ02567,AMB0102,2,2026-08-17 06:02:21,18,ACCEPTED,ASSIGNMENT_CONFIRMED
ASG03235,REQ02568,AMB0024,1,2026-09-03 16:59:32,30,REJECTED,FALLBACK_TRIGGERED
ASG03236,REQ02568,AMB0123,2,2026-09-03 17:00:04,5,ACCEPTED,ASSIGNMENT_CONFIRMED
ASG03237,REQ02569,AMB0017,1,2026-08-04 13:41:08,25,TIMEOUT,FALLBACK_TRIGGERED
ASG03238,REQ02570,AMB0049,1,2026-09-05 12:00:59,6,ACCEPTED,ASSIGNMENT_CONFIRMED
ASG03239,REQ02571,AMB0116,1,2026-08-14 16:01:13,15,TIMEOUT,FALLBACK_TRIGGERED
ASG03240,REQ02571,AMB0008,2,2026-08-14 16:01:30,29,TIMEOUT,FALLBACK_TRIGGERED
ASG03241,REQ02572,AMB0002,1,2026-08-21 23:15:35,9,REJECTED,FALLBACK_TRIGGERED
ASG03242,REQ02572,AMB0114,2,2026-08-21 23:15:46,10,TIMEOUT,FALLBACK_TRIGGERED
ASG03243,REQ02572,AMB0055,3,2026-08-21 23:15:58,11,ACCEPTED,ASSIGNMENT_CONFIRMED
ASG03244,REQ02573,AMB0124,1,2026-08-04 11:14:19,29,REJECTED,FALLBACK_TRIGGERED
ASG03245,REQ02573,AMB0022,2,2026-08-04 11:14:50,30,REJECTED,FALLBACK_TRIGGERED
ASG03246,REQ02574,AMB0075,1,2026-09-06 10:46:14,22,REJECTED,FALLBACK_TRIGGERED
ASG03247,REQ02575,AMB0020,1,2026-08-26 20:33:47,30,ACCEPTED,ASSIGNMENT_CONFIRMED
ASG03248,REQ02576,AMB0041,1,2026-09-04 21:11:55,9,TIMEOUT,FALLBACK_TRIGGERED
ASG03249,REQ02576,AMB0004,2,2026-09-04 21:12:06,4,ACCEPTED,ASSIGNMENT_CONFIRMED
ASG03250,REQ02577,AMB0054,1,2026-08-14 04:15:23,20,ACCEPTED,ASSIGNMENT_CONFIRMED
ASG03251,REQ02578,AMB0070,1,2026-08-28 15:58:26,26,ACCEPTED,ASSIGNMENT_CONFIRMED
ASG03252,REQ02579,AMB0104,1,2026-08-18 23:17:36,5,ACCEPTED,ASSIGNMENT_CONFIRMED
ASG03253,REQ02580,AMB0081,1,2026-08-31 10:57:22,6,ACCEPTED,ASSIGNMENT_CONFIRMED
ASG03254,REQ02581,AMB0070,1,2026-09-04 22:29:17,11,TIMEOUT,FALLBACK_TRIGGERED
ASG03255,REQ02581,AMB0011,2,2026-09-04 22:29:30,30,TIMEOUT,FALLBACK_TRIGGERED
ASG03256,REQ02581,AMB0121,3,2026-09-04 22:30:02,6,ACCEPTED,ASSIGNMENT_CONFIRMED
ASG03257,REQ02582,AMB0008,1,2026-08-11 13:28:20,29,ACCEPTED,ASSIGNMENT_CONFIRMED
ASG03258,REQ02583,AMB0078,1,2026-08-18 19:26:22,14,ACCEPTED,ASSIGNMENT_CONFIRMED
ASG03259,REQ02584,AMB0081,1,2026-08-29 16:38:27,27,ACCEPTED,ASSIGNMENT_CONFIRMED
ASG03260,REQ02585,AMB0018,1,2026-08-12 01:53:07,26,ACCEPTED,ASSIGNMENT_CONFIRMED
ASG03261,REQ02586,AMB0084,1,2026-08-10 05:59:17,23,ACCEPTED,ASSIGNMENT_CONFIRMED
ASG03262,REQ02587,AMB0105,1,2026-08-11 15:24:26,5,REJECTED,FALLBACK_TRIGGERED
ASG03263,REQ02587,AMB0124,2,2026-08-11 15:24:33,16,REJECTED,FALLBACK_TRIGGERED
ASG03264,REQ02587,AMB0071,3,2026-08-11 15:24:51,29,ACCEPTED,ASSIGNMENT_CONFIRMED
ASG03265,REQ02588,AMB0127,1,2026-09-02 01:17:00,19,TIMEOUT,FALLBACK_TRIGGERED
ASG03266,REQ02588,AMB0107,2,2026-09-02 01:17:21,5,TIMEOUT,FALLBACK_TRIGGERED
ASG03267,REQ02588,AMB0066,3,2026-09-02 01:17:28,20,ACCEPTED,ASSIGNMENT_CONFIRMED
ASG03268,REQ02589,AMB0086,1,2026-08-16 11:50:56,16,REJECTED,FALLBACK_TRIGGERED
ASG03269,REQ02589,AMB0082,2,2026-08-16 11:51:14,19,ACCEPTED,ASSIGNMENT_CONFIRMED
ASG03270,REQ02590,AMB0070,1,2026-08-02 11:15:37,9,ACCEPTED,ASSIGNMENT_CONFIRMED
ASG03271,REQ02591,AMB0103,1,2026-08-26 20:44:08,12,ACCEPTED,ASSIGNMENT_CONFIRMED
ASG03272,REQ02592,AMB0100,1,2026-09-08 22:09:45,22,TIMEOUT,FALLBACK_TRIGGERED
ASG03273,REQ02592,AMB0129,2,2026-09-08 22:10:09,17,ACCEPTED,ASSIGNMENT_CONFIRMED
ASG03274,REQ02593,AMB0126,1,2026-08-03 05:05:56,14,TIMEOUT,FALLBACK_TRIGGERED
ASG03275,REQ02593,AMB0028,2,2026-08-03 05:06:12,27,REJECTED,FALLBACK_TRIGGERED
ASG03276,REQ02594,AMB0128,1,2026-09-01 14:21:55,7,ACCEPTED,ASSIGNMENT_CONFIRMED
ASG03277,REQ02595,AMB0077,1,2026-08-24 12:30:41,21,REJECTED,FALLBACK_TRIGGERED
ASG03278,REQ02595,AMB0098,2,2026-08-24 12:31:04,5,ACCEPTED,ASSIGNMENT_CONFIRMED
ASG03279,REQ02596,AMB0006,1,2026-08-06 21:50:57,6,ACCEPTED,ASSIGNMENT_CONFIRMED
ASG03280,REQ02597,AMB0085,1,2026-08-10 18:43:44,15,ACCEPTED,ASSIGNMENT_CONFIRMED
ASG03281,REQ02598,AMB0011,1,2026-08-18 19:34:11,21,REJECTED,FALLBACK_TRIGGERED
ASG03282,REQ02598,AMB0103,2,2026-08-18 19:34:34,19,ACCEPTED,ASSIGNMENT_CONFIRMED
ASG03283,REQ02599,AMB0098,1,2026-08-29 14:27:22,14,REJECTED,FALLBACK_TRIGGERED
ASG03284,REQ02599,AMB0068,2,2026-08-29 14:27:38,12,ACCEPTED,ASSIGNMENT_CONFIRMED
ASG03285,REQ02600,AMB0024,1,2026-08-17 20:50:45,13,TIMEOUT,FALLBACK_TRIGGERED
ASG03286,REQ02600,AMB0036,2,2026-08-17 20:51:00,23,ACCEPTED,ASSIGNMENT_CONFIRMED
ASG03287,REQ02601,AMB0067,1,2026-08-22 13:51:36,28,REJECTED,FALLBACK_TRIGGERED
ASG03288,REQ02601,AMB0104,2,2026-08-22 13:52:06,19,REJECTED,FALLBACK_TRIGGERED
ASG03289,REQ02601,AMB0016,3,2026-08-22 13:52:27,26,ACCEPTED,ASSIGNMENT_CONFIRMED
ASG03290,REQ02602,AMB0012,1,2026-08-16 09:55:07,6,ACCEPTED,ASSIGNMENT_CONFIRMED
ASG03291,REQ02605,AMB0032,1,2026-08-22 08:41:46,11,ACCEPTED,ASSIGNMENT_CONFIRMED
ASG03292,REQ02606,AMB0107,1,2026-08-21 04:15:55,28,ACCEPTED,ASSIGNMENT_CONFIRMED
ASG03293,REQ02607,AMB0106,1,2026-09-01 11:59:32,20,TIMEOUT,FALLBACK_TRIGGERED
ASG03294,REQ02607,AMB0114,2,2026-09-01 11:59:54,5,ACCEPTED,ASSIGNMENT_CONFIRMED
ASG03295,REQ02609,AMB0066,1,2026-08-30 03:16:25,6,ACCEPTED,ASSIGNMENT_CONFIRMED
ASG03296,REQ02610,AMB0130,1,2026-09-07 15:46:51,7,ACCEPTED,ASSIGNMENT_CONFIRMED
ASG03297,REQ02611,AMB0002,1,2026-08-03 16:45:13,18,ACCEPTED,ASSIGNMENT_CONFIRMED
ASG03298,REQ02612,AMB0021,1,2026-08-25 03:01:04,18,REJECTED,FALLBACK_TRIGGERED
ASG03299,REQ02612,AMB0012,2,2026-08-25 03:01:24,17,REJECTED,FALLBACK_TRIGGERED
ASG03300,REQ02612,AMB0068,3,2026-08-25 03:01:43,11,TIMEOUT,FALLBACK_TRIGGERED
ASG03301,REQ02613,AMB0121,1,2026-08-25 14:36:50,8,ACCEPTED,ASSIGNMENT_CONFIRMED
ASG03302,REQ02614,AMB0058,1,2026-08-07 12:57:45,23,TIMEOUT,FALLBACK_TRIGGERED
ASG03303,REQ02615,AMB0027,1,2026-09-07 13:28:25,25,ACCEPTED,ASSIGNMENT_CONFIRMED
ASG03304,REQ02616,AMB0065,1,2026-08-23 22:33:38,7,ACCEPTED,ASSIGNMENT_CONFIRMED
ASG03305,REQ02617,AMB0022,1,2026-08-14 07:51:22,14,REJECTED,FALLBACK_TRIGGERED
ASG03306,REQ02617,AMB0008,2,2026-08-14 07:51:38,29,ACCEPTED,ASSIGNMENT_CONFIRMED
ASG03307,REQ02618,AMB0004,1,2026-08-20 05:31:40,6,TIMEOUT,FALLBACK_TRIGGERED
ASG03308,REQ02619,AMB0029,1,2026-09-06 13:28:49,26,ACCEPTED,ASSIGNMENT_CONFIRMED
ASG03309,REQ02620,AMB0002,1,2026-08-01 21:03:58,4,TIMEOUT,FALLBACK_TRIGGERED
ASG03310,REQ02620,AMB0122,2,2026-08-01 21:04:04,21,ACCEPTED,ASSIGNMENT_CONFIRMED
ASG03311,REQ02622,AMB0130,1,2026-09-07 08:45:49,13,ACCEPTED,ASSIGNMENT_CONFIRMED
ASG03312,REQ02623,AMB0093,1,2026-08-06 04:43:08,18,TIMEOUT,FALLBACK_TRIGGERED
ASG03313,REQ02623,AMB0027,2,2026-08-06 04:43:28,20,TIMEOUT,FALLBACK_TRIGGERED
ASG03314,REQ02623,AMB0124,3,2026-08-06 04:43:50,19,ACCEPTED,ASSIGNMENT_CONFIRMED
ASG03315,REQ02624,AMB0111,1,2026-08-25 02:59:06,17,TIMEOUT,FALLBACK_TRIGGERED
ASG03316,REQ02624,AMB0034,2,2026-08-25 02:59:25,26,REJECTED,FALLBACK_TRIGGERED
ASG03317,REQ02625,AMB0041,1,2026-08-20 12:48:48,29,ACCEPTED,ASSIGNMENT_CONFIRMED
ASG03318,REQ02626,AMB0060,1,2026-08-21 08:18:59,13,REJECTED,FALLBACK_TRIGGERED
ASG03319,REQ02626,AMB0067,2,2026-08-21 08:19:14,10,ACCEPTED,ASSIGNMENT_CONFIRMED
ASG03320,REQ02627,AMB0039,1,2026-08-29 06:32:01,7,TIMEOUT,FALLBACK_TRIGGERED
ASG03321,REQ02628,AMB0046,1,2026-08-29 23:27:32,27,ACCEPTED,ASSIGNMENT_CONFIRMED
ASG03322,REQ02629,AMB0125,1,2026-08-09 05:01:04,21,ACCEPTED,ASSIGNMENT_CONFIRMED
ASG03323,REQ02630,AMB0109,1,2026-08-29 05:34:13,30,ACCEPTED,ASSIGNMENT_CONFIRMED
ASG03324,REQ02631,AMB0072,1,2026-08-31 01:46:36,29,ACCEPTED,ASSIGNMENT_CONFIRMED
ASG03325,REQ02632,AMB0027,1,2026-08-10 23:38:23,9,REJECTED,FALLBACK_TRIGGERED
ASG03326,REQ02633,AMB0069,1,2026-08-10 01:18:34,29,ACCEPTED,ASSIGNMENT_CONFIRMED
ASG03327,REQ02634,AMB0120,1,2026-08-15 01:14:56,24,ACCEPTED,ASSIGNMENT_CONFIRMED
ASG03328,REQ02635,AMB0101,1,2026-08-20 03:37:39,22,REJECTED,FALLBACK_TRIGGERED
ASG03329,REQ02635,AMB0024,2,2026-08-20 03:38:03,9,ACCEPTED,ASSIGNMENT_CONFIRMED
ASG03330,REQ02636,AMB0043,1,2026-08-17 18:02:36,14,ACCEPTED,ASSIGNMENT_CONFIRMED
ASG03331,REQ02637,AMB0034,1,2026-08-08 22:38:28,5,REJECTED,FALLBACK_TRIGGERED
ASG03332,REQ02637,AMB0107,2,2026-08-08 22:38:35,7,REJECTED,FALLBACK_TRIGGERED
ASG03333,REQ02639,AMB0010,1,2026-08-26 23:08:49,8,TIMEOUT,FALLBACK_TRIGGERED
ASG03334,REQ02639,AMB0126,2,2026-08-26 23:08:59,30,ACCEPTED,ASSIGNMENT_CONFIRMED
ASG03335,REQ02640,AMB0018,1,2026-08-02 17:45:32,16,ACCEPTED,ASSIGNMENT_CONFIRMED
ASG03336,REQ02641,AMB0044,1,2026-09-04 07:48:32,26,REJECTED,FALLBACK_TRIGGERED
ASG03337,REQ02641,AMB0102,2,2026-09-04 07:49:00,26,ACCEPTED,ASSIGNMENT_CONFIRMED
ASG03338,REQ02642,AMB0016,1,2026-08-21 02:30:19,11,ACCEPTED,ASSIGNMENT_CONFIRMED
ASG03339,REQ02643,AMB0087,1,2026-08-06 09:03:58,23,TIMEOUT,FALLBACK_TRIGGERED
ASG03340,REQ02643,AMB0028,2,2026-08-06 09:04:23,14,ACCEPTED,ASSIGNMENT_CONFIRMED
ASG03341,REQ02644,AMB0113,1,2026-09-07 22:30:36,16,ACCEPTED,ASSIGNMENT_CONFIRMED
ASG03342,REQ02646,AMB0112,1,2026-08-25 00:21:05,26,TIMEOUT,FALLBACK_TRIGGERED
ASG03343,REQ02646,AMB0039,2,2026-08-25 00:21:33,22,ACCEPTED,ASSIGNMENT_CONFIRMED
ASG03344,REQ02647,AMB0089,1,2026-09-05 08:07:48,21,ACCEPTED,ASSIGNMENT_CONFIRMED
ASG03345,REQ02648,AMB0050,1,2026-08-18 07:19:20,16,REJECTED,FALLBACK_TRIGGERED
ASG03346,REQ02648,AMB0034,2,2026-08-18 07:19:38,28,ACCEPTED,ASSIGNMENT_CONFIRMED
ASG03347,REQ02649,AMB0097,1,2026-08-15 02:40:48,20,ACCEPTED,ASSIGNMENT_CONFIRMED
ASG03348,REQ02650,AMB0037,1,2026-08-29 10:58:48,29,REJECTED,FALLBACK_TRIGGERED
ASG03349,REQ02651,AMB0046,1,2026-08-18 17:54:02,14,ACCEPTED,ASSIGNMENT_CONFIRMED
ASG03350,REQ02652,AMB0093,1,2026-08-23 12:01:54,5,REJECTED,FALLBACK_TRIGGERED
ASG03351,REQ02652,AMB0100,2,2026-08-23 12:02:01,23,ACCEPTED,ASSIGNMENT_CONFIRMED
ASG03352,REQ02654,AMB0113,1,2026-08-24 09:43:47,21,ACCEPTED,ASSIGNMENT_CONFIRMED
ASG03353,REQ02655,AMB0119,1,2026-09-06 06:18:32,30,REJECTED,FALLBACK_TRIGGERED
ASG03354,REQ02655,AMB0128,2,2026-09-06 06:19:04,7,ACCEPTED,ASSIGNMENT_CONFIRMED
ASG03355,REQ02656,AMB0052,1,2026-08-25 16:54:22,24,TIMEOUT,FALLBACK_TRIGGERED
ASG03356,REQ02656,AMB0031,2,2026-08-25 16:54:48,28,ACCEPTED,ASSIGNMENT_CONFIRMED
ASG03357,REQ02657,AMB0014,1,2026-08-27 02:13:33,24,ACCEPTED,ASSIGNMENT_CONFIRMED
ASG03358,REQ02658,AMB0100,1,2026-08-29 19:23:29,14,TIMEOUT,FALLBACK_TRIGGERED
ASG03359,REQ02659,AMB0062,1,2026-08-30 18:11:56,26,ACCEPTED,ASSIGNMENT_CONFIRMED
ASG03360,REQ02660,AMB0060,1,2026-08-16 11:07:08,4,REJECTED,FALLBACK_TRIGGERED
ASG03361,REQ02660,AMB0071,2,2026-08-16 11:07:14,17,ACCEPTED,ASSIGNMENT_CONFIRMED
ASG03362,REQ02661,AMB0081,1,2026-08-11 09:12:10,30,ACCEPTED,ASSIGNMENT_CONFIRMED
ASG03363,REQ02662,AMB0107,1,2026-08-15 08:17:24,4,ACCEPTED,ASSIGNMENT_CONFIRMED
ASG03364,REQ02663,AMB0128,1,2026-08-15 21:58:00,5,TIMEOUT,FALLBACK_TRIGGERED
ASG03365,REQ02663,AMB0071,2,2026-08-15 21:58:07,22,ACCEPTED,ASSIGNMENT_CONFIRMED
ASG03366,REQ02664,AMB0063,1,2026-08-09 19:19:05,19,TIMEOUT,FALLBACK_TRIGGERED
ASG03367,REQ02664,AMB0002,2,2026-08-09 19:19:26,13,TIMEOUT,FALLBACK_TRIGGERED
ASG03368,REQ02665,AMB0014,1,2026-08-17 08:33:56,24,ACCEPTED,ASSIGNMENT_CONFIRMED
ASG03369,REQ02666,AMB0081,1,2026-09-07 20:48:48,27,REJECTED,FALLBACK_TRIGGERED
ASG03370,REQ02666,AMB0015,2,2026-09-07 20:49:17,12,ACCEPTED,ASSIGNMENT_CONFIRMED
ASG03371,REQ02667,AMB0033,1,2026-08-01 10:15:28,19,ACCEPTED,ASSIGNMENT_CONFIRMED
ASG03372,REQ02668,AMB0007,1,2026-08-28 17:33:40,9,ACCEPTED,ASSIGNMENT_CONFIRMED
ASG03373,REQ02669,AMB0109,1,2026-08-11 03:15:56,12,TIMEOUT,FALLBACK_TRIGGERED
ASG03374,REQ02669,AMB0030,2,2026-08-11 03:16:10,10,ACCEPTED,ASSIGNMENT_CONFIRMED
ASG03375,REQ02670,AMB0013,1,2026-08-14 18:49:36,14,ACCEPTED,ASSIGNMENT_CONFIRMED
ASG03376,REQ02671,AMB0013,1,2026-09-01 06:52:51,7,TIMEOUT,FALLBACK_TRIGGERED
ASG03377,REQ02671,AMB0126,2,2026-09-01 06:53:00,14,TIMEOUT,FALLBACK_TRIGGERED
ASG03378,REQ02671,AMB0124,3,2026-09-01 06:53:16,10,ACCEPTED,ASSIGNMENT_CONFIRMED
ASG03379,REQ02672,AMB0131,1,2026-08-08 15:58:42,28,REJECTED,FALLBACK_TRIGGERED
ASG03380,REQ02672,AMB0073,2,2026-08-08 15:59:12,9,ACCEPTED,ASSIGNMENT_CONFIRMED
ASG03381,REQ02673,AMB0007,1,2026-09-02 00:30:00,16,ACCEPTED,ASSIGNMENT_CONFIRMED
ASG03382,REQ02674,AMB0043,1,2026-08-02 04:43:10,20,ACCEPTED,ASSIGNMENT_CONFIRMED
ASG03383,REQ02675,AMB0001,1,2026-08-18 02:25:17,18,ACCEPTED,ASSIGNMENT_CONFIRMED
ASG03384,REQ02676,AMB0081,1,2026-08-27 04:55:29,11,ACCEPTED,ASSIGNMENT_CONFIRMED
ASG03385,REQ02677,AMB0095,1,2026-08-17 08:10:52,26,ACCEPTED,ASSIGNMENT_CONFIRMED
ASG03386,REQ02679,AMB0093,1,2026-08-01 13:03:50,6,ACCEPTED,ASSIGNMENT_CONFIRMED
ASG03387,REQ02680,AMB0095,1,2026-08-18 23:42:34,5,ACCEPTED,ASSIGNMENT_CONFIRMED
ASG03388,REQ02681,AMB0085,1,2026-09-06 13:31:38,9,ACCEPTED,ASSIGNMENT_CONFIRMED
ASG03389,REQ02682,AMB0021,1,2026-08-03 03:54:35,6,ACCEPTED,ASSIGNMENT_CONFIRMED
ASG03390,REQ02683,AMB0131,1,2026-08-01 08:36:41,19,TIMEOUT,FALLBACK_TRIGGERED
ASG03391,REQ02683,AMB0004,2,2026-08-01 08:37:02,27,ACCEPTED,ASSIGNMENT_CONFIRMED
ASG03392,REQ02684,AMB0054,1,2026-08-24 10:51:07,23,ACCEPTED,ASSIGNMENT_CONFIRMED
ASG03393,REQ02686,AMB0031,1,2026-08-30 07:37:26,20,TIMEOUT,FALLBACK_TRIGGERED
ASG03394,REQ02686,AMB0023,2,2026-08-30 07:37:48,20,ACCEPTED,ASSIGNMENT_CONFIRMED
ASG03395,REQ02688,AMB0024,1,2026-08-11 08:19:12,30,TIMEOUT,FALLBACK_TRIGGERED
ASG03396,REQ02689,AMB0006,1,2026-08-25 11:30:07,26,ACCEPTED,ASSIGNMENT_CONFIRMED
ASG03397,REQ02690,AMB0001,1,2026-08-11 19:58:36,19,TIMEOUT,FALLBACK_TRIGGERED
ASG03398,REQ02690,AMB0011,2,2026-08-11 19:58:57,12,TIMEOUT,FALLBACK_TRIGGERED
ASG03399,REQ02690,AMB0018,3,2026-08-11 19:59:11,14,ACCEPTED,ASSIGNMENT_CONFIRMED
ASG03400,REQ02691,AMB0055,1,2026-08-31 18:55:26,10,ACCEPTED,ASSIGNMENT_CONFIRMED
ASG03401,REQ02692,AMB0040,1,2026-08-23 15:14:30,19,TIMEOUT,FALLBACK_TRIGGERED
ASG03402,REQ02692,AMB0038,2,2026-08-23 15:14:51,29,ACCEPTED,ASSIGNMENT_CONFIRMED
ASG03403,REQ02693,AMB0068,1,2026-08-10 01:14:26,18,REJECTED,FALLBACK_TRIGGERED
ASG03404,REQ02693,AMB0131,2,2026-08-10 01:14:46,18,ACCEPTED,ASSIGNMENT_CONFIRMED
ASG03405,REQ02694,AMB0052,1,2026-08-04 03:43:21,5,REJECTED,FALLBACK_TRIGGERED
ASG03406,REQ02694,AMB0095,2,2026-08-04 03:43:28,9,ACCEPTED,ASSIGNMENT_CONFIRMED
ASG03407,REQ02695,AMB0013,1,2026-08-20 02:16:31,16,REJECTED,FALLBACK_TRIGGERED
ASG03408,REQ02695,AMB0094,2,2026-08-20 02:16:49,17,ACCEPTED,ASSIGNMENT_CONFIRMED
ASG03409,REQ02696,AMB0012,1,2026-08-09 19:51:14,18,ACCEPTED,ASSIGNMENT_CONFIRMED
ASG03410,REQ02697,AMB0078,1,2026-09-06 17:40:15,30,ACCEPTED,ASSIGNMENT_CONFIRMED
ASG03411,REQ02698,AMB0032,1,2026-08-31 15:51:59,10,TIMEOUT,FALLBACK_TRIGGERED
ASG03412,REQ02698,AMB0053,2,2026-08-31 15:52:11,23,ACCEPTED,ASSIGNMENT_CONFIRMED
ASG03413,REQ02699,AMB0023,1,2026-08-11 23:19:29,8,TIMEOUT,FALLBACK_TRIGGERED
ASG03414,REQ02699,AMB0018,2,2026-08-11 23:19:39,22,ACCEPTED,ASSIGNMENT_CONFIRMED
ASG03415,REQ02700,AMB0111,1,2026-09-06 01:45:40,16,ACCEPTED,ASSIGNMENT_CONFIRMED
ASG03416,REQ02701,AMB0049,1,2026-09-01 07:53:47,17,ACCEPTED,ASSIGNMENT_CONFIRMED
ASG03417,REQ02702,AMB0110,1,2026-08-26 19:31:38,15,ACCEPTED,ASSIGNMENT_CONFIRMED
ASG03418,REQ02703,AMB0050,1,2026-09-06 07:39:12,6,ACCEPTED,ASSIGNMENT_CONFIRMED
ASG03419,REQ02704,AMB0081,1,2026-09-07 05:50:44,26,ACCEPTED,ASSIGNMENT_CONFIRMED
ASG03420,REQ02705,AMB0072,1,2026-09-02 03:57:14,15,TIMEOUT,FALLBACK_TRIGGERED
ASG03421,REQ02705,AMB0031,2,2026-09-02 03:57:31,15,REJECTED,FALLBACK_TRIGGERED
ASG03422,REQ02705,AMB0082,3,2026-09-02 03:57:48,7,ACCEPTED,ASSIGNMENT_CONFIRMED
ASG03423,REQ02706,AMB0098,1,2026-08-28 09:06:54,26,REJECTED,FALLBACK_TRIGGERED
ASG03424,REQ02706,AMB0028,2,2026-08-28 09:07:22,21,ACCEPTED,ASSIGNMENT_CONFIRMED
ASG03425,REQ02707,AMB0123,1,2026-08-30 05:03:15,17,ACCEPTED,ASSIGNMENT_CONFIRMED
ASG03426,REQ02708,AMB0062,1,2026-08-07 00:31:45,25,REJECTED,FALLBACK_TRIGGERED
ASG03427,REQ02708,AMB0033,2,2026-08-07 00:32:12,10,REJECTED,FALLBACK_TRIGGERED
ASG03428,REQ02709,AMB0054,1,2026-08-18 20:44:03,11,ACCEPTED,ASSIGNMENT_CONFIRMED
ASG03429,REQ02710,AMB0062,1,2026-08-05 02:37:39,7,TIMEOUT,FALLBACK_TRIGGERED
ASG03430,REQ02710,AMB0002,2,2026-08-05 02:37:48,28,ACCEPTED,ASSIGNMENT_CONFIRMED
ASG03431,REQ02712,AMB0007,1,2026-08-15 23:44:19,23,ACCEPTED,ASSIGNMENT_CONFIRMED
ASG03432,REQ02713,AMB0040,1,2026-08-21 11:31:07,19,REJECTED,FALLBACK_TRIGGERED
ASG03433,REQ02713,AMB0067,2,2026-08-21 11:31:28,4,ACCEPTED,ASSIGNMENT_CONFIRMED
ASG03434,REQ02714,AMB0080,1,2026-08-18 13:15:01,11,ACCEPTED,ASSIGNMENT_CONFIRMED
ASG03435,REQ02715,AMB0112,1,2026-08-24 22:27:15,16,TIMEOUT,FALLBACK_TRIGGERED
ASG03436,REQ02715,AMB0078,2,2026-08-24 22:27:33,18,ACCEPTED,ASSIGNMENT_CONFIRMED
ASG03437,REQ02716,AMB0128,1,2026-08-04 10:38:35,24,ACCEPTED,ASSIGNMENT_CONFIRMED
ASG03438,REQ02717,AMB0011,1,2026-08-13 21:13:44,27,ACCEPTED,ASSIGNMENT_CONFIRMED
ASG03439,REQ02718,AMB0081,1,2026-08-19 13:46:06,19,ACCEPTED,ASSIGNMENT_CONFIRMED
ASG03440,REQ02719,AMB0108,1,2026-09-04 19:13:02,17,REJECTED,FALLBACK_TRIGGERED
ASG03441,REQ02719,AMB0106,2,2026-09-04 19:13:21,20,ACCEPTED,ASSIGNMENT_CONFIRMED
ASG03442,REQ02720,AMB0053,1,2026-09-02 15:45:34,19,ACCEPTED,ASSIGNMENT_CONFIRMED
ASG03443,REQ02721,AMB0015,1,2026-08-23 20:02:42,30,ACCEPTED,ASSIGNMENT_CONFIRMED
ASG03444,REQ02722,AMB0038,1,2026-08-03 00:30:09,10,ACCEPTED,ASSIGNMENT_CONFIRMED
ASG03445,REQ02723,AMB0012,1,2026-08-19 14:09:40,22,ACCEPTED,ASSIGNMENT_CONFIRMED
ASG03446,REQ02724,AMB0024,1,2026-08-02 17:14:03,23,ACCEPTED,ASSIGNMENT_CONFIRMED
ASG03447,REQ02725,AMB0044,1,2026-08-19 19:35:13,13,TIMEOUT,FALLBACK_TRIGGERED
ASG03448,REQ02725,AMB0128,2,2026-08-19 19:35:28,5,ACCEPTED,ASSIGNMENT_CONFIRMED
ASG03449,REQ02726,AMB0120,1,2026-09-02 23:26:28,15,ACCEPTED,ASSIGNMENT_CONFIRMED
ASG03450,REQ02728,AMB0102,1,2026-08-04 20:41:28,8,ACCEPTED,ASSIGNMENT_CONFIRMED
ASG03451,REQ02729,AMB0130,1,2026-08-28 10:48:50,25,ACCEPTED,ASSIGNMENT_CONFIRMED
ASG03452,REQ02730,AMB0106,1,2026-08-25 15:44:35,30,ACCEPTED,ASSIGNMENT_CONFIRMED
ASG03453,REQ02731,AMB0118,1,2026-08-10 00:54:06,20,ACCEPTED,ASSIGNMENT_CONFIRMED
ASG03454,REQ02732,AMB0045,1,2026-08-04 10:18:37,20,REJECTED,FALLBACK_TRIGGERED
ASG03455,REQ02732,AMB0109,2,2026-08-04 10:18:59,21,TIMEOUT,FALLBACK_TRIGGERED
ASG03456,REQ02732,AMB0003,3,2026-08-04 10:19:22,4,ACCEPTED,ASSIGNMENT_CONFIRMED
ASG03457,REQ02733,AMB0103,1,2026-08-30 07:33:32,29,ACCEPTED,ASSIGNMENT_CONFIRMED
ASG03458,REQ02734,AMB0017,1,2026-08-16 16:14:49,9,ACCEPTED,ASSIGNMENT_CONFIRMED
ASG03459,REQ02735,AMB0013,1,2026-08-15 00:31:44,13,ACCEPTED,ASSIGNMENT_CONFIRMED
ASG03460,REQ02736,AMB0042,1,2026-08-25 04:32:39,15,REJECTED,FALLBACK_TRIGGERED
ASG03461,REQ02736,AMB0069,2,2026-08-25 04:32:56,16,ACCEPTED,ASSIGNMENT_CONFIRMED
ASG03462,REQ02737,AMB0006,1,2026-08-29 10:40:25,17,ACCEPTED,ASSIGNMENT_CONFIRMED
ASG03463,REQ02738,AMB0020,1,2026-08-30 14:54:54,25,ACCEPTED,ASSIGNMENT_CONFIRMED
ASG03464,REQ02739,AMB0035,1,2026-08-17 03:59:33,9,TIMEOUT,FALLBACK_TRIGGERED
ASG03465,REQ02740,AMB0117,1,2026-08-28 01:45:34,23,ACCEPTED,ASSIGNMENT_CONFIRMED
ASG03466,REQ02741,AMB0056,1,2026-09-01 20:39:02,7,ACCEPTED,ASSIGNMENT_CONFIRMED
ASG03467,REQ02742,AMB0016,1,2026-09-05 09:19:19,20,ACCEPTED,ASSIGNMENT_CONFIRMED
ASG03468,REQ02743,AMB0002,1,2026-08-26 06:46:04,23,ACCEPTED,ASSIGNMENT_CONFIRMED
ASG03469,REQ02744,AMB0089,1,2026-08-08 17:02:44,27,TIMEOUT,FALLBACK_TRIGGERED
ASG03470,REQ02746,AMB0117,1,2026-08-08 03:52:37,21,REJECTED,FALLBACK_TRIGGERED
ASG03471,REQ02747,AMB0070,1,2026-08-10 09:46:31,21,REJECTED,FALLBACK_TRIGGERED
ASG03472,REQ02747,AMB0050,2,2026-08-10 09:46:54,12,TIMEOUT,FALLBACK_TRIGGERED
ASG03473,REQ02747,AMB0082,3,2026-08-10 09:47:08,21,ACCEPTED,ASSIGNMENT_CONFIRMED
ASG03474,REQ02748,AMB0118,1,2026-08-06 06:48:04,27,REJECTED,FALLBACK_TRIGGERED
ASG03475,REQ02749,AMB0047,1,2026-08-22 02:44:45,7,REJECTED,FALLBACK_TRIGGERED
ASG03476,REQ02751,AMB0130,1,2026-09-02 14:33:13,26,REJECTED,FALLBACK_TRIGGERED
ASG03477,REQ02752,AMB0109,1,2026-08-10 14:20:42,27,ACCEPTED,ASSIGNMENT_CONFIRMED
ASG03478,REQ02753,AMB0077,1,2026-08-29 08:16:39,5,TIMEOUT,FALLBACK_TRIGGERED
ASG03479,REQ02753,AMB0122,2,2026-08-29 08:16:46,24,ACCEPTED,ASSIGNMENT_CONFIRMED
ASG03480,REQ02755,AMB0057,1,2026-08-15 05:27:48,24,ACCEPTED,ASSIGNMENT_CONFIRMED
ASG03481,REQ02756,AMB0128,1,2026-08-26 07:05:43,27,ACCEPTED,ASSIGNMENT_CONFIRMED
ASG03482,REQ02757,AMB0055,1,2026-08-11 10:14:25,18,ACCEPTED,ASSIGNMENT_CONFIRMED
ASG03483,REQ02758,AMB0086,1,2026-09-08 09:56:35,26,ACCEPTED,ASSIGNMENT_CONFIRMED
ASG03484,REQ02759,AMB0062,1,2026-08-30 00:57:41,18,REJECTED,FALLBACK_TRIGGERED
ASG03485,REQ02759,AMB0033,2,2026-08-30 00:58:01,17,TIMEOUT,FALLBACK_TRIGGERED
ASG03486,REQ02759,AMB0006,3,2026-08-30 00:58:20,13,ACCEPTED,ASSIGNMENT_CONFIRMED
ASG03487,REQ02761,AMB0021,1,2026-08-03 14:33:06,14,TIMEOUT,FALLBACK_TRIGGERED
ASG03488,REQ02761,AMB0125,2,2026-08-03 14:33:22,21,REJECTED,FALLBACK_TRIGGERED
ASG03489,REQ02761,AMB0061,3,2026-08-03 14:33:45,24,ACCEPTED,ASSIGNMENT_CONFIRMED
ASG03490,REQ02763,AMB0052,1,2026-08-29 08:14:14,26,REJECTED,FALLBACK_TRIGGERED
ASG03491,REQ02763,AMB0073,2,2026-08-29 08:14:42,30,ACCEPTED,ASSIGNMENT_CONFIRMED
ASG03492,REQ02764,AMB0031,1,2026-08-24 05:14:36,30,TIMEOUT,FALLBACK_TRIGGERED
ASG03493,REQ02765,AMB0100,1,2026-08-04 09:39:44,8,ACCEPTED,ASSIGNMENT_CONFIRMED
ASG03494,REQ02766,AMB0071,1,2026-08-08 23:39:30,27,ACCEPTED,ASSIGNMENT_CONFIRMED
ASG03495,REQ02767,AMB0051,1,2026-08-10 08:32:31,30,ACCEPTED,ASSIGNMENT_CONFIRMED
ASG03496,REQ02768,AMB0041,1,2026-08-22 21:15:53,18,ACCEPTED,ASSIGNMENT_CONFIRMED
ASG03497,REQ02770,AMB0010,1,2026-08-01 11:23:35,15,ACCEPTED,ASSIGNMENT_CONFIRMED
ASG03498,REQ02771,AMB0123,1,2026-08-25 04:21:01,17,ACCEPTED,ASSIGNMENT_CONFIRMED
ASG03499,REQ02774,AMB0009,1,2026-09-07 04:23:20,20,ACCEPTED,ASSIGNMENT_CONFIRMED
ASG03500,REQ02775,AMB0004,1,2026-08-04 21:05:50,18,ACCEPTED,ASSIGNMENT_CONFIRMED
ASG03501,REQ02777,AMB0103,1,2026-08-15 00:03:43,12,ACCEPTED,ASSIGNMENT_CONFIRMED
ASG03502,REQ02778,AMB0030,1,2026-09-06 19:03:48,14,TIMEOUT,FALLBACK_TRIGGERED
ASG03503,REQ02778,AMB0115,2,2026-09-06 19:04:04,13,TIMEOUT,FALLBACK_TRIGGERED
ASG03504,REQ02779,AMB0036,1,2026-08-14 02:03:16,7,TIMEOUT,FALLBACK_TRIGGERED
ASG03505,REQ02779,AMB0131,2,2026-08-14 02:03:25,25,TIMEOUT,FALLBACK_TRIGGERED
ASG03506,REQ02779,AMB0110,3,2026-08-14 02:03:52,14,REJECTED,FALLBACK_TRIGGERED
ASG03507,REQ02780,AMB0088,1,2026-08-27 11:20:46,25,ACCEPTED,ASSIGNMENT_CONFIRMED
ASG03508,REQ02781,AMB0039,1,2026-08-02 13:13:48,12,TIMEOUT,FALLBACK_TRIGGERED
ASG03509,REQ02781,AMB0109,2,2026-08-02 13:14:02,16,ACCEPTED,ASSIGNMENT_CONFIRMED
ASG03510,REQ02782,AMB0046,1,2026-08-15 00:09:12,22,ACCEPTED,ASSIGNMENT_CONFIRMED
ASG03511,REQ02783,AMB0119,1,2026-09-07 02:26:54,9,ACCEPTED,ASSIGNMENT_CONFIRMED
ASG03512,REQ02784,AMB0108,1,2026-08-12 10:08:50,19,TIMEOUT,FALLBACK_TRIGGERED
ASG03513,REQ02785,AMB0007,1,2026-09-08 07:29:37,7,TIMEOUT,FALLBACK_TRIGGERED
ASG03514,REQ02786,AMB0067,1,2026-08-27 08:16:19,7,REJECTED,FALLBACK_TRIGGERED
ASG03515,REQ02786,AMB0042,2,2026-08-27 08:16:28,18,REJECTED,FALLBACK_TRIGGERED
ASG03516,REQ02786,AMB0105,3,2026-08-27 08:16:48,25,REJECTED,FALLBACK_TRIGGERED
ASG03517,REQ02788,AMB0035,1,2026-09-08 22:33:01,29,REJECTED,FALLBACK_TRIGGERED
ASG03518,REQ02788,AMB0100,2,2026-09-08 22:33:32,8,REJECTED,FALLBACK_TRIGGERED
ASG03519,REQ02788,AMB0092,3,2026-09-08 22:33:42,24,ACCEPTED,ASSIGNMENT_CONFIRMED
ASG03520,REQ02789,AMB0109,1,2026-08-04 20:58:24,24,TIMEOUT,FALLBACK_TRIGGERED
ASG03521,REQ02789,AMB0048,2,2026-08-04 20:58:50,22,ACCEPTED,ASSIGNMENT_CONFIRMED
ASG03522,REQ02790,AMB0111,1,2026-08-07 22:09:01,6,ACCEPTED,ASSIGNMENT_CONFIRMED
ASG03523,REQ02791,AMB0093,1,2026-08-26 12:46:01,16,ACCEPTED,ASSIGNMENT_CONFIRMED
ASG03524,REQ02792,AMB0069,1,2026-09-07 18:31:29,24,ACCEPTED,ASSIGNMENT_CONFIRMED
ASG03525,REQ02793,AMB0080,1,2026-09-01 18:20:48,10,ACCEPTED,ASSIGNMENT_CONFIRMED
ASG03526,REQ02794,AMB0021,1,2026-08-05 15:43:13,26,ACCEPTED,ASSIGNMENT_CONFIRMED
ASG03527,REQ02795,AMB0042,1,2026-08-26 20:29:55,17,ACCEPTED,ASSIGNMENT_CONFIRMED
ASG03528,REQ02796,AMB0060,1,2026-08-01 17:02:23,24,ACCEPTED,ASSIGNMENT_CONFIRMED
ASG03529,REQ02797,AMB0103,1,2026-08-17 20:35:08,5,REJECTED,FALLBACK_TRIGGERED
ASG03530,REQ02799,AMB0039,1,2026-08-01 15:08:00,30,TIMEOUT,FALLBACK_TRIGGERED
ASG03531,REQ02799,AMB0106,2,2026-08-01 15:08:32,13,ACCEPTED,ASSIGNMENT_CONFIRMED
ASG03532,REQ02800,AMB0010,1,2026-08-05 13:43:45,22,TIMEOUT,FALLBACK_TRIGGERED
ASG03533,REQ02800,AMB0020,2,2026-08-05 13:44:09,13,REJECTED,FALLBACK_TRIGGERED
ASG03534,REQ02801,AMB0022,1,2026-08-21 11:21:05,4,REJECTED,FALLBACK_TRIGGERED
ASG03535,REQ02802,AMB0111,1,2026-09-04 08:45:08,16,ACCEPTED,ASSIGNMENT_CONFIRMED
ASG03536,REQ02803,AMB0083,1,2026-08-09 04:15:20,13,ACCEPTED,ASSIGNMENT_CONFIRMED
ASG03537,REQ02804,AMB0080,1,2026-08-18 06:29:21,27,ACCEPTED,ASSIGNMENT_CONFIRMED
ASG03538,REQ02805,AMB0014,1,2026-09-08 03:55:26,7,TIMEOUT,FALLBACK_TRIGGERED
ASG03539,REQ02806,AMB0069,1,2026-08-31 23:43:19,16,REJECTED,FALLBACK_TRIGGERED
ASG03540,REQ02806,AMB0126,2,2026-08-31 23:43:37,27,ACCEPTED,ASSIGNMENT_CONFIRMED
ASG03541,REQ02807,AMB0041,1,2026-08-07 13:25:16,29,ACCEPTED,ASSIGNMENT_CONFIRMED
ASG03542,REQ02808,AMB0081,1,2026-08-07 15:26:19,9,REJECTED,FALLBACK_TRIGGERED
ASG03543,REQ02808,AMB0088,2,2026-08-07 15:26:30,25,ACCEPTED,ASSIGNMENT_CONFIRMED
ASG03544,REQ02809,AMB0130,1,2026-08-08 11:00:20,18,ACCEPTED,ASSIGNMENT_CONFIRMED
ASG03545,REQ02810,AMB0051,1,2026-08-13 03:21:53,5,ACCEPTED,ASSIGNMENT_CONFIRMED
ASG03546,REQ02811,AMB0051,1,2026-09-05 01:20:32,9,ACCEPTED,ASSIGNMENT_CONFIRMED
ASG03547,REQ02812,AMB0102,1,2026-08-04 22:54:45,15,ACCEPTED,ASSIGNMENT_CONFIRMED
ASG03548,REQ02813,AMB0103,1,2026-08-07 02:07:58,22,REJECTED,FALLBACK_TRIGGERED
ASG03549,REQ02813,AMB0012,2,2026-08-07 02:08:22,27,ACCEPTED,ASSIGNMENT_CONFIRMED
ASG03550,REQ02814,AMB0104,1,2026-09-04 17:34:11,28,ACCEPTED,ASSIGNMENT_CONFIRMED
ASG03551,REQ02815,AMB0031,1,2026-08-23 17:57:51,30,TIMEOUT,FALLBACK_TRIGGERED
ASG03552,REQ02815,AMB0024,2,2026-08-23 17:58:23,10,ACCEPTED,ASSIGNMENT_CONFIRMED
ASG03553,REQ02816,AMB0065,1,2026-08-20 04:11:38,4,ACCEPTED,ASSIGNMENT_CONFIRMED
ASG03554,REQ02817,AMB0092,1,2026-08-12 01:20:47,5,ACCEPTED,ASSIGNMENT_CONFIRMED
ASG03555,REQ02818,AMB0105,1,2026-08-29 18:51:35,12,REJECTED,FALLBACK_TRIGGERED
ASG03556,REQ02818,AMB0038,2,2026-08-29 18:51:49,18,TIMEOUT,FALLBACK_TRIGGERED
ASG03557,REQ02818,AMB0066,3,2026-08-29 18:52:09,11,ACCEPTED,ASSIGNMENT_CONFIRMED
ASG03558,REQ02820,AMB0079,1,2026-08-07 11:42:59,28,ACCEPTED,ASSIGNMENT_CONFIRMED
ASG03559,REQ02821,AMB0087,1,2026-08-01 16:12:17,8,ACCEPTED,ASSIGNMENT_CONFIRMED
ASG03560,REQ02822,AMB0092,1,2026-08-01 21:58:31,5,TIMEOUT,FALLBACK_TRIGGERED
ASG03561,REQ02822,AMB0050,2,2026-08-01 21:58:38,13,ACCEPTED,ASSIGNMENT_CONFIRMED
ASG03562,REQ02824,AMB0126,1,2026-09-04 16:43:22,25,ACCEPTED,ASSIGNMENT_CONFIRMED
ASG03563,REQ02825,AMB0021,1,2026-09-04 08:49:15,6,TIMEOUT,FALLBACK_TRIGGERED
ASG03564,REQ02825,AMB0004,2,2026-09-04 08:49:23,9,ACCEPTED,ASSIGNMENT_CONFIRMED
ASG03565,REQ02826,AMB0091,1,2026-09-01 18:18:39,10,ACCEPTED,ASSIGNMENT_CONFIRMED
ASG03566,REQ02828,AMB0128,1,2026-08-22 09:41:14,14,TIMEOUT,FALLBACK_TRIGGERED
ASG03567,REQ02828,AMB0127,2,2026-08-22 09:41:30,14,ACCEPTED,ASSIGNMENT_CONFIRMED
ASG03568,REQ02829,AMB0048,1,2026-08-17 07:21:37,5,ACCEPTED,ASSIGNMENT_CONFIRMED
ASG03569,REQ02831,AMB0018,1,2026-09-05 02:24:30,25,ACCEPTED,ASSIGNMENT_CONFIRMED
ASG03570,REQ02832,AMB0083,1,2026-08-14 01:28:41,9,ACCEPTED,ASSIGNMENT_CONFIRMED
ASG03571,REQ02833,AMB0043,1,2026-08-13 10:42:01,28,REJECTED,FALLBACK_TRIGGERED
ASG03572,REQ02833,AMB0013,2,2026-08-13 10:42:31,29,REJECTED,FALLBACK_TRIGGERED
ASG03573,REQ02833,AMB0103,3,2026-08-13 10:43:02,12,ACCEPTED,ASSIGNMENT_CONFIRMED
ASG03574,REQ02834,AMB0006,1,2026-09-02 10:18:00,25,REJECTED,FALLBACK_TRIGGERED
ASG03575,REQ02834,AMB0035,2,2026-09-02 10:18:27,23,ACCEPTED,ASSIGNMENT_CONFIRMED
ASG03576,REQ02835,AMB0118,1,2026-08-03 23:11:14,26,TIMEOUT,FALLBACK_TRIGGERED
ASG03577,REQ02835,AMB0076,2,2026-08-03 23:11:42,24,TIMEOUT,FALLBACK_TRIGGERED
ASG03578,REQ02835,AMB0059,3,2026-08-03 23:12:08,11,REJECTED,FALLBACK_TRIGGERED
ASG03579,REQ02836,AMB0080,1,2026-08-16 10:44:42,15,ACCEPTED,ASSIGNMENT_CONFIRMED
ASG03580,REQ02837,AMB0110,1,2026-08-09 04:15:17,19,ACCEPTED,ASSIGNMENT_CONFIRMED
ASG03581,REQ02838,AMB0073,1,2026-08-21 11:22:44,26,ACCEPTED,ASSIGNMENT_CONFIRMED
ASG03582,REQ02839,AMB0121,1,2026-08-05 06:26:19,18,ACCEPTED,ASSIGNMENT_CONFIRMED
ASG03583,REQ02840,AMB0101,1,2026-08-11 03:35:36,27,ACCEPTED,ASSIGNMENT_CONFIRMED
ASG03584,REQ02841,AMB0124,1,2026-08-01 13:20:01,8,ACCEPTED,ASSIGNMENT_CONFIRMED
ASG03585,REQ02842,AMB0131,1,2026-08-16 20:45:40,10,TIMEOUT,FALLBACK_TRIGGERED
ASG03586,REQ02842,AMB0027,2,2026-08-16 20:45:52,22,ACCEPTED,ASSIGNMENT_CONFIRMED
ASG03587,REQ02843,AMB0105,1,2026-08-17 11:23:20,18,REJECTED,FALLBACK_TRIGGERED
ASG03588,REQ02843,AMB0006,2,2026-08-17 11:23:40,5,ACCEPTED,ASSIGNMENT_CONFIRMED
ASG03589,REQ02845,AMB0114,1,2026-08-27 06:36:46,21,ACCEPTED,ASSIGNMENT_CONFIRMED
ASG03590,REQ02847,AMB0045,1,2026-08-12 21:11:09,23,ACCEPTED,ASSIGNMENT_CONFIRMED
ASG03591,REQ02848,AMB0064,1,2026-08-03 13:41:58,6,ACCEPTED,ASSIGNMENT_CONFIRMED
ASG03592,REQ02849,AMB0067,1,2026-09-07 06:16:19,8,REJECTED,FALLBACK_TRIGGERED
ASG03593,REQ02850,AMB0033,1,2026-09-05 20:12:43,17,ACCEPTED,ASSIGNMENT_CONFIRMED
ASG03594,REQ02851,AMB0090,1,2026-08-25 20:39:09,23,ACCEPTED,ASSIGNMENT_CONFIRMED
ASG03595,REQ02852,AMB0013,1,2026-08-04 17:08:56,28,ACCEPTED,ASSIGNMENT_CONFIRMED
ASG03596,REQ02853,AMB0019,1,2026-08-19 19:35:20,4,ACCEPTED,ASSIGNMENT_CONFIRMED
ASG03597,REQ02854,AMB0094,1,2026-08-11 22:42:33,19,ACCEPTED,ASSIGNMENT_CONFIRMED
ASG03598,REQ02855,AMB0023,1,2026-08-04 09:16:26,15,ACCEPTED,ASSIGNMENT_CONFIRMED
ASG03599,REQ02857,AMB0067,1,2026-08-22 05:23:29,11,TIMEOUT,FALLBACK_TRIGGERED
ASG03600,REQ02857,AMB0090,2,2026-08-22 05:23:42,16,ACCEPTED,ASSIGNMENT_CONFIRMED
ASG03601,REQ02859,AMB0030,1,2026-09-02 19:29:58,24,ACCEPTED,ASSIGNMENT_CONFIRMED
ASG03602,REQ02860,AMB0058,1,2026-08-26 21:46:04,13,ACCEPTED,ASSIGNMENT_CONFIRMED
ASG03603,REQ02861,AMB0068,1,2026-08-05 20:33:27,12,ACCEPTED,ASSIGNMENT_CONFIRMED
ASG03604,REQ02862,AMB0120,1,2026-08-26 12:19:30,26,ACCEPTED,ASSIGNMENT_CONFIRMED
ASG03605,REQ02863,AMB0006,1,2026-08-08 05:48:48,17,ACCEPTED,ASSIGNMENT_CONFIRMED
ASG03606,REQ02864,AMB0056,1,2026-08-26 00:05:36,6,REJECTED,FALLBACK_TRIGGERED
ASG03607,REQ02864,AMB0085,2,2026-08-26 00:05:44,23,ACCEPTED,ASSIGNMENT_CONFIRMED
ASG03608,REQ02865,AMB0062,1,2026-08-08 15:00:44,14,TIMEOUT,FALLBACK_TRIGGERED
ASG03609,REQ02866,AMB0069,1,2026-08-30 20:06:46,14,ACCEPTED,ASSIGNMENT_CONFIRMED
ASG03610,REQ02867,AMB0121,1,2026-08-24 23:28:38,10,ACCEPTED,ASSIGNMENT_CONFIRMED
ASG03611,REQ02868,AMB0032,1,2026-08-05 02:02:59,8,REJECTED,FALLBACK_TRIGGERED
ASG03612,REQ02868,AMB0019,2,2026-08-05 02:03:09,24,REJECTED,FALLBACK_TRIGGERED
ASG03613,REQ02868,AMB0047,3,2026-08-05 02:03:35,16,ACCEPTED,ASSIGNMENT_CONFIRMED
ASG03614,REQ02869,AMB0039,1,2026-08-02 23:11:00,7,ACCEPTED,ASSIGNMENT_CONFIRMED
ASG03615,REQ02870,AMB0131,1,2026-08-15 22:43:39,6,TIMEOUT,FALLBACK_TRIGGERED
ASG03616,REQ02870,AMB0066,2,2026-08-15 22:43:47,12,TIMEOUT,FALLBACK_TRIGGERED
ASG03617,REQ02870,AMB0130,3,2026-08-15 22:44:01,22,ACCEPTED,ASSIGNMENT_CONFIRMED
ASG03618,REQ02872,AMB0119,1,2026-09-08 23:28:47,24,ACCEPTED,ASSIGNMENT_CONFIRMED
ASG03619,REQ02873,AMB0014,1,2026-08-19 02:25:18,19,REJECTED,FALLBACK_TRIGGERED
ASG03620,REQ02873,AMB0095,2,2026-08-19 02:25:39,4,TIMEOUT,FALLBACK_TRIGGERED
ASG03621,REQ02873,AMB0007,3,2026-08-19 02:25:45,23,ACCEPTED,ASSIGNMENT_CONFIRMED
ASG03622,REQ02874,AMB0006,1,2026-08-13 07:29:59,24,ACCEPTED,ASSIGNMENT_CONFIRMED
ASG03623,REQ02875,AMB0034,1,2026-09-06 21:38:28,16,ACCEPTED,ASSIGNMENT_CONFIRMED
ASG03624,REQ02876,AMB0048,1,2026-09-01 02:51:50,18,ACCEPTED,ASSIGNMENT_CONFIRMED
ASG03625,REQ02878,AMB0066,1,2026-08-03 21:22:28,26,ACCEPTED,ASSIGNMENT_CONFIRMED
ASG03626,REQ02879,AMB0052,1,2026-08-16 10:09:28,8,ACCEPTED,ASSIGNMENT_CONFIRMED
ASG03627,REQ02880,AMB0116,1,2026-08-05 17:16:26,8,ACCEPTED,ASSIGNMENT_CONFIRMED
ASG03628,REQ02881,AMB0127,1,2026-08-05 07:22:52,23,ACCEPTED,ASSIGNMENT_CONFIRMED
ASG03629,REQ02882,AMB0066,1,2026-08-18 22:59:54,27,ACCEPTED,ASSIGNMENT_CONFIRMED
ASG03630,REQ02883,AMB0124,1,2026-09-01 21:59:08,20,REJECTED,FALLBACK_TRIGGERED
ASG03631,REQ02884,AMB0128,1,2026-09-05 03:45:39,19,ACCEPTED,ASSIGNMENT_CONFIRMED
ASG03632,REQ02886,AMB0042,1,2026-08-31 05:05:16,26,ACCEPTED,ASSIGNMENT_CONFIRMED
ASG03633,REQ02887,AMB0049,1,2026-08-12 13:28:55,23,TIMEOUT,FALLBACK_TRIGGERED
ASG03634,REQ02887,AMB0050,2,2026-08-12 13:29:20,16,REJECTED,FALLBACK_TRIGGERED
ASG03635,REQ02887,AMB0077,3,2026-08-12 13:29:38,15,ACCEPTED,ASSIGNMENT_CONFIRMED
ASG03636,REQ02888,AMB0028,1,2026-08-30 15:21:18,25,ACCEPTED,ASSIGNMENT_CONFIRMED
ASG03637,REQ02889,AMB0058,1,2026-08-09 23:59:37,20,TIMEOUT,FALLBACK_TRIGGERED
ASG03638,REQ02889,AMB0116,2,2026-08-09 23:59:59,26,REJECTED,FALLBACK_TRIGGERED
ASG03639,REQ02890,AMB0103,1,2026-08-28 05:44:29,29,ACCEPTED,ASSIGNMENT_CONFIRMED
ASG03640,REQ02891,AMB0005,1,2026-09-08 00:07:09,7,ACCEPTED,ASSIGNMENT_CONFIRMED
ASG03641,REQ02892,AMB0091,1,2026-08-23 13:07:58,7,TIMEOUT,FALLBACK_TRIGGERED
ASG03642,REQ02893,AMB0081,1,2026-08-16 01:51:29,9,ACCEPTED,ASSIGNMENT_CONFIRMED
ASG03643,REQ02894,AMB0073,1,2026-08-03 04:45:08,18,ACCEPTED,ASSIGNMENT_CONFIRMED
ASG03644,REQ02895,AMB0127,1,2026-09-01 02:34:26,7,TIMEOUT,FALLBACK_TRIGGERED
ASG03645,REQ02895,AMB0085,2,2026-09-01 02:34:35,27,REJECTED,FALLBACK_TRIGGERED
ASG03646,REQ02896,AMB0053,1,2026-08-07 04:40:04,6,TIMEOUT,FALLBACK_TRIGGERED
ASG03647,REQ02897,AMB0059,1,2026-08-26 13:04:20,6,ACCEPTED,ASSIGNMENT_CONFIRMED
ASG03648,REQ02898,AMB0055,1,2026-08-28 10:45:53,24,TIMEOUT,FALLBACK_TRIGGERED
ASG03649,REQ02898,AMB0127,2,2026-08-28 10:46:19,14,ACCEPTED,ASSIGNMENT_CONFIRMED
ASG03650,REQ02900,AMB0017,1,2026-09-08 16:48:19,23,TIMEOUT,FALLBACK_TRIGGERED
ASG03651,REQ02900,AMB0025,2,2026-09-08 16:48:44,18,ACCEPTED,ASSIGNMENT_CONFIRMED
ASG03652,REQ02901,AMB0013,1,2026-08-03 10:09:02,8,ACCEPTED,ASSIGNMENT_CONFIRMED
ASG03653,REQ02902,AMB0006,1,2026-08-06 23:48:55,29,ACCEPTED,ASSIGNMENT_CONFIRMED
ASG03654,REQ02903,AMB0012,1,2026-08-19 04:50:28,9,ACCEPTED,ASSIGNMENT_CONFIRMED
ASG03655,REQ02904,AMB0109,1,2026-08-12 15:09:33,13,ACCEPTED,ASSIGNMENT_CONFIRMED
ASG03656,REQ02905,AMB0092,1,2026-08-29 17:14:53,30,ACCEPTED,ASSIGNMENT_CONFIRMED
ASG03657,REQ02907,AMB0119,1,2026-08-28 05:12:41,5,REJECTED,FALLBACK_TRIGGERED
ASG03658,REQ02907,AMB0090,2,2026-08-28 05:12:48,7,ACCEPTED,ASSIGNMENT_CONFIRMED
ASG03659,REQ02908,AMB0084,1,2026-08-22 16:22:45,11,ACCEPTED,ASSIGNMENT_CONFIRMED
ASG03660,REQ02909,AMB0014,1,2026-08-09 05:35:22,24,ACCEPTED,ASSIGNMENT_CONFIRMED
ASG03661,REQ02910,AMB0050,1,2026-08-10 10:21:21,7,REJECTED,FALLBACK_TRIGGERED
ASG03662,REQ02910,AMB0085,2,2026-08-10 10:21:30,10,ACCEPTED,ASSIGNMENT_CONFIRMED
ASG03663,REQ02911,AMB0099,1,2026-08-30 20:02:18,23,REJECTED,FALLBACK_TRIGGERED
ASG03664,REQ02911,AMB0044,2,2026-08-30 20:02:43,27,ACCEPTED,ASSIGNMENT_CONFIRMED
ASG03665,REQ02913,AMB0043,1,2026-08-18 16:42:59,26,ACCEPTED,ASSIGNMENT_CONFIRMED
ASG03666,REQ02915,AMB0128,1,2026-08-28 05:15:43,13,TIMEOUT,FALLBACK_TRIGGERED
ASG03667,REQ02915,AMB0048,2,2026-08-28 05:15:58,9,ACCEPTED,ASSIGNMENT_CONFIRMED
ASG03668,REQ02916,AMB0122,1,2026-08-03 15:26:01,14,ACCEPTED,ASSIGNMENT_CONFIRMED
ASG03669,REQ02917,AMB0020,1,2026-09-06 16:01:44,27,ACCEPTED,ASSIGNMENT_CONFIRMED
ASG03670,REQ02919,AMB0042,1,2026-08-08 11:52:13,25,TIMEOUT,FALLBACK_TRIGGERED
ASG03671,REQ02919,AMB0053,2,2026-08-08 11:52:40,21,ACCEPTED,ASSIGNMENT_CONFIRMED
ASG03672,REQ02920,AMB0007,1,2026-08-29 15:10:32,18,ACCEPTED,ASSIGNMENT_CONFIRMED
ASG03673,REQ02921,AMB0050,1,2026-09-07 21:57:18,27,ACCEPTED,ASSIGNMENT_CONFIRMED
ASG03674,REQ02922,AMB0077,1,2026-08-22 10:57:41,12,ACCEPTED,ASSIGNMENT_CONFIRMED
ASG03675,REQ02923,AMB0069,1,2026-08-24 09:57:04,29,ACCEPTED,ASSIGNMENT_CONFIRMED
ASG03676,REQ02924,AMB0030,1,2026-08-24 04:51:59,22,TIMEOUT,FALLBACK_TRIGGERED
ASG03677,REQ02924,AMB0070,2,2026-08-24 04:52:23,14,ACCEPTED,ASSIGNMENT_CONFIRMED
ASG03678,REQ02925,AMB0099,1,2026-08-26 20:20:06,9,TIMEOUT,FALLBACK_TRIGGERED
ASG03679,REQ02925,AMB0052,2,2026-08-26 20:20:17,21,TIMEOUT,FALLBACK_TRIGGERED
ASG03680,REQ02925,AMB0002,3,2026-08-26 20:20:40,22,ACCEPTED,ASSIGNMENT_CONFIRMED
ASG03681,REQ02926,AMB0037,1,2026-08-21 04:03:51,28,TIMEOUT,FALLBACK_TRIGGERED
ASG03682,REQ02926,AMB0115,2,2026-08-21 04:04:21,25,REJECTED,FALLBACK_TRIGGERED
ASG03683,REQ02926,AMB0091,3,2026-08-21 04:04:48,18,ACCEPTED,ASSIGNMENT_CONFIRMED
ASG03684,REQ02927,AMB0059,1,2026-08-30 06:01:32,25,TIMEOUT,FALLBACK_TRIGGERED
ASG03685,REQ02927,AMB0085,2,2026-08-30 06:01:59,4,ACCEPTED,ASSIGNMENT_CONFIRMED
ASG03686,REQ02928,AMB0016,1,2026-08-06 05:47:18,14,ACCEPTED,ASSIGNMENT_CONFIRMED
ASG03687,REQ02929,AMB0040,1,2026-08-19 20:53:50,15,ACCEPTED,ASSIGNMENT_CONFIRMED
ASG03688,REQ02930,AMB0031,1,2026-08-24 22:53:42,29,ACCEPTED,ASSIGNMENT_CONFIRMED
ASG03689,REQ02931,AMB0050,1,2026-09-08 08:05:08,6,ACCEPTED,ASSIGNMENT_CONFIRMED
ASG03690,REQ02933,AMB0112,1,2026-08-31 02:12:13,18,ACCEPTED,ASSIGNMENT_CONFIRMED
ASG03691,REQ02934,AMB0005,1,2026-08-12 15:15:18,19,ACCEPTED,ASSIGNMENT_CONFIRMED
ASG03692,REQ02935,AMB0027,1,2026-08-14 16:05:14,12,ACCEPTED,ASSIGNMENT_CONFIRMED
ASG03693,REQ02936,AMB0096,1,2026-08-04 17:34:41,17,ACCEPTED,ASSIGNMENT_CONFIRMED
ASG03694,REQ02937,AMB0020,1,2026-09-06 03:43:36,23,ACCEPTED,ASSIGNMENT_CONFIRMED
ASG03695,REQ02938,AMB0104,1,2026-08-14 03:28:09,27,ACCEPTED,ASSIGNMENT_CONFIRMED
ASG03696,REQ02939,AMB0097,1,2026-08-05 15:05:00,29,ACCEPTED,ASSIGNMENT_CONFIRMED
ASG03697,REQ02940,AMB0024,1,2026-08-31 09:02:20,27,ACCEPTED,ASSIGNMENT_CONFIRMED
ASG03698,REQ02941,AMB0070,1,2026-08-16 08:51:16,11,ACCEPTED,ASSIGNMENT_CONFIRMED
ASG03699,REQ02942,AMB0001,1,2026-08-04 22:31:29,28,REJECTED,FALLBACK_TRIGGERED
ASG03700,REQ02944,AMB0048,1,2026-08-04 10:49:56,16,ACCEPTED,ASSIGNMENT_CONFIRMED
ASG03701,REQ02945,AMB0088,1,2026-08-25 06:03:27,18,ACCEPTED,ASSIGNMENT_CONFIRMED
ASG03702,REQ02946,AMB0078,1,2026-08-26 12:43:38,18,ACCEPTED,ASSIGNMENT_CONFIRMED
ASG03703,REQ02947,AMB0102,1,2026-08-21 16:52:00,15,ACCEPTED,ASSIGNMENT_CONFIRMED
ASG03704,REQ02948,AMB0050,1,2026-08-12 06:19:13,27,REJECTED,FALLBACK_TRIGGERED
ASG03705,REQ02948,AMB0123,2,2026-08-12 06:19:42,19,TIMEOUT,FALLBACK_TRIGGERED
ASG03706,REQ02949,AMB0016,1,2026-09-04 22:33:35,14,ACCEPTED,ASSIGNMENT_CONFIRMED
ASG03707,REQ02950,AMB0084,1,2026-08-10 16:54:56,23,ACCEPTED,ASSIGNMENT_CONFIRMED
ASG03708,REQ02951,AMB0039,1,2026-08-08 06:39:49,11,ACCEPTED,ASSIGNMENT_CONFIRMED
ASG03709,REQ02952,AMB0077,1,2026-08-11 07:27:31,17,ACCEPTED,ASSIGNMENT_CONFIRMED
ASG03710,REQ02953,AMB0048,1,2026-08-13 04:15:34,7,TIMEOUT,FALLBACK_TRIGGERED
ASG03711,REQ02953,AMB0125,2,2026-08-13 04:15:43,24,ACCEPTED,ASSIGNMENT_CONFIRMED
ASG03712,REQ02954,AMB0108,1,2026-08-18 16:27:47,30,ACCEPTED,ASSIGNMENT_CONFIRMED
ASG03713,REQ02955,AMB0097,1,2026-08-07 14:21:22,30,ACCEPTED,ASSIGNMENT_CONFIRMED
ASG03714,REQ02956,AMB0119,1,2026-09-02 03:07:47,11,ACCEPTED,ASSIGNMENT_CONFIRMED
ASG03715,REQ02957,AMB0004,1,2026-08-14 22:24:57,14,REJECTED,FALLBACK_TRIGGERED
ASG03716,REQ02957,AMB0076,2,2026-08-14 22:25:13,9,ACCEPTED,ASSIGNMENT_CONFIRMED
ASG03717,REQ02958,AMB0001,1,2026-08-25 02:05:33,19,ACCEPTED,ASSIGNMENT_CONFIRMED
ASG03718,REQ02959,AMB0018,1,2026-08-25 11:58:16,24,TIMEOUT,FALLBACK_TRIGGERED
ASG03719,REQ02959,AMB0039,2,2026-08-25 11:58:42,22,ACCEPTED,ASSIGNMENT_CONFIRMED
ASG03720,REQ02960,AMB0097,1,2026-08-15 15:28:05,7,TIMEOUT,FALLBACK_TRIGGERED
ASG03721,REQ02962,AMB0123,1,2026-08-09 04:31:49,7,REJECTED,FALLBACK_TRIGGERED
ASG03722,REQ02962,AMB0111,2,2026-08-09 04:31:58,16,ACCEPTED,ASSIGNMENT_CONFIRMED
ASG03723,REQ02963,AMB0014,1,2026-08-07 20:54:46,11,ACCEPTED,ASSIGNMENT_CONFIRMED
ASG03724,REQ02964,AMB0118,1,2026-08-04 18:20:53,5,ACCEPTED,ASSIGNMENT_CONFIRMED
ASG03725,REQ02965,AMB0016,1,2026-09-06 02:26:43,12,ACCEPTED,ASSIGNMENT_CONFIRMED
ASG03726,REQ02966,AMB0118,1,2026-08-02 07:17:52,25,TIMEOUT,FALLBACK_TRIGGERED
ASG03727,REQ02967,AMB0111,1,2026-08-27 05:51:31,25,ACCEPTED,ASSIGNMENT_CONFIRMED
ASG03728,REQ02968,AMB0073,1,2026-08-23 08:18:39,17,ACCEPTED,ASSIGNMENT_CONFIRMED
ASG03729,REQ02969,AMB0100,1,2026-08-31 22:44:22,25,ACCEPTED,ASSIGNMENT_CONFIRMED
ASG03730,REQ02970,AMB0119,1,2026-08-05 20:28:13,12,ACCEPTED,ASSIGNMENT_CONFIRMED
ASG03731,REQ02972,AMB0018,1,2026-08-03 01:05:28,8,ACCEPTED,ASSIGNMENT_CONFIRMED
ASG03732,REQ02973,AMB0131,1,2026-08-26 02:47:47,11,ACCEPTED,ASSIGNMENT_CONFIRMED
ASG03733,REQ02974,AMB0126,1,2026-08-19 05:40:45,21,ACCEPTED,ASSIGNMENT_CONFIRMED
ASG03734,REQ02975,AMB0121,1,2026-09-04 06:40:13,18,ACCEPTED,ASSIGNMENT_CONFIRMED
ASG03735,REQ02976,AMB0131,1,2026-09-05 03:42:13,20,REJECTED,FALLBACK_TRIGGERED
ASG03736,REQ02976,AMB0066,2,2026-09-05 03:42:35,28,ACCEPTED,ASSIGNMENT_CONFIRMED
ASG03737,REQ02977,AMB0090,1,2026-08-06 10:33:35,23,TIMEOUT,FALLBACK_TRIGGERED
ASG03738,REQ02978,AMB0101,1,2026-09-03 19:17:04,21,TIMEOUT,FALLBACK_TRIGGERED
ASG03739,REQ02978,AMB0046,2,2026-09-03 19:17:27,18,TIMEOUT,FALLBACK_TRIGGERED
ASG03740,REQ02978,AMB0129,3,2026-09-03 19:17:47,9,ACCEPTED,ASSIGNMENT_CONFIRMED
ASG03741,REQ02980,AMB0060,1,2026-08-30 11:51:19,4,REJECTED,FALLBACK_TRIGGERED
ASG03742,REQ02980,AMB0113,2,2026-08-30 11:51:25,6,TIMEOUT,FALLBACK_TRIGGERED
ASG03743,REQ02980,AMB0066,3,2026-08-30 11:51:33,19,ACCEPTED,ASSIGNMENT_CONFIRMED
ASG03744,REQ02981,AMB0091,1,2026-08-22 22:11:15,4,REJECTED,FALLBACK_TRIGGERED
ASG03745,REQ02981,AMB0050,2,2026-08-22 22:11:21,28,ACCEPTED,ASSIGNMENT_CONFIRMED
ASG03746,REQ02983,AMB0056,1,2026-09-05 00:35:10,16,TIMEOUT,FALLBACK_TRIGGERED
ASG03747,REQ02983,AMB0039,2,2026-09-05 00:35:28,27,ACCEPTED,ASSIGNMENT_CONFIRMED
ASG03748,REQ02985,AMB0017,1,2026-08-26 21:33:08,30,ACCEPTED,ASSIGNMENT_CONFIRMED
ASG03749,REQ02986,AMB0115,1,2026-09-07 00:28:02,28,ACCEPTED,ASSIGNMENT_CONFIRMED
ASG03750,REQ02987,AMB0017,1,2026-08-28 18:14:10,12,REJECTED,FALLBACK_TRIGGERED
ASG03751,REQ02987,AMB0041,2,2026-08-28 18:14:24,21,ACCEPTED,ASSIGNMENT_CONFIRMED
ASG03752,REQ02988,AMB0076,1,2026-09-08 04:43:44,28,ACCEPTED,ASSIGNMENT_CONFIRMED
ASG03753,REQ02989,AMB0079,1,2026-08-27 11:03:54,23,REJECTED,FALLBACK_TRIGGERED
ASG03754,REQ02989,AMB0062,2,2026-08-27 11:04:19,18,REJECTED,FALLBACK_TRIGGERED
ASG03755,REQ02990,AMB0084,1,2026-08-31 12:23:43,5,ACCEPTED,ASSIGNMENT_CONFIRMED
ASG03756,REQ02991,AMB0043,1,2026-08-31 18:22:00,25,ACCEPTED,ASSIGNMENT_CONFIRMED
ASG03757,REQ02992,AMB0056,1,2026-08-28 05:25:39,25,REJECTED,FALLBACK_TRIGGERED
ASG03758,REQ02992,AMB0096,2,2026-08-28 05:26:06,22,TIMEOUT,FALLBACK_TRIGGERED
ASG03759,REQ02994,AMB0121,1,2026-08-17 01:46:24,21,ACCEPTED,ASSIGNMENT_CONFIRMED
ASG03760,REQ02995,AMB0058,1,2026-08-31 11:07:08,7,ACCEPTED,ASSIGNMENT_CONFIRMED
ASG03761,REQ02996,AMB0017,1,2026-08-14 12:46:59,15,REJECTED,FALLBACK_TRIGGERED
ASG03762,REQ02996,AMB0020,2,2026-08-14 12:47:16,26,ACCEPTED,ASSIGNMENT_CONFIRMED
ASG03763,REQ02997,AMB0006,1,2026-08-09 04:34:22,4,ACCEPTED,ASSIGNMENT_CONFIRMED
ASG03764,REQ02998,AMB0113,1,2026-08-15 15:43:11,23,ACCEPTED,ASSIGNMENT_CONFIRMED
ASG03765,REQ03000,AMB0111,1,2026-08-18 06:12:14,27,ACCEPTED,ASSIGNMENT_CONFIRMED
